loan_id,image_type,path,relative_path,size_bytes,width,height,status,error,split,predicted_type,confidence
loan_001,face_signing,/workspace/jinchuang_v4/extracted/data/loan_001/face_signing.jpg,loan_001/face_signing.jpg,151766,1024,1024,ok,,train,face_signing,0.99716455
loan_002,face_signing,/workspace/jinchuang_v4/extracted/data/loan_002/face_signing.jpg,loan_002/face_signing.jpg,179583,1024,1024,ok,,val,face_signing,0.99688053
loan_003,face_signing,/workspace/jinchuang_v4/extracted/data/loan_003/face_signing.jpg,loan_003/face_signing.jpg,168131,1024,1024,ok,,test,face_signing,0.98778105
loan_004,face_signing,/workspace/jinchuang_v4/extracted/data/loan_004/face_signing.jpg,loan_004/face_signing.jpg,164490,1024,1024,ok,,train,face_signing,0.9980526
loan_005,face_signing,/workspace/jinchuang_v4/extracted/data/loan_005/face_signing.jpg,loan_005/face_signing.jpg,183247,1024,1024,ok,,train,face_signing,0.9911005
loan_006,face_signing,/workspace/jinchuang_v4/extracted/data/loan_006/face_signing.jpg,loan_006/face_signing.jpg,149676,1024,1024,ok,,train,face_signing,0.9978911
loan_007,face_signing,/workspace/jinchuang_v4/extracted/data/loan_007/face_signing.jpg,loan_007/face_signing.jpg,161772,1024,1024,ok,,val,face_signing,0.9937219
loan_008,face_signing,/workspace/jinchuang_v4/extracted/data/loan_008/face_signing.jpg,loan_008/face_signing.jpg,184467,1024,1024,ok,,train,face_signing,0.9896347
loan_009,face_signing,/workspace/jinchuang_v4/extracted/data/loan_009/face_signing.jpg,loan_009/face_signing.jpg,156625,1024,1024,ok,,test,face_signing,0.9942842
loan_010,face_signing,/workspace/jinchuang_v4/extracted/data/loan_010/face_signing.jpg,loan_010/face_signing.jpg,160439,1024,1024,ok,,train,face_signing,0.9958496
loan_011,face_signing,/workspace/jinchuang_v4/extracted/data/loan_011/face_signing.jpg,loan_011/face_signing.jpg,200822,1024,1024,ok,,val,face_signing,0.99471444
loan_012,face_signing,/workspace/jinchuang_v4/extracted/data/loan_012/face_signing.jpg,loan_012/face_signing.jpg,129660,1024,1024,ok,,train,face_signing,0.9949639
loan_013,face_signing,/workspace/jinchuang_v4/extracted/data/loan_013/face_signing.jpg,loan_013/face_signing.jpg,175263,1024,1024,ok,,train,face_signing,0.9910652
loan_014,face_signing,/workspace/jinchuang_v4/extracted/data/loan_014/face_signing.jpg,loan_014/face_signing.jpg,157750,1024,1024,ok,,test,face_signing,0.99611866
loan_015,face_signing,/workspace/jinchuang_v4/extracted/data/loan_015/face_signing.jpg,loan_015/face_signing.jpg,159509,1024,1024,ok,,test,face_signing,0.9955865
loan_016,face_signing,/workspace/jinchuang_v4/extracted/data/loan_016/face_signing.jpg,loan_016/face_signing.jpg,178959,1024,1024,ok,,train,face_signing,0.9986563
loan_017,face_signing,/workspace/jinchuang_v4/extracted/data/loan_017/face_signing.jpg,loan_017/face_signing.jpg,170612,1024,1024,ok,,train,face_signing,0.9940346
loan_018,face_signing,/workspace/jinchuang_v4/extracted/data/loan_018/face_signing.jpg,loan_018/face_signing.jpg,140875,1024,1024,ok,,train,face_signing,0.9960663
loan_019,face_signing,/workspace/jinchuang_v4/extracted/data/loan_019/face_signing.jpg,loan_019/face_signing.jpg,148566,1024,1024,ok,,train,face_signing,0.9954982
loan_020,face_signing,/workspace/jinchuang_v4/extracted/data/loan_020/face_signing.jpg,loan_020/face_signing.jpg,191714,1024,1024,ok,,train,face_signing,0.993097
loan_021,face_signing,/workspace/jinchuang_v4/extracted/data/loan_021/face_signing.jpg,loan_021/face_signing.jpg,170461,1024,1024,ok,,train,face_signing,0.993624
loan_022,face_signing,/workspace/jinchuang_v4/extracted/data/loan_022/face_signing.jpg,loan_022/face_signing.jpg,133514,1024,1024,ok,,train,face_signing,0.99572647
loan_023,face_signing,/workspace/jinchuang_v4/extracted/data/loan_023/face_signing.jpg,loan_023/face_signing.jpg,157487,1024,1024,ok,,val,face_signing,0.98786026
loan_024,face_signing,/workspace/jinchuang_v4/extracted/data/loan_024/face_signing.jpg,loan_024/face_signing.jpg,161651,1024,1024,ok,,train,face_signing,0.9977805
loan_025,face_signing,/workspace/jinchuang_v4/extracted/data/loan_025/face_signing.jpg,loan_025/face_signing.jpg,169596,1024,1024,ok,,val,face_signing,0.99566036
loan_026,face_signing,/workspace/jinchuang_v4/extracted/data/loan_026/face_signing.jpg,loan_026/face_signing.jpg,186273,1024,1024,ok,,train,face_signing,0.99728847
loan_027,face_signing,/workspace/jinchuang_v4/extracted/data/loan_027/face_signing.jpg,loan_027/face_signing.jpg,156445,1024,1024,ok,,test,face_signing,0.9921044
loan_028,face_signing,/workspace/jinchuang_v4/extracted/data/loan_028/face_signing.jpg,loan_028/face_signing.jpg,143835,1024,1024,ok,,train,face_signing,0.99480057
loan_029,face_signing,/workspace/jinchuang_v4/extracted/data/loan_029/face_signing.jpg,loan_029/face_signing.jpg,186821,1024,1024,ok,,train,face_signing,0.9972262
loan_0296,face_signing,/workspace/jinchuang_v4/extracted/data/loan_0296/face_signing.jpg,loan_0296/face_signing.jpg,103857,1024,1024,ok,,test,face_signing,0.9984666
loan_0297,face_signing,/workspace/jinchuang_v4/extracted/data/loan_0297/face_signing.jpg,loan_0297/face_signing.jpg,85651,1024,1024,ok,,train,face_signing,0.9965168
loan_0298,face_signing,/workspace/jinchuang_v4/extracted/data/loan_0298/face_signing.jpg,loan_0298/face_signing.jpg,135876,1024,1024,ok,,train,face_signing,0.998637
loan_0299,face_signing,/workspace/jinchuang_v4/extracted/data/loan_0299/face_signing.jpg,loan_0299/face_signing.jpg,239549,1254,1254,ok,,test,face_signing,0.99851805
loan_030,face_signing,/workspace/jinchuang_v4/extracted/data/loan_030/face_signing.jpg,loan_030/face_signing.jpg,177577,1024,1024,ok,,train,face_signing,0.99790394
loan_0300,face_signing,/workspace/jinchuang_v4/extracted/data/loan_0300/face_signing.jpg,loan_0300/face_signing.jpg,174811,1024,1024,ok,,train,face_signing,0.9977062
loan_0301,face_signing,/workspace/jinchuang_v4/extracted/data/loan_0301/face_signing.jpg,loan_0301/face_signing.jpg,127026,1024,1024,ok,,train,face_signing,0.9985543
loan_0302,face_signing,/workspace/jinchuang_v4/extracted/data/loan_0302/face_signing.jpg,loan_0302/face_signing.jpg,139869,1024,1024,ok,,train,face_signing,0.99867415
loan_0303,face_signing,/workspace/jinchuang_v4/extracted/data/loan_0303/face_signing.jpg,loan_0303/face_signing.jpg,109862,1024,1024,ok,,train,face_signing,0.99808574
loan_0304,face_signing,/workspace/jinchuang_v4/extracted/data/loan_0304/face_signing.jpg,loan_0304/face_signing.jpg,123095,1024,1024,ok,,test,face_signing,0.9989473
loan_0305,face_signing,/workspace/jinchuang_v4/extracted/data/loan_0305/face_signing.jpg,loan_0305/face_signing.jpg,122132,1024,1024,ok,,test,face_signing,0.99405056
loan_0306,face_signing,/workspace/jinchuang_v4/extracted/data/loan_0306/face_signing.jpg,loan_0306/face_signing.jpg,143393,1024,1024,ok,,train,face_signing,0.998027
loan_0307,face_signing,/workspace/jinchuang_v4/extracted/data/loan_0307/face_signing.jpg,loan_0307/face_signing.jpg,127816,1024,1024,ok,,val,face_signing,0.998835
loan_0308,face_signing,/workspace/jinchuang_v4/extracted/data/loan_0308/face_signing.jpg,loan_0308/face_signing.jpg,287192,1254,1254,ok,,train,face_signing,0.9987136
loan_0309,face_signing,/workspace/jinchuang_v4/extracted/data/loan_0309/face_signing.jpg,loan_0309/face_signing.jpg,148568,1024,1024,ok,,train,face_signing,0.9982943
loan_031,face_signing,/workspace/jinchuang_v4/extracted/data/loan_031/face_signing.jpg,loan_031/face_signing.jpg,151932,1024,1024,ok,,train,face_signing,0.9962406
loan_0310,face_signing,/workspace/jinchuang_v4/extracted/data/loan_0310/face_signing.jpg,loan_0310/face_signing.jpg,137595,1024,1024,ok,,train,face_signing,0.9945403
loan_0311,face_signing,/workspace/jinchuang_v4/extracted/data/loan_0311/face_signing.jpg,loan_0311/face_signing.jpg,153885,1024,1024,ok,,train,face_signing,0.99758077
loan_0312,face_signing,/workspace/jinchuang_v4/extracted/data/loan_0312/face_signing.jpg,loan_0312/face_signing.jpg,334207,1254,1254,ok,,test,face_signing,0.99884987
loan_0313,face_signing,/workspace/jinchuang_v4/extracted/data/loan_0313/face_signing.jpg,loan_0313/face_signing.jpg,331093,1254,1254,ok,,train,face_signing,0.9979881
loan_0314,face_signing,/workspace/jinchuang_v4/extracted/data/loan_0314/face_signing.jpg,loan_0314/face_signing.jpg,112622,1024,1024,ok,,train,face_signing,0.9989956
loan_0315,face_signing,/workspace/jinchuang_v4/extracted/data/loan_0315/face_signing.jpg,loan_0315/face_signing.jpg,265359,1254,1254,ok,,val,face_signing,0.99786323
loan_0316,face_signing,/workspace/jinchuang_v4/extracted/data/loan_0316/face_signing.jpg,loan_0316/face_signing.jpg,131615,1024,1024,ok,,val,face_signing,0.99742424
loan_0317,face_signing,/workspace/jinchuang_v4/extracted/data/loan_0317/face_signing.jpg,loan_0317/face_signing.jpg,111181,1024,1024,ok,,train,face_signing,0.9989793
loan_0318,face_signing,/workspace/jinchuang_v4/extracted/data/loan_0318/face_signing.jpg,loan_0318/face_signing.jpg,127286,1024,1024,ok,,train,face_signing,0.9970323
loan_0319,face_signing,/workspace/jinchuang_v4/extracted/data/loan_0319/face_signing.jpg,loan_0319/face_signing.jpg,124527,1024,1024,ok,,train,face_signing,0.9986687
loan_032,face_signing,/workspace/jinchuang_v4/extracted/data/loan_032/face_signing.jpg,loan_032/face_signing.jpg,155807,1024,1024,ok,,train,face_signing,0.994659
loan_0320,face_signing,/workspace/jinchuang_v4/extracted/data/loan_0320/face_signing.jpg,loan_0320/face_signing.jpg,149224,1024,1024,ok,,train,face_signing,0.99309945
loan_0321,face_signing,/workspace/jinchuang_v4/extracted/data/loan_0321/face_signing.jpg,loan_0321/face_signing.jpg,130488,1024,1024,ok,,val,face_signing,0.9979578
loan_0322,face_signing,/workspace/jinchuang_v4/extracted/data/loan_0322/face_signing.jpg,loan_0322/face_signing.jpg,128176,1024,1024,ok,,train,face_signing,0.99838495
loan_0323,face_signing,/workspace/jinchuang_v4/extracted/data/loan_0323/face_signing.jpg,loan_0323/face_signing.jpg,347564,1254,1254,ok,,train,face_signing,0.99863285
loan_0324,face_signing,/workspace/jinchuang_v4/extracted/data/loan_0324/face_signing.jpg,loan_0324/face_signing.jpg,138436,1024,1024,ok,,test,face_signing,0.99836475
loan_0325,face_signing,/workspace/jinchuang_v4/extracted/data/loan_0325/face_signing.jpg,loan_0325/face_signing.jpg,105712,1024,1024,ok,,train,face_signing,0.99668604
loan_0326,face_signing,/workspace/jinchuang_v4/extracted/data/loan_0326/face_signing.jpg,loan_0326/face_signing.jpg,124136,1024,1024,ok,,train,face_signing,0.9966593
loan_0327,face_signing,/workspace/jinchuang_v4/extracted/data/loan_0327/face_signing.jpg,loan_0327/face_signing.jpg,162017,1024,1024,ok,,train,face_signing,0.9966204
loan_0328,face_signing,/workspace/jinchuang_v4/extracted/data/loan_0328/face_signing.jpg,loan_0328/face_signing.jpg,124168,1024,1024,ok,,train,face_signing,0.99781346
loan_0329,face_signing,/workspace/jinchuang_v4/extracted/data/loan_0329/face_signing.jpg,loan_0329/face_signing.jpg,120536,1024,1024,ok,,train,face_signing,0.9959198
loan_033,face_signing,/workspace/jinchuang_v4/extracted/data/loan_033/face_signing.jpg,loan_033/face_signing.jpg,188748,1024,1024,ok,,train,face_signing,0.9966948
loan_0330,face_signing,/workspace/jinchuang_v4/extracted/data/loan_0330/face_signing.jpg,loan_0330/face_signing.jpg,135553,1024,1024,ok,,train,face_signing,0.9981085
loan_0331,face_signing,/workspace/jinchuang_v4/extracted/data/loan_0331/face_signing.jpg,loan_0331/face_signing.jpg,147697,1024,1024,ok,,train,face_signing,0.9962993
loan_0332,face_signing,/workspace/jinchuang_v4/extracted/data/loan_0332/face_signing.jpg,loan_0332/face_signing.jpg,143766,1024,1024,ok,,train,face_signing,0.9980107
loan_0333,face_signing,/workspace/jinchuang_v4/extracted/data/loan_0333/face_signing.jpg,loan_0333/face_signing.jpg,101193,1024,1024,ok,,val,face_signing,0.99802834
loan_0334,face_signing,/workspace/jinchuang_v4/extracted/data/loan_0334/face_signing.jpg,loan_0334/face_signing.jpg,112505,1024,1024,ok,,train,face_signing,0.9981869
loan_0335,face_signing,/workspace/jinchuang_v4/extracted/data/loan_0335/face_signing.jpg,loan_0335/face_signing.jpg,140813,1024,1024,ok,,train,face_signing,0.9975078
loan_0336,face_signing,/workspace/jinchuang_v4/extracted/data/loan_0336/face_signing.jpg,loan_0336/face_signing.jpg,86884,1024,1024,ok,,train,face_signing,0.99433196
loan_0337,face_signing,/workspace/jinchuang_v4/extracted/data/loan_0337/face_signing.jpg,loan_0337/face_signing.jpg,118583,1024,1024,ok,,train,face_signing,0.9948177
loan_0338,face_signing,/workspace/jinchuang_v4/extracted/data/loan_0338/face_signing.jpg,loan_0338/face_signing.jpg,105122,1024,1024,ok,,train,face_signing,0.9975414
loan_0339,face_signing,/workspace/jinchuang_v4/extracted/data/loan_0339/face_signing.jpg,loan_0339/face_signing.jpg,120890,1024,1024,ok,,train,face_signing,0.9988483
loan_034,face_signing,/workspace/jinchuang_v4/extracted/data/loan_034/face_signing.jpg,loan_034/face_signing.jpg,189348,1024,1024,ok,,train,face_signing,0.9936925
loan_0340,face_signing,/workspace/jinchuang_v4/extracted/data/loan_0340/face_signing.jpg,loan_0340/face_signing.jpg,138479,1024,1024,ok,,train,face_signing,0.9971585
loan_0341,face_signing,/workspace/jinchuang_v4/extracted/data/loan_0341/face_signing.jpg,loan_0341/face_signing.jpg,114380,1024,1024,ok,,test,face_signing,0.9985781
loan_0342,face_signing,/workspace/jinchuang_v4/extracted/data/loan_0342/face_signing.jpg,loan_0342/face_signing.jpg,117752,1024,1024,ok,,val,face_signing,0.9988103
loan_0343,face_signing,/workspace/jinchuang_v4/extracted/data/loan_0343/face_signing.jpg,loan_0343/face_signing.jpg,126933,1024,1024,ok,,train,face_signing,0.99858713
loan_0344,face_signing,/workspace/jinchuang_v4/extracted/data/loan_0344/face_signing.jpg,loan_0344/face_signing.jpg,116797,1024,1024,ok,,train,face_signing,0.9988845
loan_0345,face_signing,/workspace/jinchuang_v4/extracted/data/loan_0345/face_signing.jpg,loan_0345/face_signing.jpg,135491,1024,1024,ok,,val,face_signing,0.99856097
loan_0346,face_signing,/workspace/jinchuang_v4/extracted/data/loan_0346/face_signing.jpg,loan_0346/face_signing.jpg,115781,1024,1024,ok,,val,face_signing,0.99786264
loan_0347,face_signing,/workspace/jinchuang_v4/extracted/data/loan_0347/face_signing.jpg,loan_0347/face_signing.jpg,105588,1024,1024,ok,,train,face_signing,0.99856985
loan_0348,face_signing,/workspace/jinchuang_v4/extracted/data/loan_0348/face_signing.jpg,loan_0348/face_signing.jpg,371034,1254,1254,ok,,test,face_signing,0.9980494
loan_0349,face_signing,/workspace/jinchuang_v4/extracted/data/loan_0349/face_signing.jpg,loan_0349/face_signing.jpg,114107,1024,1024,ok,,train,face_signing,0.9981805
loan_035,face_signing,/workspace/jinchuang_v4/extracted/data/loan_035/face_signing.jpg,loan_035/face_signing.jpg,159823,1024,1024,ok,,train,face_signing,0.99848574
loan_0350,face_signing,/workspace/jinchuang_v4/extracted/data/loan_0350/face_signing.jpg,loan_0350/face_signing.jpg,106579,1024,1024,ok,,train,face_signing,0.99910885
loan_0351,face_signing,/workspace/jinchuang_v4/extracted/data/loan_0351/face_signing.jpg,loan_0351/face_signing.jpg,135330,1024,1024,ok,,train,face_signing,0.99854904
loan_0352,face_signing,/workspace/jinchuang_v4/extracted/data/loan_0352/face_signing.jpg,loan_0352/face_signing.jpg,126301,1024,1024,ok,,train,face_signing,0.9956312
loan_0353,face_signing,/workspace/jinchuang_v4/extracted/data/loan_0353/face_signing.jpg,loan_0353/face_signing.jpg,113928,1024,1024,ok,,train,face_signing,0.99811816
loan_0354,face_signing,/workspace/jinchuang_v4/extracted/data/loan_0354/face_signing.jpg,loan_0354/face_signing.jpg,140284,1024,1024,ok,,train,face_signing,0.9987513
loan_0355,face_signing,/workspace/jinchuang_v4/extracted/data/loan_0355/face_signing.jpg,loan_0355/face_signing.jpg,119741,1024,1024,ok,,train,face_signing,0.99907
loan_0356,face_signing,/workspace/jinchuang_v4/extracted/data/loan_0356/face_signing.jpg,loan_0356/face_signing.jpg,154814,1024,1024,ok,,train,face_signing,0.99669623
loan_0357,face_signing,/workspace/jinchuang_v4/extracted/data/loan_0357/face_signing.jpg,loan_0357/face_signing.jpg,259619,1254,1254,ok,,val,face_signing,0.9981456
loan_0358,face_signing,/workspace/jinchuang_v4/extracted/data/loan_0358/face_signing.jpg,loan_0358/face_signing.jpg,119495,1024,1024,ok,,train,face_signing,0.9984169
loan_0359,face_signing,/workspace/jinchuang_v4/extracted/data/loan_0359/face_signing.jpg,loan_0359/face_signing.jpg,124369,1024,1024,ok,,train,face_signing,0.9976349
loan_036,face_signing,/workspace/jinchuang_v4/extracted/data/loan_036/face_signing.jpg,loan_036/face_signing.jpg,164780,1024,1024,ok,,train,face_signing,0.9952177
loan_0360,face_signing,/workspace/jinchuang_v4/extracted/data/loan_0360/face_signing.jpg,loan_0360/face_signing.jpg,108035,1024,1024,ok,,val,face_signing,0.9988386
loan_0361,face_signing,/workspace/jinchuang_v4/extracted/data/loan_0361/face_signing.jpg,loan_0361/face_signing.jpg,111106,1024,1024,ok,,test,face_signing,0.99909496
loan_0362,face_signing,/workspace/jinchuang_v4/extracted/data/loan_0362/face_signing.jpg,loan_0362/face_signing.jpg,136809,1024,1024,ok,,test,face_signing,0.9987136
loan_0363,face_signing,/workspace/jinchuang_v4/extracted/data/loan_0363/face_signing.jpg,loan_0363/face_signing.jpg,110211,1024,1024,ok,,train,face_signing,0.9990381
loan_0364,face_signing,/workspace/jinchuang_v4/extracted/data/loan_0364/face_signing.jpg,loan_0364/face_signing.jpg,102403,1024,1024,ok,,train,face_signing,0.9983954
loan_0365,face_signing,/workspace/jinchuang_v4/extracted/data/loan_0365/face_signing.jpg,loan_0365/face_signing.jpg,120447,1024,1024,ok,,val,face_signing,0.99672514
loan_0366,face_signing,/workspace/jinchuang_v4/extracted/data/loan_0366/face_signing.jpg,loan_0366/face_signing.jpg,127887,1024,1024,ok,,train,face_signing,0.997757
loan_0367,face_signing,/workspace/jinchuang_v4/extracted/data/loan_0367/face_signing.jpg,loan_0367/face_signing.jpg,143760,1024,1024,ok,,train,face_signing,0.99728525
loan_0368,face_signing,/workspace/jinchuang_v4/extracted/data/loan_0368/face_signing.jpg,loan_0368/face_signing.jpg,113366,1024,1024,ok,,test,face_signing,0.99863225
loan_0369,face_signing,/workspace/jinchuang_v4/extracted/data/loan_0369/face_signing.jpg,loan_0369/face_signing.jpg,113653,1024,1024,ok,,train,face_signing,0.9968141
loan_037,face_signing,/workspace/jinchuang_v4/extracted/data/loan_037/face_signing.jpg,loan_037/face_signing.jpg,163533,1024,1024,ok,,val,face_signing,0.99539524
loan_0370,face_signing,/workspace/jinchuang_v4/extracted/data/loan_0370/face_signing.jpg,loan_0370/face_signing.jpg,117498,1024,1024,ok,,val,face_signing,0.99877304
loan_0371,face_signing,/workspace/jinchuang_v4/extracted/data/loan_0371/face_signing.jpg,loan_0371/face_signing.jpg,108648,1024,1024,ok,,train,face_signing,0.99750996
loan_0372,face_signing,/workspace/jinchuang_v4/extracted/data/loan_0372/face_signing.jpg,loan_0372/face_signing.jpg,290726,1254,1254,ok,,val,face_signing,0.99884844
loan_0373,face_signing,/workspace/jinchuang_v4/extracted/data/loan_0373/face_signing.jpg,loan_0373/face_signing.jpg,113128,1024,1024,ok,,train,face_signing,0.9986767
loan_0374,face_signing,/workspace/jinchuang_v4/extracted/data/loan_0374/face_signing.jpg,loan_0374/face_signing.jpg,108315,1024,1024,ok,,train,face_signing,0.99598014
loan_0375,face_signing,/workspace/jinchuang_v4/extracted/data/loan_0375/face_signing.jpg,loan_0375/face_signing.jpg,118804,1024,1024,ok,,train,face_signing,0.9988919
loan_0376,face_signing,/workspace/jinchuang_v4/extracted/data/loan_0376/face_signing.jpg,loan_0376/face_signing.jpg,116894,1024,1024,ok,,val,face_signing,0.99887484
loan_0377,face_signing,/workspace/jinchuang_v4/extracted/data/loan_0377/face_signing.jpg,loan_0377/face_signing.jpg,126557,1024,1024,ok,,val,face_signing,0.9984127
loan_0378,face_signing,/workspace/jinchuang_v4/extracted/data/loan_0378/face_signing.jpg,loan_0378/face_signing.jpg,151371,1024,1024,ok,,train,face_signing,0.99832183
loan_0379,face_signing,/workspace/jinchuang_v4/extracted/data/loan_0379/face_signing.jpg,loan_0379/face_signing.jpg,140098,1024,1024,ok,,train,face_signing,0.9987161
loan_038,face_signing,/workspace/jinchuang_v4/extracted/data/loan_038/face_signing.jpg,loan_038/face_signing.jpg,143580,1024,1024,ok,,train,face_signing,0.9973061
loan_0380,face_signing,/workspace/jinchuang_v4/extracted/data/loan_0380/face_signing.jpg,loan_0380/face_signing.jpg,134004,1024,1024,ok,,test,face_signing,0.99871695
loan_0381,face_signing,/workspace/jinchuang_v4/extracted/data/loan_0381/face_signing.jpg,loan_0381/face_signing.jpg,121090,1024,1024,ok,,train,face_signing,0.9986142
loan_0382,face_signing,/workspace/jinchuang_v4/extracted/data/loan_0382/face_signing.jpg,loan_0382/face_signing.jpg,101615,1024,1024,ok,,train,face_signing,0.99868745
loan_0383,face_signing,/workspace/jinchuang_v4/extracted/data/loan_0383/face_signing.jpg,loan_0383/face_signing.jpg,117853,1024,1024,ok,,train,face_signing,0.9984446
loan_0384,face_signing,/workspace/jinchuang_v4/extracted/data/loan_0384/face_signing.jpg,loan_0384/face_signing.jpg,105716,1024,1024,ok,,train,face_signing,0.9980835
loan_0385,face_signing,/workspace/jinchuang_v4/extracted/data/loan_0385/face_signing.jpg,loan_0385/face_signing.jpg,106692,1024,1024,ok,,val,face_signing,0.9978236
loan_0386,face_signing,/workspace/jinchuang_v4/extracted/data/loan_0386/face_signing.jpg,loan_0386/face_signing.jpg,115779,1024,1024,ok,,test,face_signing,0.9988121
loan_0387,face_signing,/workspace/jinchuang_v4/extracted/data/loan_0387/face_signing.jpg,loan_0387/face_signing.jpg,116260,1024,1024,ok,,train,face_signing,0.99302447
loan_0388,face_signing,/workspace/jinchuang_v4/extracted/data/loan_0388/face_signing.jpg,loan_0388/face_signing.jpg,108137,1024,1024,ok,,test,face_signing,0.99813676
loan_0389,face_signing,/workspace/jinchuang_v4/extracted/data/loan_0389/face_signing.jpg,loan_0389/face_signing.jpg,113383,1024,1024,ok,,test,face_signing,0.9992694
loan_039,face_signing,/workspace/jinchuang_v4/extracted/data/loan_039/face_signing.jpg,loan_039/face_signing.jpg,160380,1024,1024,ok,,train,face_signing,0.9935782
loan_0390,face_signing,/workspace/jinchuang_v4/extracted/data/loan_0390/face_signing.jpg,loan_0390/face_signing.jpg,108398,1024,1024,ok,,val,face_signing,0.9994567
loan_0391,face_signing,/workspace/jinchuang_v4/extracted/data/loan_0391/face_signing.jpg,loan_0391/face_signing.jpg,136989,1024,1024,ok,,train,face_signing,0.99590033
loan_0392,face_signing,/workspace/jinchuang_v4/extracted/data/loan_0392/face_signing.jpg,loan_0392/face_signing.jpg,134160,1024,1024,ok,,train,face_signing,0.99621934
loan_0393,face_signing,/workspace/jinchuang_v4/extracted/data/loan_0393/face_signing.jpg,loan_0393/face_signing.jpg,114388,1024,1024,ok,,train,face_signing,0.9986254
loan_0394,face_signing,/workspace/jinchuang_v4/extracted/data/loan_0394/face_signing.jpg,loan_0394/face_signing.jpg,118460,1024,1024,ok,,train,face_signing,0.99714077
loan_0395,face_signing,/workspace/jinchuang_v4/extracted/data/loan_0395/face_signing.jpg,loan_0395/face_signing.jpg,115413,1024,1024,ok,,train,face_signing,0.9989048
loan_0396,face_signing,/workspace/jinchuang_v4/extracted/data/loan_0396/face_signing.jpg,loan_0396/face_signing.jpg,101926,1024,1024,ok,,train,face_signing,0.99691594
loan_0397,face_signing,/workspace/jinchuang_v4/extracted/data/loan_0397/face_signing.jpg,loan_0397/face_signing.jpg,118537,1024,1024,ok,,train,face_signing,0.9975102
loan_0398,face_signing,/workspace/jinchuang_v4/extracted/data/loan_0398/face_signing.jpg,loan_0398/face_signing.jpg,305307,1254,1254,ok,,train,face_signing,0.99735415
loan_0399,face_signing,/workspace/jinchuang_v4/extracted/data/loan_0399/face_signing.jpg,loan_0399/face_signing.jpg,127936,1024,1024,ok,,train,face_signing,0.99678683
loan_040,face_signing,/workspace/jinchuang_v4/extracted/data/loan_040/face_signing.jpg,loan_040/face_signing.jpg,163471,1024,1024,ok,,train,face_signing,0.9974406
loan_0400,face_signing,/workspace/jinchuang_v4/extracted/data/loan_0400/face_signing.jpg,loan_0400/face_signing.jpg,122699,1024,1024,ok,,train,face_signing,0.9984162
loan_0401,face_signing,/workspace/jinchuang_v4/extracted/data/loan_0401/face_signing.jpg,loan_0401/face_signing.jpg,130492,1024,1024,ok,,train,face_signing,0.99801815
loan_0402,face_signing,/workspace/jinchuang_v4/extracted/data/loan_0402/face_signing.jpg,loan_0402/face_signing.jpg,141301,1024,1024,ok,,train,face_signing,0.9985348
loan_0403,face_signing,/workspace/jinchuang_v4/extracted/data/loan_0403/face_signing.jpg,loan_0403/face_signing.jpg,118655,1024,1024,ok,,test,face_signing,0.9991178
loan_0404,face_signing,/workspace/jinchuang_v4/extracted/data/loan_0404/face_signing.jpg,loan_0404/face_signing.jpg,126981,1024,1024,ok,,train,face_signing,0.99854773
loan_0405,face_signing,/workspace/jinchuang_v4/extracted/data/loan_0405/face_signing.jpg,loan_0405/face_signing.jpg,125001,1024,1024,ok,,train,face_signing,0.9988018
loan_0406,face_signing,/workspace/jinchuang_v4/extracted/data/loan_0406/face_signing.jpg,loan_0406/face_signing.jpg,138451,1024,1024,ok,,train,face_signing,0.998572
loan_0407,face_signing,/workspace/jinchuang_v4/extracted/data/loan_0407/face_signing.jpg,loan_0407/face_signing.jpg,146755,1024,1024,ok,,train,face_signing,0.99846065
loan_0408,face_signing,/workspace/jinchuang_v4/extracted/data/loan_0408/face_signing.jpg,loan_0408/face_signing.jpg,110475,1024,1024,ok,,train,face_signing,0.9985613
loan_0409,face_signing,/workspace/jinchuang_v4/extracted/data/loan_0409/face_signing.jpg,loan_0409/face_signing.jpg,391982,1254,1254,ok,,train,face_signing,0.9979253
loan_041,face_signing,/workspace/jinchuang_v4/extracted/data/loan_041/face_signing.jpg,loan_041/face_signing.jpg,192721,1024,1024,ok,,train,face_signing,0.9932708
loan_0410,face_signing,/workspace/jinchuang_v4/extracted/data/loan_0410/face_signing.jpg,loan_0410/face_signing.jpg,338144,1254,1254,ok,,train,face_signing,0.9976967
loan_0411,face_signing,/workspace/jinchuang_v4/extracted/data/loan_0411/face_signing.jpg,loan_0411/face_signing.jpg,114611,1024,1024,ok,,val,face_signing,0.99831796
loan_0412,face_signing,/workspace/jinchuang_v4/extracted/data/loan_0412/face_signing.jpg,loan_0412/face_signing.jpg,111947,1024,1024,ok,,train,face_signing,0.9986234
loan_0413,face_signing,/workspace/jinchuang_v4/extracted/data/loan_0413/face_signing.jpg,loan_0413/face_signing.jpg,135935,1024,1024,ok,,val,face_signing,0.9977659
loan_0414,face_signing,/workspace/jinchuang_v4/extracted/data/loan_0414/face_signing.jpg,loan_0414/face_signing.jpg,128468,1024,1024,ok,,train,face_signing,0.997329
loan_0415,face_signing,/workspace/jinchuang_v4/extracted/data/loan_0415/face_signing.jpg,loan_0415/face_signing.jpg,125951,1024,1024,ok,,train,face_signing,0.99887365
loan_0416,face_signing,/workspace/jinchuang_v4/extracted/data/loan_0416/face_signing.jpg,loan_0416/face_signing.jpg,309639,1254,1254,ok,,train,face_signing,0.99680954
loan_0417,face_signing,/workspace/jinchuang_v4/extracted/data/loan_0417/face_signing.jpg,loan_0417/face_signing.jpg,339693,1254,1254,ok,,test,face_signing,0.9983949
loan_0418,face_signing,/workspace/jinchuang_v4/extracted/data/loan_0418/face_signing.jpg,loan_0418/face_signing.jpg,152499,1024,1024,ok,,test,face_signing,0.9984699
loan_0419,face_signing,/workspace/jinchuang_v4/extracted/data/loan_0419/face_signing.jpg,loan_0419/face_signing.jpg,109887,1024,1024,ok,,val,face_signing,0.9985057
loan_042,face_signing,/workspace/jinchuang_v4/extracted/data/loan_042/face_signing.jpg,loan_042/face_signing.jpg,161950,1024,1024,ok,,train,face_signing,0.9961802
loan_0420,face_signing,/workspace/jinchuang_v4/extracted/data/loan_0420/face_signing.jpg,loan_0420/face_signing.jpg,125861,1024,1024,ok,,train,face_signing,0.99877995
loan_0421,face_signing,/workspace/jinchuang_v4/extracted/data/loan_0421/face_signing.jpg,loan_0421/face_signing.jpg,122825,1024,1024,ok,,train,face_signing,0.9987406
loan_0422,face_signing,/workspace/jinchuang_v4/extracted/data/loan_0422/face_signing.jpg,loan_0422/face_signing.jpg,107860,1024,1024,ok,,val,face_signing,0.99912935
loan_0423,face_signing,/workspace/jinchuang_v4/extracted/data/loan_0423/face_signing.jpg,loan_0423/face_signing.jpg,107155,1024,1024,ok,,train,face_signing,0.9991041
loan_0424,face_signing,/workspace/jinchuang_v4/extracted/data/loan_0424/face_signing.jpg,loan_0424/face_signing.jpg,301690,1254,1254,ok,,train,face_signing,0.99789315
loan_0425,face_signing,/workspace/jinchuang_v4/extracted/data/loan_0425/face_signing.jpg,loan_0425/face_signing.jpg,157178,1024,1024,ok,,test,face_signing,0.9983387
loan_0426,face_signing,/workspace/jinchuang_v4/extracted/data/loan_0426/face_signing.jpg,loan_0426/face_signing.jpg,112085,1024,1024,ok,,train,face_signing,0.998852
loan_0427,face_signing,/workspace/jinchuang_v4/extracted/data/loan_0427/face_signing.jpg,loan_0427/face_signing.jpg,114036,1024,1024,ok,,train,face_signing,0.99827635
loan_0428,face_signing,/workspace/jinchuang_v4/extracted/data/loan_0428/face_signing.jpg,loan_0428/face_signing.jpg,128363,1024,1024,ok,,train,face_signing,0.99845135
loan_0429,face_signing,/workspace/jinchuang_v4/extracted/data/loan_0429/face_signing.jpg,loan_0429/face_signing.jpg,149675,1024,1024,ok,,train,face_signing,0.99802643
loan_043,face_signing,/workspace/jinchuang_v4/extracted/data/loan_043/face_signing.jpg,loan_043/face_signing.jpg,179741,1024,1024,ok,,train,face_signing,0.99487716
loan_0430,face_signing,/workspace/jinchuang_v4/extracted/data/loan_0430/face_signing.jpg,loan_0430/face_signing.jpg,131634,1024,1024,ok,,test,face_signing,0.99892116
loan_0431,face_signing,/workspace/jinchuang_v4/extracted/data/loan_0431/face_signing.jpg,loan_0431/face_signing.jpg,139386,1024,1024,ok,,train,face_signing,0.9985153
loan_0432,face_signing,/workspace/jinchuang_v4/extracted/data/loan_0432/face_signing.jpg,loan_0432/face_signing.jpg,275289,1254,1254,ok,,train,face_signing,0.9960265
loan_0433,face_signing,/workspace/jinchuang_v4/extracted/data/loan_0433/face_signing.jpg,loan_0433/face_signing.jpg,109935,1024,1024,ok,,test,face_signing,0.9989662
loan_0434,face_signing,/workspace/jinchuang_v4/extracted/data/loan_0434/face_signing.jpg,loan_0434/face_signing.jpg,127826,1024,1024,ok,,val,face_signing,0.9986808
loan_0435,face_signing,/workspace/jinchuang_v4/extracted/data/loan_0435/face_signing.jpg,loan_0435/face_signing.jpg,108511,1024,1024,ok,,train,face_signing,0.9990381
loan_0436,face_signing,/workspace/jinchuang_v4/extracted/data/loan_0436/face_signing.jpg,loan_0436/face_signing.jpg,103363,1024,1024,ok,,train,face_signing,0.9987476
loan_0437,face_signing,/workspace/jinchuang_v4/extracted/data/loan_0437/face_signing.jpg,loan_0437/face_signing.jpg,129311,1024,1024,ok,,train,face_signing,0.9987463
loan_0438,face_signing,/workspace/jinchuang_v4/extracted/data/loan_0438/face_signing.jpg,loan_0438/face_signing.jpg,127898,1024,1024,ok,,train,face_signing,0.99911064
loan_0439,face_signing,/workspace/jinchuang_v4/extracted/data/loan_0439/face_signing.jpg,loan_0439/face_signing.jpg,148465,1024,1024,ok,,val,face_signing,0.9982988
loan_044,face_signing,/workspace/jinchuang_v4/extracted/data/loan_044/face_signing.jpg,loan_044/face_signing.jpg,191596,1024,1024,ok,,test,face_signing,0.9972063
loan_0440,face_signing,/workspace/jinchuang_v4/extracted/data/loan_0440/face_signing.jpg,loan_0440/face_signing.jpg,108673,1024,1024,ok,,train,face_signing,0.99895465
loan_0441,face_signing,/workspace/jinchuang_v4/extracted/data/loan_0441/face_signing.jpg,loan_0441/face_signing.jpg,145961,1024,1024,ok,,val,face_signing,0.99813616
loan_0442,face_signing,/workspace/jinchuang_v4/extracted/data/loan_0442/face_signing.jpg,loan_0442/face_signing.jpg,148919,1024,1024,ok,,train,face_signing,0.9982406
loan_0443,face_signing,/workspace/jinchuang_v4/extracted/data/loan_0443/face_signing.jpg,loan_0443/face_signing.jpg,117880,1024,1024,ok,,train,face_signing,0.9982377
loan_0444,face_signing,/workspace/jinchuang_v4/extracted/data/loan_0444/face_signing.jpg,loan_0444/face_signing.jpg,135937,1024,1024,ok,,test,face_signing,0.99873656
loan_0445,face_signing,/workspace/jinchuang_v4/extracted/data/loan_0445/face_signing.jpg,loan_0445/face_signing.jpg,391811,1254,1254,ok,,train,face_signing,0.9988188
loan_0446,face_signing,/workspace/jinchuang_v4/extracted/data/loan_0446/face_signing.jpg,loan_0446/face_signing.jpg,112636,1024,1024,ok,,train,face_signing,0.9984981
loan_0447,face_signing,/workspace/jinchuang_v4/extracted/data/loan_0447/face_signing.jpg,loan_0447/face_signing.jpg,115994,1024,1024,ok,,train,face_signing,0.99894625
loan_0448,face_signing,/workspace/jinchuang_v4/extracted/data/loan_0448/face_signing.jpg,loan_0448/face_signing.jpg,157724,1024,1024,ok,,train,face_signing,0.9977863
loan_0449,face_signing,/workspace/jinchuang_v4/extracted/data/loan_0449/face_signing.jpg,loan_0449/face_signing.jpg,136462,1024,1024,ok,,train,face_signing,0.9970457
loan_045,face_signing,/workspace/jinchuang_v4/extracted/data/loan_045/face_signing.jpg,loan_045/face_signing.jpg,210566,1024,1024,ok,,train,face_signing,0.9966725
loan_0450,face_signing,/workspace/jinchuang_v4/extracted/data/loan_0450/face_signing.jpg,loan_0450/face_signing.jpg,125835,1024,1024,ok,,train,face_signing,0.99892175
loan_0451,face_signing,/workspace/jinchuang_v4/extracted/data/loan_0451/face_signing.jpg,loan_0451/face_signing.jpg,128991,1024,1024,ok,,train,face_signing,0.9983796
loan_0452,face_signing,/workspace/jinchuang_v4/extracted/data/loan_0452/face_signing.jpg,loan_0452/face_signing.jpg,139265,1024,1024,ok,,train,face_signing,0.9985146
loan_0453,face_signing,/workspace/jinchuang_v4/extracted/data/loan_0453/face_signing.jpg,loan_0453/face_signing.jpg,113299,1024,1024,ok,,train,face_signing,0.9982924
loan_0454,face_signing,/workspace/jinchuang_v4/extracted/data/loan_0454/face_signing.jpg,loan_0454/face_signing.jpg,117277,1024,1024,ok,,train,face_signing,0.9989767
loan_0455,face_signing,/workspace/jinchuang_v4/extracted/data/loan_0455/face_signing.jpg,loan_0455/face_signing.jpg,141094,1024,1024,ok,,train,face_signing,0.99825364
loan_0456,face_signing,/workspace/jinchuang_v4/extracted/data/loan_0456/face_signing.jpg,loan_0456/face_signing.jpg,129122,1024,1024,ok,,test,face_signing,0.99899036
loan_0457,face_signing,/workspace/jinchuang_v4/extracted/data/loan_0457/face_signing.jpg,loan_0457/face_signing.jpg,337790,1254,1254,ok,,train,face_signing,0.99836284
loan_0458,face_signing,/workspace/jinchuang_v4/extracted/data/loan_0458/face_signing.jpg,loan_0458/face_signing.jpg,120544,1024,1024,ok,,test,face_signing,0.99928015
loan_0459,face_signing,/workspace/jinchuang_v4/extracted/data/loan_0459/face_signing.jpg,loan_0459/face_signing.jpg,263637,1254,1254,ok,,test,face_signing,0.99851865
loan_046,face_signing,/workspace/jinchuang_v4/extracted/data/loan_046/face_signing.jpg,loan_046/face_signing.jpg,149997,1024,1024,ok,,train,face_signing,0.9931399
loan_0460,face_signing,/workspace/jinchuang_v4/extracted/data/loan_0460/face_signing.jpg,loan_0460/face_signing.jpg,266200,1254,1254,ok,,val,face_signing,0.9965765
loan_0461,face_signing,/workspace/jinchuang_v4/extracted/data/loan_0461/face_signing.jpg,loan_0461/face_signing.jpg,137086,1024,1024,ok,,train,face_signing,0.99774903
loan_0462,face_signing,/workspace/jinchuang_v4/extracted/data/loan_0462/face_signing.jpg,loan_0462/face_signing.jpg,115700,1024,1024,ok,,train,face_signing,0.998877
loan_0463,face_signing,/workspace/jinchuang_v4/extracted/data/loan_0463/face_signing.jpg,loan_0463/face_signing.jpg,111508,1024,1024,ok,,val,face_signing,0.9991742
loan_0464,face_signing,/workspace/jinchuang_v4/extracted/data/loan_0464/face_signing.jpg,loan_0464/face_signing.jpg,359378,1254,1254,ok,,train,face_signing,0.9985696
loan_0465,face_signing,/workspace/jinchuang_v4/extracted/data/loan_0465/face_signing.jpg,loan_0465/face_signing.jpg,123690,1024,1024,ok,,train,face_signing,0.9987973
loan_0466,face_signing,/workspace/jinchuang_v4/extracted/data/loan_0466/face_signing.jpg,loan_0466/face_signing.jpg,130794,1024,1024,ok,,train,face_signing,0.99917173
loan_0467,face_signing,/workspace/jinchuang_v4/extracted/data/loan_0467/face_signing.jpg,loan_0467/face_signing.jpg,126519,1024,1024,ok,,train,face_signing,0.9969008
loan_0468,face_signing,/workspace/jinchuang_v4/extracted/data/loan_0468/face_signing.jpg,loan_0468/face_signing.jpg,121553,1024,1024,ok,,train,face_signing,0.9990343
loan_0469,face_signing,/workspace/jinchuang_v4/extracted/data/loan_0469/face_signing.jpg,loan_0469/face_signing.jpg,118005,1024,1024,ok,,val,face_signing,0.9991936
loan_047,face_signing,/workspace/jinchuang_v4/extracted/data/loan_047/face_signing.jpg,loan_047/face_signing.jpg,151573,1024,1024,ok,,train,face_signing,0.9954928
loan_0470,face_signing,/workspace/jinchuang_v4/extracted/data/loan_0470/face_signing.jpg,loan_0470/face_signing.jpg,130080,1024,1024,ok,,test,face_signing,0.99898297
loan_0471,face_signing,/workspace/jinchuang_v4/extracted/data/loan_0471/face_signing.jpg,loan_0471/face_signing.jpg,122975,1024,1024,ok,,train,face_signing,0.99882394
loan_0472,face_signing,/workspace/jinchuang_v4/extracted/data/loan_0472/face_signing.jpg,loan_0472/face_signing.jpg,116196,1024,1024,ok,,val,face_signing,0.99829286
loan_0473,face_signing,/workspace/jinchuang_v4/extracted/data/loan_0473/face_signing.jpg,loan_0473/face_signing.jpg,116403,1024,1024,ok,,train,face_signing,0.9984914
loan_0474,face_signing,/workspace/jinchuang_v4/extracted/data/loan_0474/face_signing.jpg,loan_0474/face_signing.jpg,133687,1024,1024,ok,,train,face_signing,0.99839455
loan_0475,face_signing,/workspace/jinchuang_v4/extracted/data/loan_0475/face_signing.jpg,loan_0475/face_signing.jpg,115751,1024,1024,ok,,train,face_signing,0.99867886
loan_0476,face_signing,/workspace/jinchuang_v4/extracted/data/loan_0476/face_signing.jpg,loan_0476/face_signing.jpg,141089,1024,1024,ok,,train,face_signing,0.9982382
loan_0477,face_signing,/workspace/jinchuang_v4/extracted/data/loan_0477/face_signing.jpg,loan_0477/face_signing.jpg,348117,1254,1254,ok,,train,face_signing,0.99749917
loan_0478,face_signing,/workspace/jinchuang_v4/extracted/data/loan_0478/face_signing.jpg,loan_0478/face_signing.jpg,156099,1024,1024,ok,,test,face_signing,0.9977639
loan_0479,face_signing,/workspace/jinchuang_v4/extracted/data/loan_0479/face_signing.jpg,loan_0479/face_signing.jpg,286680,1254,1254,ok,,train,face_signing,0.9982468
loan_048,face_signing,/workspace/jinchuang_v4/extracted/data/loan_048/face_signing.jpg,loan_048/face_signing.jpg,181353,1024,1024,ok,,train,face_signing,0.9947635
loan_0480,face_signing,/workspace/jinchuang_v4/extracted/data/loan_0480/face_signing.jpg,loan_0480/face_signing.jpg,118475,1024,1024,ok,,test,face_signing,0.99906737
loan_0481,face_signing,/workspace/jinchuang_v4/extracted/data/loan_0481/face_signing.jpg,loan_0481/face_signing.jpg,121320,1024,1024,ok,,train,face_signing,0.9988423
loan_0482,face_signing,/workspace/jinchuang_v4/extracted/data/loan_0482/face_signing.jpg,loan_0482/face_signing.jpg,337084,1254,1254,ok,,test,face_signing,0.9984086
loan_0483,face_signing,/workspace/jinchuang_v4/extracted/data/loan_0483/face_signing.jpg,loan_0483/face_signing.jpg,254267,1254,1254,ok,,train,face_signing,0.99856335
loan_0484,face_signing,/workspace/jinchuang_v4/extracted/data/loan_0484/face_signing.jpg,loan_0484/face_signing.jpg,113977,1024,1024,ok,,train,face_signing,0.9991973
loan_0485,face_signing,/workspace/jinchuang_v4/extracted/data/loan_0485/face_signing.jpg,loan_0485/face_signing.jpg,98722,1024,1024,ok,,test,face_signing,0.9992873
loan_0486,face_signing,/workspace/jinchuang_v4/extracted/data/loan_0486/face_signing.jpg,loan_0486/face_signing.jpg,138806,1024,1024,ok,,train,face_signing,0.9987841
loan_0487,face_signing,/workspace/jinchuang_v4/extracted/data/loan_0487/face_signing.jpg,loan_0487/face_signing.jpg,155381,1024,1024,ok,,test,face_signing,0.9976706
loan_0488,face_signing,/workspace/jinchuang_v4/extracted/data/loan_0488/face_signing.jpg,loan_0488/face_signing.jpg,111193,1024,1024,ok,,test,face_signing,0.9984633
loan_0489,face_signing,/workspace/jinchuang_v4/extracted/data/loan_0489/face_signing.jpg,loan_0489/face_signing.jpg,130121,1024,1024,ok,,test,face_signing,0.998398
loan_049,face_signing,/workspace/jinchuang_v4/extracted/data/loan_049/face_signing.jpg,loan_049/face_signing.jpg,175259,1024,1024,ok,,train,face_signing,0.9891805
loan_0490,face_signing,/workspace/jinchuang_v4/extracted/data/loan_0490/face_signing.jpg,loan_0490/face_signing.jpg,98235,1024,1024,ok,,train,face_signing,0.9985227
loan_0491,face_signing,/workspace/jinchuang_v4/extracted/data/loan_0491/face_signing.jpg,loan_0491/face_signing.jpg,114700,1024,1024,ok,,val,face_signing,0.99907815
loan_0492,face_signing,/workspace/jinchuang_v4/extracted/data/loan_0492/face_signing.jpg,loan_0492/face_signing.jpg,275106,1254,1254,ok,,train,face_signing,0.9978248
loan_0493,face_signing,/workspace/jinchuang_v4/extracted/data/loan_0493/face_signing.jpg,loan_0493/face_signing.jpg,126074,1024,1024,ok,,val,face_signing,0.99873596
loan_0494,face_signing,/workspace/jinchuang_v4/extracted/data/loan_0494/face_signing.jpg,loan_0494/face_signing.jpg,143013,1024,1024,ok,,train,face_signing,0.9984572
loan_0495,face_signing,/workspace/jinchuang_v4/extracted/data/loan_0495/face_signing.jpg,loan_0495/face_signing.jpg,117557,1024,1024,ok,,test,face_signing,0.9965268
loan_0496,face_signing,/workspace/jinchuang_v4/extracted/data/loan_0496/face_signing.jpg,loan_0496/face_signing.jpg,108403,1024,1024,ok,,test,face_signing,0.99860305
loan_0497,face_signing,/workspace/jinchuang_v4/extracted/data/loan_0497/face_signing.jpg,loan_0497/face_signing.jpg,130732,1024,1024,ok,,train,face_signing,0.9985123
loan_0498,face_signing,/workspace/jinchuang_v4/extracted/data/loan_0498/face_signing.jpg,loan_0498/face_signing.jpg,121607,1024,1024,ok,,train,face_signing,0.9981749
loan_0499,face_signing,/workspace/jinchuang_v4/extracted/data/loan_0499/face_signing.jpg,loan_0499/face_signing.jpg,116874,1024,1024,ok,,train,face_signing,0.9991417
loan_050,face_signing,/workspace/jinchuang_v4/extracted/data/loan_050/face_signing.jpg,loan_050/face_signing.jpg,156155,1024,1024,ok,,train,face_signing,0.9969812
loan_0500,face_signing,/workspace/jinchuang_v4/extracted/data/loan_0500/face_signing.jpg,loan_0500/face_signing.jpg,282713,1254,1254,ok,,train,face_signing,0.9978017
loan_0501,face_signing,/workspace/jinchuang_v4/extracted/data/loan_0501/face_signing.jpg,loan_0501/face_signing.jpg,153351,1024,1024,ok,,val,face_signing,0.9974986
loan_0502,face_signing,/workspace/jinchuang_v4/extracted/data/loan_0502/face_signing.jpg,loan_0502/face_signing.jpg,103242,1024,1024,ok,,train,face_signing,0.99820626
loan_0503,face_signing,/workspace/jinchuang_v4/extracted/data/loan_0503/face_signing.jpg,loan_0503/face_signing.jpg,116180,1024,1024,ok,,train,face_signing,0.99814117
loan_0504,face_signing,/workspace/jinchuang_v4/extracted/data/loan_0504/face_signing.jpg,loan_0504/face_signing.jpg,234985,1254,1254,ok,,train,face_signing,0.99705637
loan_0505,face_signing,/workspace/jinchuang_v4/extracted/data/loan_0505/face_signing.jpg,loan_0505/face_signing.jpg,136826,1024,1024,ok,,train,face_signing,0.99924964
loan_0506,face_signing,/workspace/jinchuang_v4/extracted/data/loan_0506/face_signing.jpg,loan_0506/face_signing.jpg,124500,1024,1024,ok,,test,face_signing,0.99837095
loan_0507,face_signing,/workspace/jinchuang_v4/extracted/data/loan_0507/face_signing.jpg,loan_0507/face_signing.jpg,117910,1024,1024,ok,,train,face_signing,0.997821
loan_0508,face_signing,/workspace/jinchuang_v4/extracted/data/loan_0508/face_signing.jpg,loan_0508/face_signing.jpg,149719,1024,1024,ok,,test,face_signing,0.9988219
loan_0509,face_signing,/workspace/jinchuang_v4/extracted/data/loan_0509/face_signing.jpg,loan_0509/face_signing.jpg,141737,1024,1024,ok,,val,face_signing,0.99896336
loan_051,face_signing,/workspace/jinchuang_v4/extracted/data/loan_051/face_signing.jpg,loan_051/face_signing.jpg,152127,1024,1024,ok,,train,face_signing,0.9973015
loan_0510,face_signing,/workspace/jinchuang_v4/extracted/data/loan_0510/face_signing.jpg,loan_0510/face_signing.jpg,128719,1024,1024,ok,,train,face_signing,0.9981487
loan_0511,face_signing,/workspace/jinchuang_v4/extracted/data/loan_0511/face_signing.jpg,loan_0511/face_signing.jpg,126950,1024,1024,ok,,train,face_signing,0.9993685
loan_0512,face_signing,/workspace/jinchuang_v4/extracted/data/loan_0512/face_signing.jpg,loan_0512/face_signing.jpg,123478,1024,1024,ok,,val,face_signing,0.9986021
loan_0513,face_signing,/workspace/jinchuang_v4/extracted/data/loan_0513/face_signing.jpg,loan_0513/face_signing.jpg,114464,1024,1024,ok,,train,face_signing,0.99911433
loan_0514,face_signing,/workspace/jinchuang_v4/extracted/data/loan_0514/face_signing.jpg,loan_0514/face_signing.jpg,318986,1254,1254,ok,,train,face_signing,0.9976209
loan_0515,face_signing,/workspace/jinchuang_v4/extracted/data/loan_0515/face_signing.jpg,loan_0515/face_signing.jpg,126179,1024,1024,ok,,train,face_signing,0.9987915
loan_0516,face_signing,/workspace/jinchuang_v4/extracted/data/loan_0516/face_signing.jpg,loan_0516/face_signing.jpg,137957,1024,1024,ok,,test,face_signing,0.9989324
loan_0517,face_signing,/workspace/jinchuang_v4/extracted/data/loan_0517/face_signing.jpg,loan_0517/face_signing.jpg,144502,1024,1024,ok,,train,face_signing,0.9969657
loan_0518,face_signing,/workspace/jinchuang_v4/extracted/data/loan_0518/face_signing.jpg,loan_0518/face_signing.jpg,119305,1024,1024,ok,,train,face_signing,0.9982425
loan_0519,face_signing,/workspace/jinchuang_v4/extracted/data/loan_0519/face_signing.jpg,loan_0519/face_signing.jpg,123471,1024,1024,ok,,train,face_signing,0.9988405
loan_052,face_signing,/workspace/jinchuang_v4/extracted/data/loan_052/face_signing.jpg,loan_052/face_signing.jpg,106474,1024,1024,ok,,train,face_signing,0.9869033
loan_0520,face_signing,/workspace/jinchuang_v4/extracted/data/loan_0520/face_signing.jpg,loan_0520/face_signing.jpg,119782,1024,1024,ok,,test,face_signing,0.99857104
loan_0521,face_signing,/workspace/jinchuang_v4/extracted/data/loan_0521/face_signing.jpg,loan_0521/face_signing.jpg,121018,1024,1024,ok,,train,face_signing,0.9986628
loan_0522,face_signing,/workspace/jinchuang_v4/extracted/data/loan_0522/face_signing.jpg,loan_0522/face_signing.jpg,149515,1024,1024,ok,,test,face_signing,0.9990465
loan_0523,face_signing,/workspace/jinchuang_v4/extracted/data/loan_0523/face_signing.jpg,loan_0523/face_signing.jpg,123558,1024,1024,ok,,train,face_signing,0.99853694
loan_0524,face_signing,/workspace/jinchuang_v4/extracted/data/loan_0524/face_signing.jpg,loan_0524/face_signing.jpg,112261,1024,1024,ok,,test,face_signing,0.99909985
loan_0525,face_signing,/workspace/jinchuang_v4/extracted/data/loan_0525/face_signing.jpg,loan_0525/face_signing.jpg,308910,1254,1254,ok,,test,face_signing,0.9968907
loan_0526,face_signing,/workspace/jinchuang_v4/extracted/data/loan_0526/face_signing.jpg,loan_0526/face_signing.jpg,114155,1024,1024,ok,,val,face_signing,0.9985305
loan_0527,face_signing,/workspace/jinchuang_v4/extracted/data/loan_0527/face_signing.jpg,loan_0527/face_signing.jpg,138043,1024,1024,ok,,test,face_signing,0.99871373
loan_0528,face_signing,/workspace/jinchuang_v4/extracted/data/loan_0528/face_signing.jpg,loan_0528/face_signing.jpg,110682,1024,1024,ok,,test,face_signing,0.999035
loan_0529,face_signing,/workspace/jinchuang_v4/extracted/data/loan_0529/face_signing.jpg,loan_0529/face_signing.jpg,140912,1024,1024,ok,,train,face_signing,0.99892336
loan_053,face_signing,/workspace/jinchuang_v4/extracted/data/loan_053/face_signing.jpg,loan_053/face_signing.jpg,121484,1024,1024,ok,,val,face_signing,0.99394375
loan_0530,face_signing,/workspace/jinchuang_v4/extracted/data/loan_0530/face_signing.jpg,loan_0530/face_signing.jpg,131009,1024,1024,ok,,train,face_signing,0.99857914
loan_0531,face_signing,/workspace/jinchuang_v4/extracted/data/loan_0531/face_signing.jpg,loan_0531/face_signing.jpg,132491,1024,1024,ok,,train,face_signing,0.99837
loan_0532,face_signing,/workspace/jinchuang_v4/extracted/data/loan_0532/face_signing.jpg,loan_0532/face_signing.jpg,100363,1024,1024,ok,,train,face_signing,0.9985158
loan_0533,face_signing,/workspace/jinchuang_v4/extracted/data/loan_0533/face_signing.jpg,loan_0533/face_signing.jpg,140815,1024,1024,ok,,test,face_signing,0.9985891
loan_0534,face_signing,/workspace/jinchuang_v4/extracted/data/loan_0534/face_signing.jpg,loan_0534/face_signing.jpg,113663,1024,1024,ok,,val,face_signing,0.99772924
loan_0535,face_signing,/workspace/jinchuang_v4/extracted/data/loan_0535/face_signing.jpg,loan_0535/face_signing.jpg,144888,1024,1024,ok,,test,face_signing,0.9978974
loan_0536,face_signing,/workspace/jinchuang_v4/extracted/data/loan_0536/face_signing.jpg,loan_0536/face_signing.jpg,114453,1024,1024,ok,,train,face_signing,0.99853265
loan_0537,face_signing,/workspace/jinchuang_v4/extracted/data/loan_0537/face_signing.jpg,loan_0537/face_signing.jpg,122228,1024,1024,ok,,train,face_signing,0.99896955
loan_0538,face_signing,/workspace/jinchuang_v4/extracted/data/loan_0538/face_signing.jpg,loan_0538/face_signing.jpg,114583,1024,1024,ok,,train,face_signing,0.9988972
loan_0539,face_signing,/workspace/jinchuang_v4/extracted/data/loan_0539/face_signing.jpg,loan_0539/face_signing.jpg,122321,1024,1024,ok,,train,face_signing,0.99818987
loan_054,face_signing,/workspace/jinchuang_v4/extracted/data/loan_054/face_signing.jpg,loan_054/face_signing.jpg,145239,1024,1024,ok,,test,face_signing,0.9932413
loan_0540,face_signing,/workspace/jinchuang_v4/extracted/data/loan_0540/face_signing.jpg,loan_0540/face_signing.jpg,118677,1024,1024,ok,,val,face_signing,0.99902916
loan_0541,face_signing,/workspace/jinchuang_v4/extracted/data/loan_0541/face_signing.jpg,loan_0541/face_signing.jpg,255254,1254,1254,ok,,train,face_signing,0.9989373
loan_0542,face_signing,/workspace/jinchuang_v4/extracted/data/loan_0542/face_signing.jpg,loan_0542/face_signing.jpg,145234,1024,1024,ok,,test,face_signing,0.99842775
loan_0543,face_signing,/workspace/jinchuang_v4/extracted/data/loan_0543/face_signing.jpg,loan_0543/face_signing.jpg,121896,1024,1024,ok,,train,face_signing,0.9957717
loan_0544,face_signing,/workspace/jinchuang_v4/extracted/data/loan_0544/face_signing.jpg,loan_0544/face_signing.jpg,137101,1024,1024,ok,,train,face_signing,0.9986029
loan_0545,face_signing,/workspace/jinchuang_v4/extracted/data/loan_0545/face_signing.jpg,loan_0545/face_signing.jpg,121466,1024,1024,ok,,val,face_signing,0.99866855
loan_0546,face_signing,/workspace/jinchuang_v4/extracted/data/loan_0546/face_signing.jpg,loan_0546/face_signing.jpg,104630,1024,1024,ok,,train,face_signing,0.9993932
loan_0547,face_signing,/workspace/jinchuang_v4/extracted/data/loan_0547/face_signing.jpg,loan_0547/face_signing.jpg,114994,1024,1024,ok,,train,face_signing,0.9973482
loan_0548,face_signing,/workspace/jinchuang_v4/extracted/data/loan_0548/face_signing.jpg,loan_0548/face_signing.jpg,136615,1024,1024,ok,,train,face_signing,0.99808985
loan_0549,face_signing,/workspace/jinchuang_v4/extracted/data/loan_0549/face_signing.jpg,loan_0549/face_signing.jpg,125391,1024,1024,ok,,val,face_signing,0.99796474
loan_055,face_signing,/workspace/jinchuang_v4/extracted/data/loan_055/face_signing.jpg,loan_055/face_signing.jpg,72634,1024,1024,ok,,test,face_signing,0.993378
loan_0550,face_signing,/workspace/jinchuang_v4/extracted/data/loan_0550/face_signing.jpg,loan_0550/face_signing.jpg,248005,1254,1254,ok,,train,face_signing,0.9974051
loan_0551,face_signing,/workspace/jinchuang_v4/extracted/data/loan_0551/face_signing.jpg,loan_0551/face_signing.jpg,113579,1024,1024,ok,,train,face_signing,0.99888307
loan_0552,face_signing,/workspace/jinchuang_v4/extracted/data/loan_0552/face_signing.jpg,loan_0552/face_signing.jpg,264473,1254,1254,ok,,val,face_signing,0.99880385
loan_0553,face_signing,/workspace/jinchuang_v4/extracted/data/loan_0553/face_signing.jpg,loan_0553/face_signing.jpg,121035,1024,1024,ok,,train,face_signing,0.999046
loan_0554,face_signing,/workspace/jinchuang_v4/extracted/data/loan_0554/face_signing.jpg,loan_0554/face_signing.jpg,158576,1024,1024,ok,,train,face_signing,0.9982615
loan_0555,face_signing,/workspace/jinchuang_v4/extracted/data/loan_0555/face_signing.jpg,loan_0555/face_signing.jpg,115506,1024,1024,ok,,train,face_signing,0.9989436
loan_0556,face_signing,/workspace/jinchuang_v4/extracted/data/loan_0556/face_signing.jpg,loan_0556/face_signing.jpg,126844,1024,1024,ok,,train,face_signing,0.99903417
loan_0557,face_signing,/workspace/jinchuang_v4/extracted/data/loan_0557/face_signing.jpg,loan_0557/face_signing.jpg,123664,1024,1024,ok,,train,face_signing,0.99881315
loan_0558,face_signing,/workspace/jinchuang_v4/extracted/data/loan_0558/face_signing.jpg,loan_0558/face_signing.jpg,129359,1024,1024,ok,,val,face_signing,0.9985764
loan_0559,face_signing,/workspace/jinchuang_v4/extracted/data/loan_0559/face_signing.jpg,loan_0559/face_signing.jpg,239367,1254,1254,ok,,train,face_signing,0.9990558
loan_056,face_signing,/workspace/jinchuang_v4/extracted/data/loan_056/face_signing.jpg,loan_056/face_signing.jpg,70213,1024,1024,ok,,train,face_signing,0.9923713
loan_0560,face_signing,/workspace/jinchuang_v4/extracted/data/loan_0560/face_signing.jpg,loan_0560/face_signing.jpg,119979,1024,1024,ok,,train,face_signing,0.9983923
loan_0561,face_signing,/workspace/jinchuang_v4/extracted/data/loan_0561/face_signing.jpg,loan_0561/face_signing.jpg,155871,1024,1024,ok,,train,face_signing,0.9983992
loan_0562,face_signing,/workspace/jinchuang_v4/extracted/data/loan_0562/face_signing.jpg,loan_0562/face_signing.jpg,125957,1024,1024,ok,,test,face_signing,0.9984444
loan_0563,face_signing,/workspace/jinchuang_v4/extracted/data/loan_0563/face_signing.jpg,loan_0563/face_signing.jpg,132041,1024,1024,ok,,train,face_signing,0.99761766
loan_0564,face_signing,/workspace/jinchuang_v4/extracted/data/loan_0564/face_signing.jpg,loan_0564/face_signing.jpg,145180,1024,1024,ok,,train,face_signing,0.99835676
loan_0565,face_signing,/workspace/jinchuang_v4/extracted/data/loan_0565/face_signing.jpg,loan_0565/face_signing.jpg,125683,1024,1024,ok,,train,face_signing,0.9989749
loan_0566,face_signing,/workspace/jinchuang_v4/extracted/data/loan_0566/face_signing.jpg,loan_0566/face_signing.jpg,129477,1024,1024,ok,,test,face_signing,0.99859244
loan_0567,face_signing,/workspace/jinchuang_v4/extracted/data/loan_0567/face_signing.jpg,loan_0567/face_signing.jpg,108105,1024,1024,ok,,train,face_signing,0.9984012
loan_0568,face_signing,/workspace/jinchuang_v4/extracted/data/loan_0568/face_signing.jpg,loan_0568/face_signing.jpg,143010,1024,1024,ok,,test,face_signing,0.9982015
loan_0569,face_signing,/workspace/jinchuang_v4/extracted/data/loan_0569/face_signing.jpg,loan_0569/face_signing.jpg,299702,1254,1254,ok,,val,face_signing,0.99783856
loan_057,face_signing,/workspace/jinchuang_v4/extracted/data/loan_057/face_signing.jpg,loan_057/face_signing.jpg,100415,1024,1024,ok,,val,face_signing,0.9939581
loan_0570,face_signing,/workspace/jinchuang_v4/extracted/data/loan_0570/face_signing.jpg,loan_0570/face_signing.jpg,137793,1024,1024,ok,,train,face_signing,0.9990829
loan_0571,face_signing,/workspace/jinchuang_v4/extracted/data/loan_0571/face_signing.jpg,loan_0571/face_signing.jpg,129686,1024,1024,ok,,val,face_signing,0.99882346
loan_0572,face_signing,/workspace/jinchuang_v4/extracted/data/loan_0572/face_signing.jpg,loan_0572/face_signing.jpg,120403,1024,1024,ok,,train,face_signing,0.9979615
loan_0573,face_signing,/workspace/jinchuang_v4/extracted/data/loan_0573/face_signing.jpg,loan_0573/face_signing.jpg,129381,1024,1024,ok,,train,face_signing,0.9978811
loan_0574,face_signing,/workspace/jinchuang_v4/extracted/data/loan_0574/face_signing.jpg,loan_0574/face_signing.jpg,114049,1024,1024,ok,,test,face_signing,0.99751925
loan_0575,face_signing,/workspace/jinchuang_v4/extracted/data/loan_0575/face_signing.jpg,loan_0575/face_signing.jpg,120543,1024,1024,ok,,train,face_signing,0.99836844
loan_0576,face_signing,/workspace/jinchuang_v4/extracted/data/loan_0576/face_signing.jpg,loan_0576/face_signing.jpg,121867,1024,1024,ok,,train,face_signing,0.9985293
loan_0577,face_signing,/workspace/jinchuang_v4/extracted/data/loan_0577/face_signing.jpg,loan_0577/face_signing.jpg,109816,1024,1024,ok,,train,face_signing,0.9990701
loan_0578,face_signing,/workspace/jinchuang_v4/extracted/data/loan_0578/face_signing.jpg,loan_0578/face_signing.jpg,108201,1024,1024,ok,,train,face_signing,0.9979413
loan_0579,face_signing,/workspace/jinchuang_v4/extracted/data/loan_0579/face_signing.jpg,loan_0579/face_signing.jpg,105428,1024,1024,ok,,train,face_signing,0.9980574
loan_058,face_signing,/workspace/jinchuang_v4/extracted/data/loan_058/face_signing.jpg,loan_058/face_signing.jpg,111816,1024,1024,ok,,train,face_signing,0.9985637
loan_0580,face_signing,/workspace/jinchuang_v4/extracted/data/loan_0580/face_signing.jpg,loan_0580/face_signing.jpg,152238,1024,1024,ok,,train,face_signing,0.9989963
loan_0581,face_signing,/workspace/jinchuang_v4/extracted/data/loan_0581/face_signing.jpg,loan_0581/face_signing.jpg,141004,1024,1024,ok,,val,face_signing,0.99856156
loan_0582,face_signing,/workspace/jinchuang_v4/extracted/data/loan_0582/face_signing.jpg,loan_0582/face_signing.jpg,131407,1024,1024,ok,,train,face_signing,0.99785405
loan_0583,face_signing,/workspace/jinchuang_v4/extracted/data/loan_0583/face_signing.jpg,loan_0583/face_signing.jpg,115669,1024,1024,ok,,train,face_signing,0.9992238
loan_0584,face_signing,/workspace/jinchuang_v4/extracted/data/loan_0584/face_signing.jpg,loan_0584/face_signing.jpg,119370,1024,1024,ok,,train,face_signing,0.99890804
loan_0585,face_signing,/workspace/jinchuang_v4/extracted/data/loan_0585/face_signing.jpg,loan_0585/face_signing.jpg,108795,1024,1024,ok,,val,face_signing,0.99937016
loan_0586,face_signing,/workspace/jinchuang_v4/extracted/data/loan_0586/face_signing.jpg,loan_0586/face_signing.jpg,275913,1254,1254,ok,,val,face_signing,0.9968176
loan_0587,face_signing,/workspace/jinchuang_v4/extracted/data/loan_0587/face_signing.jpg,loan_0587/face_signing.jpg,141852,1024,1024,ok,,train,face_signing,0.99829966
loan_0588,face_signing,/workspace/jinchuang_v4/extracted/data/loan_0588/face_signing.jpg,loan_0588/face_signing.jpg,141479,1024,1024,ok,,test,face_signing,0.99819547
loan_0589,face_signing,/workspace/jinchuang_v4/extracted/data/loan_0589/face_signing.jpg,loan_0589/face_signing.jpg,116183,1024,1024,ok,,train,face_signing,0.99846196
loan_059,face_signing,/workspace/jinchuang_v4/extracted/data/loan_059/face_signing.jpg,loan_059/face_signing.jpg,104294,1024,1024,ok,,train,face_signing,0.9985904
loan_0590,face_signing,/workspace/jinchuang_v4/extracted/data/loan_0590/face_signing.jpg,loan_0590/face_signing.jpg,105812,1024,1024,ok,,train,face_signing,0.99875486
loan_0591,face_signing,/workspace/jinchuang_v4/extracted/data/loan_0591/face_signing.jpg,loan_0591/face_signing.jpg,135248,1024,1024,ok,,val,face_signing,0.99859065
loan_0592,face_signing,/workspace/jinchuang_v4/extracted/data/loan_0592/face_signing.jpg,loan_0592/face_signing.jpg,122045,1024,1024,ok,,train,face_signing,0.9988513
loan_0593,face_signing,/workspace/jinchuang_v4/extracted/data/loan_0593/face_signing.jpg,loan_0593/face_signing.jpg,118849,1024,1024,ok,,test,face_signing,0.99893385
loan_0594,face_signing,/workspace/jinchuang_v4/extracted/data/loan_0594/face_signing.jpg,loan_0594/face_signing.jpg,122871,1024,1024,ok,,train,face_signing,0.99805355
loan_0595,face_signing,/workspace/jinchuang_v4/extracted/data/loan_0595/face_signing.jpg,loan_0595/face_signing.jpg,126046,1024,1024,ok,,train,face_signing,0.99913836
loan_0596,face_signing,/workspace/jinchuang_v4/extracted/data/loan_0596/face_signing.jpg,loan_0596/face_signing.jpg,119982,1024,1024,ok,,train,face_signing,0.9991424
loan_0597,face_signing,/workspace/jinchuang_v4/extracted/data/loan_0597/face_signing.jpg,loan_0597/face_signing.jpg,114206,1024,1024,ok,,train,face_signing,0.9986895
loan_0598,face_signing,/workspace/jinchuang_v4/extracted/data/loan_0598/face_signing.jpg,loan_0598/face_signing.jpg,107135,1024,1024,ok,,train,face_signing,0.99902034
loan_0599,face_signing,/workspace/jinchuang_v4/extracted/data/loan_0599/face_signing.jpg,loan_0599/face_signing.jpg,257500,1254,1254,ok,,train,face_signing,0.99389064
loan_060,face_signing,/workspace/jinchuang_v4/extracted/data/loan_060/face_signing.jpg,loan_060/face_signing.jpg,115242,1024,1024,ok,,train,face_signing,0.99627364
loan_0600,face_signing,/workspace/jinchuang_v4/extracted/data/loan_0600/face_signing.jpg,loan_0600/face_signing.jpg,134163,1024,1024,ok,,train,face_signing,0.9984987
loan_0601,face_signing,/workspace/jinchuang_v4/extracted/data/loan_0601/face_signing.jpg,loan_0601/face_signing.jpg,112900,1024,1024,ok,,train,face_signing,0.9985965
loan_0602,face_signing,/workspace/jinchuang_v4/extracted/data/loan_0602/face_signing.jpg,loan_0602/face_signing.jpg,109974,1024,1024,ok,,train,face_signing,0.9990953
loan_0603,face_signing,/workspace/jinchuang_v4/extracted/data/loan_0603/face_signing.jpg,loan_0603/face_signing.jpg,122471,1024,1024,ok,,train,face_signing,0.9990075
loan_0604,face_signing,/workspace/jinchuang_v4/extracted/data/loan_0604/face_signing.jpg,loan_0604/face_signing.jpg,113923,1024,1024,ok,,train,face_signing,0.9980502
loan_0605,face_signing,/workspace/jinchuang_v4/extracted/data/loan_0605/face_signing.jpg,loan_0605/face_signing.jpg,117852,1024,1024,ok,,train,face_signing,0.9982559
loan_0606,face_signing,/workspace/jinchuang_v4/extracted/data/loan_0606/face_signing.jpg,loan_0606/face_signing.jpg,109875,1024,1024,ok,,train,face_signing,0.99905604
loan_0607,face_signing,/workspace/jinchuang_v4/extracted/data/loan_0607/face_signing.jpg,loan_0607/face_signing.jpg,142285,1024,1024,ok,,train,face_signing,0.99897325
loan_0608,face_signing,/workspace/jinchuang_v4/extracted/data/loan_0608/face_signing.jpg,loan_0608/face_signing.jpg,121192,1024,1024,ok,,test,face_signing,0.9985208
loan_0609,face_signing,/workspace/jinchuang_v4/extracted/data/loan_0609/face_signing.jpg,loan_0609/face_signing.jpg,142647,1024,1024,ok,,train,face_signing,0.99908423
loan_061,face_signing,/workspace/jinchuang_v4/extracted/data/loan_061/face_signing.jpg,loan_061/face_signing.jpg,147638,1024,1024,ok,,val,face_signing,0.99183875
loan_0610,face_signing,/workspace/jinchuang_v4/extracted/data/loan_0610/face_signing.jpg,loan_0610/face_signing.jpg,133461,1024,1024,ok,,train,face_signing,0.9981597
loan_0611,face_signing,/workspace/jinchuang_v4/extracted/data/loan_0611/face_signing.jpg,loan_0611/face_signing.jpg,119988,1024,1024,ok,,train,face_signing,0.9991302
loan_0612,face_signing,/workspace/jinchuang_v4/extracted/data/loan_0612/face_signing.jpg,loan_0612/face_signing.jpg,110116,1024,1024,ok,,train,face_signing,0.9970855
loan_0613,face_signing,/workspace/jinchuang_v4/extracted/data/loan_0613/face_signing.jpg,loan_0613/face_signing.jpg,141845,1024,1024,ok,,test,face_signing,0.9989974
loan_0614,face_signing,/workspace/jinchuang_v4/extracted/data/loan_0614/face_signing.jpg,loan_0614/face_signing.jpg,154111,1024,1024,ok,,test,face_signing,0.9983481
loan_0615,face_signing,/workspace/jinchuang_v4/extracted/data/loan_0615/face_signing.jpg,loan_0615/face_signing.jpg,126069,1024,1024,ok,,train,face_signing,0.99901664
loan_0616,face_signing,/workspace/jinchuang_v4/extracted/data/loan_0616/face_signing.jpg,loan_0616/face_signing.jpg,115198,1024,1024,ok,,val,face_signing,0.99891233
loan_0617,face_signing,/workspace/jinchuang_v4/extracted/data/loan_0617/face_signing.jpg,loan_0617/face_signing.jpg,137941,1024,1024,ok,,test,face_signing,0.9980388
loan_0618,face_signing,/workspace/jinchuang_v4/extracted/data/loan_0618/face_signing.jpg,loan_0618/face_signing.jpg,126569,1024,1024,ok,,test,face_signing,0.99812096
loan_0619,face_signing,/workspace/jinchuang_v4/extracted/data/loan_0619/face_signing.jpg,loan_0619/face_signing.jpg,123276,1024,1024,ok,,train,face_signing,0.99685043
loan_062,face_signing,/workspace/jinchuang_v4/extracted/data/loan_062/face_signing.jpg,loan_062/face_signing.jpg,96619,1024,1024,ok,,train,face_signing,0.98287266
loan_0620,face_signing,/workspace/jinchuang_v4/extracted/data/loan_0620/face_signing.jpg,loan_0620/face_signing.jpg,133648,1024,1024,ok,,test,face_signing,0.9976025
loan_0621,face_signing,/workspace/jinchuang_v4/extracted/data/loan_0621/face_signing.jpg,loan_0621/face_signing.jpg,107951,1024,1024,ok,,train,face_signing,0.9977082
loan_0622,face_signing,/workspace/jinchuang_v4/extracted/data/loan_0622/face_signing.jpg,loan_0622/face_signing.jpg,118388,1024,1024,ok,,train,face_signing,0.99906224
loan_0623,face_signing,/workspace/jinchuang_v4/extracted/data/loan_0623/face_signing.jpg,loan_0623/face_signing.jpg,101713,1024,1024,ok,,train,face_signing,0.9987056
loan_0624,face_signing,/workspace/jinchuang_v4/extracted/data/loan_0624/face_signing.jpg,loan_0624/face_signing.jpg,102110,1024,1024,ok,,train,face_signing,0.9984591
loan_0625,face_signing,/workspace/jinchuang_v4/extracted/data/loan_0625/face_signing.jpg,loan_0625/face_signing.jpg,136584,1024,1024,ok,,train,face_signing,0.99758565
loan_0626,face_signing,/workspace/jinchuang_v4/extracted/data/loan_0626/face_signing.jpg,loan_0626/face_signing.jpg,138612,1024,1024,ok,,train,face_signing,0.9965384
loan_0627,face_signing,/workspace/jinchuang_v4/extracted/data/loan_0627/face_signing.jpg,loan_0627/face_signing.jpg,121585,1024,1024,ok,,train,face_signing,0.99516654
loan_0628,face_signing,/workspace/jinchuang_v4/extracted/data/loan_0628/face_signing.jpg,loan_0628/face_signing.jpg,103793,1024,1024,ok,,train,face_signing,0.99887806
loan_0629,face_signing,/workspace/jinchuang_v4/extracted/data/loan_0629/face_signing.jpg,loan_0629/face_signing.jpg,125514,1024,1024,ok,,train,face_signing,0.99920744
loan_063,face_signing,/workspace/jinchuang_v4/extracted/data/loan_063/face_signing.jpg,loan_063/face_signing.jpg,169046,1024,1024,ok,,test,face_signing,0.9971282
loan_0630,face_signing,/workspace/jinchuang_v4/extracted/data/loan_0630/face_signing.jpg,loan_0630/face_signing.jpg,128387,1024,1024,ok,,test,face_signing,0.99903214
loan_0631,face_signing,/workspace/jinchuang_v4/extracted/data/loan_0631/face_signing.jpg,loan_0631/face_signing.jpg,118511,1024,1024,ok,,train,face_signing,0.9973586
loan_0632,face_signing,/workspace/jinchuang_v4/extracted/data/loan_0632/face_signing.jpg,loan_0632/face_signing.jpg,95293,1024,1024,ok,,train,face_signing,0.9979602
loan_0633,face_signing,/workspace/jinchuang_v4/extracted/data/loan_0633/face_signing.jpg,loan_0633/face_signing.jpg,104498,1024,1024,ok,,train,face_signing,0.9966918
loan_0634,face_signing,/workspace/jinchuang_v4/extracted/data/loan_0634/face_signing.jpg,loan_0634/face_signing.jpg,101206,1024,1024,ok,,test,face_signing,0.99840003
loan_0635,face_signing,/workspace/jinchuang_v4/extracted/data/loan_0635/face_signing.jpg,loan_0635/face_signing.jpg,134923,1024,1024,ok,,train,face_signing,0.9973176
loan_0636,face_signing,/workspace/jinchuang_v4/extracted/data/loan_0636/face_signing.jpg,loan_0636/face_signing.jpg,128366,1024,1024,ok,,test,face_signing,0.99831057
loan_0637,face_signing,/workspace/jinchuang_v4/extracted/data/loan_0637/face_signing.jpg,loan_0637/face_signing.jpg,130905,1024,1024,ok,,train,face_signing,0.99836904
loan_0638,face_signing,/workspace/jinchuang_v4/extracted/data/loan_0638/face_signing.jpg,loan_0638/face_signing.jpg,130700,1024,1024,ok,,train,face_signing,0.9986494
loan_0639,face_signing,/workspace/jinchuang_v4/extracted/data/loan_0639/face_signing.jpg,loan_0639/face_signing.jpg,290042,1254,1254,ok,,val,face_signing,0.9985008
loan_064,face_signing,/workspace/jinchuang_v4/extracted/data/loan_064/face_signing.jpg,loan_064/face_signing.jpg,94825,1024,1024,ok,,train,face_signing,0.99583673
loan_0640,face_signing,/workspace/jinchuang_v4/extracted/data/loan_0640/face_signing.jpg,loan_0640/face_signing.jpg,122357,1024,1024,ok,,train,face_signing,0.9952237
loan_0641,face_signing,/workspace/jinchuang_v4/extracted/data/loan_0641/face_signing.jpg,loan_0641/face_signing.jpg,127026,1024,1024,ok,,test,face_signing,0.99628925
loan_0642,face_signing,/workspace/jinchuang_v4/extracted/data/loan_0642/face_signing.jpg,loan_0642/face_signing.jpg,120597,1024,1024,ok,,train,face_signing,0.9944687
loan_0643,face_signing,/workspace/jinchuang_v4/extracted/data/loan_0643/face_signing.jpg,loan_0643/face_signing.jpg,123637,1024,1024,ok,,val,face_signing,0.99811256
loan_0644,face_signing,/workspace/jinchuang_v4/extracted/data/loan_0644/face_signing.jpg,loan_0644/face_signing.jpg,137784,1024,1024,ok,,train,face_signing,0.99827194
loan_0645,face_signing,/workspace/jinchuang_v4/extracted/data/loan_0645/face_signing.jpg,loan_0645/face_signing.jpg,132810,1024,1024,ok,,test,face_signing,0.99757284
loan_0646,face_signing,/workspace/jinchuang_v4/extracted/data/loan_0646/face_signing.jpg,loan_0646/face_signing.jpg,136707,1024,1024,ok,,train,face_signing,0.99683565
loan_0647,face_signing,/workspace/jinchuang_v4/extracted/data/loan_0647/face_signing.jpg,loan_0647/face_signing.jpg,120458,1024,1024,ok,,train,face_signing,0.99740416
loan_0648,face_signing,/workspace/jinchuang_v4/extracted/data/loan_0648/face_signing.jpg,loan_0648/face_signing.jpg,136040,1024,1024,ok,,train,face_signing,0.99731725
loan_0649,face_signing,/workspace/jinchuang_v4/extracted/data/loan_0649/face_signing.jpg,loan_0649/face_signing.jpg,121020,1024,1024,ok,,val,face_signing,0.9983542
loan_065,face_signing,/workspace/jinchuang_v4/extracted/data/loan_065/face_signing.jpg,loan_065/face_signing.jpg,83664,1024,1024,ok,,test,face_signing,0.99402124
loan_0650,face_signing,/workspace/jinchuang_v4/extracted/data/loan_0650/face_signing.jpg,loan_0650/face_signing.jpg,136292,1024,1024,ok,,test,face_signing,0.9969657
loan_0651,face_signing,/workspace/jinchuang_v4/extracted/data/loan_0651/face_signing.jpg,loan_0651/face_signing.jpg,130799,1024,1024,ok,,val,face_signing,0.9983192
loan_0652,face_signing,/workspace/jinchuang_v4/extracted/data/loan_0652/face_signing.jpg,loan_0652/face_signing.jpg,126081,1024,1024,ok,,test,face_signing,0.99912363
loan_0653,face_signing,/workspace/jinchuang_v4/extracted/data/loan_0653/face_signing.jpg,loan_0653/face_signing.jpg,260386,1254,1254,ok,,train,face_signing,0.9988422
loan_0654,face_signing,/workspace/jinchuang_v4/extracted/data/loan_0654/face_signing.jpg,loan_0654/face_signing.jpg,120475,1024,1024,ok,,train,face_signing,0.9987375
loan_0655,face_signing,/workspace/jinchuang_v4/extracted/data/loan_0655/face_signing.jpg,loan_0655/face_signing.jpg,127706,1024,1024,ok,,test,face_signing,0.99865437
loan_0656,face_signing,/workspace/jinchuang_v4/extracted/data/loan_0656/face_signing.jpg,loan_0656/face_signing.jpg,137224,1024,1024,ok,,train,face_signing,0.9986614
loan_0657,face_signing,/workspace/jinchuang_v4/extracted/data/loan_0657/face_signing.jpg,loan_0657/face_signing.jpg,260911,1254,1254,ok,,train,face_signing,0.9978782
loan_0658,face_signing,/workspace/jinchuang_v4/extracted/data/loan_0658/face_signing.jpg,loan_0658/face_signing.jpg,259422,1254,1254,ok,,train,face_signing,0.99760026
loan_0659,face_signing,/workspace/jinchuang_v4/extracted/data/loan_0659/face_signing.jpg,loan_0659/face_signing.jpg,315717,1254,1254,ok,,train,face_signing,0.99860424
loan_066,face_signing,/workspace/jinchuang_v4/extracted/data/loan_066/face_signing.jpg,loan_066/face_signing.jpg,134120,1024,1024,ok,,train,face_signing,0.9987029
loan_0660,face_signing,/workspace/jinchuang_v4/extracted/data/loan_0660/face_signing.jpg,loan_0660/face_signing.jpg,112522,1024,1024,ok,,train,face_signing,0.9903347
loan_0661,face_signing,/workspace/jinchuang_v4/extracted/data/loan_0661/face_signing.jpg,loan_0661/face_signing.jpg,126696,1024,1024,ok,,train,face_signing,0.99855036
loan_0662,face_signing,/workspace/jinchuang_v4/extracted/data/loan_0662/face_signing.jpg,loan_0662/face_signing.jpg,124489,1024,1024,ok,,val,face_signing,0.99480695
loan_0663,face_signing,/workspace/jinchuang_v4/extracted/data/loan_0663/face_signing.jpg,loan_0663/face_signing.jpg,119718,1024,1024,ok,,train,face_signing,0.99833053
loan_0664,face_signing,/workspace/jinchuang_v4/extracted/data/loan_0664/face_signing.jpg,loan_0664/face_signing.jpg,112366,1024,1024,ok,,train,face_signing,0.99567884
loan_0665,face_signing,/workspace/jinchuang_v4/extracted/data/loan_0665/face_signing.jpg,loan_0665/face_signing.jpg,117497,1024,1024,ok,,test,face_signing,0.99701905
loan_0666,face_signing,/workspace/jinchuang_v4/extracted/data/loan_0666/face_signing.jpg,loan_0666/face_signing.jpg,131132,1024,1024,ok,,val,face_signing,0.9978059
loan_0667,face_signing,/workspace/jinchuang_v4/extracted/data/loan_0667/face_signing.jpg,loan_0667/face_signing.jpg,127167,1024,1024,ok,,train,face_signing,0.997253
loan_0668,face_signing,/workspace/jinchuang_v4/extracted/data/loan_0668/face_signing.jpg,loan_0668/face_signing.jpg,118259,1024,1024,ok,,test,face_signing,0.99454296
loan_0669,face_signing,/workspace/jinchuang_v4/extracted/data/loan_0669/face_signing.jpg,loan_0669/face_signing.jpg,134554,1024,1024,ok,,train,face_signing,0.9985385
loan_067,face_signing,/workspace/jinchuang_v4/extracted/data/loan_067/face_signing.jpg,loan_067/face_signing.jpg,113411,1024,1024,ok,,train,face_signing,0.9987148
loan_0670,face_signing,/workspace/jinchuang_v4/extracted/data/loan_0670/face_signing.jpg,loan_0670/face_signing.jpg,127524,1024,1024,ok,,train,face_signing,0.99797493
loan_0671,face_signing,/workspace/jinchuang_v4/extracted/data/loan_0671/face_signing.jpg,loan_0671/face_signing.jpg,119140,1024,1024,ok,,test,face_signing,0.99844414
loan_0672,face_signing,/workspace/jinchuang_v4/extracted/data/loan_0672/face_signing.jpg,loan_0672/face_signing.jpg,124295,1024,1024,ok,,train,face_signing,0.998762
loan_0673,face_signing,/workspace/jinchuang_v4/extracted/data/loan_0673/face_signing.jpg,loan_0673/face_signing.jpg,130046,1024,1024,ok,,val,face_signing,0.9982703
loan_0674,face_signing,/workspace/jinchuang_v4/extracted/data/loan_0674/face_signing.jpg,loan_0674/face_signing.jpg,266078,1254,1254,ok,,train,face_signing,0.9981292
loan_0675,face_signing,/workspace/jinchuang_v4/extracted/data/loan_0675/face_signing.jpg,loan_0675/face_signing.jpg,273827,1254,1254,ok,,train,face_signing,0.99831176
loan_0676,face_signing,/workspace/jinchuang_v4/extracted/data/loan_0676/face_signing.jpg,loan_0676/face_signing.jpg,148497,1024,1024,ok,,test,face_signing,0.99571383
loan_0677,face_signing,/workspace/jinchuang_v4/extracted/data/loan_0677/face_signing.jpg,loan_0677/face_signing.jpg,126699,1024,1024,ok,,train,face_signing,0.99756783
loan_0678,face_signing,/workspace/jinchuang_v4/extracted/data/loan_0678/face_signing.jpg,loan_0678/face_signing.jpg,129230,1024,1024,ok,,test,face_signing,0.9962734
loan_0679,face_signing,/workspace/jinchuang_v4/extracted/data/loan_0679/face_signing.jpg,loan_0679/face_signing.jpg,124699,1024,1024,ok,,train,face_signing,0.9965938
loan_068,face_signing,/workspace/jinchuang_v4/extracted/data/loan_068/face_signing.jpg,loan_068/face_signing.jpg,97324,1024,1024,ok,,train,face_signing,0.9949125
loan_0680,face_signing,/workspace/jinchuang_v4/extracted/data/loan_0680/face_signing.jpg,loan_0680/face_signing.jpg,126499,1024,1024,ok,,train,face_signing,0.99725866
loan_0681,face_signing,/workspace/jinchuang_v4/extracted/data/loan_0681/face_signing.jpg,loan_0681/face_signing.jpg,122640,1024,1024,ok,,train,face_signing,0.99755776
loan_0682,face_signing,/workspace/jinchuang_v4/extracted/data/loan_0682/face_signing.jpg,loan_0682/face_signing.jpg,304624,1122,1402,ok,,train,face_signing,0.9983381
loan_0683,face_signing,/workspace/jinchuang_v4/extracted/data/loan_0683/face_signing.jpg,loan_0683/face_signing.jpg,131903,1024,1024,ok,,train,face_signing,0.9970163
loan_0684,face_signing,/workspace/jinchuang_v4/extracted/data/loan_0684/face_signing.jpg,loan_0684/face_signing.jpg,147265,1024,1024,ok,,test,face_signing,0.99805546
loan_0685,face_signing,/workspace/jinchuang_v4/extracted/data/loan_0685/face_signing.jpg,loan_0685/face_signing.jpg,134449,1024,1024,ok,,train,face_signing,0.9984261
loan_0686,face_signing,/workspace/jinchuang_v4/extracted/data/loan_0686/face_signing.jpg,loan_0686/face_signing.jpg,122996,1024,1024,ok,,test,face_signing,0.99834085
loan_0687,face_signing,/workspace/jinchuang_v4/extracted/data/loan_0687/face_signing.jpg,loan_0687/face_signing.jpg,132804,1024,1024,ok,,train,face_signing,0.9975956
loan_0688,face_signing,/workspace/jinchuang_v4/extracted/data/loan_0688/face_signing.jpg,loan_0688/face_signing.jpg,130570,1024,1024,ok,,train,face_signing,0.9986737
loan_0689,face_signing,/workspace/jinchuang_v4/extracted/data/loan_0689/face_signing.jpg,loan_0689/face_signing.jpg,132554,1024,1024,ok,,train,face_signing,0.9983492
loan_069,face_signing,/workspace/jinchuang_v4/extracted/data/loan_069/face_signing.jpg,loan_069/face_signing.jpg,102118,1024,1024,ok,,train,face_signing,0.99701166
loan_0690,face_signing,/workspace/jinchuang_v4/extracted/data/loan_0690/face_signing.jpg,loan_0690/face_signing.jpg,132770,1024,1024,ok,,train,face_signing,0.99802446
loan_0691,face_signing,/workspace/jinchuang_v4/extracted/data/loan_0691/face_signing.jpg,loan_0691/face_signing.jpg,304689,1254,1254,ok,,train,face_signing,0.9985159
loan_0692,face_signing,/workspace/jinchuang_v4/extracted/data/loan_0692/face_signing.jpg,loan_0692/face_signing.jpg,270909,1254,1254,ok,,train,face_signing,0.9983797
loan_0693,face_signing,/workspace/jinchuang_v4/extracted/data/loan_0693/face_signing.jpg,loan_0693/face_signing.jpg,125297,1024,1024,ok,,train,face_signing,0.9989988
loan_0694,face_signing,/workspace/jinchuang_v4/extracted/data/loan_0694/face_signing.jpg,loan_0694/face_signing.jpg,280072,1254,1254,ok,,val,face_signing,0.99807894
loan_0695,face_signing,/workspace/jinchuang_v4/extracted/data/loan_0695/face_signing.jpg,loan_0695/face_signing.jpg,247770,1254,1254,ok,,val,face_signing,0.99835205
loan_0696,face_signing,/workspace/jinchuang_v4/extracted/data/loan_0696/face_signing.jpg,loan_0696/face_signing.jpg,119248,1024,1024,ok,,test,face_signing,0.9972274
loan_0697,face_signing,/workspace/jinchuang_v4/extracted/data/loan_0697/face_signing.jpg,loan_0697/face_signing.jpg,123978,1024,1024,ok,,val,face_signing,0.9977556
loan_0698,face_signing,/workspace/jinchuang_v4/extracted/data/loan_0698/face_signing.jpg,loan_0698/face_signing.jpg,134233,1024,1024,ok,,train,face_signing,0.99778455
loan_0699,face_signing,/workspace/jinchuang_v4/extracted/data/loan_0699/face_signing.jpg,loan_0699/face_signing.jpg,157692,1024,1024,ok,,test,face_signing,0.9988595
loan_070,face_signing,/workspace/jinchuang_v4/extracted/data/loan_070/face_signing.jpg,loan_070/face_signing.jpg,110332,1024,1024,ok,,val,face_signing,0.99348915
loan_0700,face_signing,/workspace/jinchuang_v4/extracted/data/loan_0700/face_signing.jpg,loan_0700/face_signing.jpg,139953,1024,1024,ok,,train,face_signing,0.99844366
loan_0701,face_signing,/workspace/jinchuang_v4/extracted/data/loan_0701/face_signing.jpg,loan_0701/face_signing.jpg,141643,1024,1024,ok,,train,face_signing,0.99862623
loan_0702,face_signing,/workspace/jinchuang_v4/extracted/data/loan_0702/face_signing.jpg,loan_0702/face_signing.jpg,137333,1024,1024,ok,,train,face_signing,0.99783653
loan_0703,face_signing,/workspace/jinchuang_v4/extracted/data/loan_0703/face_signing.jpg,loan_0703/face_signing.jpg,239659,1254,1254,ok,,train,face_signing,0.9985152
loan_0704,face_signing,/workspace/jinchuang_v4/extracted/data/loan_0704/face_signing.jpg,loan_0704/face_signing.jpg,147122,1024,1024,ok,,train,face_signing,0.9967309
loan_0705,face_signing,/workspace/jinchuang_v4/extracted/data/loan_0705/face_signing.jpg,loan_0705/face_signing.jpg,150228,1024,1024,ok,,train,face_signing,0.9926926
loan_0706,face_signing,/workspace/jinchuang_v4/extracted/data/loan_0706/face_signing.jpg,loan_0706/face_signing.jpg,142899,1024,1024,ok,,train,face_signing,0.99751955
loan_0707,face_signing,/workspace/jinchuang_v4/extracted/data/loan_0707/face_signing.jpg,loan_0707/face_signing.jpg,148053,1024,1024,ok,,train,face_signing,0.9975473
loan_0708,face_signing,/workspace/jinchuang_v4/extracted/data/loan_0708/face_signing.jpg,loan_0708/face_signing.jpg,117619,1024,1024,ok,,train,face_signing,0.9963355
loan_0709,face_signing,/workspace/jinchuang_v4/extracted/data/loan_0709/face_signing.jpg,loan_0709/face_signing.jpg,149339,1024,1024,ok,,train,face_signing,0.99724007
loan_071,face_signing,/workspace/jinchuang_v4/extracted/data/loan_071/face_signing.jpg,loan_071/face_signing.jpg,119306,1024,1024,ok,,train,face_signing,0.99395555
loan_0710,face_signing,/workspace/jinchuang_v4/extracted/data/loan_0710/face_signing.jpg,loan_0710/face_signing.jpg,153792,1024,1024,ok,,val,face_signing,0.99555784
loan_0711,face_signing,/workspace/jinchuang_v4/extracted/data/loan_0711/face_signing.jpg,loan_0711/face_signing.jpg,141276,1024,1024,ok,,train,face_signing,0.998485
loan_0712,face_signing,/workspace/jinchuang_v4/extracted/data/loan_0712/face_signing.jpg,loan_0712/face_signing.jpg,135540,1024,1024,ok,,train,face_signing,0.99859935
loan_0713,face_signing,/workspace/jinchuang_v4/extracted/data/loan_0713/face_signing.jpg,loan_0713/face_signing.jpg,156376,1024,1024,ok,,train,face_signing,0.99843055
loan_0714,face_signing,/workspace/jinchuang_v4/extracted/data/loan_0714/face_signing.jpg,loan_0714/face_signing.jpg,143911,1024,1024,ok,,val,face_signing,0.99689037
loan_0715,face_signing,/workspace/jinchuang_v4/extracted/data/loan_0715/face_signing.jpg,loan_0715/face_signing.jpg,244021,1254,1254,ok,,train,face_signing,0.998689
loan_0716,face_signing,/workspace/jinchuang_v4/extracted/data/loan_0716/face_signing.jpg,loan_0716/face_signing.jpg,133800,1024,1024,ok,,test,face_signing,0.998871
loan_0717,face_signing,/workspace/jinchuang_v4/extracted/data/loan_0717/face_signing.jpg,loan_0717/face_signing.jpg,145447,1024,1024,ok,,train,face_signing,0.9976172
loan_0718,face_signing,/workspace/jinchuang_v4/extracted/data/loan_0718/face_signing.jpg,loan_0718/face_signing.jpg,122119,1024,1024,ok,,train,face_signing,0.9983454
loan_0719,face_signing,/workspace/jinchuang_v4/extracted/data/loan_0719/face_signing.jpg,loan_0719/face_signing.jpg,145384,1024,1024,ok,,val,face_signing,0.99749506
loan_072,face_signing,/workspace/jinchuang_v4/extracted/data/loan_072/face_signing.jpg,loan_072/face_signing.jpg,127462,1024,1024,ok,,test,face_signing,0.9967638
loan_0720,face_signing,/workspace/jinchuang_v4/extracted/data/loan_0720/face_signing.jpg,loan_0720/face_signing.jpg,148711,1024,1024,ok,,train,face_signing,0.9980819
loan_0721,face_signing,/workspace/jinchuang_v4/extracted/data/loan_0721/face_signing.jpg,loan_0721/face_signing.jpg,251526,1254,1254,ok,,val,face_signing,0.99830997
loan_0722,face_signing,/workspace/jinchuang_v4/extracted/data/loan_0722/face_signing.jpg,loan_0722/face_signing.jpg,140463,1024,1024,ok,,train,face_signing,0.998629
loan_0723,face_signing,/workspace/jinchuang_v4/extracted/data/loan_0723/face_signing.jpg,loan_0723/face_signing.jpg,142262,1024,1024,ok,,train,face_signing,0.9981781
loan_0724,face_signing,/workspace/jinchuang_v4/extracted/data/loan_0724/face_signing.jpg,loan_0724/face_signing.jpg,141872,1024,1024,ok,,train,face_signing,0.9986022
loan_0725,face_signing,/workspace/jinchuang_v4/extracted/data/loan_0725/face_signing.jpg,loan_0725/face_signing.jpg,140948,1024,1024,ok,,train,face_signing,0.99872166
loan_0726,face_signing,/workspace/jinchuang_v4/extracted/data/loan_0726/face_signing.jpg,loan_0726/face_signing.jpg,154783,1024,1024,ok,,train,face_signing,0.9980654
loan_0727,face_signing,/workspace/jinchuang_v4/extracted/data/loan_0727/face_signing.jpg,loan_0727/face_signing.jpg,133757,1024,1024,ok,,train,face_signing,0.99801445
loan_0728,face_signing,/workspace/jinchuang_v4/extracted/data/loan_0728/face_signing.jpg,loan_0728/face_signing.jpg,263579,1254,1254,ok,,train,face_signing,0.9983701
loan_0729,face_signing,/workspace/jinchuang_v4/extracted/data/loan_0729/face_signing.jpg,loan_0729/face_signing.jpg,130366,1024,1024,ok,,train,face_signing,0.9983681
loan_073,face_signing,/workspace/jinchuang_v4/extracted/data/loan_073/face_signing.jpg,loan_073/face_signing.jpg,151226,1024,1024,ok,,train,face_signing,0.9956844
loan_0730,face_signing,/workspace/jinchuang_v4/extracted/data/loan_0730/face_signing.jpg,loan_0730/face_signing.jpg,143068,1024,1024,ok,,train,face_signing,0.99905163
loan_0731,face_signing,/workspace/jinchuang_v4/extracted/data/loan_0731/face_signing.jpg,loan_0731/face_signing.jpg,142406,1024,1024,ok,,train,face_signing,0.99862146
loan_0732,face_signing,/workspace/jinchuang_v4/extracted/data/loan_0732/face_signing.jpg,loan_0732/face_signing.jpg,142199,1024,1024,ok,,val,face_signing,0.99846005
loan_0733,face_signing,/workspace/jinchuang_v4/extracted/data/loan_0733/face_signing.jpg,loan_0733/face_signing.jpg,128058,1024,1024,ok,,val,face_signing,0.9925976
loan_0734,face_signing,/workspace/jinchuang_v4/extracted/data/loan_0734/face_signing.jpg,loan_0734/face_signing.jpg,144963,1024,1024,ok,,test,face_signing,0.9980039
loan_0735,face_signing,/workspace/jinchuang_v4/extracted/data/loan_0735/face_signing.jpg,loan_0735/face_signing.jpg,133198,1024,1024,ok,,train,face_signing,0.9972263
loan_0736,face_signing,/workspace/jinchuang_v4/extracted/data/loan_0736/face_signing.jpg,loan_0736/face_signing.jpg,153164,1024,1024,ok,,train,face_signing,0.99764615
loan_0737,face_signing,/workspace/jinchuang_v4/extracted/data/loan_0737/face_signing.jpg,loan_0737/face_signing.jpg,139318,1024,1024,ok,,train,face_signing,0.99801815
loan_0738,face_signing,/workspace/jinchuang_v4/extracted/data/loan_0738/face_signing.jpg,loan_0738/face_signing.jpg,134419,1024,1024,ok,,test,face_signing,0.9989685
loan_0739,face_signing,/workspace/jinchuang_v4/extracted/data/loan_0739/face_signing.jpg,loan_0739/face_signing.jpg,163120,1024,1024,ok,,train,face_signing,0.9985917
loan_074,face_signing,/workspace/jinchuang_v4/extracted/data/loan_074/face_signing.jpg,loan_074/face_signing.jpg,109129,1024,1024,ok,,val,face_signing,0.9975642
loan_0740,face_signing,/workspace/jinchuang_v4/extracted/data/loan_0740/face_signing.jpg,loan_0740/face_signing.jpg,143370,1024,1024,ok,,val,face_signing,0.998833
loan_0741,face_signing,/workspace/jinchuang_v4/extracted/data/loan_0741/face_signing.jpg,loan_0741/face_signing.jpg,129142,1024,1024,ok,,train,face_signing,0.99734616
loan_0742,face_signing,/workspace/jinchuang_v4/extracted/data/loan_0742/face_signing.jpg,loan_0742/face_signing.jpg,148413,1024,1024,ok,,train,face_signing,0.9983342
loan_0743,face_signing,/workspace/jinchuang_v4/extracted/data/loan_0743/face_signing.jpg,loan_0743/face_signing.jpg,129855,1024,1024,ok,,val,face_signing,0.9987196
loan_0744,face_signing,/workspace/jinchuang_v4/extracted/data/loan_0744/face_signing.jpg,loan_0744/face_signing.jpg,137053,1024,1024,ok,,test,face_signing,0.9974503
loan_0745,face_signing,/workspace/jinchuang_v4/extracted/data/loan_0745/face_signing.jpg,loan_0745/face_signing.jpg,248072,1254,1254,ok,,train,face_signing,0.9979954
loan_0746,face_signing,/workspace/jinchuang_v4/extracted/data/loan_0746/face_signing.jpg,loan_0746/face_signing.jpg,136473,1024,1024,ok,,train,face_signing,0.998857
loan_0747,face_signing,/workspace/jinchuang_v4/extracted/data/loan_0747/face_signing.jpg,loan_0747/face_signing.jpg,146010,1024,1024,ok,,test,face_signing,0.99518
loan_0748,face_signing,/workspace/jinchuang_v4/extracted/data/loan_0748/face_signing.jpg,loan_0748/face_signing.jpg,124909,1024,1024,ok,,train,face_signing,0.9988136
loan_0749,face_signing,/workspace/jinchuang_v4/extracted/data/loan_0749/face_signing.jpg,loan_0749/face_signing.jpg,144483,1024,1024,ok,,train,face_signing,0.9986253
loan_075,face_signing,/workspace/jinchuang_v4/extracted/data/loan_075/face_signing.jpg,loan_075/face_signing.jpg,108004,1024,1024,ok,,train,face_signing,0.9993413
loan_0750,face_signing,/workspace/jinchuang_v4/extracted/data/loan_0750/face_signing.jpg,loan_0750/face_signing.jpg,275664,1254,1254,ok,,train,face_signing,0.99867225
loan_0751,face_signing,/workspace/jinchuang_v4/extracted/data/loan_0751/face_signing.jpg,loan_0751/face_signing.jpg,133269,1024,1024,ok,,train,face_signing,0.99883264
loan_0752,face_signing,/workspace/jinchuang_v4/extracted/data/loan_0752/face_signing.jpg,loan_0752/face_signing.jpg,145768,1024,1024,ok,,train,face_signing,0.9979213
loan_0753,face_signing,/workspace/jinchuang_v4/extracted/data/loan_0753/face_signing.jpg,loan_0753/face_signing.jpg,235809,1254,1254,ok,,train,face_signing,0.99893576
loan_0754,face_signing,/workspace/jinchuang_v4/extracted/data/loan_0754/face_signing.jpg,loan_0754/face_signing.jpg,126041,1024,1024,ok,,train,face_signing,0.99753773
loan_0755,face_signing,/workspace/jinchuang_v4/extracted/data/loan_0755/face_signing.jpg,loan_0755/face_signing.jpg,135305,1024,1024,ok,,train,face_signing,0.99832827
loan_0756,face_signing,/workspace/jinchuang_v4/extracted/data/loan_0756/face_signing.jpg,loan_0756/face_signing.jpg,142602,1024,1024,ok,,test,face_signing,0.9986563
loan_0757,face_signing,/workspace/jinchuang_v4/extracted/data/loan_0757/face_signing.jpg,loan_0757/face_signing.jpg,133073,1024,1024,ok,,test,face_signing,0.9987715
loan_0758,face_signing,/workspace/jinchuang_v4/extracted/data/loan_0758/face_signing.jpg,loan_0758/face_signing.jpg,129337,1024,1024,ok,,train,face_signing,0.99841917
loan_0759,face_signing,/workspace/jinchuang_v4/extracted/data/loan_0759/face_signing.jpg,loan_0759/face_signing.jpg,136510,1024,1024,ok,,train,face_signing,0.99752825
loan_076,face_signing,/workspace/jinchuang_v4/extracted/data/loan_076/face_signing.jpg,loan_076/face_signing.jpg,136917,1024,1024,ok,,train,face_signing,0.9990569
loan_0760,face_signing,/workspace/jinchuang_v4/extracted/data/loan_0760/face_signing.jpg,loan_0760/face_signing.jpg,127793,1024,1024,ok,,train,face_signing,0.99854565
loan_0761,face_signing,/workspace/jinchuang_v4/extracted/data/loan_0761/face_signing.jpg,loan_0761/face_signing.jpg,244897,1254,1254,ok,,test,face_signing,0.99787664
loan_0762,face_signing,/workspace/jinchuang_v4/extracted/data/loan_0762/face_signing.jpg,loan_0762/face_signing.jpg,130998,1024,1024,ok,,test,face_signing,0.9983669
loan_0763,face_signing,/workspace/jinchuang_v4/extracted/data/loan_0763/face_signing.jpg,loan_0763/face_signing.jpg,244560,1254,1254,ok,,train,face_signing,0.9987208
loan_0764,face_signing,/workspace/jinchuang_v4/extracted/data/loan_0764/face_signing.jpg,loan_0764/face_signing.jpg,156883,1024,1024,ok,,train,face_signing,0.99825007
loan_0765,face_signing,/workspace/jinchuang_v4/extracted/data/loan_0765/face_signing.jpg,loan_0765/face_signing.jpg,130444,1024,1024,ok,,train,face_signing,0.99810743
loan_0766,face_signing,/workspace/jinchuang_v4/extracted/data/loan_0766/face_signing.jpg,loan_0766/face_signing.jpg,144842,1024,1024,ok,,val,face_signing,0.99835974
loan_0767,face_signing,/workspace/jinchuang_v4/extracted/data/loan_0767/face_signing.jpg,loan_0767/face_signing.jpg,252545,1254,1254,ok,,train,face_signing,0.9981719
loan_0768,face_signing,/workspace/jinchuang_v4/extracted/data/loan_0768/face_signing.jpg,loan_0768/face_signing.jpg,145767,1024,1024,ok,,train,face_signing,0.9974268
loan_0769,face_signing,/workspace/jinchuang_v4/extracted/data/loan_0769/face_signing.jpg,loan_0769/face_signing.jpg,170743,1024,1024,ok,,train,face_signing,0.99833614
loan_077,face_signing,/workspace/jinchuang_v4/extracted/data/loan_077/face_signing.jpg,loan_077/face_signing.jpg,106867,1024,1024,ok,,test,face_signing,0.99903107
loan_0770,face_signing,/workspace/jinchuang_v4/extracted/data/loan_0770/face_signing.jpg,loan_0770/face_signing.jpg,139713,1024,1024,ok,,train,face_signing,0.99800414
loan_0771,face_signing,/workspace/jinchuang_v4/extracted/data/loan_0771/face_signing.jpg,loan_0771/face_signing.jpg,131844,1024,1024,ok,,train,face_signing,0.9982035
loan_0772,face_signing,/workspace/jinchuang_v4/extracted/data/loan_0772/face_signing.jpg,loan_0772/face_signing.jpg,271285,1254,1254,ok,,train,face_signing,0.99794585
loan_0773,face_signing,/workspace/jinchuang_v4/extracted/data/loan_0773/face_signing.jpg,loan_0773/face_signing.jpg,140252,1024,1024,ok,,train,face_signing,0.99900997
loan_0774,face_signing,/workspace/jinchuang_v4/extracted/data/loan_0774/face_signing.jpg,loan_0774/face_signing.jpg,129242,1024,1024,ok,,val,face_signing,0.9983543
loan_0775,face_signing,/workspace/jinchuang_v4/extracted/data/loan_0775/face_signing.jpg,loan_0775/face_signing.jpg,135716,1024,1024,ok,,train,face_signing,0.99843186
loan_0776,face_signing,/workspace/jinchuang_v4/extracted/data/loan_0776/face_signing.jpg,loan_0776/face_signing.jpg,137056,1024,1024,ok,,train,face_signing,0.99709463
loan_0777,face_signing,/workspace/jinchuang_v4/extracted/data/loan_0777/face_signing.jpg,loan_0777/face_signing.jpg,139957,1024,1024,ok,,train,face_signing,0.99850816
loan_0778,face_signing,/workspace/jinchuang_v4/extracted/data/loan_0778/face_signing.jpg,loan_0778/face_signing.jpg,133062,1024,1024,ok,,train,face_signing,0.9982761
loan_0779,face_signing,/workspace/jinchuang_v4/extracted/data/loan_0779/face_signing.jpg,loan_0779/face_signing.jpg,270967,1254,1254,ok,,train,face_signing,0.9982948
loan_078,face_signing,/workspace/jinchuang_v4/extracted/data/loan_078/face_signing.jpg,loan_078/face_signing.jpg,381721,1254,1254,ok,,train,face_signing,0.9977696
loan_0780,face_signing,/workspace/jinchuang_v4/extracted/data/loan_0780/face_signing.jpg,loan_0780/face_signing.jpg,246707,1254,1254,ok,,train,face_signing,0.99796873
loan_0781,face_signing,/workspace/jinchuang_v4/extracted/data/loan_0781/face_signing.jpg,loan_0781/face_signing.jpg,131333,1024,1024,ok,,train,face_signing,0.9981279
loan_0782,face_signing,/workspace/jinchuang_v4/extracted/data/loan_0782/face_signing.jpg,loan_0782/face_signing.jpg,138494,1024,1024,ok,,train,face_signing,0.99809486
loan_0783,face_signing,/workspace/jinchuang_v4/extracted/data/loan_0783/face_signing.jpg,loan_0783/face_signing.jpg,145057,1024,1024,ok,,train,face_signing,0.99806565
loan_0784,face_signing,/workspace/jinchuang_v4/extracted/data/loan_0784/face_signing.jpg,loan_0784/face_signing.jpg,136052,1024,1024,ok,,test,face_signing,0.99713576
loan_0785,face_signing,/workspace/jinchuang_v4/extracted/data/loan_0785/face_signing.jpg,loan_0785/face_signing.jpg,132880,1024,1024,ok,,train,face_signing,0.9986405
loan_0786,face_signing,/workspace/jinchuang_v4/extracted/data/loan_0786/face_signing.jpg,loan_0786/face_signing.jpg,124265,1024,1024,ok,,train,face_signing,0.99677736
loan_0787,face_signing,/workspace/jinchuang_v4/extracted/data/loan_0787/face_signing.jpg,loan_0787/face_signing.jpg,135717,1024,1024,ok,,train,face_signing,0.9987979
loan_0788,face_signing,/workspace/jinchuang_v4/extracted/data/loan_0788/face_signing.jpg,loan_0788/face_signing.jpg,145306,1024,1024,ok,,train,face_signing,0.9985788
loan_0789,face_signing,/workspace/jinchuang_v4/extracted/data/loan_0789/face_signing.jpg,loan_0789/face_signing.jpg,137223,1024,1024,ok,,test,face_signing,0.9977731
loan_079,face_signing,/workspace/jinchuang_v4/extracted/data/loan_079/face_signing.jpg,loan_079/face_signing.jpg,122905,1024,1024,ok,,train,face_signing,0.9975821
loan_0790,face_signing,/workspace/jinchuang_v4/extracted/data/loan_0790/face_signing.jpg,loan_0790/face_signing.jpg,134146,1024,1024,ok,,train,face_signing,0.99846375
loan_0791,face_signing,/workspace/jinchuang_v4/extracted/data/loan_0791/face_signing.jpg,loan_0791/face_signing.jpg,128571,1024,1024,ok,,test,face_signing,0.998293
loan_0792,face_signing,/workspace/jinchuang_v4/extracted/data/loan_0792/face_signing.jpg,loan_0792/face_signing.jpg,130532,1024,1024,ok,,train,face_signing,0.9986987
loan_0793,face_signing,/workspace/jinchuang_v4/extracted/data/loan_0793/face_signing.jpg,loan_0793/face_signing.jpg,252760,1254,1254,ok,,train,face_signing,0.998679
loan_0794,face_signing,/workspace/jinchuang_v4/extracted/data/loan_0794/face_signing.jpg,loan_0794/face_signing.jpg,146080,1024,1024,ok,,train,face_signing,0.9983429
loan_0795,face_signing,/workspace/jinchuang_v4/extracted/data/loan_0795/face_signing.jpg,loan_0795/face_signing.jpg,128312,1024,1024,ok,,train,face_signing,0.99761057
loan_0796,face_signing,/workspace/jinchuang_v4/extracted/data/loan_0796/face_signing.jpg,loan_0796/face_signing.jpg,145302,1024,1024,ok,,train,face_signing,0.99844736
loan_0797,face_signing,/workspace/jinchuang_v4/extracted/data/loan_0797/face_signing.jpg,loan_0797/face_signing.jpg,132686,1024,1024,ok,,train,face_signing,0.99880207
loan_0798,face_signing,/workspace/jinchuang_v4/extracted/data/loan_0798/face_signing.jpg,loan_0798/face_signing.jpg,127807,1024,1024,ok,,train,face_signing,0.9982299
loan_0799,face_signing,/workspace/jinchuang_v4/extracted/data/loan_0799/face_signing.jpg,loan_0799/face_signing.jpg,130813,1024,1024,ok,,val,face_signing,0.9989039
loan_080,face_signing,/workspace/jinchuang_v4/extracted/data/loan_080/face_signing.jpg,loan_080/face_signing.jpg,127480,1024,1024,ok,,train,face_signing,0.9962431
loan_0800,face_signing,/workspace/jinchuang_v4/extracted/data/loan_0800/face_signing.jpg,loan_0800/face_signing.jpg,152153,1024,1024,ok,,train,face_signing,0.99855953
loan_0801,face_signing,/workspace/jinchuang_v4/extracted/data/loan_0801/face_signing.jpg,loan_0801/face_signing.jpg,141459,1024,1024,ok,,test,face_signing,0.9982268
loan_0802,face_signing,/workspace/jinchuang_v4/extracted/data/loan_0802/face_signing.jpg,loan_0802/face_signing.jpg,137913,1024,1024,ok,,train,face_signing,0.9980247
loan_0803,face_signing,/workspace/jinchuang_v4/extracted/data/loan_0803/face_signing.jpg,loan_0803/face_signing.jpg,136431,1024,1024,ok,,train,face_signing,0.99878925
loan_0804,face_signing,/workspace/jinchuang_v4/extracted/data/loan_0804/face_signing.jpg,loan_0804/face_signing.jpg,138099,1024,1024,ok,,train,face_signing,0.99843985
loan_0805,face_signing,/workspace/jinchuang_v4/extracted/data/loan_0805/face_signing.jpg,loan_0805/face_signing.jpg,277464,1254,1254,ok,,train,face_signing,0.99842155
loan_0806,face_signing,/workspace/jinchuang_v4/extracted/data/loan_0806/face_signing.jpg,loan_0806/face_signing.jpg,148520,1024,1024,ok,,train,face_signing,0.99872464
loan_0807,face_signing,/workspace/jinchuang_v4/extracted/data/loan_0807/face_signing.jpg,loan_0807/face_signing.jpg,142249,1024,1024,ok,,train,face_signing,0.99884725
loan_0808,face_signing,/workspace/jinchuang_v4/extracted/data/loan_0808/face_signing.jpg,loan_0808/face_signing.jpg,119687,1024,1024,ok,,train,face_signing,0.9989133
loan_0809,face_signing,/workspace/jinchuang_v4/extracted/data/loan_0809/face_signing.jpg,loan_0809/face_signing.jpg,135095,1024,1024,ok,,train,face_signing,0.9983563
loan_081,face_signing,/workspace/jinchuang_v4/extracted/data/loan_081/face_signing.jpg,loan_081/face_signing.jpg,136193,1024,1024,ok,,train,face_signing,0.9958028
loan_0810,face_signing,/workspace/jinchuang_v4/extracted/data/loan_0810/face_signing.jpg,loan_0810/face_signing.jpg,272280,1254,1254,ok,,train,face_signing,0.9985588
loan_0811,face_signing,/workspace/jinchuang_v4/extracted/data/loan_0811/face_signing.jpg,loan_0811/face_signing.jpg,128377,1024,1024,ok,,train,face_signing,0.9990767
loan_0812,face_signing,/workspace/jinchuang_v4/extracted/data/loan_0812/face_signing.jpg,loan_0812/face_signing.jpg,147916,1024,1024,ok,,train,face_signing,0.9982179
loan_0813,face_signing,/workspace/jinchuang_v4/extracted/data/loan_0813/face_signing.jpg,loan_0813/face_signing.jpg,126889,1024,1024,ok,,train,face_signing,0.99871445
loan_0814,face_signing,/workspace/jinchuang_v4/extracted/data/loan_0814/face_signing.jpg,loan_0814/face_signing.jpg,154076,1024,1024,ok,,train,face_signing,0.9967038
loan_0815,face_signing,/workspace/jinchuang_v4/extracted/data/loan_0815/face_signing.jpg,loan_0815/face_signing.jpg,318590,1254,1254,ok,,train,face_signing,0.99849653
loan_0816,face_signing,/workspace/jinchuang_v4/extracted/data/loan_0816/face_signing.jpg,loan_0816/face_signing.jpg,126607,1024,1024,ok,,train,face_signing,0.99929607
loan_0817,face_signing,/workspace/jinchuang_v4/extracted/data/loan_0817/face_signing.jpg,loan_0817/face_signing.jpg,142035,1024,1024,ok,,train,face_signing,0.9975273
loan_0818,face_signing,/workspace/jinchuang_v4/extracted/data/loan_0818/face_signing.jpg,loan_0818/face_signing.jpg,129157,1024,1024,ok,,val,face_signing,0.9989574
loan_0819,face_signing,/workspace/jinchuang_v4/extracted/data/loan_0819/face_signing.jpg,loan_0819/face_signing.jpg,267562,1254,1254,ok,,val,face_signing,0.9986193
loan_082,face_signing,/workspace/jinchuang_v4/extracted/data/loan_082/face_signing.jpg,loan_082/face_signing.jpg,111586,1024,1024,ok,,train,face_signing,0.99845886
loan_0820,face_signing,/workspace/jinchuang_v4/extracted/data/loan_0820/face_signing.jpg,loan_0820/face_signing.jpg,136990,1024,1024,ok,,test,face_signing,0.99871004
loan_0821,face_signing,/workspace/jinchuang_v4/extracted/data/loan_0821/face_signing.jpg,loan_0821/face_signing.jpg,134003,1024,1024,ok,,train,face_signing,0.99896955
loan_0822,face_signing,/workspace/jinchuang_v4/extracted/data/loan_0822/face_signing.jpg,loan_0822/face_signing.jpg,136846,1024,1024,ok,,train,face_signing,0.99885356
loan_0823,face_signing,/workspace/jinchuang_v4/extracted/data/loan_0823/face_signing.jpg,loan_0823/face_signing.jpg,123022,1024,1024,ok,,train,face_signing,0.9983242
loan_0824,face_signing,/workspace/jinchuang_v4/extracted/data/loan_0824/face_signing.jpg,loan_0824/face_signing.jpg,136106,1024,1024,ok,,test,face_signing,0.99872357
loan_0825,face_signing,/workspace/jinchuang_v4/extracted/data/loan_0825/face_signing.jpg,loan_0825/face_signing.jpg,129721,1024,1024,ok,,val,face_signing,0.9989982
loan_0826,face_signing,/workspace/jinchuang_v4/extracted/data/loan_0826/face_signing.jpg,loan_0826/face_signing.jpg,131492,1024,1024,ok,,train,face_signing,0.9983748
loan_0827,face_signing,/workspace/jinchuang_v4/extracted/data/loan_0827/face_signing.jpg,loan_0827/face_signing.jpg,129345,1024,1024,ok,,train,face_signing,0.9986254
loan_0828,face_signing,/workspace/jinchuang_v4/extracted/data/loan_0828/face_signing.jpg,loan_0828/face_signing.jpg,129034,1024,1024,ok,,train,face_signing,0.9985172
loan_0829,face_signing,/workspace/jinchuang_v4/extracted/data/loan_0829/face_signing.jpg,loan_0829/face_signing.jpg,139584,1024,1024,ok,,train,face_signing,0.998719
loan_083,face_signing,/workspace/jinchuang_v4/extracted/data/loan_083/face_signing.jpg,loan_083/face_signing.jpg,124526,1024,1024,ok,,train,face_signing,0.99753225
loan_0830,face_signing,/workspace/jinchuang_v4/extracted/data/loan_0830/face_signing.jpg,loan_0830/face_signing.jpg,145823,1024,1024,ok,,val,face_signing,0.99918014
loan_0831,face_signing,/workspace/jinchuang_v4/extracted/data/loan_0831/face_signing.jpg,loan_0831/face_signing.jpg,147156,1024,1024,ok,,train,face_signing,0.99838805
loan_0832,face_signing,/workspace/jinchuang_v4/extracted/data/loan_0832/face_signing.jpg,loan_0832/face_signing.jpg,124197,1024,1024,ok,,train,face_signing,0.998524
loan_0833,face_signing,/workspace/jinchuang_v4/extracted/data/loan_0833/face_signing.jpg,loan_0833/face_signing.jpg,255543,1254,1254,ok,,train,face_signing,0.9986211
loan_0834,face_signing,/workspace/jinchuang_v4/extracted/data/loan_0834/face_signing.jpg,loan_0834/face_signing.jpg,131926,1024,1024,ok,,val,face_signing,0.9982697
loan_0835,face_signing,/workspace/jinchuang_v4/extracted/data/loan_0835/face_signing.jpg,loan_0835/face_signing.jpg,264381,1254,1254,ok,,train,face_signing,0.99878246
loan_0836,face_signing,/workspace/jinchuang_v4/extracted/data/loan_0836/face_signing.jpg,loan_0836/face_signing.jpg,128386,1024,1024,ok,,train,face_signing,0.9980751
loan_0837,face_signing,/workspace/jinchuang_v4/extracted/data/loan_0837/face_signing.jpg,loan_0837/face_signing.jpg,125904,1024,1024,ok,,val,face_signing,0.9979367
loan_0838,face_signing,/workspace/jinchuang_v4/extracted/data/loan_0838/face_signing.jpg,loan_0838/face_signing.jpg,145712,1024,1024,ok,,val,face_signing,0.9986902
loan_0839,face_signing,/workspace/jinchuang_v4/extracted/data/loan_0839/face_signing.jpg,loan_0839/face_signing.jpg,133225,1024,1024,ok,,test,face_signing,0.99919266
loan_084,face_signing,/workspace/jinchuang_v4/extracted/data/loan_084/face_signing.jpg,loan_084/face_signing.jpg,128368,1024,1024,ok,,train,face_signing,0.99724907
loan_0840,face_signing,/workspace/jinchuang_v4/extracted/data/loan_0840/face_signing.jpg,loan_0840/face_signing.jpg,122946,1024,1024,ok,,train,face_signing,0.9989768
loan_0841,face_signing,/workspace/jinchuang_v4/extracted/data/loan_0841/face_signing.jpg,loan_0841/face_signing.jpg,123843,1024,1024,ok,,train,face_signing,0.99871504
loan_0842,face_signing,/workspace/jinchuang_v4/extracted/data/loan_0842/face_signing.jpg,loan_0842/face_signing.jpg,130460,1024,1024,ok,,train,face_signing,0.99850404
loan_0843,face_signing,/workspace/jinchuang_v4/extracted/data/loan_0843/face_signing.jpg,loan_0843/face_signing.jpg,129757,1024,1024,ok,,train,face_signing,0.9987153
loan_0844,face_signing,/workspace/jinchuang_v4/extracted/data/loan_0844/face_signing.jpg,loan_0844/face_signing.jpg,144814,1024,1024,ok,,train,face_signing,0.99866414
loan_0845,face_signing,/workspace/jinchuang_v4/extracted/data/loan_0845/face_signing.jpg,loan_0845/face_signing.jpg,292324,1254,1254,ok,,test,face_signing,0.9988716
loan_0846,face_signing,/workspace/jinchuang_v4/extracted/data/loan_0846/face_signing.jpg,loan_0846/face_signing.jpg,136660,1024,1024,ok,,test,face_signing,0.9983714
loan_0847,face_signing,/workspace/jinchuang_v4/extracted/data/loan_0847/face_signing.jpg,loan_0847/face_signing.jpg,362415,1254,1254,ok,,train,face_signing,0.9982167
loan_0848,face_signing,/workspace/jinchuang_v4/extracted/data/loan_0848/face_signing.jpg,loan_0848/face_signing.jpg,138021,1024,1024,ok,,test,face_signing,0.99858993
loan_0849,face_signing,/workspace/jinchuang_v4/extracted/data/loan_0849/face_signing.jpg,loan_0849/face_signing.jpg,140750,1024,1024,ok,,train,face_signing,0.99908674
loan_085,face_signing,/workspace/jinchuang_v4/extracted/data/loan_085/face_signing.jpg,loan_085/face_signing.jpg,134033,1024,1024,ok,,train,face_signing,0.9974011
loan_0850,face_signing,/workspace/jinchuang_v4/extracted/data/loan_0850/face_signing.jpg,loan_0850/face_signing.jpg,137722,1024,1024,ok,,train,face_signing,0.9987184
loan_0851,face_signing,/workspace/jinchuang_v4/extracted/data/loan_0851/face_signing.jpg,loan_0851/face_signing.jpg,142867,1024,1024,ok,,train,face_signing,0.99875724
loan_0852,face_signing,/workspace/jinchuang_v4/extracted/data/loan_0852/face_signing.jpg,loan_0852/face_signing.jpg,258740,1254,1254,ok,,val,face_signing,0.9981469
loan_0853,face_signing,/workspace/jinchuang_v4/extracted/data/loan_0853/face_signing.jpg,loan_0853/face_signing.jpg,249437,1254,1254,ok,,train,face_signing,0.9982222
loan_0854,face_signing,/workspace/jinchuang_v4/extracted/data/loan_0854/face_signing.jpg,loan_0854/face_signing.jpg,139833,1024,1024,ok,,val,face_signing,0.99850935
loan_0855,face_signing,/workspace/jinchuang_v4/extracted/data/loan_0855/face_signing.jpg,loan_0855/face_signing.jpg,135729,1024,1024,ok,,test,face_signing,0.99891305
loan_0856,face_signing,/workspace/jinchuang_v4/extracted/data/loan_0856/face_signing.jpg,loan_0856/face_signing.jpg,141131,1024,1024,ok,,train,face_signing,0.99702495
loan_0857,face_signing,/workspace/jinchuang_v4/extracted/data/loan_0857/face_signing.jpg,loan_0857/face_signing.jpg,108004,1024,1024,ok,,test,face_signing,0.9993413
loan_0858,face_signing,/workspace/jinchuang_v4/extracted/data/loan_0858/face_signing.jpg,loan_0858/face_signing.jpg,136917,1024,1024,ok,,test,face_signing,0.9990569
loan_0859,face_signing,/workspace/jinchuang_v4/extracted/data/loan_0859/face_signing.jpg,loan_0859/face_signing.jpg,106867,1024,1024,ok,,train,face_signing,0.99903107
loan_086,face_signing,/workspace/jinchuang_v4/extracted/data/loan_086/face_signing.jpg,loan_086/face_signing.jpg,113366,1024,1024,ok,,train,face_signing,0.9987864
loan_0860,face_signing,/workspace/jinchuang_v4/extracted/data/loan_0860/face_signing.jpg,loan_0860/face_signing.jpg,381721,1254,1254,ok,,train,face_signing,0.9977696
loan_0861,face_signing,/workspace/jinchuang_v4/extracted/data/loan_0861/face_signing.jpg,loan_0861/face_signing.jpg,122905,1024,1024,ok,,val,face_signing,0.9975821
loan_0862,face_signing,/workspace/jinchuang_v4/extracted/data/loan_0862/face_signing.jpg,loan_0862/face_signing.jpg,127480,1024,1024,ok,,test,face_signing,0.9962431
loan_0863,face_signing,/workspace/jinchuang_v4/extracted/data/loan_0863/face_signing.jpg,loan_0863/face_signing.jpg,136193,1024,1024,ok,,test,face_signing,0.9958028
loan_0864,face_signing,/workspace/jinchuang_v4/extracted/data/loan_0864/face_signing.jpg,loan_0864/face_signing.jpg,111586,1024,1024,ok,,train,face_signing,0.99845886
loan_0865,face_signing,/workspace/jinchuang_v4/extracted/data/loan_0865/face_signing.jpg,loan_0865/face_signing.jpg,124526,1024,1024,ok,,test,face_signing,0.99753225
loan_0866,face_signing,/workspace/jinchuang_v4/extracted/data/loan_0866/face_signing.jpg,loan_0866/face_signing.jpg,128368,1024,1024,ok,,train,face_signing,0.99724907
loan_0867,face_signing,/workspace/jinchuang_v4/extracted/data/loan_0867/face_signing.jpg,loan_0867/face_signing.jpg,134033,1024,1024,ok,,train,face_signing,0.9974011
loan_0868,face_signing,/workspace/jinchuang_v4/extracted/data/loan_0868/face_signing.jpg,loan_0868/face_signing.jpg,113366,1024,1024,ok,,train,face_signing,0.9987864
loan_0869,face_signing,/workspace/jinchuang_v4/extracted/data/loan_0869/face_signing.jpg,loan_0869/face_signing.jpg,110197,1024,1024,ok,,train,face_signing,0.9973984
loan_087,face_signing,/workspace/jinchuang_v4/extracted/data/loan_087/face_signing.jpg,loan_087/face_signing.jpg,110197,1024,1024,ok,,train,face_signing,0.9973984
loan_0870,face_signing,/workspace/jinchuang_v4/extracted/data/loan_0870/face_signing.jpg,loan_0870/face_signing.jpg,129058,1024,1024,ok,,test,face_signing,0.997894
loan_0871,face_signing,/workspace/jinchuang_v4/extracted/data/loan_0871/face_signing.jpg,loan_0871/face_signing.jpg,108948,1024,1024,ok,,train,face_signing,0.99829584
loan_0872,face_signing,/workspace/jinchuang_v4/extracted/data/loan_0872/face_signing.jpg,loan_0872/face_signing.jpg,137020,1024,1024,ok,,train,face_signing,0.99896824
loan_0873,face_signing,/workspace/jinchuang_v4/extracted/data/loan_0873/face_signing.jpg,loan_0873/face_signing.jpg,103370,1024,1024,ok,,train,face_signing,0.99929917
loan_0874,face_signing,/workspace/jinchuang_v4/extracted/data/loan_0874/face_signing.jpg,loan_0874/face_signing.jpg,380850,1254,1254,ok,,test,face_signing,0.99746895
loan_0875,face_signing,/workspace/jinchuang_v4/extracted/data/loan_0875/face_signing.jpg,loan_0875/face_signing.jpg,112421,1024,1024,ok,,test,face_signing,0.9990798
loan_0876,face_signing,/workspace/jinchuang_v4/extracted/data/loan_0876/face_signing.jpg,loan_0876/face_signing.jpg,137704,1024,1024,ok,,train,face_signing,0.99880064
loan_0877,face_signing,/workspace/jinchuang_v4/extracted/data/loan_0877/face_signing.jpg,loan_0877/face_signing.jpg,147599,1024,1024,ok,,train,face_signing,0.99848515
loan_0878,face_signing,/workspace/jinchuang_v4/extracted/data/loan_0878/face_signing.jpg,loan_0878/face_signing.jpg,339644,1254,1254,ok,,test,face_signing,0.99661344
loan_0879,face_signing,/workspace/jinchuang_v4/extracted/data/loan_0879/face_signing.jpg,loan_0879/face_signing.jpg,367249,1254,1254,ok,,val,face_signing,0.9972173
loan_088,face_signing,/workspace/jinchuang_v4/extracted/data/loan_088/face_signing.jpg,loan_088/face_signing.jpg,129058,1024,1024,ok,,train,face_signing,0.997894
loan_0880,face_signing,/workspace/jinchuang_v4/extracted/data/loan_0880/face_signing.jpg,loan_0880/face_signing.jpg,398746,1254,1254,ok,,train,face_signing,0.9978848
loan_0881,face_signing,/workspace/jinchuang_v4/extracted/data/loan_0881/face_signing.jpg,loan_0881/face_signing.jpg,113889,1024,1024,ok,,train,face_signing,0.9947685
loan_0882,face_signing,/workspace/jinchuang_v4/extracted/data/loan_0882/face_signing.jpg,loan_0882/face_signing.jpg,120894,1024,1024,ok,,test,face_signing,0.9988555
loan_0883,face_signing,/workspace/jinchuang_v4/extracted/data/loan_0883/face_signing.jpg,loan_0883/face_signing.jpg,90456,1024,1024,ok,,train,face_signing,0.9839219
loan_0884,face_signing,/workspace/jinchuang_v4/extracted/data/loan_0884/face_signing.jpg,loan_0884/face_signing.jpg,84744,1024,1024,ok,,test,face_signing,0.9952366
loan_0885,face_signing,/workspace/jinchuang_v4/extracted/data/loan_0885/face_signing.jpg,loan_0885/face_signing.jpg,85487,1024,1024,ok,,train,face_signing,0.99302167
loan_0886,face_signing,/workspace/jinchuang_v4/extracted/data/loan_0886/face_signing.jpg,loan_0886/face_signing.jpg,108877,1024,1024,ok,,train,face_signing,0.99539703
loan_0887,face_signing,/workspace/jinchuang_v4/extracted/data/loan_0887/face_signing.jpg,loan_0887/face_signing.jpg,90680,1024,1024,ok,,val,face_signing,0.99637395
loan_0888,face_signing,/workspace/jinchuang_v4/extracted/data/loan_0888/face_signing.jpg,loan_0888/face_signing.jpg,98419,1024,1024,ok,,train,face_signing,0.9938717
loan_0889,face_signing,/workspace/jinchuang_v4/extracted/data/loan_0889/face_signing.jpg,loan_0889/face_signing.jpg,102855,1024,1024,ok,,test,face_signing,0.9902056
loan_089,face_signing,/workspace/jinchuang_v4/extracted/data/loan_089/face_signing.jpg,loan_089/face_signing.jpg,108948,1024,1024,ok,,train,face_signing,0.99829584
loan_0890,face_signing,/workspace/jinchuang_v4/extracted/data/loan_0890/face_signing.jpg,loan_0890/face_signing.jpg,118395,1024,1024,ok,,train,face_signing,0.9984366
loan_0891,face_signing,/workspace/jinchuang_v4/extracted/data/loan_0891/face_signing.jpg,loan_0891/face_signing.jpg,127946,1024,1024,ok,,train,face_signing,0.9979353
loan_0892,face_signing,/workspace/jinchuang_v4/extracted/data/loan_0892/face_signing.jpg,loan_0892/face_signing.jpg,136692,1024,1024,ok,,train,face_signing,0.99863064
loan_0893,face_signing,/workspace/jinchuang_v4/extracted/data/loan_0893/face_signing.jpg,loan_0893/face_signing.jpg,103122,1024,1024,ok,,train,face_signing,0.9987974
loan_0894,face_signing,/workspace/jinchuang_v4/extracted/data/loan_0894/face_signing.jpg,loan_0894/face_signing.jpg,129917,1024,1024,ok,,val,face_signing,0.99834645
loan_0895,face_signing,/workspace/jinchuang_v4/extracted/data/loan_0895/face_signing.jpg,loan_0895/face_signing.jpg,386915,1254,1254,ok,,train,face_signing,0.998531
loan_0896,face_signing,/workspace/jinchuang_v4/extracted/data/loan_0896/face_signing.jpg,loan_0896/face_signing.jpg,355818,1254,1254,ok,,train,face_signing,0.99805814
loan_0897,face_signing,/workspace/jinchuang_v4/extracted/data/loan_0897/face_signing.jpg,loan_0897/face_signing.jpg,135146,1024,1024,ok,,train,face_signing,0.9945304
loan_0898,face_signing,/workspace/jinchuang_v4/extracted/data/loan_0898/face_signing.jpg,loan_0898/face_signing.jpg,125485,1024,1024,ok,,train,face_signing,0.9981736
loan_0899,face_signing,/workspace/jinchuang_v4/extracted/data/loan_0899/face_signing.jpg,loan_0899/face_signing.jpg,146635,1024,1024,ok,,train,face_signing,0.9969932
loan_090,face_signing,/workspace/jinchuang_v4/extracted/data/loan_090/face_signing.jpg,loan_090/face_signing.jpg,137020,1024,1024,ok,,train,face_signing,0.99896824
loan_0900,face_signing,/workspace/jinchuang_v4/extracted/data/loan_0900/face_signing.jpg,loan_0900/face_signing.jpg,124296,1024,1024,ok,,train,face_signing,0.99789524
loan_0901,face_signing,/workspace/jinchuang_v4/extracted/data/loan_0901/face_signing.jpg,loan_0901/face_signing.jpg,130505,1024,1024,ok,,val,face_signing,0.99843925
loan_0902,face_signing,/workspace/jinchuang_v4/extracted/data/loan_0902/face_signing.jpg,loan_0902/face_signing.jpg,118984,1024,1024,ok,,train,face_signing,0.99433196
loan_0903,face_signing,/workspace/jinchuang_v4/extracted/data/loan_0903/face_signing.jpg,loan_0903/face_signing.jpg,121350,1024,1024,ok,,train,face_signing,0.9982495
loan_0904,face_signing,/workspace/jinchuang_v4/extracted/data/loan_0904/face_signing.jpg,loan_0904/face_signing.jpg,105896,1024,1024,ok,,train,face_signing,0.9971239
loan_0905,face_signing,/workspace/jinchuang_v4/extracted/data/loan_0905/face_signing.jpg,loan_0905/face_signing.jpg,130422,1024,1024,ok,,train,face_signing,0.99808455
loan_0906,face_signing,/workspace/jinchuang_v4/extracted/data/loan_0906/face_signing.jpg,loan_0906/face_signing.jpg,110578,1024,1024,ok,,test,face_signing,0.99918586
loan_0907,face_signing,/workspace/jinchuang_v4/extracted/data/loan_0907/face_signing.jpg,loan_0907/face_signing.jpg,119922,1024,1024,ok,,train,face_signing,0.9984303
loan_0908,face_signing,/workspace/jinchuang_v4/extracted/data/loan_0908/face_signing.jpg,loan_0908/face_signing.jpg,104782,1024,1024,ok,,train,face_signing,0.99662775
loan_0909,face_signing,/workspace/jinchuang_v4/extracted/data/loan_0909/face_signing.jpg,loan_0909/face_signing.jpg,124366,1024,1024,ok,,train,face_signing,0.9983975
loan_091,face_signing,/workspace/jinchuang_v4/extracted/data/loan_091/face_signing.jpg,loan_091/face_signing.jpg,103370,1024,1024,ok,,train,face_signing,0.99929917
loan_0910,face_signing,/workspace/jinchuang_v4/extracted/data/loan_0910/face_signing.jpg,loan_0910/face_signing.jpg,121650,1024,1024,ok,,train,face_signing,0.9984647
loan_0911,face_signing,/workspace/jinchuang_v4/extracted/data/loan_0911/face_signing.jpg,loan_0911/face_signing.jpg,125361,1024,1024,ok,,train,face_signing,0.99926573
loan_0912,face_signing,/workspace/jinchuang_v4/extracted/data/loan_0912/face_signing.jpg,loan_0912/face_signing.jpg,366411,1254,1254,ok,,train,face_signing,0.9981014
loan_0913,face_signing,/workspace/jinchuang_v4/extracted/data/loan_0913/face_signing.jpg,loan_0913/face_signing.jpg,354892,1254,1254,ok,,train,face_signing,0.99755484
loan_0914,face_signing,/workspace/jinchuang_v4/extracted/data/loan_0914/face_signing.jpg,loan_0914/face_signing.jpg,140446,1024,1024,ok,,train,face_signing,0.99869823
loan_0915,face_signing,/workspace/jinchuang_v4/extracted/data/loan_0915/face_signing.jpg,loan_0915/face_signing.jpg,343111,1254,1254,ok,,train,face_signing,0.99741143
loan_0916,face_signing,/workspace/jinchuang_v4/extracted/data/loan_0916/face_signing.jpg,loan_0916/face_signing.jpg,344340,1254,1254,ok,,val,face_signing,0.9976827
loan_0917,face_signing,/workspace/jinchuang_v4/extracted/data/loan_0917/face_signing.jpg,loan_0917/face_signing.jpg,144418,1024,1024,ok,,val,face_signing,0.99748945
loan_0918,face_signing,/workspace/jinchuang_v4/extracted/data/loan_0918/face_signing.jpg,loan_0918/face_signing.jpg,132905,1024,1024,ok,,train,face_signing,0.9991698
loan_0919,face_signing,/workspace/jinchuang_v4/extracted/data/loan_0919/face_signing.jpg,loan_0919/face_signing.jpg,123517,1024,1024,ok,,train,face_signing,0.9988776
loan_092,face_signing,/workspace/jinchuang_v4/extracted/data/loan_092/face_signing.jpg,loan_092/face_signing.jpg,380850,1254,1254,ok,,train,face_signing,0.99746895
loan_0920,face_signing,/workspace/jinchuang_v4/extracted/data/loan_0920/face_signing.jpg,loan_0920/face_signing.jpg,157288,1024,1024,ok,,train,face_signing,0.99900395
loan_0921,face_signing,/workspace/jinchuang_v4/extracted/data/loan_0921/face_signing.jpg,loan_0921/face_signing.jpg,127420,1024,1024,ok,,val,face_signing,0.9989221
loan_0922,face_signing,/workspace/jinchuang_v4/extracted/data/loan_0922/face_signing.jpg,loan_0922/face_signing.jpg,127987,1024,1024,ok,,train,face_signing,0.99916625
loan_0923,face_signing,/workspace/jinchuang_v4/extracted/data/loan_0923/face_signing.jpg,loan_0923/face_signing.jpg,127568,1024,1024,ok,,train,face_signing,0.9981517
loan_0924,face_signing,/workspace/jinchuang_v4/extracted/data/loan_0924/face_signing.jpg,loan_0924/face_signing.jpg,340634,1254,1254,ok,,val,face_signing,0.9977437
loan_0925,face_signing,/workspace/jinchuang_v4/extracted/data/loan_0925/face_signing.jpg,loan_0925/face_signing.jpg,124678,1024,1024,ok,,val,face_signing,0.9970298
loan_0926,face_signing,/workspace/jinchuang_v4/extracted/data/loan_0926/face_signing.jpg,loan_0926/face_signing.jpg,134696,1024,1024,ok,,train,face_signing,0.99395144
loan_0927,face_signing,/workspace/jinchuang_v4/extracted/data/loan_0927/face_signing.jpg,loan_0927/face_signing.jpg,142603,1024,1024,ok,,train,face_signing,0.9982022
loan_0928,face_signing,/workspace/jinchuang_v4/extracted/data/loan_0928/face_signing.jpg,loan_0928/face_signing.jpg,135387,1024,1024,ok,,train,face_signing,0.9982236
loan_0929,face_signing,/workspace/jinchuang_v4/extracted/data/loan_0929/face_signing.jpg,loan_0929/face_signing.jpg,108955,1024,1024,ok,,test,face_signing,0.99590945
loan_093,face_signing,/workspace/jinchuang_v4/extracted/data/loan_093/face_signing.jpg,loan_093/face_signing.jpg,112421,1024,1024,ok,,train,face_signing,0.9990798
loan_0930,face_signing,/workspace/jinchuang_v4/extracted/data/loan_0930/face_signing.jpg,loan_0930/face_signing.jpg,134650,1024,1024,ok,,train,face_signing,0.9974214
loan_0931,face_signing,/workspace/jinchuang_v4/extracted/data/loan_0931/face_signing.jpg,loan_0931/face_signing.jpg,151120,1024,1024,ok,,train,face_signing,0.9953295
loan_0932,face_signing,/workspace/jinchuang_v4/extracted/data/loan_0932/face_signing.jpg,loan_0932/face_signing.jpg,114954,1024,1024,ok,,train,face_signing,0.99870896
loan_0933,face_signing,/workspace/jinchuang_v4/extracted/data/loan_0933/face_signing.jpg,loan_0933/face_signing.jpg,152745,1024,1024,ok,,train,face_signing,0.99893063
loan_0934,face_signing,/workspace/jinchuang_v4/extracted/data/loan_0934/face_signing.jpg,loan_0934/face_signing.jpg,177747,1024,1024,ok,,test,face_signing,0.9977799
loan_0935,face_signing,/workspace/jinchuang_v4/extracted/data/loan_0935/face_signing.jpg,loan_0935/face_signing.jpg,147111,1024,1024,ok,,train,face_signing,0.9980014
loan_0936,face_signing,/workspace/jinchuang_v4/extracted/data/loan_0936/face_signing.jpg,loan_0936/face_signing.jpg,321709,1254,1254,ok,,train,face_signing,0.9976191
loan_0937,face_signing,/workspace/jinchuang_v4/extracted/data/loan_0937/face_signing.jpg,loan_0937/face_signing.jpg,120418,1024,1024,ok,,test,face_signing,0.99851125
loan_0938,face_signing,/workspace/jinchuang_v4/extracted/data/loan_0938/face_signing.jpg,loan_0938/face_signing.jpg,132230,1024,1024,ok,,train,face_signing,0.99851173
loan_0939,face_signing,/workspace/jinchuang_v4/extracted/data/loan_0939/face_signing.jpg,loan_0939/face_signing.jpg,115344,1024,1024,ok,,train,face_signing,0.9982284
loan_094,face_signing,/workspace/jinchuang_v4/extracted/data/loan_094/face_signing.jpg,loan_094/face_signing.jpg,137704,1024,1024,ok,,train,face_signing,0.99880064
loan_0940,face_signing,/workspace/jinchuang_v4/extracted/data/loan_0940/face_signing.jpg,loan_0940/face_signing.jpg,147550,1024,1024,ok,,train,face_signing,0.99773574
loan_0941,face_signing,/workspace/jinchuang_v4/extracted/data/loan_0941/face_signing.jpg,loan_0941/face_signing.jpg,125188,1024,1024,ok,,train,face_signing,0.99905473
loan_0942,face_signing,/workspace/jinchuang_v4/extracted/data/loan_0942/face_signing.jpg,loan_0942/face_signing.jpg,350543,1254,1254,ok,,train,face_signing,0.9975993
loan_0943,face_signing,/workspace/jinchuang_v4/extracted/data/loan_0943/face_signing.jpg,loan_0943/face_signing.jpg,152143,1024,1024,ok,,train,face_signing,0.99861956
loan_0944,face_signing,/workspace/jinchuang_v4/extracted/data/loan_0944/face_signing.jpg,loan_0944/face_signing.jpg,122833,1024,1024,ok,,train,face_signing,0.9989097
loan_0945,face_signing,/workspace/jinchuang_v4/extracted/data/loan_0945/face_signing.jpg,loan_0945/face_signing.jpg,128461,1024,1024,ok,,train,face_signing,0.99890804
loan_0946,face_signing,/workspace/jinchuang_v4/extracted/data/loan_0946/face_signing.jpg,loan_0946/face_signing.jpg,113852,1024,1024,ok,,val,face_signing,0.9993457
loan_0947,face_signing,/workspace/jinchuang_v4/extracted/data/loan_0947/face_signing.jpg,loan_0947/face_signing.jpg,142495,1024,1024,ok,,train,face_signing,0.99831545
loan_0948,face_signing,/workspace/jinchuang_v4/extracted/data/loan_0948/face_signing.jpg,loan_0948/face_signing.jpg,144974,1024,1024,ok,,train,face_signing,0.9977986
loan_0949,face_signing,/workspace/jinchuang_v4/extracted/data/loan_0949/face_signing.jpg,loan_0949/face_signing.jpg,309289,1254,1254,ok,,train,face_signing,0.9966858
loan_095,face_signing,/workspace/jinchuang_v4/extracted/data/loan_095/face_signing.jpg,loan_095/face_signing.jpg,147599,1024,1024,ok,,train,face_signing,0.99848515
loan_0950,face_signing,/workspace/jinchuang_v4/extracted/data/loan_0950/face_signing.jpg,loan_0950/face_signing.jpg,116775,1024,1024,ok,,train,face_signing,0.998514
loan_0951,face_signing,/workspace/jinchuang_v4/extracted/data/loan_0951/face_signing.jpg,loan_0951/face_signing.jpg,145667,1024,1024,ok,,train,face_signing,0.9988746
loan_0952,face_signing,/workspace/jinchuang_v4/extracted/data/loan_0952/face_signing.jpg,loan_0952/face_signing.jpg,151428,1024,1024,ok,,test,face_signing,0.99863833
loan_0953,face_signing,/workspace/jinchuang_v4/extracted/data/loan_0953/face_signing.jpg,loan_0953/face_signing.jpg,161229,1024,1024,ok,,train,face_signing,0.99845636
loan_0954,face_signing,/workspace/jinchuang_v4/extracted/data/loan_0954/face_signing.jpg,loan_0954/face_signing.jpg,110692,1024,1024,ok,,train,face_signing,0.99599564
loan_0955,face_signing,/workspace/jinchuang_v4/extracted/data/loan_0955/face_signing.jpg,loan_0955/face_signing.jpg,151881,1024,1024,ok,,train,face_signing,0.9979513
loan_0956,face_signing,/workspace/jinchuang_v4/extracted/data/loan_0956/face_signing.jpg,loan_0956/face_signing.jpg,123294,1024,1024,ok,,val,face_signing,0.99825734
loan_0957,face_signing,/workspace/jinchuang_v4/extracted/data/loan_0957/face_signing.jpg,loan_0957/face_signing.jpg,185656,1024,1024,ok,,train,face_signing,0.99815744
loan_0958,face_signing,/workspace/jinchuang_v4/extracted/data/loan_0958/face_signing.jpg,loan_0958/face_signing.jpg,124764,1024,1024,ok,,train,face_signing,0.9988563
loan_0959,face_signing,/workspace/jinchuang_v4/extracted/data/loan_0959/face_signing.jpg,loan_0959/face_signing.jpg,116311,1024,1024,ok,,val,face_signing,0.99925786
loan_096,face_signing,/workspace/jinchuang_v4/extracted/data/loan_096/face_signing.jpg,loan_096/face_signing.jpg,339644,1254,1254,ok,,train,face_signing,0.99661344
loan_0960,face_signing,/workspace/jinchuang_v4/extracted/data/loan_0960/face_signing.jpg,loan_0960/face_signing.jpg,179346,1024,1024,ok,,train,face_signing,0.99898523
loan_0961,face_signing,/workspace/jinchuang_v4/extracted/data/loan_0961/face_signing.jpg,loan_0961/face_signing.jpg,134862,1024,1024,ok,,test,face_signing,0.9990042
loan_0962,face_signing,/workspace/jinchuang_v4/extracted/data/loan_0962/face_signing.jpg,loan_0962/face_signing.jpg,109968,1024,1024,ok,,train,face_signing,0.9986519
loan_0963,face_signing,/workspace/jinchuang_v4/extracted/data/loan_0963/face_signing.jpg,loan_0963/face_signing.jpg,140971,1024,1024,ok,,train,face_signing,0.9987301
loan_0964,face_signing,/workspace/jinchuang_v4/extracted/data/loan_0964/face_signing.jpg,loan_0964/face_signing.jpg,154931,1024,1024,ok,,train,face_signing,0.9987204
loan_0965,face_signing,/workspace/jinchuang_v4/extracted/data/loan_0965/face_signing.jpg,loan_0965/face_signing.jpg,119181,1024,1024,ok,,train,face_signing,0.9981799
loan_0966,face_signing,/workspace/jinchuang_v4/extracted/data/loan_0966/face_signing.jpg,loan_0966/face_signing.jpg,345827,1254,1254,ok,,train,face_signing,0.9969447
loan_0967,face_signing,/workspace/jinchuang_v4/extracted/data/loan_0967/face_signing.jpg,loan_0967/face_signing.jpg,152310,1024,1024,ok,,train,face_signing,0.99916625
loan_0968,face_signing,/workspace/jinchuang_v4/extracted/data/loan_0968/face_signing.jpg,loan_0968/face_signing.jpg,162879,1024,1024,ok,,train,face_signing,0.9958319
loan_0969,face_signing,/workspace/jinchuang_v4/extracted/data/loan_0969/face_signing.jpg,loan_0969/face_signing.jpg,114146,1024,1024,ok,,train,face_signing,0.99924904
loan_097,face_signing,/workspace/jinchuang_v4/extracted/data/loan_097/face_signing.jpg,loan_097/face_signing.jpg,367249,1254,1254,ok,,train,face_signing,0.9972173
loan_0970,face_signing,/workspace/jinchuang_v4/extracted/data/loan_0970/face_signing.jpg,loan_0970/face_signing.jpg,123255,1024,1024,ok,,train,face_signing,0.9988427
loan_0971,face_signing,/workspace/jinchuang_v4/extracted/data/loan_0971/face_signing.jpg,loan_0971/face_signing.jpg,350545,1254,1254,ok,,train,face_signing,0.9977518
loan_0972,face_signing,/workspace/jinchuang_v4/extracted/data/loan_0972/face_signing.jpg,loan_0972/face_signing.jpg,113109,1024,1024,ok,,train,face_signing,0.9993506
loan_0973,face_signing,/workspace/jinchuang_v4/extracted/data/loan_0973/face_signing.jpg,loan_0973/face_signing.jpg,159636,1024,1024,ok,,train,face_signing,0.99849296
loan_0974,face_signing,/workspace/jinchuang_v4/extracted/data/loan_0974/face_signing.jpg,loan_0974/face_signing.jpg,368996,1254,1254,ok,,train,face_signing,0.9981584
loan_0975,face_signing,/workspace/jinchuang_v4/extracted/data/loan_0975/face_signing.jpg,loan_0975/face_signing.jpg,133298,1024,1024,ok,,train,face_signing,0.99852055
loan_0976,face_signing,/workspace/jinchuang_v4/extracted/data/loan_0976/face_signing.jpg,loan_0976/face_signing.jpg,114765,1024,1024,ok,,test,face_signing,0.9985826
loan_0977,face_signing,/workspace/jinchuang_v4/extracted/data/loan_0977/face_signing.jpg,loan_0977/face_signing.jpg,143737,1024,1024,ok,,val,face_signing,0.99848217
loan_0978,face_signing,/workspace/jinchuang_v4/extracted/data/loan_0978/face_signing.jpg,loan_0978/face_signing.jpg,142712,1024,1024,ok,,test,face_signing,0.9985532
loan_0979,face_signing,/workspace/jinchuang_v4/extracted/data/loan_0979/face_signing.jpg,loan_0979/face_signing.jpg,141869,1024,1024,ok,,train,face_signing,0.99844617
loan_098,face_signing,/workspace/jinchuang_v4/extracted/data/loan_098/face_signing.jpg,loan_098/face_signing.jpg,398746,1254,1254,ok,,train,face_signing,0.9978848
loan_0980,face_signing,/workspace/jinchuang_v4/extracted/data/loan_0980/face_signing.jpg,loan_0980/face_signing.jpg,125270,1024,1024,ok,,val,face_signing,0.9978557
loan_0981,face_signing,/workspace/jinchuang_v4/extracted/data/loan_0981/face_signing.jpg,loan_0981/face_signing.jpg,136492,1024,1024,ok,,train,face_signing,0.9985935
loan_0982,face_signing,/workspace/jinchuang_v4/extracted/data/loan_0982/face_signing.jpg,loan_0982/face_signing.jpg,343881,1254,1254,ok,,test,face_signing,0.9980774
loan_0983,face_signing,/workspace/jinchuang_v4/extracted/data/loan_0983/face_signing.jpg,loan_0983/face_signing.jpg,129806,1024,1024,ok,,val,face_signing,0.998998
loan_0984,face_signing,/workspace/jinchuang_v4/extracted/data/loan_0984/face_signing.jpg,loan_0984/face_signing.jpg,317113,1254,1254,ok,,train,face_signing,0.99723583
loan_0985,face_signing,/workspace/jinchuang_v4/extracted/data/loan_0985/face_signing.jpg,loan_0985/face_signing.jpg,186929,1024,1024,ok,,test,face_signing,0.99898726
loan_0986,face_signing,/workspace/jinchuang_v4/extracted/data/loan_0986/face_signing.jpg,loan_0986/face_signing.jpg,118607,1024,1024,ok,,val,face_signing,0.99813014
loan_0987,face_signing,/workspace/jinchuang_v4/extracted/data/loan_0987/face_signing.jpg,loan_0987/face_signing.jpg,120710,1024,1024,ok,,train,face_signing,0.9983278
loan_0988,face_signing,/workspace/jinchuang_v4/extracted/data/loan_0988/face_signing.jpg,loan_0988/face_signing.jpg,356162,1254,1254,ok,,train,face_signing,0.9980792
loan_0989,face_signing,/workspace/jinchuang_v4/extracted/data/loan_0989/face_signing.jpg,loan_0989/face_signing.jpg,145868,1024,1024,ok,,val,face_signing,0.99903774
loan_099,face_signing,/workspace/jinchuang_v4/extracted/data/loan_099/face_signing.jpg,loan_099/face_signing.jpg,113889,1024,1024,ok,,train,face_signing,0.9947685
loan_0990,face_signing,/workspace/jinchuang_v4/extracted/data/loan_0990/face_signing.jpg,loan_0990/face_signing.jpg,181854,1024,1024,ok,,train,face_signing,0.9985066
loan_0991,face_signing,/workspace/jinchuang_v4/extracted/data/loan_0991/face_signing.jpg,loan_0991/face_signing.jpg,129171,1024,1024,ok,,train,face_signing,0.998723
loan_0992,face_signing,/workspace/jinchuang_v4/extracted/data/loan_0992/face_signing.jpg,loan_0992/face_signing.jpg,102767,1024,1024,ok,,val,face_signing,0.9982932
loan_0993,face_signing,/workspace/jinchuang_v4/extracted/data/loan_0993/face_signing.jpg,loan_0993/face_signing.jpg,334046,1254,1254,ok,,val,face_signing,0.99722594
loan_0994,face_signing,/workspace/jinchuang_v4/extracted/data/loan_0994/face_signing.jpg,loan_0994/face_signing.jpg,138270,1024,1024,ok,,train,face_signing,0.9991398
loan_0995,face_signing,/workspace/jinchuang_v4/extracted/data/loan_0995/face_signing.jpg,loan_0995/face_signing.jpg,110241,1024,1024,ok,,train,face_signing,0.99860626
loan_0996,face_signing,/workspace/jinchuang_v4/extracted/data/loan_0996/face_signing.jpg,loan_0996/face_signing.jpg,171171,1024,1024,ok,,train,face_signing,0.9985661
loan_0997,face_signing,/workspace/jinchuang_v4/extracted/data/loan_0997/face_signing.jpg,loan_0997/face_signing.jpg,150791,1024,1024,ok,,train,face_signing,0.9983034
loan_0998,face_signing,/workspace/jinchuang_v4/extracted/data/loan_0998/face_signing.jpg,loan_0998/face_signing.jpg,124918,1024,1024,ok,,train,face_signing,0.99861217
loan_0999,face_signing,/workspace/jinchuang_v4/extracted/data/loan_0999/face_signing.jpg,loan_0999/face_signing.jpg,134778,1024,1024,ok,,train,face_signing,0.99881375
loan_100,face_signing,/workspace/jinchuang_v4/extracted/data/loan_100/face_signing.jpg,loan_100/face_signing.jpg,120894,1024,1024,ok,,train,face_signing,0.9988555
loan_1000,face_signing,/workspace/jinchuang_v4/extracted/data/loan_1000/face_signing.jpg,loan_1000/face_signing.jpg,304485,1254,1254,ok,,train,face_signing,0.9972453
loan_1001,face_signing,/workspace/jinchuang_v4/extracted/data/loan_1001/face_signing.jpg,loan_1001/face_signing.jpg,325171,1254,1254,ok,,train,face_signing,0.9974004
loan_1002,face_signing,/workspace/jinchuang_v4/extracted/data/loan_1002/face_signing.jpg,loan_1002/face_signing.jpg,122705,1024,1024,ok,,train,face_signing,0.9984011
loan_1003,face_signing,/workspace/jinchuang_v4/extracted/data/loan_1003/face_signing.jpg,loan_1003/face_signing.jpg,150037,1024,1024,ok,,val,face_signing,0.99859506
loan_1004,face_signing,/workspace/jinchuang_v4/extracted/data/loan_1004/face_signing.jpg,loan_1004/face_signing.jpg,148647,1024,1024,ok,,train,face_signing,0.99879766
loan_1005,face_signing,/workspace/jinchuang_v4/extracted/data/loan_1005/face_signing.jpg,loan_1005/face_signing.jpg,126189,1024,1024,ok,,train,face_signing,0.99868697
loan_1006,face_signing,/workspace/jinchuang_v4/extracted/data/loan_1006/face_signing.jpg,loan_1006/face_signing.jpg,140305,1024,1024,ok,,val,face_signing,0.9988783
loan_1007,face_signing,/workspace/jinchuang_v4/extracted/data/loan_1007/face_signing.jpg,loan_1007/face_signing.jpg,150006,1024,1024,ok,,train,face_signing,0.99783546
loan_1008,face_signing,/workspace/jinchuang_v4/extracted/data/loan_1008/face_signing.jpg,loan_1008/face_signing.jpg,132917,1024,1024,ok,,val,face_signing,0.9990246
loan_1009,face_signing,/workspace/jinchuang_v4/extracted/data/loan_1009/face_signing.jpg,loan_1009/face_signing.jpg,141690,1024,1024,ok,,train,face_signing,0.9986993
loan_101,face_signing,/workspace/jinchuang_v4/extracted/data/loan_101/face_signing.jpg,loan_101/face_signing.jpg,90456,1024,1024,ok,,test,face_signing,0.9839219
loan_1010,face_signing,/workspace/jinchuang_v4/extracted/data/loan_1010/face_signing.jpg,loan_1010/face_signing.jpg,143128,1024,1024,ok,,val,face_signing,0.998749
loan_1011,face_signing,/workspace/jinchuang_v4/extracted/data/loan_1011/face_signing.jpg,loan_1011/face_signing.jpg,132791,1024,1024,ok,,val,face_signing,0.9990834
loan_1012,face_signing,/workspace/jinchuang_v4/extracted/data/loan_1012/face_signing.jpg,loan_1012/face_signing.jpg,133767,1024,1024,ok,,val,face_signing,0.99806803
loan_1013,face_signing,/workspace/jinchuang_v4/extracted/data/loan_1013/face_signing.jpg,loan_1013/face_signing.jpg,149454,1024,1024,ok,,train,face_signing,0.9986339
loan_1014,face_signing,/workspace/jinchuang_v4/extracted/data/loan_1014/face_signing.jpg,loan_1014/face_signing.jpg,331797,1254,1254,ok,,train,face_signing,0.9979504
loan_1015,face_signing,/workspace/jinchuang_v4/extracted/data/loan_1015/face_signing.jpg,loan_1015/face_signing.jpg,148694,1024,1024,ok,,train,face_signing,0.9987166
loan_1016,face_signing,/workspace/jinchuang_v4/extracted/data/loan_1016/face_signing.jpg,loan_1016/face_signing.jpg,137040,1024,1024,ok,,train,face_signing,0.99825567
loan_1017,face_signing,/workspace/jinchuang_v4/extracted/data/loan_1017/face_signing.jpg,loan_1017/face_signing.jpg,132185,1024,1024,ok,,train,face_signing,0.99874216
loan_1018,face_signing,/workspace/jinchuang_v4/extracted/data/loan_1018/face_signing.jpg,loan_1018/face_signing.jpg,109802,1024,1024,ok,,test,face_signing,0.99865913
loan_1019,face_signing,/workspace/jinchuang_v4/extracted/data/loan_1019/face_signing.jpg,loan_1019/face_signing.jpg,121944,1024,1024,ok,,train,face_signing,0.9974172
loan_102,face_signing,/workspace/jinchuang_v4/extracted/data/loan_102/face_signing.jpg,loan_102/face_signing.jpg,84744,1024,1024,ok,,train,face_signing,0.9952366
loan_1020,face_signing,/workspace/jinchuang_v4/extracted/data/loan_1020/face_signing.jpg,loan_1020/face_signing.jpg,121832,1024,1024,ok,,train,face_signing,0.9988105
loan_1021,face_signing,/workspace/jinchuang_v4/extracted/data/loan_1021/face_signing.jpg,loan_1021/face_signing.jpg,139134,1024,1024,ok,,train,face_signing,0.99894136
loan_1022,face_signing,/workspace/jinchuang_v4/extracted/data/loan_1022/face_signing.jpg,loan_1022/face_signing.jpg,127868,1024,1024,ok,,train,face_signing,0.9981517
loan_1023,face_signing,/workspace/jinchuang_v4/extracted/data/loan_1023/face_signing.jpg,loan_1023/face_signing.jpg,146962,1024,1024,ok,,train,face_signing,0.9972796
loan_1024,face_signing,/workspace/jinchuang_v4/extracted/data/loan_1024/face_signing.jpg,loan_1024/face_signing.jpg,115860,1024,1024,ok,,train,face_signing,0.99887556
loan_1025,face_signing,/workspace/jinchuang_v4/extracted/data/loan_1025/face_signing.jpg,loan_1025/face_signing.jpg,113365,1024,1024,ok,,train,face_signing,0.9977398
loan_1026,face_signing,/workspace/jinchuang_v4/extracted/data/loan_1026/face_signing.jpg,loan_1026/face_signing.jpg,2229419,2508,2508,ok,,train,face_signing,0.998777
loan_1027,face_signing,/workspace/jinchuang_v4/extracted/data/loan_1027/face_signing.jpg,loan_1027/face_signing.jpg,141574,1024,1024,ok,,test,face_signing,0.99830925
loan_1028,face_signing,/workspace/jinchuang_v4/extracted/data/loan_1028/face_signing.jpg,loan_1028/face_signing.jpg,173375,1024,1024,ok,,train,face_signing,0.9985335
loan_1029,face_signing,/workspace/jinchuang_v4/extracted/data/loan_1029/face_signing.jpg,loan_1029/face_signing.jpg,109145,1024,1024,ok,,train,face_signing,0.998787
loan_103,face_signing,/workspace/jinchuang_v4/extracted/data/loan_103/face_signing.jpg,loan_103/face_signing.jpg,85487,1024,1024,ok,,test,face_signing,0.99302167
loan_1030,face_signing,/workspace/jinchuang_v4/extracted/data/loan_1030/face_signing.jpg,loan_1030/face_signing.jpg,137790,1024,1024,ok,,train,face_signing,0.99823606
loan_1031,face_signing,/workspace/jinchuang_v4/extracted/data/loan_1031/face_signing.jpg,loan_1031/face_signing.jpg,1970797,2508,2508,ok,,train,face_signing,0.9981993
loan_1032,face_signing,/workspace/jinchuang_v4/extracted/data/loan_1032/face_signing.jpg,loan_1032/face_signing.jpg,111312,1024,1024,ok,,train,face_signing,0.9990996
loan_1033,face_signing,/workspace/jinchuang_v4/extracted/data/loan_1033/face_signing.jpg,loan_1033/face_signing.jpg,183105,1024,1024,ok,,train,face_signing,0.99843055
loan_1034,face_signing,/workspace/jinchuang_v4/extracted/data/loan_1034/face_signing.jpg,loan_1034/face_signing.jpg,114622,1024,1024,ok,,train,face_signing,0.99852234
loan_1035,face_signing,/workspace/jinchuang_v4/extracted/data/loan_1035/face_signing.jpg,loan_1035/face_signing.jpg,167217,1024,1024,ok,,train,face_signing,0.9972537
loan_1036,face_signing,/workspace/jinchuang_v4/extracted/data/loan_1036/face_signing.jpg,loan_1036/face_signing.jpg,2249832,2508,2508,ok,,train,face_signing,0.99890983
loan_1037,face_signing,/workspace/jinchuang_v4/extracted/data/loan_1037/face_signing.jpg,loan_1037/face_signing.jpg,116746,1024,1024,ok,,train,face_signing,0.99895847
loan_1038,face_signing,/workspace/jinchuang_v4/extracted/data/loan_1038/face_signing.jpg,loan_1038/face_signing.jpg,142696,1024,1024,ok,,train,face_signing,0.9969158
loan_1039,face_signing,/workspace/jinchuang_v4/extracted/data/loan_1039/face_signing.jpg,loan_1039/face_signing.jpg,107963,1024,1024,ok,,train,face_signing,0.9984875
loan_104,face_signing,/workspace/jinchuang_v4/extracted/data/loan_104/face_signing.jpg,loan_104/face_signing.jpg,108877,1024,1024,ok,,val,face_signing,0.99539703
loan_1040,face_signing,/workspace/jinchuang_v4/extracted/data/loan_1040/face_signing.jpg,loan_1040/face_signing.jpg,2206365,2508,2508,ok,,train,face_signing,0.9990526
loan_1041,face_signing,/workspace/jinchuang_v4/extracted/data/loan_1041/face_signing.jpg,loan_1041/face_signing.jpg,124292,1024,1024,ok,,train,face_signing,0.99844474
loan_1042,face_signing,/workspace/jinchuang_v4/extracted/data/loan_1042/face_signing.jpg,loan_1042/face_signing.jpg,120386,1024,1024,ok,,train,face_signing,0.99845266
loan_1043,face_signing,/workspace/jinchuang_v4/extracted/data/loan_1043/face_signing.jpg,loan_1043/face_signing.jpg,110481,1024,1024,ok,,val,face_signing,0.99884206
loan_1044,face_signing,/workspace/jinchuang_v4/extracted/data/loan_1044/face_signing.jpg,loan_1044/face_signing.jpg,120427,1024,1024,ok,,train,face_signing,0.9988299
loan_1045,face_signing,/workspace/jinchuang_v4/extracted/data/loan_1045/face_signing.jpg,loan_1045/face_signing.jpg,126998,1024,1024,ok,,train,face_signing,0.9989838
loan_1046,face_signing,/workspace/jinchuang_v4/extracted/data/loan_1046/face_signing.jpg,loan_1046/face_signing.jpg,140284,1024,1024,ok,,train,face_signing,0.998218
loan_1047,face_signing,/workspace/jinchuang_v4/extracted/data/loan_1047/face_signing.jpg,loan_1047/face_signing.jpg,117356,1024,1024,ok,,train,face_signing,0.99851567
loan_1048,face_signing,/workspace/jinchuang_v4/extracted/data/loan_1048/face_signing.jpg,loan_1048/face_signing.jpg,126586,1024,1024,ok,,train,face_signing,0.9981086
loan_1049,face_signing,/workspace/jinchuang_v4/extracted/data/loan_1049/face_signing.jpg,loan_1049/face_signing.jpg,99854,1024,1024,ok,,train,face_signing,0.99871445
loan_105,face_signing,/workspace/jinchuang_v4/extracted/data/loan_105/face_signing.jpg,loan_105/face_signing.jpg,90680,1024,1024,ok,,test,face_signing,0.99637395
loan_1050,face_signing,/workspace/jinchuang_v4/extracted/data/loan_1050/face_signing.jpg,loan_1050/face_signing.jpg,132418,1024,1024,ok,,train,face_signing,0.99867094
loan_1051,face_signing,/workspace/jinchuang_v4/extracted/data/loan_1051/face_signing.jpg,loan_1051/face_signing.jpg,129171,1024,1024,ok,,test,face_signing,0.99892396
loan_1052,face_signing,/workspace/jinchuang_v4/extracted/data/loan_1052/face_signing.jpg,loan_1052/face_signing.jpg,133208,1024,1024,ok,,train,face_signing,0.9982667
loan_1053,face_signing,/workspace/jinchuang_v4/extracted/data/loan_1053/face_signing.jpg,loan_1053/face_signing.jpg,140469,1024,1024,ok,,test,face_signing,0.9978046
loan_1054,face_signing,/workspace/jinchuang_v4/extracted/data/loan_1054/face_signing.jpg,loan_1054/face_signing.jpg,1942620,2508,2508,ok,,train,face_signing,0.9985065
loan_1055,face_signing,/workspace/jinchuang_v4/extracted/data/loan_1055/face_signing.jpg,loan_1055/face_signing.jpg,135706,1024,1024,ok,,test,face_signing,0.99813807
loan_1056,face_signing,/workspace/jinchuang_v4/extracted/data/loan_1056/face_signing.jpg,loan_1056/face_signing.jpg,2039808,2508,2508,ok,,train,face_signing,0.998621
loan_1057,face_signing,/workspace/jinchuang_v4/extracted/data/loan_1057/face_signing.jpg,loan_1057/face_signing.jpg,129002,1024,1024,ok,,val,face_signing,0.99820566
loan_1058,face_signing,/workspace/jinchuang_v4/extracted/data/loan_1058/face_signing.jpg,loan_1058/face_signing.jpg,106194,1024,1024,ok,,test,face_signing,0.998454
loan_1059,face_signing,/workspace/jinchuang_v4/extracted/data/loan_1059/face_signing.jpg,loan_1059/face_signing.jpg,131589,1024,1024,ok,,val,face_signing,0.9976544
loan_106,face_signing,/workspace/jinchuang_v4/extracted/data/loan_106/face_signing.jpg,loan_106/face_signing.jpg,98419,1024,1024,ok,,train,face_signing,0.9938717
loan_1060,face_signing,/workspace/jinchuang_v4/extracted/data/loan_1060/face_signing.jpg,loan_1060/face_signing.jpg,124033,1024,1024,ok,,test,face_signing,0.99926776
loan_1061,face_signing,/workspace/jinchuang_v4/extracted/data/loan_1061/face_signing.jpg,loan_1061/face_signing.jpg,113184,1024,1024,ok,,train,face_signing,0.999005
loan_1062,face_signing,/workspace/jinchuang_v4/extracted/data/loan_1062/face_signing.jpg,loan_1062/face_signing.jpg,116105,1024,1024,ok,,train,face_signing,0.9988636
loan_1063,face_signing,/workspace/jinchuang_v4/extracted/data/loan_1063/face_signing.jpg,loan_1063/face_signing.jpg,117577,1024,1024,ok,,test,face_signing,0.9977969
loan_1064,face_signing,/workspace/jinchuang_v4/extracted/data/loan_1064/face_signing.jpg,loan_1064/face_signing.jpg,117513,1024,1024,ok,,train,face_signing,0.9988998
loan_1065,face_signing,/workspace/jinchuang_v4/extracted/data/loan_1065/face_signing.jpg,loan_1065/face_signing.jpg,110668,1024,1024,ok,,test,face_signing,0.99914074
loan_1066,face_signing,/workspace/jinchuang_v4/extracted/data/loan_1066/face_signing.jpg,loan_1066/face_signing.jpg,2089528,2508,2508,ok,,val,face_signing,0.9987594
loan_1067,face_signing,/workspace/jinchuang_v4/extracted/data/loan_1067/face_signing.jpg,loan_1067/face_signing.jpg,118545,1024,1024,ok,,test,face_signing,0.9987992
loan_1068,face_signing,/workspace/jinchuang_v4/extracted/data/loan_1068/face_signing.jpg,loan_1068/face_signing.jpg,2134263,2508,2508,ok,,train,face_signing,0.99753535
loan_1069,face_signing,/workspace/jinchuang_v4/extracted/data/loan_1069/face_signing.jpg,loan_1069/face_signing.jpg,127821,1024,1024,ok,,train,face_signing,0.99928266
loan_107,face_signing,/workspace/jinchuang_v4/extracted/data/loan_107/face_signing.jpg,loan_107/face_signing.jpg,102855,1024,1024,ok,,train,face_signing,0.9902056
loan_1070,face_signing,/workspace/jinchuang_v4/extracted/data/loan_1070/face_signing.jpg,loan_1070/face_signing.jpg,122504,1024,1024,ok,,test,face_signing,0.9987166
loan_1071,face_signing,/workspace/jinchuang_v4/extracted/data/loan_1071/face_signing.jpg,loan_1071/face_signing.jpg,117716,1024,1024,ok,,train,face_signing,0.99859077
loan_1072,face_signing,/workspace/jinchuang_v4/extracted/data/loan_1072/face_signing.jpg,loan_1072/face_signing.jpg,127306,1024,1024,ok,,train,face_signing,0.9982363
loan_1073,face_signing,/workspace/jinchuang_v4/extracted/data/loan_1073/face_signing.jpg,loan_1073/face_signing.jpg,2049658,2508,2508,ok,,train,face_signing,0.9982455
loan_1074,face_signing,/workspace/jinchuang_v4/extracted/data/loan_1074/face_signing.jpg,loan_1074/face_signing.jpg,2114735,2508,2508,ok,,train,face_signing,0.9982158
loan_1075,face_signing,/workspace/jinchuang_v4/extracted/data/loan_1075/face_signing.jpg,loan_1075/face_signing.jpg,136311,1024,1024,ok,,val,face_signing,0.99866366
loan_1076,face_signing,/workspace/jinchuang_v4/extracted/data/loan_1076/face_signing.jpg,loan_1076/face_signing.jpg,127162,1024,1024,ok,,train,face_signing,0.9987715
loan_1077,face_signing,/workspace/jinchuang_v4/extracted/data/loan_1077/face_signing.jpg,loan_1077/face_signing.jpg,150799,1024,1024,ok,,train,face_signing,0.9976173
loan_1078,face_signing,/workspace/jinchuang_v4/extracted/data/loan_1078/face_signing.jpg,loan_1078/face_signing.jpg,108004,1024,1024,ok,,train,face_signing,0.9993413
loan_1079,face_signing,/workspace/jinchuang_v4/extracted/data/loan_1079/face_signing.jpg,loan_1079/face_signing.jpg,136917,1024,1024,ok,,train,face_signing,0.9990569
loan_108,face_signing,/workspace/jinchuang_v4/extracted/data/loan_108/face_signing.jpg,loan_108/face_signing.jpg,118395,1024,1024,ok,,test,face_signing,0.9984366
loan_1080,face_signing,/workspace/jinchuang_v4/extracted/data/loan_1080/face_signing.jpg,loan_1080/face_signing.jpg,106867,1024,1024,ok,,val,face_signing,0.99903107
loan_1081,face_signing,/workspace/jinchuang_v4/extracted/data/loan_1081/face_signing.jpg,loan_1081/face_signing.jpg,381721,1254,1254,ok,,train,face_signing,0.9977696
loan_1082,face_signing,/workspace/jinchuang_v4/extracted/data/loan_1082/face_signing.jpg,loan_1082/face_signing.jpg,122905,1024,1024,ok,,train,face_signing,0.9975821
loan_1083,face_signing,/workspace/jinchuang_v4/extracted/data/loan_1083/face_signing.jpg,loan_1083/face_signing.jpg,127480,1024,1024,ok,,test,face_signing,0.9962431
loan_1084,face_signing,/workspace/jinchuang_v4/extracted/data/loan_1084/face_signing.jpg,loan_1084/face_signing.jpg,136193,1024,1024,ok,,val,face_signing,0.9958028
loan_1085,face_signing,/workspace/jinchuang_v4/extracted/data/loan_1085/face_signing.jpg,loan_1085/face_signing.jpg,111586,1024,1024,ok,,train,face_signing,0.99845886
loan_1086,face_signing,/workspace/jinchuang_v4/extracted/data/loan_1086/face_signing.jpg,loan_1086/face_signing.jpg,124526,1024,1024,ok,,test,face_signing,0.99753225
loan_1087,face_signing,/workspace/jinchuang_v4/extracted/data/loan_1087/face_signing.jpg,loan_1087/face_signing.jpg,128368,1024,1024,ok,,test,face_signing,0.99724907
loan_1088,face_signing,/workspace/jinchuang_v4/extracted/data/loan_1088/face_signing.jpg,loan_1088/face_signing.jpg,134033,1024,1024,ok,,train,face_signing,0.9974011
loan_1089,face_signing,/workspace/jinchuang_v4/extracted/data/loan_1089/face_signing.jpg,loan_1089/face_signing.jpg,113366,1024,1024,ok,,train,face_signing,0.9987864
loan_109,face_signing,/workspace/jinchuang_v4/extracted/data/loan_109/face_signing.jpg,loan_109/face_signing.jpg,127946,1024,1024,ok,,test,face_signing,0.9979353
loan_1090,face_signing,/workspace/jinchuang_v4/extracted/data/loan_1090/face_signing.jpg,loan_1090/face_signing.jpg,110197,1024,1024,ok,,val,face_signing,0.9973984
loan_1091,face_signing,/workspace/jinchuang_v4/extracted/data/loan_1091/face_signing.jpg,loan_1091/face_signing.jpg,129058,1024,1024,ok,,train,face_signing,0.997894
loan_1092,face_signing,/workspace/jinchuang_v4/extracted/data/loan_1092/face_signing.jpg,loan_1092/face_signing.jpg,108948,1024,1024,ok,,train,face_signing,0.99829584
loan_1093,face_signing,/workspace/jinchuang_v4/extracted/data/loan_1093/face_signing.jpg,loan_1093/face_signing.jpg,137020,1024,1024,ok,,train,face_signing,0.99896824
loan_1094,face_signing,/workspace/jinchuang_v4/extracted/data/loan_1094/face_signing.jpg,loan_1094/face_signing.jpg,103370,1024,1024,ok,,val,face_signing,0.99929917
loan_1095,face_signing,/workspace/jinchuang_v4/extracted/data/loan_1095/face_signing.jpg,loan_1095/face_signing.jpg,380850,1254,1254,ok,,train,face_signing,0.99746895
loan_1096,face_signing,/workspace/jinchuang_v4/extracted/data/loan_1096/face_signing.jpg,loan_1096/face_signing.jpg,112421,1024,1024,ok,,train,face_signing,0.9990798
loan_1097,face_signing,/workspace/jinchuang_v4/extracted/data/loan_1097/face_signing.jpg,loan_1097/face_signing.jpg,137704,1024,1024,ok,,train,face_signing,0.99880064
loan_1098,face_signing,/workspace/jinchuang_v4/extracted/data/loan_1098/face_signing.jpg,loan_1098/face_signing.jpg,147599,1024,1024,ok,,val,face_signing,0.99848515
loan_1099,face_signing,/workspace/jinchuang_v4/extracted/data/loan_1099/face_signing.jpg,loan_1099/face_signing.jpg,339644,1254,1254,ok,,train,face_signing,0.99661344
loan_110,face_signing,/workspace/jinchuang_v4/extracted/data/loan_110/face_signing.jpg,loan_110/face_signing.jpg,136692,1024,1024,ok,,val,face_signing,0.99863064
loan_1100,face_signing,/workspace/jinchuang_v4/extracted/data/loan_1100/face_signing.jpg,loan_1100/face_signing.jpg,367249,1254,1254,ok,,test,face_signing,0.9972173
loan_1101,face_signing,/workspace/jinchuang_v4/extracted/data/loan_1101/face_signing.jpg,loan_1101/face_signing.jpg,398746,1254,1254,ok,,train,face_signing,0.9978848
loan_1102,face_signing,/workspace/jinchuang_v4/extracted/data/loan_1102/face_signing.jpg,loan_1102/face_signing.jpg,113889,1024,1024,ok,,train,face_signing,0.9947685
loan_1103,face_signing,/workspace/jinchuang_v4/extracted/data/loan_1103/face_signing.jpg,loan_1103/face_signing.jpg,120894,1024,1024,ok,,train,face_signing,0.9988555
loan_1104,face_signing,/workspace/jinchuang_v4/extracted/data/loan_1104/face_signing.jpg,loan_1104/face_signing.jpg,90456,1024,1024,ok,,val,face_signing,0.9839219
loan_1105,face_signing,/workspace/jinchuang_v4/extracted/data/loan_1105/face_signing.jpg,loan_1105/face_signing.jpg,84744,1024,1024,ok,,train,face_signing,0.9952366
loan_1106,face_signing,/workspace/jinchuang_v4/extracted/data/loan_1106/face_signing.jpg,loan_1106/face_signing.jpg,85487,1024,1024,ok,,test,face_signing,0.99302167
loan_1107,face_signing,/workspace/jinchuang_v4/extracted/data/loan_1107/face_signing.jpg,loan_1107/face_signing.jpg,108877,1024,1024,ok,,train,face_signing,0.99539703
loan_1108,face_signing,/workspace/jinchuang_v4/extracted/data/loan_1108/face_signing.jpg,loan_1108/face_signing.jpg,90680,1024,1024,ok,,train,face_signing,0.99637395
loan_1109,face_signing,/workspace/jinchuang_v4/extracted/data/loan_1109/face_signing.jpg,loan_1109/face_signing.jpg,98419,1024,1024,ok,,train,face_signing,0.9938717
loan_111,face_signing,/workspace/jinchuang_v4/extracted/data/loan_111/face_signing.jpg,loan_111/face_signing.jpg,103122,1024,1024,ok,,val,face_signing,0.9987974
loan_1110,face_signing,/workspace/jinchuang_v4/extracted/data/loan_1110/face_signing.jpg,loan_1110/face_signing.jpg,102855,1024,1024,ok,,train,face_signing,0.9902056
loan_1111,face_signing,/workspace/jinchuang_v4/extracted/data/loan_1111/face_signing.jpg,loan_1111/face_signing.jpg,118395,1024,1024,ok,,train,face_signing,0.9984366
loan_1112,face_signing,/workspace/jinchuang_v4/extracted/data/loan_1112/face_signing.jpg,loan_1112/face_signing.jpg,127946,1024,1024,ok,,train,face_signing,0.9979353
loan_1113,face_signing,/workspace/jinchuang_v4/extracted/data/loan_1113/face_signing.jpg,loan_1113/face_signing.jpg,136692,1024,1024,ok,,train,face_signing,0.99863064
loan_1114,face_signing,/workspace/jinchuang_v4/extracted/data/loan_1114/face_signing.jpg,loan_1114/face_signing.jpg,103122,1024,1024,ok,,train,face_signing,0.9987974
loan_1115,face_signing,/workspace/jinchuang_v4/extracted/data/loan_1115/face_signing.jpg,loan_1115/face_signing.jpg,129917,1024,1024,ok,,train,face_signing,0.99834645
loan_1116,face_signing,/workspace/jinchuang_v4/extracted/data/loan_1116/face_signing.jpg,loan_1116/face_signing.jpg,386915,1254,1254,ok,,val,face_signing,0.998531
loan_1117,face_signing,/workspace/jinchuang_v4/extracted/data/loan_1117/face_signing.jpg,loan_1117/face_signing.jpg,355818,1254,1254,ok,,val,face_signing,0.99805814
loan_1118,face_signing,/workspace/jinchuang_v4/extracted/data/loan_1118/face_signing.jpg,loan_1118/face_signing.jpg,135146,1024,1024,ok,,test,face_signing,0.9945304
loan_1119,face_signing,/workspace/jinchuang_v4/extracted/data/loan_1119/face_signing.jpg,loan_1119/face_signing.jpg,125485,1024,1024,ok,,train,face_signing,0.9981736
loan_112,face_signing,/workspace/jinchuang_v4/extracted/data/loan_112/face_signing.jpg,loan_112/face_signing.jpg,129917,1024,1024,ok,,train,face_signing,0.99834645
loan_1120,face_signing,/workspace/jinchuang_v4/extracted/data/loan_1120/face_signing.jpg,loan_1120/face_signing.jpg,146635,1024,1024,ok,,train,face_signing,0.9969932
loan_1121,face_signing,/workspace/jinchuang_v4/extracted/data/loan_1121/face_signing.jpg,loan_1121/face_signing.jpg,124296,1024,1024,ok,,test,face_signing,0.99789524
loan_1122,face_signing,/workspace/jinchuang_v4/extracted/data/loan_1122/face_signing.jpg,loan_1122/face_signing.jpg,130505,1024,1024,ok,,test,face_signing,0.99843925
loan_1123,face_signing,/workspace/jinchuang_v4/extracted/data/loan_1123/face_signing.jpg,loan_1123/face_signing.jpg,118984,1024,1024,ok,,train,face_signing,0.99433196
loan_1124,face_signing,/workspace/jinchuang_v4/extracted/data/loan_1124/face_signing.jpg,loan_1124/face_signing.jpg,121350,1024,1024,ok,,train,face_signing,0.9982495
loan_1125,face_signing,/workspace/jinchuang_v4/extracted/data/loan_1125/face_signing.jpg,loan_1125/face_signing.jpg,105896,1024,1024,ok,,train,face_signing,0.9971239
loan_1126,face_signing,/workspace/jinchuang_v4/extracted/data/loan_1126/face_signing.jpg,loan_1126/face_signing.jpg,130422,1024,1024,ok,,test,face_signing,0.99808455
loan_1127,face_signing,/workspace/jinchuang_v4/extracted/data/loan_1127/face_signing.jpg,loan_1127/face_signing.jpg,110578,1024,1024,ok,,train,face_signing,0.99918586
loan_1128,face_signing,/workspace/jinchuang_v4/extracted/data/loan_1128/face_signing.jpg,loan_1128/face_signing.jpg,119922,1024,1024,ok,,val,face_signing,0.9984303
loan_1129,face_signing,/workspace/jinchuang_v4/extracted/data/loan_1129/face_signing.jpg,loan_1129/face_signing.jpg,104782,1024,1024,ok,,train,face_signing,0.99662775
loan_113,face_signing,/workspace/jinchuang_v4/extracted/data/loan_113/face_signing.jpg,loan_113/face_signing.jpg,386915,1254,1254,ok,,train,face_signing,0.998531
loan_1130,face_signing,/workspace/jinchuang_v4/extracted/data/loan_1130/face_signing.jpg,loan_1130/face_signing.jpg,124366,1024,1024,ok,,val,face_signing,0.9983975
loan_1131,face_signing,/workspace/jinchuang_v4/extracted/data/loan_1131/face_signing.jpg,loan_1131/face_signing.jpg,121650,1024,1024,ok,,val,face_signing,0.9984647
loan_1132,face_signing,/workspace/jinchuang_v4/extracted/data/loan_1132/face_signing.jpg,loan_1132/face_signing.jpg,125361,1024,1024,ok,,train,face_signing,0.99926573
loan_1133,face_signing,/workspace/jinchuang_v4/extracted/data/loan_1133/face_signing.jpg,loan_1133/face_signing.jpg,366411,1254,1254,ok,,train,face_signing,0.9981014
loan_1134,face_signing,/workspace/jinchuang_v4/extracted/data/loan_1134/face_signing.jpg,loan_1134/face_signing.jpg,354892,1254,1254,ok,,train,face_signing,0.99755484
loan_1135,face_signing,/workspace/jinchuang_v4/extracted/data/loan_1135/face_signing.jpg,loan_1135/face_signing.jpg,140446,1024,1024,ok,,test,face_signing,0.99869823
loan_1136,face_signing,/workspace/jinchuang_v4/extracted/data/loan_1136/face_signing.jpg,loan_1136/face_signing.jpg,343111,1254,1254,ok,,test,face_signing,0.99741143
loan_1137,face_signing,/workspace/jinchuang_v4/extracted/data/loan_1137/face_signing.jpg,loan_1137/face_signing.jpg,344340,1254,1254,ok,,train,face_signing,0.9976827
loan_1138,face_signing,/workspace/jinchuang_v4/extracted/data/loan_1138/face_signing.jpg,loan_1138/face_signing.jpg,144418,1024,1024,ok,,train,face_signing,0.99748945
loan_1139,face_signing,/workspace/jinchuang_v4/extracted/data/loan_1139/face_signing.jpg,loan_1139/face_signing.jpg,132905,1024,1024,ok,,val,face_signing,0.9991698
loan_114,face_signing,/workspace/jinchuang_v4/extracted/data/loan_114/face_signing.jpg,loan_114/face_signing.jpg,355818,1254,1254,ok,,train,face_signing,0.99805814
loan_1140,face_signing,/workspace/jinchuang_v4/extracted/data/loan_1140/face_signing.jpg,loan_1140/face_signing.jpg,123517,1024,1024,ok,,train,face_signing,0.9988776
loan_1141,face_signing,/workspace/jinchuang_v4/extracted/data/loan_1141/face_signing.jpg,loan_1141/face_signing.jpg,157288,1024,1024,ok,,train,face_signing,0.99900395
loan_1142,face_signing,/workspace/jinchuang_v4/extracted/data/loan_1142/face_signing.jpg,loan_1142/face_signing.jpg,127420,1024,1024,ok,,val,face_signing,0.9989221
loan_1143,face_signing,/workspace/jinchuang_v4/extracted/data/loan_1143/face_signing.jpg,loan_1143/face_signing.jpg,127987,1024,1024,ok,,train,face_signing,0.99916625
loan_1144,face_signing,/workspace/jinchuang_v4/extracted/data/loan_1144/face_signing.jpg,loan_1144/face_signing.jpg,127568,1024,1024,ok,,val,face_signing,0.9981517
loan_1145,face_signing,/workspace/jinchuang_v4/extracted/data/loan_1145/face_signing.jpg,loan_1145/face_signing.jpg,340634,1254,1254,ok,,test,face_signing,0.9977437
loan_1146,face_signing,/workspace/jinchuang_v4/extracted/data/loan_1146/face_signing.jpg,loan_1146/face_signing.jpg,124678,1024,1024,ok,,train,face_signing,0.9970298
loan_1147,face_signing,/workspace/jinchuang_v4/extracted/data/loan_1147/face_signing.jpg,loan_1147/face_signing.jpg,134696,1024,1024,ok,,train,face_signing,0.99395144
loan_1148,face_signing,/workspace/jinchuang_v4/extracted/data/loan_1148/face_signing.jpg,loan_1148/face_signing.jpg,142603,1024,1024,ok,,train,face_signing,0.9982022
loan_1149,face_signing,/workspace/jinchuang_v4/extracted/data/loan_1149/face_signing.jpg,loan_1149/face_signing.jpg,135387,1024,1024,ok,,train,face_signing,0.9982236
loan_115,face_signing,/workspace/jinchuang_v4/extracted/data/loan_115/face_signing.jpg,loan_115/face_signing.jpg,135146,1024,1024,ok,,test,face_signing,0.9945304
loan_1150,face_signing,/workspace/jinchuang_v4/extracted/data/loan_1150/face_signing.jpg,loan_1150/face_signing.jpg,108955,1024,1024,ok,,test,face_signing,0.99590945
loan_1151,face_signing,/workspace/jinchuang_v4/extracted/data/loan_1151/face_signing.jpg,loan_1151/face_signing.jpg,134650,1024,1024,ok,,train,face_signing,0.9974214
loan_1152,face_signing,/workspace/jinchuang_v4/extracted/data/loan_1152/face_signing.jpg,loan_1152/face_signing.jpg,151120,1024,1024,ok,,train,face_signing,0.9953295
loan_1153,face_signing,/workspace/jinchuang_v4/extracted/data/loan_1153/face_signing.jpg,loan_1153/face_signing.jpg,114954,1024,1024,ok,,train,face_signing,0.99870896
loan_1154,face_signing,/workspace/jinchuang_v4/extracted/data/loan_1154/face_signing.jpg,loan_1154/face_signing.jpg,152745,1024,1024,ok,,train,face_signing,0.99893063
loan_1155,face_signing,/workspace/jinchuang_v4/extracted/data/loan_1155/face_signing.jpg,loan_1155/face_signing.jpg,177747,1024,1024,ok,,test,face_signing,0.9977799
loan_1156,face_signing,/workspace/jinchuang_v4/extracted/data/loan_1156/face_signing.jpg,loan_1156/face_signing.jpg,147111,1024,1024,ok,,train,face_signing,0.9980014
loan_1157,face_signing,/workspace/jinchuang_v4/extracted/data/loan_1157/face_signing.jpg,loan_1157/face_signing.jpg,321709,1254,1254,ok,,train,face_signing,0.9976191
loan_1158,face_signing,/workspace/jinchuang_v4/extracted/data/loan_1158/face_signing.jpg,loan_1158/face_signing.jpg,120418,1024,1024,ok,,test,face_signing,0.99851125
loan_1159,face_signing,/workspace/jinchuang_v4/extracted/data/loan_1159/face_signing.jpg,loan_1159/face_signing.jpg,132230,1024,1024,ok,,train,face_signing,0.99851173
loan_116,face_signing,/workspace/jinchuang_v4/extracted/data/loan_116/face_signing.jpg,loan_116/face_signing.jpg,125485,1024,1024,ok,,val,face_signing,0.9981736
loan_1160,face_signing,/workspace/jinchuang_v4/extracted/data/loan_1160/face_signing.jpg,loan_1160/face_signing.jpg,115344,1024,1024,ok,,test,face_signing,0.9982284
loan_1161,face_signing,/workspace/jinchuang_v4/extracted/data/loan_1161/face_signing.jpg,loan_1161/face_signing.jpg,147550,1024,1024,ok,,train,face_signing,0.99773574
loan_1162,face_signing,/workspace/jinchuang_v4/extracted/data/loan_1162/face_signing.jpg,loan_1162/face_signing.jpg,125188,1024,1024,ok,,val,face_signing,0.99905473
loan_1163,face_signing,/workspace/jinchuang_v4/extracted/data/loan_1163/face_signing.jpg,loan_1163/face_signing.jpg,350543,1254,1254,ok,,train,face_signing,0.9975993
loan_1164,face_signing,/workspace/jinchuang_v4/extracted/data/loan_1164/face_signing.jpg,loan_1164/face_signing.jpg,152143,1024,1024,ok,,val,face_signing,0.99861956
loan_1165,face_signing,/workspace/jinchuang_v4/extracted/data/loan_1165/face_signing.jpg,loan_1165/face_signing.jpg,122833,1024,1024,ok,,train,face_signing,0.9989097
loan_1166,face_signing,/workspace/jinchuang_v4/extracted/data/loan_1166/face_signing.jpg,loan_1166/face_signing.jpg,128461,1024,1024,ok,,test,face_signing,0.99890804
loan_1167,face_signing,/workspace/jinchuang_v4/extracted/data/loan_1167/face_signing.jpg,loan_1167/face_signing.jpg,113852,1024,1024,ok,,train,face_signing,0.9993457
loan_1168,face_signing,/workspace/jinchuang_v4/extracted/data/loan_1168/face_signing.jpg,loan_1168/face_signing.jpg,142495,1024,1024,ok,,val,face_signing,0.99831545
loan_1169,face_signing,/workspace/jinchuang_v4/extracted/data/loan_1169/face_signing.jpg,loan_1169/face_signing.jpg,144974,1024,1024,ok,,train,face_signing,0.9977986
loan_117,face_signing,/workspace/jinchuang_v4/extracted/data/loan_117/face_signing.jpg,loan_117/face_signing.jpg,146635,1024,1024,ok,,train,face_signing,0.9969932
loan_1170,face_signing,/workspace/jinchuang_v4/extracted/data/loan_1170/face_signing.jpg,loan_1170/face_signing.jpg,309289,1254,1254,ok,,train,face_signing,0.9966858
loan_1171,face_signing,/workspace/jinchuang_v4/extracted/data/loan_1171/face_signing.jpg,loan_1171/face_signing.jpg,116775,1024,1024,ok,,train,face_signing,0.998514
loan_1172,face_signing,/workspace/jinchuang_v4/extracted/data/loan_1172/face_signing.jpg,loan_1172/face_signing.jpg,145667,1024,1024,ok,,train,face_signing,0.9988746
loan_1173,face_signing,/workspace/jinchuang_v4/extracted/data/loan_1173/face_signing.jpg,loan_1173/face_signing.jpg,151428,1024,1024,ok,,val,face_signing,0.99863833
loan_1174,face_signing,/workspace/jinchuang_v4/extracted/data/loan_1174/face_signing.jpg,loan_1174/face_signing.jpg,161229,1024,1024,ok,,test,face_signing,0.99845636
loan_1175,face_signing,/workspace/jinchuang_v4/extracted/data/loan_1175/face_signing.jpg,loan_1175/face_signing.jpg,110692,1024,1024,ok,,val,face_signing,0.99599564
loan_1176,face_signing,/workspace/jinchuang_v4/extracted/data/loan_1176/face_signing.jpg,loan_1176/face_signing.jpg,151881,1024,1024,ok,,train,face_signing,0.9979513
loan_1177,face_signing,/workspace/jinchuang_v4/extracted/data/loan_1177/face_signing.jpg,loan_1177/face_signing.jpg,123294,1024,1024,ok,,val,face_signing,0.99825734
loan_1178,face_signing,/workspace/jinchuang_v4/extracted/data/loan_1178/face_signing.jpg,loan_1178/face_signing.jpg,185656,1024,1024,ok,,val,face_signing,0.99815744
loan_1179,face_signing,/workspace/jinchuang_v4/extracted/data/loan_1179/face_signing.jpg,loan_1179/face_signing.jpg,124764,1024,1024,ok,,test,face_signing,0.9988563
loan_118,face_signing,/workspace/jinchuang_v4/extracted/data/loan_118/face_signing.jpg,loan_118/face_signing.jpg,124296,1024,1024,ok,,train,face_signing,0.99789524
loan_1180,face_signing,/workspace/jinchuang_v4/extracted/data/loan_1180/face_signing.jpg,loan_1180/face_signing.jpg,116311,1024,1024,ok,,test,face_signing,0.99925786
loan_1181,face_signing,/workspace/jinchuang_v4/extracted/data/loan_1181/face_signing.jpg,loan_1181/face_signing.jpg,179346,1024,1024,ok,,test,face_signing,0.99898523
loan_1182,face_signing,/workspace/jinchuang_v4/extracted/data/loan_1182/face_signing.jpg,loan_1182/face_signing.jpg,134862,1024,1024,ok,,train,face_signing,0.9990042
loan_1183,face_signing,/workspace/jinchuang_v4/extracted/data/loan_1183/face_signing.jpg,loan_1183/face_signing.jpg,109968,1024,1024,ok,,val,face_signing,0.9986519
loan_1184,face_signing,/workspace/jinchuang_v4/extracted/data/loan_1184/face_signing.jpg,loan_1184/face_signing.jpg,140971,1024,1024,ok,,train,face_signing,0.9987301
loan_1185,face_signing,/workspace/jinchuang_v4/extracted/data/loan_1185/face_signing.jpg,loan_1185/face_signing.jpg,154931,1024,1024,ok,,train,face_signing,0.9987204
loan_1186,face_signing,/workspace/jinchuang_v4/extracted/data/loan_1186/face_signing.jpg,loan_1186/face_signing.jpg,119181,1024,1024,ok,,test,face_signing,0.9981799
loan_1187,face_signing,/workspace/jinchuang_v4/extracted/data/loan_1187/face_signing.jpg,loan_1187/face_signing.jpg,345827,1254,1254,ok,,train,face_signing,0.9969447
loan_1188,face_signing,/workspace/jinchuang_v4/extracted/data/loan_1188/face_signing.jpg,loan_1188/face_signing.jpg,152310,1024,1024,ok,,test,face_signing,0.99916625
loan_1189,face_signing,/workspace/jinchuang_v4/extracted/data/loan_1189/face_signing.jpg,loan_1189/face_signing.jpg,162879,1024,1024,ok,,train,face_signing,0.9958319
loan_119,face_signing,/workspace/jinchuang_v4/extracted/data/loan_119/face_signing.jpg,loan_119/face_signing.jpg,130505,1024,1024,ok,,val,face_signing,0.99843925
loan_1190,face_signing,/workspace/jinchuang_v4/extracted/data/loan_1190/face_signing.jpg,loan_1190/face_signing.jpg,114146,1024,1024,ok,,train,face_signing,0.99924904
loan_1191,face_signing,/workspace/jinchuang_v4/extracted/data/loan_1191/face_signing.jpg,loan_1191/face_signing.jpg,123255,1024,1024,ok,,train,face_signing,0.9988427
loan_1192,face_signing,/workspace/jinchuang_v4/extracted/data/loan_1192/face_signing.jpg,loan_1192/face_signing.jpg,350545,1254,1254,ok,,test,face_signing,0.9977518
loan_1193,face_signing,/workspace/jinchuang_v4/extracted/data/loan_1193/face_signing.jpg,loan_1193/face_signing.jpg,113109,1024,1024,ok,,test,face_signing,0.9993506
loan_1194,face_signing,/workspace/jinchuang_v4/extracted/data/loan_1194/face_signing.jpg,loan_1194/face_signing.jpg,159636,1024,1024,ok,,train,face_signing,0.99849296
loan_1195,face_signing,/workspace/jinchuang_v4/extracted/data/loan_1195/face_signing.jpg,loan_1195/face_signing.jpg,368996,1254,1254,ok,,test,face_signing,0.9981584
loan_1196,face_signing,/workspace/jinchuang_v4/extracted/data/loan_1196/face_signing.jpg,loan_1196/face_signing.jpg,133298,1024,1024,ok,,train,face_signing,0.99852055
loan_1197,face_signing,/workspace/jinchuang_v4/extracted/data/loan_1197/face_signing.jpg,loan_1197/face_signing.jpg,114765,1024,1024,ok,,val,face_signing,0.9985826
loan_1198,face_signing,/workspace/jinchuang_v4/extracted/data/loan_1198/face_signing.jpg,loan_1198/face_signing.jpg,143737,1024,1024,ok,,train,face_signing,0.99848217
loan_1199,face_signing,/workspace/jinchuang_v4/extracted/data/loan_1199/face_signing.jpg,loan_1199/face_signing.jpg,142712,1024,1024,ok,,test,face_signing,0.9985532
loan_120,face_signing,/workspace/jinchuang_v4/extracted/data/loan_120/face_signing.jpg,loan_120/face_signing.jpg,118984,1024,1024,ok,,test,face_signing,0.99433196
loan_1200,face_signing,/workspace/jinchuang_v4/extracted/data/loan_1200/face_signing.jpg,loan_1200/face_signing.jpg,141869,1024,1024,ok,,train,face_signing,0.99844617
loan_1201,face_signing,/workspace/jinchuang_v4/extracted/data/loan_1201/face_signing.jpg,loan_1201/face_signing.jpg,125270,1024,1024,ok,,val,face_signing,0.9978557
loan_1202,face_signing,/workspace/jinchuang_v4/extracted/data/loan_1202/face_signing.jpg,loan_1202/face_signing.jpg,136492,1024,1024,ok,,train,face_signing,0.9985935
loan_1203,face_signing,/workspace/jinchuang_v4/extracted/data/loan_1203/face_signing.jpg,loan_1203/face_signing.jpg,343881,1254,1254,ok,,train,face_signing,0.9980774
loan_1204,face_signing,/workspace/jinchuang_v4/extracted/data/loan_1204/face_signing.jpg,loan_1204/face_signing.jpg,129806,1024,1024,ok,,test,face_signing,0.998998
loan_1205,face_signing,/workspace/jinchuang_v4/extracted/data/loan_1205/face_signing.jpg,loan_1205/face_signing.jpg,317113,1254,1254,ok,,test,face_signing,0.99723583
loan_1206,face_signing,/workspace/jinchuang_v4/extracted/data/loan_1206/face_signing.jpg,loan_1206/face_signing.jpg,186929,1024,1024,ok,,train,face_signing,0.99898726
loan_1207,face_signing,/workspace/jinchuang_v4/extracted/data/loan_1207/face_signing.jpg,loan_1207/face_signing.jpg,118607,1024,1024,ok,,train,face_signing,0.99813014
loan_1208,face_signing,/workspace/jinchuang_v4/extracted/data/loan_1208/face_signing.jpg,loan_1208/face_signing.jpg,120710,1024,1024,ok,,train,face_signing,0.9983278
loan_1209,face_signing,/workspace/jinchuang_v4/extracted/data/loan_1209/face_signing.jpg,loan_1209/face_signing.jpg,356162,1254,1254,ok,,val,face_signing,0.9980792
loan_121,face_signing,/workspace/jinchuang_v4/extracted/data/loan_121/face_signing.jpg,loan_121/face_signing.jpg,258107,1122,1402,ok,,val,face_signing,0.99832493
loan_1210,face_signing,/workspace/jinchuang_v4/extracted/data/loan_1210/face_signing.jpg,loan_1210/face_signing.jpg,145868,1024,1024,ok,,train,face_signing,0.99903774
loan_1211,face_signing,/workspace/jinchuang_v4/extracted/data/loan_1211/face_signing.jpg,loan_1211/face_signing.jpg,181854,1024,1024,ok,,train,face_signing,0.9985066
loan_1212,face_signing,/workspace/jinchuang_v4/extracted/data/loan_1212/face_signing.jpg,loan_1212/face_signing.jpg,129171,1024,1024,ok,,train,face_signing,0.998723
loan_1213,face_signing,/workspace/jinchuang_v4/extracted/data/loan_1213/face_signing.jpg,loan_1213/face_signing.jpg,102767,1024,1024,ok,,train,face_signing,0.9982932
loan_1214,face_signing,/workspace/jinchuang_v4/extracted/data/loan_1214/face_signing.jpg,loan_1214/face_signing.jpg,334046,1254,1254,ok,,train,face_signing,0.99722594
loan_1215,face_signing,/workspace/jinchuang_v4/extracted/data/loan_1215/face_signing.jpg,loan_1215/face_signing.jpg,138270,1024,1024,ok,,train,face_signing,0.9991398
loan_1216,face_signing,/workspace/jinchuang_v4/extracted/data/loan_1216/face_signing.jpg,loan_1216/face_signing.jpg,110241,1024,1024,ok,,train,face_signing,0.99860626
loan_1217,face_signing,/workspace/jinchuang_v4/extracted/data/loan_1217/face_signing.jpg,loan_1217/face_signing.jpg,171171,1024,1024,ok,,train,face_signing,0.9985661
loan_1218,face_signing,/workspace/jinchuang_v4/extracted/data/loan_1218/face_signing.jpg,loan_1218/face_signing.jpg,150791,1024,1024,ok,,val,face_signing,0.9983034
loan_1219,face_signing,/workspace/jinchuang_v4/extracted/data/loan_1219/face_signing.jpg,loan_1219/face_signing.jpg,124918,1024,1024,ok,,train,face_signing,0.99861217
loan_122,face_signing,/workspace/jinchuang_v4/extracted/data/loan_122/face_signing.jpg,loan_122/face_signing.jpg,105896,1024,1024,ok,,train,face_signing,0.9971239
loan_1220,face_signing,/workspace/jinchuang_v4/extracted/data/loan_1220/face_signing.jpg,loan_1220/face_signing.jpg,134778,1024,1024,ok,,train,face_signing,0.99881375
loan_1221,face_signing,/workspace/jinchuang_v4/extracted/data/loan_1221/face_signing.jpg,loan_1221/face_signing.jpg,304485,1254,1254,ok,,train,face_signing,0.9972453
loan_1222,face_signing,/workspace/jinchuang_v4/extracted/data/loan_1222/face_signing.jpg,loan_1222/face_signing.jpg,325171,1254,1254,ok,,train,face_signing,0.9974004
loan_1223,face_signing,/workspace/jinchuang_v4/extracted/data/loan_1223/face_signing.jpg,loan_1223/face_signing.jpg,122705,1024,1024,ok,,val,face_signing,0.9984011
loan_1224,face_signing,/workspace/jinchuang_v4/extracted/data/loan_1224/face_signing.jpg,loan_1224/face_signing.jpg,150037,1024,1024,ok,,train,face_signing,0.99859506
loan_1225,face_signing,/workspace/jinchuang_v4/extracted/data/loan_1225/face_signing.jpg,loan_1225/face_signing.jpg,148647,1024,1024,ok,,train,face_signing,0.99879766
loan_1226,face_signing,/workspace/jinchuang_v4/extracted/data/loan_1226/face_signing.jpg,loan_1226/face_signing.jpg,126189,1024,1024,ok,,train,face_signing,0.99868697
loan_1227,face_signing,/workspace/jinchuang_v4/extracted/data/loan_1227/face_signing.jpg,loan_1227/face_signing.jpg,140305,1024,1024,ok,,train,face_signing,0.9988783
loan_1228,face_signing,/workspace/jinchuang_v4/extracted/data/loan_1228/face_signing.jpg,loan_1228/face_signing.jpg,150006,1024,1024,ok,,train,face_signing,0.99783546
loan_1229,face_signing,/workspace/jinchuang_v4/extracted/data/loan_1229/face_signing.jpg,loan_1229/face_signing.jpg,132917,1024,1024,ok,,train,face_signing,0.9990246
loan_123,face_signing,/workspace/jinchuang_v4/extracted/data/loan_123/face_signing.jpg,loan_123/face_signing.jpg,130422,1024,1024,ok,,train,face_signing,0.99808455
loan_1230,face_signing,/workspace/jinchuang_v4/extracted/data/loan_1230/face_signing.jpg,loan_1230/face_signing.jpg,141690,1024,1024,ok,,train,face_signing,0.9986993
loan_1231,face_signing,/workspace/jinchuang_v4/extracted/data/loan_1231/face_signing.jpg,loan_1231/face_signing.jpg,143128,1024,1024,ok,,val,face_signing,0.998749
loan_1232,face_signing,/workspace/jinchuang_v4/extracted/data/loan_1232/face_signing.jpg,loan_1232/face_signing.jpg,132791,1024,1024,ok,,train,face_signing,0.9990834
loan_1233,face_signing,/workspace/jinchuang_v4/extracted/data/loan_1233/face_signing.jpg,loan_1233/face_signing.jpg,133767,1024,1024,ok,,train,face_signing,0.99806803
loan_1234,face_signing,/workspace/jinchuang_v4/extracted/data/loan_1234/face_signing.jpg,loan_1234/face_signing.jpg,149454,1024,1024,ok,,val,face_signing,0.9986339
loan_1235,face_signing,/workspace/jinchuang_v4/extracted/data/loan_1235/face_signing.jpg,loan_1235/face_signing.jpg,331797,1254,1254,ok,,train,face_signing,0.9979504
loan_1236,face_signing,/workspace/jinchuang_v4/extracted/data/loan_1236/face_signing.jpg,loan_1236/face_signing.jpg,148694,1024,1024,ok,,train,face_signing,0.9987166
loan_1237,face_signing,/workspace/jinchuang_v4/extracted/data/loan_1237/face_signing.jpg,loan_1237/face_signing.jpg,137040,1024,1024,ok,,train,face_signing,0.99825567
loan_1238,face_signing,/workspace/jinchuang_v4/extracted/data/loan_1238/face_signing.jpg,loan_1238/face_signing.jpg,132185,1024,1024,ok,,val,face_signing,0.99874216
loan_1239,face_signing,/workspace/jinchuang_v4/extracted/data/loan_1239/face_signing.jpg,loan_1239/face_signing.jpg,109802,1024,1024,ok,,train,face_signing,0.99865913
loan_124,face_signing,/workspace/jinchuang_v4/extracted/data/loan_124/face_signing.jpg,loan_124/face_signing.jpg,110578,1024,1024,ok,,train,face_signing,0.99918586
loan_1240,face_signing,/workspace/jinchuang_v4/extracted/data/loan_1240/face_signing.jpg,loan_1240/face_signing.jpg,121944,1024,1024,ok,,test,face_signing,0.9974172
loan_1241,face_signing,/workspace/jinchuang_v4/extracted/data/loan_1241/face_signing.jpg,loan_1241/face_signing.jpg,121832,1024,1024,ok,,val,face_signing,0.9988105
loan_1242,face_signing,/workspace/jinchuang_v4/extracted/data/loan_1242/face_signing.jpg,loan_1242/face_signing.jpg,139134,1024,1024,ok,,train,face_signing,0.99894136
loan_1243,face_signing,/workspace/jinchuang_v4/extracted/data/loan_1243/face_signing.jpg,loan_1243/face_signing.jpg,127868,1024,1024,ok,,train,face_signing,0.9981517
loan_1244,face_signing,/workspace/jinchuang_v4/extracted/data/loan_1244/face_signing.jpg,loan_1244/face_signing.jpg,146962,1024,1024,ok,,test,face_signing,0.9972796
loan_1245,face_signing,/workspace/jinchuang_v4/extracted/data/loan_1245/face_signing.jpg,loan_1245/face_signing.jpg,115860,1024,1024,ok,,train,face_signing,0.99887556
loan_1246,face_signing,/workspace/jinchuang_v4/extracted/data/loan_1246/face_signing.jpg,loan_1246/face_signing.jpg,113365,1024,1024,ok,,train,face_signing,0.9977398
loan_1247,face_signing,/workspace/jinchuang_v4/extracted/data/loan_1247/face_signing.jpg,loan_1247/face_signing.jpg,2229419,2508,2508,ok,,train,face_signing,0.998777
loan_1248,face_signing,/workspace/jinchuang_v4/extracted/data/loan_1248/face_signing.jpg,loan_1248/face_signing.jpg,141574,1024,1024,ok,,test,face_signing,0.99830925
loan_1249,face_signing,/workspace/jinchuang_v4/extracted/data/loan_1249/face_signing.jpg,loan_1249/face_signing.jpg,173375,1024,1024,ok,,train,face_signing,0.9985335
loan_125,face_signing,/workspace/jinchuang_v4/extracted/data/loan_125/face_signing.jpg,loan_125/face_signing.jpg,119922,1024,1024,ok,,test,face_signing,0.9984303
loan_1250,face_signing,/workspace/jinchuang_v4/extracted/data/loan_1250/face_signing.jpg,loan_1250/face_signing.jpg,109145,1024,1024,ok,,train,face_signing,0.998787
loan_1251,face_signing,/workspace/jinchuang_v4/extracted/data/loan_1251/face_signing.jpg,loan_1251/face_signing.jpg,137790,1024,1024,ok,,train,face_signing,0.99823606
loan_1252,face_signing,/workspace/jinchuang_v4/extracted/data/loan_1252/face_signing.jpg,loan_1252/face_signing.jpg,1970797,2508,2508,ok,,test,face_signing,0.9981993
loan_1253,face_signing,/workspace/jinchuang_v4/extracted/data/loan_1253/face_signing.jpg,loan_1253/face_signing.jpg,111312,1024,1024,ok,,train,face_signing,0.9990996
loan_1254,face_signing,/workspace/jinchuang_v4/extracted/data/loan_1254/face_signing.jpg,loan_1254/face_signing.jpg,183105,1024,1024,ok,,test,face_signing,0.99843055
loan_1255,face_signing,/workspace/jinchuang_v4/extracted/data/loan_1255/face_signing.jpg,loan_1255/face_signing.jpg,114622,1024,1024,ok,,test,face_signing,0.99852234
loan_1256,face_signing,/workspace/jinchuang_v4/extracted/data/loan_1256/face_signing.jpg,loan_1256/face_signing.jpg,167217,1024,1024,ok,,test,face_signing,0.9972537
loan_1257,face_signing,/workspace/jinchuang_v4/extracted/data/loan_1257/face_signing.jpg,loan_1257/face_signing.jpg,2249832,2508,2508,ok,,test,face_signing,0.99890983
loan_1258,face_signing,/workspace/jinchuang_v4/extracted/data/loan_1258/face_signing.jpg,loan_1258/face_signing.jpg,116746,1024,1024,ok,,test,face_signing,0.99895847
loan_1259,face_signing,/workspace/jinchuang_v4/extracted/data/loan_1259/face_signing.jpg,loan_1259/face_signing.jpg,142696,1024,1024,ok,,val,face_signing,0.9969158
loan_126,face_signing,/workspace/jinchuang_v4/extracted/data/loan_126/face_signing.jpg,loan_126/face_signing.jpg,104782,1024,1024,ok,,train,face_signing,0.99662775
loan_1260,face_signing,/workspace/jinchuang_v4/extracted/data/loan_1260/face_signing.jpg,loan_1260/face_signing.jpg,107963,1024,1024,ok,,train,face_signing,0.9984875
loan_1261,face_signing,/workspace/jinchuang_v4/extracted/data/loan_1261/face_signing.jpg,loan_1261/face_signing.jpg,2206365,2508,2508,ok,,train,face_signing,0.9990526
loan_1262,face_signing,/workspace/jinchuang_v4/extracted/data/loan_1262/face_signing.jpg,loan_1262/face_signing.jpg,124292,1024,1024,ok,,test,face_signing,0.99844474
loan_1263,face_signing,/workspace/jinchuang_v4/extracted/data/loan_1263/face_signing.jpg,loan_1263/face_signing.jpg,120386,1024,1024,ok,,test,face_signing,0.99845266
loan_1264,face_signing,/workspace/jinchuang_v4/extracted/data/loan_1264/face_signing.jpg,loan_1264/face_signing.jpg,110481,1024,1024,ok,,train,face_signing,0.99884206
loan_1265,face_signing,/workspace/jinchuang_v4/extracted/data/loan_1265/face_signing.jpg,loan_1265/face_signing.jpg,120427,1024,1024,ok,,train,face_signing,0.9988299
loan_1266,face_signing,/workspace/jinchuang_v4/extracted/data/loan_1266/face_signing.jpg,loan_1266/face_signing.jpg,126998,1024,1024,ok,,test,face_signing,0.9989838
loan_1267,face_signing,/workspace/jinchuang_v4/extracted/data/loan_1267/face_signing.jpg,loan_1267/face_signing.jpg,140284,1024,1024,ok,,train,face_signing,0.998218
loan_1268,face_signing,/workspace/jinchuang_v4/extracted/data/loan_1268/face_signing.jpg,loan_1268/face_signing.jpg,117356,1024,1024,ok,,train,face_signing,0.99851567
loan_1269,face_signing,/workspace/jinchuang_v4/extracted/data/loan_1269/face_signing.jpg,loan_1269/face_signing.jpg,126586,1024,1024,ok,,val,face_signing,0.9981086
loan_127,face_signing,/workspace/jinchuang_v4/extracted/data/loan_127/face_signing.jpg,loan_127/face_signing.jpg,124366,1024,1024,ok,,train,face_signing,0.9983975
loan_1270,face_signing,/workspace/jinchuang_v4/extracted/data/loan_1270/face_signing.jpg,loan_1270/face_signing.jpg,99854,1024,1024,ok,,train,face_signing,0.99871445
loan_1271,face_signing,/workspace/jinchuang_v4/extracted/data/loan_1271/face_signing.jpg,loan_1271/face_signing.jpg,132418,1024,1024,ok,,train,face_signing,0.99867094
loan_1272,face_signing,/workspace/jinchuang_v4/extracted/data/loan_1272/face_signing.jpg,loan_1272/face_signing.jpg,129171,1024,1024,ok,,val,face_signing,0.99892396
loan_1273,face_signing,/workspace/jinchuang_v4/extracted/data/loan_1273/face_signing.jpg,loan_1273/face_signing.jpg,133208,1024,1024,ok,,train,face_signing,0.9982667
loan_1274,face_signing,/workspace/jinchuang_v4/extracted/data/loan_1274/face_signing.jpg,loan_1274/face_signing.jpg,140469,1024,1024,ok,,test,face_signing,0.9978046
loan_1275,face_signing,/workspace/jinchuang_v4/extracted/data/loan_1275/face_signing.jpg,loan_1275/face_signing.jpg,1942620,2508,2508,ok,,val,face_signing,0.9985065
loan_1276,face_signing,/workspace/jinchuang_v4/extracted/data/loan_1276/face_signing.jpg,loan_1276/face_signing.jpg,135706,1024,1024,ok,,train,face_signing,0.99813807
loan_1277,face_signing,/workspace/jinchuang_v4/extracted/data/loan_1277/face_signing.jpg,loan_1277/face_signing.jpg,2039808,2508,2508,ok,,train,face_signing,0.998621
loan_1278,face_signing,/workspace/jinchuang_v4/extracted/data/loan_1278/face_signing.jpg,loan_1278/face_signing.jpg,129002,1024,1024,ok,,val,face_signing,0.99820566
loan_1279,face_signing,/workspace/jinchuang_v4/extracted/data/loan_1279/face_signing.jpg,loan_1279/face_signing.jpg,106194,1024,1024,ok,,train,face_signing,0.998454
loan_128,face_signing,/workspace/jinchuang_v4/extracted/data/loan_128/face_signing.jpg,loan_128/face_signing.jpg,121650,1024,1024,ok,,train,face_signing,0.9984647
loan_1280,face_signing,/workspace/jinchuang_v4/extracted/data/loan_1280/face_signing.jpg,loan_1280/face_signing.jpg,131589,1024,1024,ok,,val,face_signing,0.9976544
loan_1281,face_signing,/workspace/jinchuang_v4/extracted/data/loan_1281/face_signing.jpg,loan_1281/face_signing.jpg,124033,1024,1024,ok,,train,face_signing,0.99926776
loan_1282,face_signing,/workspace/jinchuang_v4/extracted/data/loan_1282/face_signing.jpg,loan_1282/face_signing.jpg,113184,1024,1024,ok,,train,face_signing,0.999005
loan_1283,face_signing,/workspace/jinchuang_v4/extracted/data/loan_1283/face_signing.jpg,loan_1283/face_signing.jpg,116105,1024,1024,ok,,test,face_signing,0.9988636
loan_1284,face_signing,/workspace/jinchuang_v4/extracted/data/loan_1284/face_signing.jpg,loan_1284/face_signing.jpg,117577,1024,1024,ok,,train,face_signing,0.9977969
loan_1285,face_signing,/workspace/jinchuang_v4/extracted/data/loan_1285/face_signing.jpg,loan_1285/face_signing.jpg,117513,1024,1024,ok,,val,face_signing,0.9988998
loan_1286,face_signing,/workspace/jinchuang_v4/extracted/data/loan_1286/face_signing.jpg,loan_1286/face_signing.jpg,110668,1024,1024,ok,,train,face_signing,0.99914074
loan_1287,face_signing,/workspace/jinchuang_v4/extracted/data/loan_1287/face_signing.jpg,loan_1287/face_signing.jpg,2089528,2508,2508,ok,,train,face_signing,0.9987594
loan_1288,face_signing,/workspace/jinchuang_v4/extracted/data/loan_1288/face_signing.jpg,loan_1288/face_signing.jpg,118545,1024,1024,ok,,train,face_signing,0.9987992
loan_1289,face_signing,/workspace/jinchuang_v4/extracted/data/loan_1289/face_signing.jpg,loan_1289/face_signing.jpg,2134263,2508,2508,ok,,train,face_signing,0.99753535
loan_129,face_signing,/workspace/jinchuang_v4/extracted/data/loan_129/face_signing.jpg,loan_129/face_signing.jpg,125361,1024,1024,ok,,train,face_signing,0.99926573
loan_1290,face_signing,/workspace/jinchuang_v4/extracted/data/loan_1290/face_signing.jpg,loan_1290/face_signing.jpg,127821,1024,1024,ok,,val,face_signing,0.99928266
loan_1291,face_signing,/workspace/jinchuang_v4/extracted/data/loan_1291/face_signing.jpg,loan_1291/face_signing.jpg,122504,1024,1024,ok,,val,face_signing,0.9987166
loan_1292,face_signing,/workspace/jinchuang_v4/extracted/data/loan_1292/face_signing.jpg,loan_1292/face_signing.jpg,117716,1024,1024,ok,,train,face_signing,0.99859077
loan_1293,face_signing,/workspace/jinchuang_v4/extracted/data/loan_1293/face_signing.jpg,loan_1293/face_signing.jpg,127306,1024,1024,ok,,test,face_signing,0.9982363
loan_1294,face_signing,/workspace/jinchuang_v4/extracted/data/loan_1294/face_signing.jpg,loan_1294/face_signing.jpg,2049658,2508,2508,ok,,train,face_signing,0.9982455
loan_1295,face_signing,/workspace/jinchuang_v4/extracted/data/loan_1295/face_signing.jpg,loan_1295/face_signing.jpg,2114735,2508,2508,ok,,train,face_signing,0.9982158
loan_1296,face_signing,/workspace/jinchuang_v4/extracted/data/loan_1296/face_signing.jpg,loan_1296/face_signing.jpg,136311,1024,1024,ok,,train,face_signing,0.99866366
loan_1297,face_signing,/workspace/jinchuang_v4/extracted/data/loan_1297/face_signing.jpg,loan_1297/face_signing.jpg,127162,1024,1024,ok,,train,face_signing,0.9987715
loan_1298,face_signing,/workspace/jinchuang_v4/extracted/data/loan_1298/face_signing.jpg,loan_1298/face_signing.jpg,150799,1024,1024,ok,,val,face_signing,0.9976173
loan_1299,face_signing,/workspace/jinchuang_v4/extracted/data/loan_1299/face_signing.jpg,loan_1299/face_signing.jpg,108694,1024,1024,ok,,val,face_signing,0.99845815
loan_130,face_signing,/workspace/jinchuang_v4/extracted/data/loan_130/face_signing.jpg,loan_130/face_signing.jpg,366411,1254,1254,ok,,test,face_signing,0.9981014
loan_1300,face_signing,/workspace/jinchuang_v4/extracted/data/loan_1300/face_signing.jpg,loan_1300/face_signing.jpg,92658,1024,1024,ok,,train,face_signing,0.99654514
loan_1301,face_signing,/workspace/jinchuang_v4/extracted/data/loan_1301/face_signing.jpg,loan_1301/face_signing.jpg,147049,1024,1024,ok,,val,face_signing,0.9984365
loan_1302,face_signing,/workspace/jinchuang_v4/extracted/data/loan_1302/face_signing.jpg,loan_1302/face_signing.jpg,349631,1254,1254,ok,,train,face_signing,0.99836546
loan_1303,face_signing,/workspace/jinchuang_v4/extracted/data/loan_1303/face_signing.jpg,loan_1303/face_signing.jpg,176146,1024,1024,ok,,train,face_signing,0.99757856
loan_1304,face_signing,/workspace/jinchuang_v4/extracted/data/loan_1304/face_signing.jpg,loan_1304/face_signing.jpg,132451,1024,1024,ok,,test,face_signing,0.9986743
loan_1305,face_signing,/workspace/jinchuang_v4/extracted/data/loan_1305/face_signing.jpg,loan_1305/face_signing.jpg,151064,1024,1024,ok,,test,face_signing,0.9987135
loan_1306,face_signing,/workspace/jinchuang_v4/extracted/data/loan_1306/face_signing.jpg,loan_1306/face_signing.jpg,112336,1024,1024,ok,,test,face_signing,0.99817383
loan_1307,face_signing,/workspace/jinchuang_v4/extracted/data/loan_1307/face_signing.jpg,loan_1307/face_signing.jpg,128199,1024,1024,ok,,val,face_signing,0.9989743
loan_1308,face_signing,/workspace/jinchuang_v4/extracted/data/loan_1308/face_signing.jpg,loan_1308/face_signing.jpg,125145,1024,1024,ok,,val,face_signing,0.993353
loan_1309,face_signing,/workspace/jinchuang_v4/extracted/data/loan_1309/face_signing.jpg,loan_1309/face_signing.jpg,155498,1024,1024,ok,,val,face_signing,0.9978243
loan_131,face_signing,/workspace/jinchuang_v4/extracted/data/loan_131/face_signing.jpg,loan_131/face_signing.jpg,354892,1254,1254,ok,,train,face_signing,0.99755484
loan_1310,face_signing,/workspace/jinchuang_v4/extracted/data/loan_1310/face_signing.jpg,loan_1310/face_signing.jpg,136889,1024,1024,ok,,val,face_signing,0.9985423
loan_1311,face_signing,/workspace/jinchuang_v4/extracted/data/loan_1311/face_signing.jpg,loan_1311/face_signing.jpg,436093,1254,1254,ok,,train,face_signing,0.9986859
loan_1312,face_signing,/workspace/jinchuang_v4/extracted/data/loan_1312/face_signing.jpg,loan_1312/face_signing.jpg,153437,1024,1024,ok,,train,face_signing,0.99826163
loan_1313,face_signing,/workspace/jinchuang_v4/extracted/data/loan_1313/face_signing.jpg,loan_1313/face_signing.jpg,143576,1024,1024,ok,,train,face_signing,0.99426985
loan_1314,face_signing,/workspace/jinchuang_v4/extracted/data/loan_1314/face_signing.jpg,loan_1314/face_signing.jpg,165090,1024,1024,ok,,train,face_signing,0.9973907
loan_1315,face_signing,/workspace/jinchuang_v4/extracted/data/loan_1315/face_signing.jpg,loan_1315/face_signing.jpg,422206,1254,1254,ok,,train,face_signing,0.9988293
loan_1316,face_signing,/workspace/jinchuang_v4/extracted/data/loan_1316/face_signing.jpg,loan_1316/face_signing.jpg,453888,1254,1254,ok,,train,face_signing,0.9976326
loan_1317,face_signing,/workspace/jinchuang_v4/extracted/data/loan_1317/face_signing.jpg,loan_1317/face_signing.jpg,118683,1024,1024,ok,,train,face_signing,0.99891853
loan_1318,face_signing,/workspace/jinchuang_v4/extracted/data/loan_1318/face_signing.jpg,loan_1318/face_signing.jpg,409761,1254,1254,ok,,train,face_signing,0.99775165
loan_1319,face_signing,/workspace/jinchuang_v4/extracted/data/loan_1319/face_signing.jpg,loan_1319/face_signing.jpg,142203,1024,1024,ok,,test,face_signing,0.9969893
loan_132,face_signing,/workspace/jinchuang_v4/extracted/data/loan_132/face_signing.jpg,loan_132/face_signing.jpg,140446,1024,1024,ok,,train,face_signing,0.99869823
loan_1320,face_signing,/workspace/jinchuang_v4/extracted/data/loan_1320/face_signing.jpg,loan_1320/face_signing.jpg,115997,1024,1024,ok,,train,face_signing,0.9989839
loan_1321,face_signing,/workspace/jinchuang_v4/extracted/data/loan_1321/face_signing.jpg,loan_1321/face_signing.jpg,129742,1024,1024,ok,,train,face_signing,0.9969426
loan_1322,face_signing,/workspace/jinchuang_v4/extracted/data/loan_1322/face_signing.jpg,loan_1322/face_signing.jpg,133982,1024,1024,ok,,val,face_signing,0.99855596
loan_1323,face_signing,/workspace/jinchuang_v4/extracted/data/loan_1323/face_signing.jpg,loan_1323/face_signing.jpg,154601,1024,1024,ok,,val,face_signing,0.99306834
loan_1324,face_signing,/workspace/jinchuang_v4/extracted/data/loan_1324/face_signing.jpg,loan_1324/face_signing.jpg,133408,1024,1024,ok,,train,face_signing,0.997928
loan_1325,face_signing,/workspace/jinchuang_v4/extracted/data/loan_1325/face_signing.jpg,loan_1325/face_signing.jpg,133568,1024,1024,ok,,train,face_signing,0.9984945
loan_1326,face_signing,/workspace/jinchuang_v4/extracted/data/loan_1326/face_signing.jpg,loan_1326/face_signing.jpg,458575,1254,1254,ok,,val,face_signing,0.99843353
loan_1327,face_signing,/workspace/jinchuang_v4/extracted/data/loan_1327/face_signing.jpg,loan_1327/face_signing.jpg,144695,1024,1024,ok,,train,face_signing,0.99876153
loan_1328,face_signing,/workspace/jinchuang_v4/extracted/data/loan_1328/face_signing.jpg,loan_1328/face_signing.jpg,115683,1024,1024,ok,,val,face_signing,0.9969637
loan_1329,face_signing,/workspace/jinchuang_v4/extracted/data/loan_1329/face_signing.jpg,loan_1329/face_signing.jpg,126659,1024,1024,ok,,train,face_signing,0.99646616
loan_133,face_signing,/workspace/jinchuang_v4/extracted/data/loan_133/face_signing.jpg,loan_133/face_signing.jpg,343111,1254,1254,ok,,train,face_signing,0.99741143
loan_1330,face_signing,/workspace/jinchuang_v4/extracted/data/loan_1330/face_signing.jpg,loan_1330/face_signing.jpg,173835,1024,1024,ok,,test,face_signing,0.99633646
loan_1331,face_signing,/workspace/jinchuang_v4/extracted/data/loan_1331/face_signing.jpg,loan_1331/face_signing.jpg,128767,1024,1024,ok,,test,face_signing,0.9977912
loan_1332,face_signing,/workspace/jinchuang_v4/extracted/data/loan_1332/face_signing.jpg,loan_1332/face_signing.jpg,123107,1024,1024,ok,,train,face_signing,0.9959651
loan_1333,face_signing,/workspace/jinchuang_v4/extracted/data/loan_1333/face_signing.jpg,loan_1333/face_signing.jpg,151186,1024,1024,ok,,val,face_signing,0.99751425
loan_1334,face_signing,/workspace/jinchuang_v4/extracted/data/loan_1334/face_signing.jpg,loan_1334/face_signing.jpg,157650,1024,1024,ok,,train,face_signing,0.9964541
loan_1335,face_signing,/workspace/jinchuang_v4/extracted/data/loan_1335/face_signing.jpg,loan_1335/face_signing.jpg,153294,1024,1024,ok,,train,face_signing,0.9979444
loan_1336,face_signing,/workspace/jinchuang_v4/extracted/data/loan_1336/face_signing.jpg,loan_1336/face_signing.jpg,109574,1024,1024,ok,,train,face_signing,0.9979809
loan_1337,face_signing,/workspace/jinchuang_v4/extracted/data/loan_1337/face_signing.jpg,loan_1337/face_signing.jpg,116974,1024,1024,ok,,train,face_signing,0.998247
loan_1338,face_signing,/workspace/jinchuang_v4/extracted/data/loan_1338/face_signing.jpg,loan_1338/face_signing.jpg,145961,1024,1024,ok,,val,face_signing,0.99744225
loan_1339,face_signing,/workspace/jinchuang_v4/extracted/data/loan_1339/face_signing.jpg,loan_1339/face_signing.jpg,86858,1024,1024,ok,,train,face_signing,0.99323624
loan_134,face_signing,/workspace/jinchuang_v4/extracted/data/loan_134/face_signing.jpg,loan_134/face_signing.jpg,344340,1254,1254,ok,,train,face_signing,0.9976827
loan_1340,face_signing,/workspace/jinchuang_v4/extracted/data/loan_1340/face_signing.jpg,loan_1340/face_signing.jpg,120565,1024,1024,ok,,train,face_signing,0.9949266
loan_1341,face_signing,/workspace/jinchuang_v4/extracted/data/loan_1341/face_signing.jpg,loan_1341/face_signing.jpg,110809,1024,1024,ok,,train,face_signing,0.9971283
loan_1342,face_signing,/workspace/jinchuang_v4/extracted/data/loan_1342/face_signing.jpg,loan_1342/face_signing.jpg,129100,1024,1024,ok,,val,face_signing,0.99889237
loan_1343,face_signing,/workspace/jinchuang_v4/extracted/data/loan_1343/face_signing.jpg,loan_1343/face_signing.jpg,143581,1024,1024,ok,,train,face_signing,0.99710613
loan_1344,face_signing,/workspace/jinchuang_v4/extracted/data/loan_1344/face_signing.jpg,loan_1344/face_signing.jpg,128891,1024,1024,ok,,val,face_signing,0.99876
loan_1345,face_signing,/workspace/jinchuang_v4/extracted/data/loan_1345/face_signing.jpg,loan_1345/face_signing.jpg,122806,1024,1024,ok,,train,face_signing,0.99881065
loan_1346,face_signing,/workspace/jinchuang_v4/extracted/data/loan_1346/face_signing.jpg,loan_1346/face_signing.jpg,133184,1024,1024,ok,,train,face_signing,0.99852765
loan_1347,face_signing,/workspace/jinchuang_v4/extracted/data/loan_1347/face_signing.jpg,loan_1347/face_signing.jpg,128688,1024,1024,ok,,test,face_signing,0.99872476
loan_1348,face_signing,/workspace/jinchuang_v4/extracted/data/loan_1348/face_signing.jpg,loan_1348/face_signing.jpg,146952,1024,1024,ok,,train,face_signing,0.9981621
loan_1349,face_signing,/workspace/jinchuang_v4/extracted/data/loan_1349/face_signing.jpg,loan_1349/face_signing.jpg,128235,1024,1024,ok,,train,face_signing,0.9978667
loan_135,face_signing,/workspace/jinchuang_v4/extracted/data/loan_135/face_signing.jpg,loan_135/face_signing.jpg,144418,1024,1024,ok,,train,face_signing,0.99748945
loan_1350,face_signing,/workspace/jinchuang_v4/extracted/data/loan_1350/face_signing.jpg,loan_1350/face_signing.jpg,111189,1024,1024,ok,,train,face_signing,0.99842787
loan_1351,face_signing,/workspace/jinchuang_v4/extracted/data/loan_1351/face_signing.jpg,loan_1351/face_signing.jpg,505854,1254,1254,ok,,train,face_signing,0.9979138
loan_1352,face_signing,/workspace/jinchuang_v4/extracted/data/loan_1352/face_signing.jpg,loan_1352/face_signing.jpg,118937,1024,1024,ok,,train,face_signing,0.99823904
loan_1353,face_signing,/workspace/jinchuang_v4/extracted/data/loan_1353/face_signing.jpg,loan_1353/face_signing.jpg,111731,1024,1024,ok,,val,face_signing,0.9990829
loan_1354,face_signing,/workspace/jinchuang_v4/extracted/data/loan_1354/face_signing.jpg,loan_1354/face_signing.jpg,140436,1024,1024,ok,,train,face_signing,0.9985245
loan_1355,face_signing,/workspace/jinchuang_v4/extracted/data/loan_1355/face_signing.jpg,loan_1355/face_signing.jpg,137368,1024,1024,ok,,train,face_signing,0.9953892
loan_1356,face_signing,/workspace/jinchuang_v4/extracted/data/loan_1356/face_signing.jpg,loan_1356/face_signing.jpg,125065,1024,1024,ok,,train,face_signing,0.9981864
loan_1357,face_signing,/workspace/jinchuang_v4/extracted/data/loan_1357/face_signing.jpg,loan_1357/face_signing.jpg,149932,1024,1024,ok,,val,face_signing,0.99875975
loan_1358,face_signing,/workspace/jinchuang_v4/extracted/data/loan_1358/face_signing.jpg,loan_1358/face_signing.jpg,128882,1024,1024,ok,,train,face_signing,0.9990038
loan_1359,face_signing,/workspace/jinchuang_v4/extracted/data/loan_1359/face_signing.jpg,loan_1359/face_signing.jpg,165210,1024,1024,ok,,train,face_signing,0.997184
loan_136,face_signing,/workspace/jinchuang_v4/extracted/data/loan_136/face_signing.jpg,loan_136/face_signing.jpg,132905,1024,1024,ok,,train,face_signing,0.9991698
loan_1360,face_signing,/workspace/jinchuang_v4/extracted/data/loan_1360/face_signing.jpg,loan_1360/face_signing.jpg,372281,1254,1254,ok,,test,face_signing,0.99788576
loan_1361,face_signing,/workspace/jinchuang_v4/extracted/data/loan_1361/face_signing.jpg,loan_1361/face_signing.jpg,128508,1024,1024,ok,,train,face_signing,0.9983822
loan_1362,face_signing,/workspace/jinchuang_v4/extracted/data/loan_1362/face_signing.jpg,loan_1362/face_signing.jpg,129317,1024,1024,ok,,test,face_signing,0.9977398
loan_1363,face_signing,/workspace/jinchuang_v4/extracted/data/loan_1363/face_signing.jpg,loan_1363/face_signing.jpg,113324,1024,1024,ok,,train,face_signing,0.9987955
loan_1364,face_signing,/workspace/jinchuang_v4/extracted/data/loan_1364/face_signing.jpg,loan_1364/face_signing.jpg,118734,1024,1024,ok,,train,face_signing,0.99911994
loan_1365,face_signing,/workspace/jinchuang_v4/extracted/data/loan_1365/face_signing.jpg,loan_1365/face_signing.jpg,148483,1024,1024,ok,,val,face_signing,0.99893755
loan_1366,face_signing,/workspace/jinchuang_v4/extracted/data/loan_1366/face_signing.jpg,loan_1366/face_signing.jpg,120052,1024,1024,ok,,train,face_signing,0.9990558
loan_1367,face_signing,/workspace/jinchuang_v4/extracted/data/loan_1367/face_signing.jpg,loan_1367/face_signing.jpg,110507,1024,1024,ok,,train,face_signing,0.9986525
loan_1368,face_signing,/workspace/jinchuang_v4/extracted/data/loan_1368/face_signing.jpg,loan_1368/face_signing.jpg,126261,1024,1024,ok,,train,face_signing,0.99671644
loan_1369,face_signing,/workspace/jinchuang_v4/extracted/data/loan_1369/face_signing.jpg,loan_1369/face_signing.jpg,136003,1024,1024,ok,,train,face_signing,0.9976503
loan_137,face_signing,/workspace/jinchuang_v4/extracted/data/loan_137/face_signing.jpg,loan_137/face_signing.jpg,123517,1024,1024,ok,,train,face_signing,0.9988776
loan_1370,face_signing,/workspace/jinchuang_v4/extracted/data/loan_1370/face_signing.jpg,loan_1370/face_signing.jpg,148425,1024,1024,ok,,val,face_signing,0.99712855
loan_1371,face_signing,/workspace/jinchuang_v4/extracted/data/loan_1371/face_signing.jpg,loan_1371/face_signing.jpg,125885,1024,1024,ok,,train,face_signing,0.99852955
loan_1372,face_signing,/workspace/jinchuang_v4/extracted/data/loan_1372/face_signing.jpg,loan_1372/face_signing.jpg,127505,1024,1024,ok,,val,face_signing,0.99696046
loan_1373,face_signing,/workspace/jinchuang_v4/extracted/data/loan_1373/face_signing.jpg,loan_1373/face_signing.jpg,128193,1024,1024,ok,,train,face_signing,0.9988721
loan_1374,face_signing,/workspace/jinchuang_v4/extracted/data/loan_1374/face_signing.jpg,loan_1374/face_signing.jpg,121668,1024,1024,ok,,test,face_signing,0.9978662
loan_1375,face_signing,/workspace/jinchuang_v4/extracted/data/loan_1375/face_signing.jpg,loan_1375/face_signing.jpg,442011,1254,1254,ok,,train,face_signing,0.99880624
loan_1376,face_signing,/workspace/jinchuang_v4/extracted/data/loan_1376/face_signing.jpg,loan_1376/face_signing.jpg,121929,1024,1024,ok,,val,face_signing,0.9986669
loan_1377,face_signing,/workspace/jinchuang_v4/extracted/data/loan_1377/face_signing.jpg,loan_1377/face_signing.jpg,112635,1024,1024,ok,,train,face_signing,0.9960349
loan_1378,face_signing,/workspace/jinchuang_v4/extracted/data/loan_1378/face_signing.jpg,loan_1378/face_signing.jpg,126387,1024,1024,ok,,train,face_signing,0.9987565
loan_1379,face_signing,/workspace/jinchuang_v4/extracted/data/loan_1379/face_signing.jpg,loan_1379/face_signing.jpg,126426,1024,1024,ok,,train,face_signing,0.99891233
loan_138,face_signing,/workspace/jinchuang_v4/extracted/data/loan_138/face_signing.jpg,loan_138/face_signing.jpg,157288,1024,1024,ok,,train,face_signing,0.99900395
loan_1380,face_signing,/workspace/jinchuang_v4/extracted/data/loan_1380/face_signing.jpg,loan_1380/face_signing.jpg,137563,1024,1024,ok,,test,face_signing,0.99823856
loan_1381,face_signing,/workspace/jinchuang_v4/extracted/data/loan_1381/face_signing.jpg,loan_1381/face_signing.jpg,157438,1024,1024,ok,,val,face_signing,0.9981993
loan_1382,face_signing,/workspace/jinchuang_v4/extracted/data/loan_1382/face_signing.jpg,loan_1382/face_signing.jpg,153250,1024,1024,ok,,train,face_signing,0.99873775
loan_1383,face_signing,/workspace/jinchuang_v4/extracted/data/loan_1383/face_signing.jpg,loan_1383/face_signing.jpg,140350,1024,1024,ok,,train,face_signing,0.99868447
loan_1384,face_signing,/workspace/jinchuang_v4/extracted/data/loan_1384/face_signing.jpg,loan_1384/face_signing.jpg,132017,1024,1024,ok,,test,face_signing,0.9988379
loan_1385,face_signing,/workspace/jinchuang_v4/extracted/data/loan_1385/face_signing.jpg,loan_1385/face_signing.jpg,113486,1024,1024,ok,,train,face_signing,0.9986879
loan_1386,face_signing,/workspace/jinchuang_v4/extracted/data/loan_1386/face_signing.jpg,loan_1386/face_signing.jpg,126283,1024,1024,ok,,test,face_signing,0.9986706
loan_1387,face_signing,/workspace/jinchuang_v4/extracted/data/loan_1387/face_signing.jpg,loan_1387/face_signing.jpg,112579,1024,1024,ok,,train,face_signing,0.99824417
loan_1388,face_signing,/workspace/jinchuang_v4/extracted/data/loan_1388/face_signing.jpg,loan_1388/face_signing.jpg,117199,1024,1024,ok,,val,face_signing,0.99820554
loan_1389,face_signing,/workspace/jinchuang_v4/extracted/data/loan_1389/face_signing.jpg,loan_1389/face_signing.jpg,121476,1024,1024,ok,,train,face_signing,0.998804
loan_139,face_signing,/workspace/jinchuang_v4/extracted/data/loan_139/face_signing.jpg,loan_139/face_signing.jpg,127420,1024,1024,ok,,val,face_signing,0.9989221
loan_1390,face_signing,/workspace/jinchuang_v4/extracted/data/loan_1390/face_signing.jpg,loan_1390/face_signing.jpg,125207,1024,1024,ok,,train,face_signing,0.99338645
loan_1391,face_signing,/workspace/jinchuang_v4/extracted/data/loan_1391/face_signing.jpg,loan_1391/face_signing.jpg,118857,1024,1024,ok,,train,face_signing,0.9977501
loan_1392,face_signing,/workspace/jinchuang_v4/extracted/data/loan_1392/face_signing.jpg,loan_1392/face_signing.jpg,124895,1024,1024,ok,,val,face_signing,0.9993043
loan_1393,face_signing,/workspace/jinchuang_v4/extracted/data/loan_1393/face_signing.jpg,loan_1393/face_signing.jpg,119592,1024,1024,ok,,train,face_signing,0.9993345
loan_1394,face_signing,/workspace/jinchuang_v4/extracted/data/loan_1394/face_signing.jpg,loan_1394/face_signing.jpg,145053,1024,1024,ok,,train,face_signing,0.99483657
loan_1395,face_signing,/workspace/jinchuang_v4/extracted/data/loan_1395/face_signing.jpg,loan_1395/face_signing.jpg,144705,1024,1024,ok,,val,face_signing,0.99684983
loan_1396,face_signing,/workspace/jinchuang_v4/extracted/data/loan_1396/face_signing.jpg,loan_1396/face_signing.jpg,125524,1024,1024,ok,,test,face_signing,0.99857247
loan_1397,face_signing,/workspace/jinchuang_v4/extracted/data/loan_1397/face_signing.jpg,loan_1397/face_signing.jpg,127756,1024,1024,ok,,train,face_signing,0.99722064
loan_1398,face_signing,/workspace/jinchuang_v4/extracted/data/loan_1398/face_signing.jpg,loan_1398/face_signing.jpg,120625,1024,1024,ok,,train,face_signing,0.9988531
loan_1399,face_signing,/workspace/jinchuang_v4/extracted/data/loan_1399/face_signing.jpg,loan_1399/face_signing.jpg,110044,1024,1024,ok,,train,face_signing,0.9968939
loan_140,face_signing,/workspace/jinchuang_v4/extracted/data/loan_140/face_signing.jpg,loan_140/face_signing.jpg,127987,1024,1024,ok,,train,face_signing,0.99916625
loan_1400,face_signing,/workspace/jinchuang_v4/extracted/data/loan_1400/face_signing.jpg,loan_1400/face_signing.jpg,121089,1024,1024,ok,,val,face_signing,0.9973341
loan_1401,face_signing,/workspace/jinchuang_v4/extracted/data/loan_1401/face_signing.jpg,loan_1401/face_signing.jpg,518374,1254,1254,ok,,val,face_signing,0.9977071
loan_1402,face_signing,/workspace/jinchuang_v4/extracted/data/loan_1402/face_signing.jpg,loan_1402/face_signing.jpg,142901,1024,1024,ok,,train,face_signing,0.99733907
loan_1403,face_signing,/workspace/jinchuang_v4/extracted/data/loan_1403/face_signing.jpg,loan_1403/face_signing.jpg,133724,1024,1024,ok,,train,face_signing,0.9983839
loan_1404,face_signing,/workspace/jinchuang_v4/extracted/data/loan_1404/face_signing.jpg,loan_1404/face_signing.jpg,133295,1024,1024,ok,,train,face_signing,0.99794704
loan_1405,face_signing,/workspace/jinchuang_v4/extracted/data/loan_1405/face_signing.jpg,loan_1405/face_signing.jpg,146008,1024,1024,ok,,train,face_signing,0.99842525
loan_1406,face_signing,/workspace/jinchuang_v4/extracted/data/loan_1406/face_signing.jpg,loan_1406/face_signing.jpg,127220,1024,1024,ok,,val,face_signing,0.9990765
loan_1407,face_signing,/workspace/jinchuang_v4/extracted/data/loan_1407/face_signing.jpg,loan_1407/face_signing.jpg,133777,1024,1024,ok,,train,face_signing,0.99901724
loan_1408,face_signing,/workspace/jinchuang_v4/extracted/data/loan_1408/face_signing.jpg,loan_1408/face_signing.jpg,134363,1024,1024,ok,,train,face_signing,0.9987563
loan_1409,face_signing,/workspace/jinchuang_v4/extracted/data/loan_1409/face_signing.jpg,loan_1409/face_signing.jpg,146474,1024,1024,ok,,train,face_signing,0.9987012
loan_141,face_signing,/workspace/jinchuang_v4/extracted/data/loan_141/face_signing.jpg,loan_141/face_signing.jpg,127568,1024,1024,ok,,val,face_signing,0.9981517
loan_1410,face_signing,/workspace/jinchuang_v4/extracted/data/loan_1410/face_signing.jpg,loan_1410/face_signing.jpg,160902,1024,1024,ok,,val,face_signing,0.9984938
loan_1411,face_signing,/workspace/jinchuang_v4/extracted/data/loan_1411/face_signing.jpg,loan_1411/face_signing.jpg,119657,1024,1024,ok,,train,face_signing,0.9984092
loan_1412,face_signing,/workspace/jinchuang_v4/extracted/data/loan_1412/face_signing.jpg,loan_1412/face_signing.jpg,509497,1254,1254,ok,,train,face_signing,0.99821484
loan_1413,face_signing,/workspace/jinchuang_v4/extracted/data/loan_1413/face_signing.jpg,loan_1413/face_signing.jpg,428376,1254,1254,ok,,train,face_signing,0.99776757
loan_1414,face_signing,/workspace/jinchuang_v4/extracted/data/loan_1414/face_signing.jpg,loan_1414/face_signing.jpg,122309,1024,1024,ok,,test,face_signing,0.99809116
loan_1415,face_signing,/workspace/jinchuang_v4/extracted/data/loan_1415/face_signing.jpg,loan_1415/face_signing.jpg,123333,1024,1024,ok,,train,face_signing,0.9984969
loan_1416,face_signing,/workspace/jinchuang_v4/extracted/data/loan_1416/face_signing.jpg,loan_1416/face_signing.jpg,143379,1024,1024,ok,,train,face_signing,0.9977715
loan_1417,face_signing,/workspace/jinchuang_v4/extracted/data/loan_1417/face_signing.jpg,loan_1417/face_signing.jpg,133122,1024,1024,ok,,test,face_signing,0.9973334
loan_1418,face_signing,/workspace/jinchuang_v4/extracted/data/loan_1418/face_signing.jpg,loan_1418/face_signing.jpg,134552,1024,1024,ok,,train,face_signing,0.998747
loan_1419,face_signing,/workspace/jinchuang_v4/extracted/data/loan_1419/face_signing.jpg,loan_1419/face_signing.jpg,505173,1254,1254,ok,,train,face_signing,0.9968246
loan_142,face_signing,/workspace/jinchuang_v4/extracted/data/loan_142/face_signing.jpg,loan_142/face_signing.jpg,340634,1254,1254,ok,,train,face_signing,0.9977437
loan_1420,face_signing,/workspace/jinchuang_v4/extracted/data/loan_1420/face_signing.jpg,loan_1420/face_signing.jpg,449107,1254,1254,ok,,val,face_signing,0.9982887
loan_1421,face_signing,/workspace/jinchuang_v4/extracted/data/loan_1421/face_signing.jpg,loan_1421/face_signing.jpg,201380,1024,1024,ok,,train,face_signing,0.9981413
loan_1422,face_signing,/workspace/jinchuang_v4/extracted/data/loan_1422/face_signing.jpg,loan_1422/face_signing.jpg,118595,1024,1024,ok,,train,face_signing,0.9984876
loan_1423,face_signing,/workspace/jinchuang_v4/extracted/data/loan_1423/face_signing.jpg,loan_1423/face_signing.jpg,132560,1024,1024,ok,,train,face_signing,0.9988213
loan_1424,face_signing,/workspace/jinchuang_v4/extracted/data/loan_1424/face_signing.jpg,loan_1424/face_signing.jpg,134338,1024,1024,ok,,train,face_signing,0.9987459
loan_1425,face_signing,/workspace/jinchuang_v4/extracted/data/loan_1425/face_signing.jpg,loan_1425/face_signing.jpg,115063,1024,1024,ok,,val,face_signing,0.9991277
loan_1426,face_signing,/workspace/jinchuang_v4/extracted/data/loan_1426/face_signing.jpg,loan_1426/face_signing.jpg,112205,1024,1024,ok,,train,face_signing,0.99918276
loan_1427,face_signing,/workspace/jinchuang_v4/extracted/data/loan_1427/face_signing.jpg,loan_1427/face_signing.jpg,493559,1254,1254,ok,,train,face_signing,0.9986444
loan_1428,face_signing,/workspace/jinchuang_v4/extracted/data/loan_1428/face_signing.jpg,loan_1428/face_signing.jpg,165992,1024,1024,ok,,val,face_signing,0.99834514
loan_1429,face_signing,/workspace/jinchuang_v4/extracted/data/loan_1429/face_signing.jpg,loan_1429/face_signing.jpg,120864,1024,1024,ok,,train,face_signing,0.99876726
loan_143,face_signing,/workspace/jinchuang_v4/extracted/data/loan_143/face_signing.jpg,loan_143/face_signing.jpg,124678,1024,1024,ok,,test,face_signing,0.9970298
loan_1430,face_signing,/workspace/jinchuang_v4/extracted/data/loan_1430/face_signing.jpg,loan_1430/face_signing.jpg,121677,1024,1024,ok,,val,face_signing,0.9980971
loan_1431,face_signing,/workspace/jinchuang_v4/extracted/data/loan_1431/face_signing.jpg,loan_1431/face_signing.jpg,132988,1024,1024,ok,,train,face_signing,0.9983884
loan_1432,face_signing,/workspace/jinchuang_v4/extracted/data/loan_1432/face_signing.jpg,loan_1432/face_signing.jpg,154300,1024,1024,ok,,train,face_signing,0.99802244
loan_1433,face_signing,/workspace/jinchuang_v4/extracted/data/loan_1433/face_signing.jpg,loan_1433/face_signing.jpg,143412,1024,1024,ok,,train,face_signing,0.9987453
loan_1434,face_signing,/workspace/jinchuang_v4/extracted/data/loan_1434/face_signing.jpg,loan_1434/face_signing.jpg,145631,1024,1024,ok,,train,face_signing,0.99846774
loan_1435,face_signing,/workspace/jinchuang_v4/extracted/data/loan_1435/face_signing.jpg,loan_1435/face_signing.jpg,461684,1254,1254,ok,,train,face_signing,0.99655354
loan_1436,face_signing,/workspace/jinchuang_v4/extracted/data/loan_1436/face_signing.jpg,loan_1436/face_signing.jpg,115614,1024,1024,ok,,train,face_signing,0.998909
loan_1437,face_signing,/workspace/jinchuang_v4/extracted/data/loan_1437/face_signing.jpg,loan_1437/face_signing.jpg,137724,1024,1024,ok,,test,face_signing,0.99871945
loan_1438,face_signing,/workspace/jinchuang_v4/extracted/data/loan_1438/face_signing.jpg,loan_1438/face_signing.jpg,114134,1024,1024,ok,,val,face_signing,0.99900275
loan_1439,face_signing,/workspace/jinchuang_v4/extracted/data/loan_1439/face_signing.jpg,loan_1439/face_signing.jpg,115023,1024,1024,ok,,test,face_signing,0.9986998
loan_144,face_signing,/workspace/jinchuang_v4/extracted/data/loan_144/face_signing.jpg,loan_144/face_signing.jpg,134696,1024,1024,ok,,train,face_signing,0.99395144
loan_1440,face_signing,/workspace/jinchuang_v4/extracted/data/loan_1440/face_signing.jpg,loan_1440/face_signing.jpg,134366,1024,1024,ok,,test,face_signing,0.9987226
loan_1441,face_signing,/workspace/jinchuang_v4/extracted/data/loan_1441/face_signing.jpg,loan_1441/face_signing.jpg,136117,1024,1024,ok,,train,face_signing,0.99895155
loan_1442,face_signing,/workspace/jinchuang_v4/extracted/data/loan_1442/face_signing.jpg,loan_1442/face_signing.jpg,158017,1024,1024,ok,,train,face_signing,0.99805045
loan_1443,face_signing,/workspace/jinchuang_v4/extracted/data/loan_1443/face_signing.jpg,loan_1443/face_signing.jpg,116426,1024,1024,ok,,train,face_signing,0.99882704
loan_1444,face_signing,/workspace/jinchuang_v4/extracted/data/loan_1444/face_signing.jpg,loan_1444/face_signing.jpg,154406,1024,1024,ok,,test,face_signing,0.99807054
loan_1445,face_signing,/workspace/jinchuang_v4/extracted/data/loan_1445/face_signing.jpg,loan_1445/face_signing.jpg,160442,1024,1024,ok,,train,face_signing,0.99813145
loan_1446,face_signing,/workspace/jinchuang_v4/extracted/data/loan_1446/face_signing.jpg,loan_1446/face_signing.jpg,127529,1024,1024,ok,,train,face_signing,0.99802965
loan_1447,face_signing,/workspace/jinchuang_v4/extracted/data/loan_1447/face_signing.jpg,loan_1447/face_signing.jpg,145770,1024,1024,ok,,test,face_signing,0.99891436
loan_1448,face_signing,/workspace/jinchuang_v4/extracted/data/loan_1448/face_signing.jpg,loan_1448/face_signing.jpg,464922,1254,1254,ok,,train,face_signing,0.9986999
loan_1449,face_signing,/workspace/jinchuang_v4/extracted/data/loan_1449/face_signing.jpg,loan_1449/face_signing.jpg,121042,1024,1024,ok,,train,face_signing,0.9984895
loan_145,face_signing,/workspace/jinchuang_v4/extracted/data/loan_145/face_signing.jpg,loan_145/face_signing.jpg,142603,1024,1024,ok,,train,face_signing,0.9982022
loan_1450,face_signing,/workspace/jinchuang_v4/extracted/data/loan_1450/face_signing.jpg,loan_1450/face_signing.jpg,124128,1024,1024,ok,,val,face_signing,0.9989215
loan_1451,face_signing,/workspace/jinchuang_v4/extracted/data/loan_1451/face_signing.jpg,loan_1451/face_signing.jpg,164213,1024,1024,ok,,train,face_signing,0.99783033
loan_1452,face_signing,/workspace/jinchuang_v4/extracted/data/loan_1452/face_signing.jpg,loan_1452/face_signing.jpg,140962,1024,1024,ok,,train,face_signing,0.9973732
loan_1453,face_signing,/workspace/jinchuang_v4/extracted/data/loan_1453/face_signing.jpg,loan_1453/face_signing.jpg,136105,1024,1024,ok,,train,face_signing,0.998941
loan_1454,face_signing,/workspace/jinchuang_v4/extracted/data/loan_1454/face_signing.jpg,loan_1454/face_signing.jpg,137204,1024,1024,ok,,train,face_signing,0.9985934
loan_1455,face_signing,/workspace/jinchuang_v4/extracted/data/loan_1455/face_signing.jpg,loan_1455/face_signing.jpg,149666,1024,1024,ok,,train,face_signing,0.9983783
loan_1456,face_signing,/workspace/jinchuang_v4/extracted/data/loan_1456/face_signing.jpg,loan_1456/face_signing.jpg,124776,1024,1024,ok,,train,face_signing,0.99808216
loan_1457,face_signing,/workspace/jinchuang_v4/extracted/data/loan_1457/face_signing.jpg,loan_1457/face_signing.jpg,128143,1024,1024,ok,,train,face_signing,0.99884856
loan_1458,face_signing,/workspace/jinchuang_v4/extracted/data/loan_1458/face_signing.jpg,loan_1458/face_signing.jpg,149673,1024,1024,ok,,train,face_signing,0.99810165
loan_1459,face_signing,/workspace/jinchuang_v4/extracted/data/loan_1459/face_signing.jpg,loan_1459/face_signing.jpg,139589,1024,1024,ok,,train,face_signing,0.9989717
loan_146,face_signing,/workspace/jinchuang_v4/extracted/data/loan_146/face_signing.jpg,loan_146/face_signing.jpg,135387,1024,1024,ok,,val,face_signing,0.9982236
loan_1460,face_signing,/workspace/jinchuang_v4/extracted/data/loan_1460/face_signing.jpg,loan_1460/face_signing.jpg,447826,1254,1254,ok,,train,face_signing,0.9980252
loan_1461,face_signing,/workspace/jinchuang_v4/extracted/data/loan_1461/face_signing.jpg,loan_1461/face_signing.jpg,127048,1024,1024,ok,,train,face_signing,0.9992563
loan_1462,face_signing,/workspace/jinchuang_v4/extracted/data/loan_1462/face_signing.jpg,loan_1462/face_signing.jpg,400941,1254,1254,ok,,train,face_signing,0.99853015
loan_1463,face_signing,/workspace/jinchuang_v4/extracted/data/loan_1463/face_signing.jpg,loan_1463/face_signing.jpg,454719,1254,1254,ok,,train,face_signing,0.99539644
loan_1464,face_signing,/workspace/jinchuang_v4/extracted/data/loan_1464/face_signing.jpg,loan_1464/face_signing.jpg,141860,1024,1024,ok,,train,face_signing,0.9976004
loan_1465,face_signing,/workspace/jinchuang_v4/extracted/data/loan_1465/face_signing.jpg,loan_1465/face_signing.jpg,125032,1024,1024,ok,,train,face_signing,0.9987942
loan_1466,face_signing,/workspace/jinchuang_v4/extracted/data/loan_1466/face_signing.jpg,loan_1466/face_signing.jpg,119700,1024,1024,ok,,train,face_signing,0.99922776
loan_1467,face_signing,/workspace/jinchuang_v4/extracted/data/loan_1467/face_signing.jpg,loan_1467/face_signing.jpg,479544,1254,1254,ok,,train,face_signing,0.9987368
loan_1468,face_signing,/workspace/jinchuang_v4/extracted/data/loan_1468/face_signing.jpg,loan_1468/face_signing.jpg,130184,1024,1024,ok,,train,face_signing,0.9988335
loan_1469,face_signing,/workspace/jinchuang_v4/extracted/data/loan_1469/face_signing.jpg,loan_1469/face_signing.jpg,135716,1024,1024,ok,,val,face_signing,0.9991104
loan_147,face_signing,/workspace/jinchuang_v4/extracted/data/loan_147/face_signing.jpg,loan_147/face_signing.jpg,108955,1024,1024,ok,,val,face_signing,0.99590945
loan_1470,face_signing,/workspace/jinchuang_v4/extracted/data/loan_1470/face_signing.jpg,loan_1470/face_signing.jpg,137863,1024,1024,ok,,train,face_signing,0.99665487
loan_1471,face_signing,/workspace/jinchuang_v4/extracted/data/loan_1471/face_signing.jpg,loan_1471/face_signing.jpg,127810,1024,1024,ok,,train,face_signing,0.9990356
loan_1472,face_signing,/workspace/jinchuang_v4/extracted/data/loan_1472/face_signing.jpg,loan_1472/face_signing.jpg,124280,1024,1024,ok,,train,face_signing,0.9991762
loan_1473,face_signing,/workspace/jinchuang_v4/extracted/data/loan_1473/face_signing.jpg,loan_1473/face_signing.jpg,137290,1024,1024,ok,,train,face_signing,0.99890435
loan_1474,face_signing,/workspace/jinchuang_v4/extracted/data/loan_1474/face_signing.jpg,loan_1474/face_signing.jpg,137645,1024,1024,ok,,train,face_signing,0.9987054
loan_1475,face_signing,/workspace/jinchuang_v4/extracted/data/loan_1475/face_signing.jpg,loan_1475/face_signing.jpg,126463,1024,1024,ok,,train,face_signing,0.9984073
loan_1476,face_signing,/workspace/jinchuang_v4/extracted/data/loan_1476/face_signing.jpg,loan_1476/face_signing.jpg,124744,1024,1024,ok,,test,face_signing,0.9984894
loan_1477,face_signing,/workspace/jinchuang_v4/extracted/data/loan_1477/face_signing.jpg,loan_1477/face_signing.jpg,144003,1024,1024,ok,,test,face_signing,0.99836224
loan_1478,face_signing,/workspace/jinchuang_v4/extracted/data/loan_1478/face_signing.jpg,loan_1478/face_signing.jpg,120807,1024,1024,ok,,train,face_signing,0.9985392
loan_1479,face_signing,/workspace/jinchuang_v4/extracted/data/loan_1479/face_signing.jpg,loan_1479/face_signing.jpg,148633,1024,1024,ok,,train,face_signing,0.998197
loan_148,face_signing,/workspace/jinchuang_v4/extracted/data/loan_148/face_signing.jpg,loan_148/face_signing.jpg,134650,1024,1024,ok,,val,face_signing,0.9974214
loan_1480,face_signing,/workspace/jinchuang_v4/extracted/data/loan_1480/face_signing.jpg,loan_1480/face_signing.jpg,442261,1254,1254,ok,,train,face_signing,0.9973997
loan_1481,face_signing,/workspace/jinchuang_v4/extracted/data/loan_1481/face_signing.jpg,loan_1481/face_signing.jpg,173564,1024,1024,ok,,train,face_signing,0.9974917
loan_1482,face_signing,/workspace/jinchuang_v4/extracted/data/loan_1482/face_signing.jpg,loan_1482/face_signing.jpg,432342,1254,1254,ok,,train,face_signing,0.998259
loan_1483,face_signing,/workspace/jinchuang_v4/extracted/data/loan_1483/face_signing.jpg,loan_1483/face_signing.jpg,126878,1024,1024,ok,,train,face_signing,0.99879515
loan_1484,face_signing,/workspace/jinchuang_v4/extracted/data/loan_1484/face_signing.jpg,loan_1484/face_signing.jpg,129864,1024,1024,ok,,val,face_signing,0.9986021
loan_1485,face_signing,/workspace/jinchuang_v4/extracted/data/loan_1485/face_signing.jpg,loan_1485/face_signing.jpg,467721,1254,1254,ok,,train,face_signing,0.9986884
loan_1486,face_signing,/workspace/jinchuang_v4/extracted/data/loan_1486/face_signing.jpg,loan_1486/face_signing.jpg,386251,1254,1254,ok,,val,face_signing,0.9984767
loan_1487,face_signing,/workspace/jinchuang_v4/extracted/data/loan_1487/face_signing.jpg,loan_1487/face_signing.jpg,120140,1024,1024,ok,,train,face_signing,0.9991448
loan_1488,face_signing,/workspace/jinchuang_v4/extracted/data/loan_1488/face_signing.jpg,loan_1488/face_signing.jpg,104167,1024,1024,ok,,val,face_signing,0.9992893
loan_1489,face_signing,/workspace/jinchuang_v4/extracted/data/loan_1489/face_signing.jpg,loan_1489/face_signing.jpg,146575,1024,1024,ok,,train,face_signing,0.99900925
loan_149,face_signing,/workspace/jinchuang_v4/extracted/data/loan_149/face_signing.jpg,loan_149/face_signing.jpg,151120,1024,1024,ok,,train,face_signing,0.9953295
loan_1490,face_signing,/workspace/jinchuang_v4/extracted/data/loan_1490/face_signing.jpg,loan_1490/face_signing.jpg,168124,1024,1024,ok,,train,face_signing,0.9972548
loan_1491,face_signing,/workspace/jinchuang_v4/extracted/data/loan_1491/face_signing.jpg,loan_1491/face_signing.jpg,123004,1024,1024,ok,,val,face_signing,0.9981359
loan_1492,face_signing,/workspace/jinchuang_v4/extracted/data/loan_1492/face_signing.jpg,loan_1492/face_signing.jpg,141150,1024,1024,ok,,train,face_signing,0.99878377
loan_1493,face_signing,/workspace/jinchuang_v4/extracted/data/loan_1493/face_signing.jpg,loan_1493/face_signing.jpg,103946,1024,1024,ok,,train,face_signing,0.99845934
loan_1494,face_signing,/workspace/jinchuang_v4/extracted/data/loan_1494/face_signing.jpg,loan_1494/face_signing.jpg,123935,1024,1024,ok,,train,face_signing,0.99912745
loan_1495,face_signing,/workspace/jinchuang_v4/extracted/data/loan_1495/face_signing.jpg,loan_1495/face_signing.jpg,463394,1254,1254,ok,,train,face_signing,0.9978435
loan_1496,face_signing,/workspace/jinchuang_v4/extracted/data/loan_1496/face_signing.jpg,loan_1496/face_signing.jpg,137971,1024,1024,ok,,train,face_signing,0.9989496
loan_1497,face_signing,/workspace/jinchuang_v4/extracted/data/loan_1497/face_signing.jpg,loan_1497/face_signing.jpg,147331,1024,1024,ok,,train,face_signing,0.99855584
loan_1498,face_signing,/workspace/jinchuang_v4/extracted/data/loan_1498/face_signing.jpg,loan_1498/face_signing.jpg,129439,1024,1024,ok,,train,face_signing,0.9969003
loan_1499,face_signing,/workspace/jinchuang_v4/extracted/data/loan_1499/face_signing.jpg,loan_1499/face_signing.jpg,121142,1024,1024,ok,,val,face_signing,0.99846834
loan_150,face_signing,/workspace/jinchuang_v4/extracted/data/loan_150/face_signing.jpg,loan_150/face_signing.jpg,114954,1024,1024,ok,,test,face_signing,0.99870896
loan_1500,face_signing,/workspace/jinchuang_v4/extracted/data/loan_1500/face_signing.jpg,loan_1500/face_signing.jpg,141436,1024,1024,ok,,val,face_signing,0.9986028
loan_1501,face_signing,/workspace/jinchuang_v4/extracted/data/loan_1501/face_signing.jpg,loan_1501/face_signing.jpg,128943,1024,1024,ok,,val,face_signing,0.9980211
loan_1502,face_signing,/workspace/jinchuang_v4/extracted/data/loan_1502/face_signing.jpg,loan_1502/face_signing.jpg,128373,1024,1024,ok,,val,face_signing,0.9988286
loan_1503,face_signing,/workspace/jinchuang_v4/extracted/data/loan_1503/face_signing.jpg,loan_1503/face_signing.jpg,401496,1254,1254,ok,,train,face_signing,0.9977907
loan_1504,face_signing,/workspace/jinchuang_v4/extracted/data/loan_1504/face_signing.jpg,loan_1504/face_signing.jpg,168788,1024,1024,ok,,train,face_signing,0.99749315
loan_1505,face_signing,/workspace/jinchuang_v4/extracted/data/loan_1505/face_signing.jpg,loan_1505/face_signing.jpg,113753,1024,1024,ok,,train,face_signing,0.9983682
loan_1506,face_signing,/workspace/jinchuang_v4/extracted/data/loan_1506/face_signing.jpg,loan_1506/face_signing.jpg,124479,1024,1024,ok,,test,face_signing,0.9984035
loan_1507,face_signing,/workspace/jinchuang_v4/extracted/data/loan_1507/face_signing.jpg,loan_1507/face_signing.jpg,402689,1254,1254,ok,,train,face_signing,0.99633443
loan_1508,face_signing,/workspace/jinchuang_v4/extracted/data/loan_1508/face_signing.jpg,loan_1508/face_signing.jpg,146510,1024,1024,ok,,train,face_signing,0.99919146
loan_1509,face_signing,/workspace/jinchuang_v4/extracted/data/loan_1509/face_signing.jpg,loan_1509/face_signing.jpg,131566,1024,1024,ok,,train,face_signing,0.9986313
loan_151,face_signing,/workspace/jinchuang_v4/extracted/data/loan_151/face_signing.jpg,loan_151/face_signing.jpg,152745,1024,1024,ok,,train,face_signing,0.99893063
loan_1510,face_signing,/workspace/jinchuang_v4/extracted/data/loan_1510/face_signing.jpg,loan_1510/face_signing.jpg,124704,1024,1024,ok,,train,face_signing,0.99767286
loan_1511,face_signing,/workspace/jinchuang_v4/extracted/data/loan_1511/face_signing.jpg,loan_1511/face_signing.jpg,161961,1024,1024,ok,,test,face_signing,0.9985372
loan_1512,face_signing,/workspace/jinchuang_v4/extracted/data/loan_1512/face_signing.jpg,loan_1512/face_signing.jpg,154168,1024,1024,ok,,train,face_signing,0.9989354
loan_1513,face_signing,/workspace/jinchuang_v4/extracted/data/loan_1513/face_signing.jpg,loan_1513/face_signing.jpg,136645,1024,1024,ok,,train,face_signing,0.99844354
loan_1514,face_signing,/workspace/jinchuang_v4/extracted/data/loan_1514/face_signing.jpg,loan_1514/face_signing.jpg,135798,1024,1024,ok,,train,face_signing,0.99931955
loan_1515,face_signing,/workspace/jinchuang_v4/extracted/data/loan_1515/face_signing.jpg,loan_1515/face_signing.jpg,128600,1024,1024,ok,,train,face_signing,0.99847525
loan_1516,face_signing,/workspace/jinchuang_v4/extracted/data/loan_1516/face_signing.jpg,loan_1516/face_signing.jpg,125244,1024,1024,ok,,train,face_signing,0.9989059
loan_1517,face_signing,/workspace/jinchuang_v4/extracted/data/loan_1517/face_signing.jpg,loan_1517/face_signing.jpg,449289,1254,1254,ok,,val,face_signing,0.9974813
loan_1518,face_signing,/workspace/jinchuang_v4/extracted/data/loan_1518/face_signing.jpg,loan_1518/face_signing.jpg,135832,1024,1024,ok,,train,face_signing,0.99874395
loan_1519,face_signing,/workspace/jinchuang_v4/extracted/data/loan_1519/face_signing.jpg,loan_1519/face_signing.jpg,149285,1024,1024,ok,,train,face_signing,0.9988545
loan_152,face_signing,/workspace/jinchuang_v4/extracted/data/loan_152/face_signing.jpg,loan_152/face_signing.jpg,177747,1024,1024,ok,,val,face_signing,0.9977799
loan_1520,face_signing,/workspace/jinchuang_v4/extracted/data/loan_1520/face_signing.jpg,loan_1520/face_signing.jpg,150741,1024,1024,ok,,val,face_signing,0.9969688
loan_1521,face_signing,/workspace/jinchuang_v4/extracted/data/loan_1521/face_signing.jpg,loan_1521/face_signing.jpg,124844,1024,1024,ok,,val,face_signing,0.9980806
loan_1522,face_signing,/workspace/jinchuang_v4/extracted/data/loan_1522/face_signing.jpg,loan_1522/face_signing.jpg,138204,1024,1024,ok,,test,face_signing,0.998741
loan_1523,face_signing,/workspace/jinchuang_v4/extracted/data/loan_1523/face_signing.jpg,loan_1523/face_signing.jpg,125606,1024,1024,ok,,train,face_signing,0.9986965
loan_1524,face_signing,/workspace/jinchuang_v4/extracted/data/loan_1524/face_signing.jpg,loan_1524/face_signing.jpg,126584,1024,1024,ok,,train,face_signing,0.99849355
loan_1525,face_signing,/workspace/jinchuang_v4/extracted/data/loan_1525/face_signing.jpg,loan_1525/face_signing.jpg,158629,1024,1024,ok,,train,face_signing,0.99895215
loan_1526,face_signing,/workspace/jinchuang_v4/extracted/data/loan_1526/face_signing.jpg,loan_1526/face_signing.jpg,133821,1024,1024,ok,,val,face_signing,0.9984856
loan_1527,face_signing,/workspace/jinchuang_v4/extracted/data/loan_1527/face_signing.jpg,loan_1527/face_signing.jpg,122675,1024,1024,ok,,train,face_signing,0.99904186
loan_1528,face_signing,/workspace/jinchuang_v4/extracted/data/loan_1528/face_signing.jpg,loan_1528/face_signing.jpg,432930,1254,1254,ok,,test,face_signing,0.9968934
loan_1529,face_signing,/workspace/jinchuang_v4/extracted/data/loan_1529/face_signing.jpg,loan_1529/face_signing.jpg,125354,1024,1024,ok,,train,face_signing,0.9987772
loan_153,face_signing,/workspace/jinchuang_v4/extracted/data/loan_153/face_signing.jpg,loan_153/face_signing.jpg,147111,1024,1024,ok,,train,face_signing,0.9980014
loan_1530,face_signing,/workspace/jinchuang_v4/extracted/data/loan_1530/face_signing.jpg,loan_1530/face_signing.jpg,143236,1024,1024,ok,,train,face_signing,0.9986872
loan_1531,face_signing,/workspace/jinchuang_v4/extracted/data/loan_1531/face_signing.jpg,loan_1531/face_signing.jpg,119358,1024,1024,ok,,train,face_signing,0.9990017
loan_1532,face_signing,/workspace/jinchuang_v4/extracted/data/loan_1532/face_signing.jpg,loan_1532/face_signing.jpg,153066,1024,1024,ok,,test,face_signing,0.99875295
loan_1533,face_signing,/workspace/jinchuang_v4/extracted/data/loan_1533/face_signing.jpg,loan_1533/face_signing.jpg,143051,1024,1024,ok,,train,face_signing,0.9979784
loan_1534,face_signing,/workspace/jinchuang_v4/extracted/data/loan_1534/face_signing.jpg,loan_1534/face_signing.jpg,142202,1024,1024,ok,,train,face_signing,0.9986481
loan_1535,face_signing,/workspace/jinchuang_v4/extracted/data/loan_1535/face_signing.jpg,loan_1535/face_signing.jpg,106385,1024,1024,ok,,train,face_signing,0.99835783
loan_1536,face_signing,/workspace/jinchuang_v4/extracted/data/loan_1536/face_signing.jpg,loan_1536/face_signing.jpg,150613,1024,1024,ok,,test,face_signing,0.99851924
loan_1537,face_signing,/workspace/jinchuang_v4/extracted/data/loan_1537/face_signing.jpg,loan_1537/face_signing.jpg,118978,1024,1024,ok,,val,face_signing,0.99766695
loan_1538,face_signing,/workspace/jinchuang_v4/extracted/data/loan_1538/face_signing.jpg,loan_1538/face_signing.jpg,156762,1024,1024,ok,,val,face_signing,0.99826163
loan_1539,face_signing,/workspace/jinchuang_v4/extracted/data/loan_1539/face_signing.jpg,loan_1539/face_signing.jpg,123545,1024,1024,ok,,train,face_signing,0.99837047
loan_154,face_signing,/workspace/jinchuang_v4/extracted/data/loan_154/face_signing.jpg,loan_154/face_signing.jpg,321709,1254,1254,ok,,val,face_signing,0.9976191
loan_1540,face_signing,/workspace/jinchuang_v4/extracted/data/loan_1540/face_signing.jpg,loan_1540/face_signing.jpg,126801,1024,1024,ok,,train,face_signing,0.99889576
loan_1541,face_signing,/workspace/jinchuang_v4/extracted/data/loan_1541/face_signing.jpg,loan_1541/face_signing.jpg,124183,1024,1024,ok,,train,face_signing,0.9989053
loan_1542,face_signing,/workspace/jinchuang_v4/extracted/data/loan_1542/face_signing.jpg,loan_1542/face_signing.jpg,133703,1024,1024,ok,,train,face_signing,0.99704933
loan_1543,face_signing,/workspace/jinchuang_v4/extracted/data/loan_1543/face_signing.jpg,loan_1543/face_signing.jpg,127719,1024,1024,ok,,train,face_signing,0.9989405
loan_1544,face_signing,/workspace/jinchuang_v4/extracted/data/loan_1544/face_signing.jpg,loan_1544/face_signing.jpg,364910,1254,1254,ok,,train,face_signing,0.99886227
loan_1545,face_signing,/workspace/jinchuang_v4/extracted/data/loan_1545/face_signing.jpg,loan_1545/face_signing.jpg,150681,1024,1024,ok,,train,face_signing,0.9985359
loan_1546,face_signing,/workspace/jinchuang_v4/extracted/data/loan_1546/face_signing.jpg,loan_1546/face_signing.jpg,132911,1024,1024,ok,,test,face_signing,0.99621826
loan_1547,face_signing,/workspace/jinchuang_v4/extracted/data/loan_1547/face_signing.jpg,loan_1547/face_signing.jpg,145545,1024,1024,ok,,train,face_signing,0.99838233
loan_1548,face_signing,/workspace/jinchuang_v4/extracted/data/loan_1548/face_signing.jpg,loan_1548/face_signing.jpg,130771,1024,1024,ok,,train,face_signing,0.9986305
loan_1549,face_signing,/workspace/jinchuang_v4/extracted/data/loan_1549/face_signing.jpg,loan_1549/face_signing.jpg,111824,1024,1024,ok,,train,face_signing,0.9993808
loan_155,face_signing,/workspace/jinchuang_v4/extracted/data/loan_155/face_signing.jpg,loan_155/face_signing.jpg,120418,1024,1024,ok,,test,face_signing,0.99851125
loan_1550,face_signing,/workspace/jinchuang_v4/extracted/data/loan_1550/face_signing.jpg,loan_1550/face_signing.jpg,125054,1024,1024,ok,,train,face_signing,0.99797565
loan_1551,face_signing,/workspace/jinchuang_v4/extracted/data/loan_1551/face_signing.jpg,loan_1551/face_signing.jpg,146602,1024,1024,ok,,train,face_signing,0.9979468
loan_1552,face_signing,/workspace/jinchuang_v4/extracted/data/loan_1552/face_signing.jpg,loan_1552/face_signing.jpg,131328,1024,1024,ok,,train,face_signing,0.9979602
loan_1553,face_signing,/workspace/jinchuang_v4/extracted/data/loan_1553/face_signing.jpg,loan_1553/face_signing.jpg,431994,1254,1254,ok,,train,face_signing,0.99718034
loan_1554,face_signing,/workspace/jinchuang_v4/extracted/data/loan_1554/face_signing.jpg,loan_1554/face_signing.jpg,118519,1024,1024,ok,,train,face_signing,0.9988424
loan_1555,face_signing,/workspace/jinchuang_v4/extracted/data/loan_1555/face_signing.jpg,loan_1555/face_signing.jpg,377412,1254,1254,ok,,train,face_signing,0.99875116
loan_1556,face_signing,/workspace/jinchuang_v4/extracted/data/loan_1556/face_signing.jpg,loan_1556/face_signing.jpg,126888,1024,1024,ok,,val,face_signing,0.9990343
loan_1557,face_signing,/workspace/jinchuang_v4/extracted/data/loan_1557/face_signing.jpg,loan_1557/face_signing.jpg,172595,1024,1024,ok,,train,face_signing,0.99768674
loan_1558,face_signing,/workspace/jinchuang_v4/extracted/data/loan_1558/face_signing.jpg,loan_1558/face_signing.jpg,121626,1024,1024,ok,,train,face_signing,0.9988894
loan_1559,face_signing,/workspace/jinchuang_v4/extracted/data/loan_1559/face_signing.jpg,loan_1559/face_signing.jpg,137307,1024,1024,ok,,train,face_signing,0.99911934
loan_156,face_signing,/workspace/jinchuang_v4/extracted/data/loan_156/face_signing.jpg,loan_156/face_signing.jpg,132230,1024,1024,ok,,train,face_signing,0.99851173
loan_1560,face_signing,/workspace/jinchuang_v4/extracted/data/loan_1560/face_signing.jpg,loan_1560/face_signing.jpg,136432,1024,1024,ok,,train,face_signing,0.9986675
loan_1561,face_signing,/workspace/jinchuang_v4/extracted/data/loan_1561/face_signing.jpg,loan_1561/face_signing.jpg,135697,1024,1024,ok,,train,face_signing,0.99842405
loan_1562,face_signing,/workspace/jinchuang_v4/extracted/data/loan_1562/face_signing.jpg,loan_1562/face_signing.jpg,420007,1254,1254,ok,,val,face_signing,0.99887484
loan_1563,face_signing,/workspace/jinchuang_v4/extracted/data/loan_1563/face_signing.jpg,loan_1563/face_signing.jpg,130447,1024,1024,ok,,train,face_signing,0.99838126
loan_1564,face_signing,/workspace/jinchuang_v4/extracted/data/loan_1564/face_signing.jpg,loan_1564/face_signing.jpg,161164,1024,1024,ok,,train,face_signing,0.9984358
loan_1565,face_signing,/workspace/jinchuang_v4/extracted/data/loan_1565/face_signing.jpg,loan_1565/face_signing.jpg,136305,1024,1024,ok,,train,face_signing,0.9984357
loan_1566,face_signing,/workspace/jinchuang_v4/extracted/data/loan_1566/face_signing.jpg,loan_1566/face_signing.jpg,137012,1024,1024,ok,,train,face_signing,0.99734145
loan_1567,face_signing,/workspace/jinchuang_v4/extracted/data/loan_1567/face_signing.jpg,loan_1567/face_signing.jpg,155625,1024,1024,ok,,train,face_signing,0.9983456
loan_1568,face_signing,/workspace/jinchuang_v4/extracted/data/loan_1568/face_signing.jpg,loan_1568/face_signing.jpg,135398,1024,1024,ok,,train,face_signing,0.9988815
loan_1569,face_signing,/workspace/jinchuang_v4/extracted/data/loan_1569/face_signing.jpg,loan_1569/face_signing.jpg,134773,1024,1024,ok,,test,face_signing,0.99861073
loan_157,face_signing,/workspace/jinchuang_v4/extracted/data/loan_157/face_signing.jpg,loan_157/face_signing.jpg,115344,1024,1024,ok,,train,face_signing,0.9982284
loan_1570,face_signing,/workspace/jinchuang_v4/extracted/data/loan_1570/face_signing.jpg,loan_1570/face_signing.jpg,118969,1024,1024,ok,,train,face_signing,0.9984956
loan_1571,face_signing,/workspace/jinchuang_v4/extracted/data/loan_1571/face_signing.jpg,loan_1571/face_signing.jpg,148626,1024,1024,ok,,val,face_signing,0.9980253
loan_1572,face_signing,/workspace/jinchuang_v4/extracted/data/loan_1572/face_signing.jpg,loan_1572/face_signing.jpg,446481,1254,1254,ok,,val,face_signing,0.9978682
loan_1573,face_signing,/workspace/jinchuang_v4/extracted/data/loan_1573/face_signing.jpg,loan_1573/face_signing.jpg,146734,1024,1024,ok,,train,face_signing,0.99913055
loan_1574,face_signing,/workspace/jinchuang_v4/extracted/data/loan_1574/face_signing.jpg,loan_1574/face_signing.jpg,137139,1024,1024,ok,,train,face_signing,0.99882215
loan_1575,face_signing,/workspace/jinchuang_v4/extracted/data/loan_1575/face_signing.jpg,loan_1575/face_signing.jpg,129505,1024,1024,ok,,train,face_signing,0.997678
loan_1576,face_signing,/workspace/jinchuang_v4/extracted/data/loan_1576/face_signing.jpg,loan_1576/face_signing.jpg,134690,1024,1024,ok,,train,face_signing,0.9977012
loan_1577,face_signing,/workspace/jinchuang_v4/extracted/data/loan_1577/face_signing.jpg,loan_1577/face_signing.jpg,123047,1024,1024,ok,,val,face_signing,0.9974009
loan_1578,face_signing,/workspace/jinchuang_v4/extracted/data/loan_1578/face_signing.jpg,loan_1578/face_signing.jpg,125157,1024,1024,ok,,train,face_signing,0.99831116
loan_1579,face_signing,/workspace/jinchuang_v4/extracted/data/loan_1579/face_signing.jpg,loan_1579/face_signing.jpg,127514,1024,1024,ok,,val,face_signing,0.9983176
loan_158,face_signing,/workspace/jinchuang_v4/extracted/data/loan_158/face_signing.jpg,loan_158/face_signing.jpg,147550,1024,1024,ok,,val,face_signing,0.99773574
loan_1580,face_signing,/workspace/jinchuang_v4/extracted/data/loan_1580/face_signing.jpg,loan_1580/face_signing.jpg,119187,1024,1024,ok,,train,face_signing,0.9990645
loan_1581,face_signing,/workspace/jinchuang_v4/extracted/data/loan_1581/face_signing.jpg,loan_1581/face_signing.jpg,113060,1024,1024,ok,,train,face_signing,0.99804246
loan_1582,face_signing,/workspace/jinchuang_v4/extracted/data/loan_1582/face_signing.jpg,loan_1582/face_signing.jpg,113780,1024,1024,ok,,train,face_signing,0.99805546
loan_1583,face_signing,/workspace/jinchuang_v4/extracted/data/loan_1583/face_signing.jpg,loan_1583/face_signing.jpg,183943,1024,1024,ok,,train,face_signing,0.9988894
loan_1584,face_signing,/workspace/jinchuang_v4/extracted/data/loan_1584/face_signing.jpg,loan_1584/face_signing.jpg,153819,1024,1024,ok,,train,face_signing,0.99892277
loan_1585,face_signing,/workspace/jinchuang_v4/extracted/data/loan_1585/face_signing.jpg,loan_1585/face_signing.jpg,136429,1024,1024,ok,,train,face_signing,0.99777406
loan_1586,face_signing,/workspace/jinchuang_v4/extracted/data/loan_1586/face_signing.jpg,loan_1586/face_signing.jpg,124529,1024,1024,ok,,test,face_signing,0.9991404
loan_1587,face_signing,/workspace/jinchuang_v4/extracted/data/loan_1587/face_signing.jpg,loan_1587/face_signing.jpg,130002,1024,1024,ok,,train,face_signing,0.9989737
loan_1588,face_signing,/workspace/jinchuang_v4/extracted/data/loan_1588/face_signing.jpg,loan_1588/face_signing.jpg,117420,1024,1024,ok,,train,face_signing,0.9993843
loan_1589,face_signing,/workspace/jinchuang_v4/extracted/data/loan_1589/face_signing.jpg,loan_1589/face_signing.jpg,458789,1254,1254,ok,,test,face_signing,0.99690765
loan_159,face_signing,/workspace/jinchuang_v4/extracted/data/loan_159/face_signing.jpg,loan_159/face_signing.jpg,125188,1024,1024,ok,,train,face_signing,0.99905473
loan_1590,face_signing,/workspace/jinchuang_v4/extracted/data/loan_1590/face_signing.jpg,loan_1590/face_signing.jpg,147834,1024,1024,ok,,val,face_signing,0.99834514
loan_1591,face_signing,/workspace/jinchuang_v4/extracted/data/loan_1591/face_signing.jpg,loan_1591/face_signing.jpg,150566,1024,1024,ok,,train,face_signing,0.9982925
loan_1592,face_signing,/workspace/jinchuang_v4/extracted/data/loan_1592/face_signing.jpg,loan_1592/face_signing.jpg,124997,1024,1024,ok,,test,face_signing,0.9984944
loan_1593,face_signing,/workspace/jinchuang_v4/extracted/data/loan_1593/face_signing.jpg,loan_1593/face_signing.jpg,115575,1024,1024,ok,,train,face_signing,0.9985153
loan_1594,face_signing,/workspace/jinchuang_v4/extracted/data/loan_1594/face_signing.jpg,loan_1594/face_signing.jpg,139657,1024,1024,ok,,train,face_signing,0.99861026
loan_1595,face_signing,/workspace/jinchuang_v4/extracted/data/loan_1595/face_signing.jpg,loan_1595/face_signing.jpg,128274,1024,1024,ok,,train,face_signing,0.99888474
loan_1596,face_signing,/workspace/jinchuang_v4/extracted/data/loan_1596/face_signing.jpg,loan_1596/face_signing.jpg,130254,1024,1024,ok,,train,face_signing,0.99888164
loan_1597,face_signing,/workspace/jinchuang_v4/extracted/data/loan_1597/face_signing.jpg,loan_1597/face_signing.jpg,129025,1024,1024,ok,,train,face_signing,0.99796474
loan_1598,face_signing,/workspace/jinchuang_v4/extracted/data/loan_1598/face_signing.jpg,loan_1598/face_signing.jpg,131964,1024,1024,ok,,train,face_signing,0.9991602
loan_1599,face_signing,/workspace/jinchuang_v4/extracted/data/loan_1599/face_signing.jpg,loan_1599/face_signing.jpg,125951,1024,1024,ok,,train,face_signing,0.99919444
loan_160,face_signing,/workspace/jinchuang_v4/extracted/data/loan_160/face_signing.jpg,loan_160/face_signing.jpg,350543,1254,1254,ok,,train,face_signing,0.9975993
loan_1600,face_signing,/workspace/jinchuang_v4/extracted/data/loan_1600/face_signing.jpg,loan_1600/face_signing.jpg,124067,1024,1024,ok,,train,face_signing,0.99886274
loan_1601,face_signing,/workspace/jinchuang_v4/extracted/data/loan_1601/face_signing.jpg,loan_1601/face_signing.jpg,118037,1024,1024,ok,,test,face_signing,0.9989015
loan_1602,face_signing,/workspace/jinchuang_v4/extracted/data/loan_1602/face_signing.jpg,loan_1602/face_signing.jpg,427114,1254,1254,ok,,train,face_signing,0.9936892
loan_1603,face_signing,/workspace/jinchuang_v4/extracted/data/loan_1603/face_signing.jpg,loan_1603/face_signing.jpg,139463,1024,1024,ok,,train,face_signing,0.99844176
loan_1604,face_signing,/workspace/jinchuang_v4/extracted/data/loan_1604/face_signing.jpg,loan_1604/face_signing.jpg,122365,1024,1024,ok,,train,face_signing,0.9985998
loan_1605,face_signing,/workspace/jinchuang_v4/extracted/data/loan_1605/face_signing.jpg,loan_1605/face_signing.jpg,121059,1024,1024,ok,,train,face_signing,0.99887913
loan_1606,face_signing,/workspace/jinchuang_v4/extracted/data/loan_1606/face_signing.jpg,loan_1606/face_signing.jpg,135377,1024,1024,ok,,test,face_signing,0.998872
loan_1607,face_signing,/workspace/jinchuang_v4/extracted/data/loan_1607/face_signing.jpg,loan_1607/face_signing.jpg,122013,1024,1024,ok,,train,face_signing,0.99801195
loan_1608,face_signing,/workspace/jinchuang_v4/extracted/data/loan_1608/face_signing.jpg,loan_1608/face_signing.jpg,123865,1024,1024,ok,,train,face_signing,0.9981268
loan_1609,face_signing,/workspace/jinchuang_v4/extracted/data/loan_1609/face_signing.jpg,loan_1609/face_signing.jpg,114862,1024,1024,ok,,train,face_signing,0.9990464
loan_161,face_signing,/workspace/jinchuang_v4/extracted/data/loan_161/face_signing.jpg,loan_161/face_signing.jpg,152143,1024,1024,ok,,train,face_signing,0.99861956
loan_1610,face_signing,/workspace/jinchuang_v4/extracted/data/loan_1610/face_signing.jpg,loan_1610/face_signing.jpg,154067,1024,1024,ok,,train,face_signing,0.99911314
loan_1611,face_signing,/workspace/jinchuang_v4/extracted/data/loan_1611/face_signing.jpg,loan_1611/face_signing.jpg,131804,1024,1024,ok,,train,face_signing,0.9987025
loan_1612,face_signing,/workspace/jinchuang_v4/extracted/data/loan_1612/face_signing.jpg,loan_1612/face_signing.jpg,156759,1024,1024,ok,,train,face_signing,0.9990791
loan_1613,face_signing,/workspace/jinchuang_v4/extracted/data/loan_1613/face_signing.jpg,loan_1613/face_signing.jpg,138563,1024,1024,ok,,val,face_signing,0.99822503
loan_1614,face_signing,/workspace/jinchuang_v4/extracted/data/loan_1614/face_signing.jpg,loan_1614/face_signing.jpg,129034,1024,1024,ok,,train,face_signing,0.9992306
loan_1615,face_signing,/workspace/jinchuang_v4/extracted/data/loan_1615/face_signing.jpg,loan_1615/face_signing.jpg,118521,1024,1024,ok,,train,face_signing,0.99669206
loan_1616,face_signing,/workspace/jinchuang_v4/extracted/data/loan_1616/face_signing.jpg,loan_1616/face_signing.jpg,148423,1024,1024,ok,,test,face_signing,0.99913675
loan_1617,face_signing,/workspace/jinchuang_v4/extracted/data/loan_1617/face_signing.jpg,loan_1617/face_signing.jpg,169825,1024,1024,ok,,test,face_signing,0.9982468
loan_1618,face_signing,/workspace/jinchuang_v4/extracted/data/loan_1618/face_signing.jpg,loan_1618/face_signing.jpg,135729,1024,1024,ok,,val,face_signing,0.99905413
loan_1619,face_signing,/workspace/jinchuang_v4/extracted/data/loan_1619/face_signing.jpg,loan_1619/face_signing.jpg,125958,1024,1024,ok,,train,face_signing,0.998895
loan_162,face_signing,/workspace/jinchuang_v4/extracted/data/loan_162/face_signing.jpg,loan_162/face_signing.jpg,122833,1024,1024,ok,,train,face_signing,0.9989097
loan_1620,face_signing,/workspace/jinchuang_v4/extracted/data/loan_1620/face_signing.jpg,loan_1620/face_signing.jpg,147302,1024,1024,ok,,test,face_signing,0.99774665
loan_1621,face_signing,/workspace/jinchuang_v4/extracted/data/loan_1621/face_signing.jpg,loan_1621/face_signing.jpg,133183,1024,1024,ok,,train,face_signing,0.9981377
loan_1622,face_signing,/workspace/jinchuang_v4/extracted/data/loan_1622/face_signing.jpg,loan_1622/face_signing.jpg,134213,1024,1024,ok,,train,face_signing,0.9967609
loan_1623,face_signing,/workspace/jinchuang_v4/extracted/data/loan_1623/face_signing.jpg,loan_1623/face_signing.jpg,144459,1024,1024,ok,,train,face_signing,0.9978921
loan_1624,face_signing,/workspace/jinchuang_v4/extracted/data/loan_1624/face_signing.jpg,loan_1624/face_signing.jpg,113635,1024,1024,ok,,train,face_signing,0.99772114
loan_1625,face_signing,/workspace/jinchuang_v4/extracted/data/loan_1625/face_signing.jpg,loan_1625/face_signing.jpg,127116,1024,1024,ok,,val,face_signing,0.9988681
loan_1626,face_signing,/workspace/jinchuang_v4/extracted/data/loan_1626/face_signing.jpg,loan_1626/face_signing.jpg,109299,1024,1024,ok,,train,face_signing,0.99865544
loan_1627,face_signing,/workspace/jinchuang_v4/extracted/data/loan_1627/face_signing.jpg,loan_1627/face_signing.jpg,106770,1024,1024,ok,,test,face_signing,0.99857974
loan_1628,face_signing,/workspace/jinchuang_v4/extracted/data/loan_1628/face_signing.jpg,loan_1628/face_signing.jpg,143681,1024,1024,ok,,test,face_signing,0.9973579
loan_1629,face_signing,/workspace/jinchuang_v4/extracted/data/loan_1629/face_signing.jpg,loan_1629/face_signing.jpg,147082,1024,1024,ok,,train,face_signing,0.9965591
loan_163,face_signing,/workspace/jinchuang_v4/extracted/data/loan_163/face_signing.jpg,loan_163/face_signing.jpg,128461,1024,1024,ok,,train,face_signing,0.99890804
loan_1630,face_signing,/workspace/jinchuang_v4/extracted/data/loan_1630/face_signing.jpg,loan_1630/face_signing.jpg,131741,1024,1024,ok,,train,face_signing,0.9957848
loan_1631,face_signing,/workspace/jinchuang_v4/extracted/data/loan_1631/face_signing.jpg,loan_1631/face_signing.jpg,112085,1024,1024,ok,,train,face_signing,0.9989201
loan_1632,face_signing,/workspace/jinchuang_v4/extracted/data/loan_1632/face_signing.jpg,loan_1632/face_signing.jpg,138555,1024,1024,ok,,train,face_signing,0.99921
loan_1633,face_signing,/workspace/jinchuang_v4/extracted/data/loan_1633/face_signing.jpg,loan_1633/face_signing.jpg,134159,1024,1024,ok,,train,face_signing,0.99902594
loan_1634,face_signing,/workspace/jinchuang_v4/extracted/data/loan_1634/face_signing.jpg,loan_1634/face_signing.jpg,131571,1024,1024,ok,,train,face_signing,0.9974916
loan_1635,face_signing,/workspace/jinchuang_v4/extracted/data/loan_1635/face_signing.jpg,loan_1635/face_signing.jpg,104784,1024,1024,ok,,train,face_signing,0.9980862
loan_1636,face_signing,/workspace/jinchuang_v4/extracted/data/loan_1636/face_signing.jpg,loan_1636/face_signing.jpg,110506,1024,1024,ok,,train,face_signing,0.9964144
loan_1637,face_signing,/workspace/jinchuang_v4/extracted/data/loan_1637/face_signing.jpg,loan_1637/face_signing.jpg,105905,1024,1024,ok,,train,face_signing,0.9984163
loan_1638,face_signing,/workspace/jinchuang_v4/extracted/data/loan_1638/face_signing.jpg,loan_1638/face_signing.jpg,139947,1024,1024,ok,,train,face_signing,0.9973635
loan_1639,face_signing,/workspace/jinchuang_v4/extracted/data/loan_1639/face_signing.jpg,loan_1639/face_signing.jpg,112076,1024,1024,ok,,train,face_signing,0.99831426
loan_164,face_signing,/workspace/jinchuang_v4/extracted/data/loan_164/face_signing.jpg,loan_164/face_signing.jpg,113852,1024,1024,ok,,train,face_signing,0.9993457
loan_1640,face_signing,/workspace/jinchuang_v4/extracted/data/loan_1640/face_signing.jpg,loan_1640/face_signing.jpg,98776,1024,1024,ok,,train,face_signing,0.9968219
loan_1641,face_signing,/workspace/jinchuang_v4/extracted/data/loan_1641/face_signing.jpg,loan_1641/face_signing.jpg,141249,1024,1024,ok,,train,face_signing,0.9986406
loan_1642,face_signing,/workspace/jinchuang_v4/extracted/data/loan_1642/face_signing.jpg,loan_1642/face_signing.jpg,366162,1254,1254,ok,,val,face_signing,0.99854904
loan_1643,face_signing,/workspace/jinchuang_v4/extracted/data/loan_1643/face_signing.jpg,loan_1643/face_signing.jpg,176146,1024,1024,ok,,val,face_signing,0.99757856
loan_1644,face_signing,/workspace/jinchuang_v4/extracted/data/loan_1644/face_signing.jpg,loan_1644/face_signing.jpg,129460,1024,1024,ok,,test,face_signing,0.9986903
loan_1645,face_signing,/workspace/jinchuang_v4/extracted/data/loan_1645/face_signing.jpg,loan_1645/face_signing.jpg,143907,1024,1024,ok,,test,face_signing,0.9987148
loan_1646,face_signing,/workspace/jinchuang_v4/extracted/data/loan_1646/face_signing.jpg,loan_1646/face_signing.jpg,115559,1024,1024,ok,,train,face_signing,0.9982699
loan_1647,face_signing,/workspace/jinchuang_v4/extracted/data/loan_1647/face_signing.jpg,loan_1647/face_signing.jpg,133887,1024,1024,ok,,train,face_signing,0.99886394
loan_1648,face_signing,/workspace/jinchuang_v4/extracted/data/loan_1648/face_signing.jpg,loan_1648/face_signing.jpg,125145,1024,1024,ok,,test,face_signing,0.993353
loan_1649,face_signing,/workspace/jinchuang_v4/extracted/data/loan_1649/face_signing.jpg,loan_1649/face_signing.jpg,152599,1024,1024,ok,,val,face_signing,0.99786586
loan_165,face_signing,/workspace/jinchuang_v4/extracted/data/loan_165/face_signing.jpg,loan_165/face_signing.jpg,142495,1024,1024,ok,,train,face_signing,0.99831545
loan_1650,face_signing,/workspace/jinchuang_v4/extracted/data/loan_1650/face_signing.jpg,loan_1650/face_signing.jpg,136363,1024,1024,ok,,train,face_signing,0.9986513
loan_1651,face_signing,/workspace/jinchuang_v4/extracted/data/loan_1651/face_signing.jpg,loan_1651/face_signing.jpg,484793,1254,1254,ok,,train,face_signing,0.9989048
loan_1652,face_signing,/workspace/jinchuang_v4/extracted/data/loan_1652/face_signing.jpg,loan_1652/face_signing.jpg,156686,1024,1024,ok,,train,face_signing,0.9982845
loan_1653,face_signing,/workspace/jinchuang_v4/extracted/data/loan_1653/face_signing.jpg,loan_1653/face_signing.jpg,140271,1024,1024,ok,,train,face_signing,0.99430275
loan_1654,face_signing,/workspace/jinchuang_v4/extracted/data/loan_1654/face_signing.jpg,loan_1654/face_signing.jpg,163144,1024,1024,ok,,train,face_signing,0.99784374
loan_1655,face_signing,/workspace/jinchuang_v4/extracted/data/loan_1655/face_signing.jpg,loan_1655/face_signing.jpg,457007,1254,1254,ok,,train,face_signing,0.9988279
loan_1656,face_signing,/workspace/jinchuang_v4/extracted/data/loan_1656/face_signing.jpg,loan_1656/face_signing.jpg,409728,1254,1254,ok,,train,face_signing,0.9981097
loan_1657,face_signing,/workspace/jinchuang_v4/extracted/data/loan_1657/face_signing.jpg,loan_1657/face_signing.jpg,121208,1024,1024,ok,,train,face_signing,0.99891317
loan_1658,face_signing,/workspace/jinchuang_v4/extracted/data/loan_1658/face_signing.jpg,loan_1658/face_signing.jpg,380513,1254,1254,ok,,train,face_signing,0.9978668
loan_1659,face_signing,/workspace/jinchuang_v4/extracted/data/loan_1659/face_signing.jpg,loan_1659/face_signing.jpg,137122,1024,1024,ok,,train,face_signing,0.99726874
loan_166,face_signing,/workspace/jinchuang_v4/extracted/data/loan_166/face_signing.jpg,loan_166/face_signing.jpg,144974,1024,1024,ok,,test,face_signing,0.9977986
loan_1660,face_signing,/workspace/jinchuang_v4/extracted/data/loan_1660/face_signing.jpg,loan_1660/face_signing.jpg,115997,1024,1024,ok,,train,face_signing,0.9989839
loan_1661,face_signing,/workspace/jinchuang_v4/extracted/data/loan_1661/face_signing.jpg,loan_1661/face_signing.jpg,129742,1024,1024,ok,,test,face_signing,0.9969426
loan_1662,face_signing,/workspace/jinchuang_v4/extracted/data/loan_1662/face_signing.jpg,loan_1662/face_signing.jpg,142103,1024,1024,ok,,train,face_signing,0.9984242
loan_1663,face_signing,/workspace/jinchuang_v4/extracted/data/loan_1663/face_signing.jpg,loan_1663/face_signing.jpg,154601,1024,1024,ok,,train,face_signing,0.99306834
loan_1664,face_signing,/workspace/jinchuang_v4/extracted/data/loan_1664/face_signing.jpg,loan_1664/face_signing.jpg,133408,1024,1024,ok,,train,face_signing,0.997928
loan_1665,face_signing,/workspace/jinchuang_v4/extracted/data/loan_1665/face_signing.jpg,loan_1665/face_signing.jpg,133568,1024,1024,ok,,train,face_signing,0.9984945
loan_1666,face_signing,/workspace/jinchuang_v4/extracted/data/loan_1666/face_signing.jpg,loan_1666/face_signing.jpg,435573,1254,1254,ok,,train,face_signing,0.9985935
loan_1667,face_signing,/workspace/jinchuang_v4/extracted/data/loan_1667/face_signing.jpg,loan_1667/face_signing.jpg,144695,1024,1024,ok,,val,face_signing,0.99876153
loan_1668,face_signing,/workspace/jinchuang_v4/extracted/data/loan_1668/face_signing.jpg,loan_1668/face_signing.jpg,108379,1024,1024,ok,,train,face_signing,0.9965526
loan_1669,face_signing,/workspace/jinchuang_v4/extracted/data/loan_1669/face_signing.jpg,loan_1669/face_signing.jpg,132281,1024,1024,ok,,train,face_signing,0.9966018
loan_167,face_signing,/workspace/jinchuang_v4/extracted/data/loan_167/face_signing.jpg,loan_167/face_signing.jpg,309289,1254,1254,ok,,train,face_signing,0.9966858
loan_1670,face_signing,/workspace/jinchuang_v4/extracted/data/loan_1670/face_signing.jpg,loan_1670/face_signing.jpg,168444,1024,1024,ok,,train,face_signing,0.9971951
loan_1671,face_signing,/workspace/jinchuang_v4/extracted/data/loan_1671/face_signing.jpg,loan_1671/face_signing.jpg,128767,1024,1024,ok,,train,face_signing,0.9977912
loan_1672,face_signing,/workspace/jinchuang_v4/extracted/data/loan_1672/face_signing.jpg,loan_1672/face_signing.jpg,123107,1024,1024,ok,,train,face_signing,0.9959651
loan_1673,face_signing,/workspace/jinchuang_v4/extracted/data/loan_1673/face_signing.jpg,loan_1673/face_signing.jpg,151186,1024,1024,ok,,train,face_signing,0.99751425
loan_1674,face_signing,/workspace/jinchuang_v4/extracted/data/loan_1674/face_signing.jpg,loan_1674/face_signing.jpg,157650,1024,1024,ok,,train,face_signing,0.9964541
loan_1675,face_signing,/workspace/jinchuang_v4/extracted/data/loan_1675/face_signing.jpg,loan_1675/face_signing.jpg,153361,1024,1024,ok,,train,face_signing,0.9984976
loan_1676,face_signing,/workspace/jinchuang_v4/extracted/data/loan_1676/face_signing.jpg,loan_1676/face_signing.jpg,105947,1024,1024,ok,,train,face_signing,0.99807644
loan_1677,face_signing,/workspace/jinchuang_v4/extracted/data/loan_1677/face_signing.jpg,loan_1677/face_signing.jpg,116974,1024,1024,ok,,train,face_signing,0.998247
loan_1678,face_signing,/workspace/jinchuang_v4/extracted/data/loan_1678/face_signing.jpg,loan_1678/face_signing.jpg,145961,1024,1024,ok,,train,face_signing,0.99744225
loan_1679,face_signing,/workspace/jinchuang_v4/extracted/data/loan_1679/face_signing.jpg,loan_1679/face_signing.jpg,88649,1024,1024,ok,,test,face_signing,0.9944959
loan_168,face_signing,/workspace/jinchuang_v4/extracted/data/loan_168/face_signing.jpg,loan_168/face_signing.jpg,116775,1024,1024,ok,,train,face_signing,0.998514
loan_1680,face_signing,/workspace/jinchuang_v4/extracted/data/loan_1680/face_signing.jpg,loan_1680/face_signing.jpg,122768,1024,1024,ok,,test,face_signing,0.99346316
loan_1681,face_signing,/workspace/jinchuang_v4/extracted/data/loan_1681/face_signing.jpg,loan_1681/face_signing.jpg,110330,1024,1024,ok,,train,face_signing,0.99727696
loan_1682,face_signing,/workspace/jinchuang_v4/extracted/data/loan_1682/face_signing.jpg,loan_1682/face_signing.jpg,125597,1024,1024,ok,,test,face_signing,0.9988336
loan_1683,face_signing,/workspace/jinchuang_v4/extracted/data/loan_1683/face_signing.jpg,loan_1683/face_signing.jpg,142383,1024,1024,ok,,train,face_signing,0.9968637
loan_1684,face_signing,/workspace/jinchuang_v4/extracted/data/loan_1684/face_signing.jpg,loan_1684/face_signing.jpg,125145,1024,1024,ok,,test,face_signing,0.9983973
loan_1685,face_signing,/workspace/jinchuang_v4/extracted/data/loan_1685/face_signing.jpg,loan_1685/face_signing.jpg,126992,1024,1024,ok,,train,face_signing,0.99878377
loan_1686,face_signing,/workspace/jinchuang_v4/extracted/data/loan_1686/face_signing.jpg,loan_1686/face_signing.jpg,137514,1024,1024,ok,,val,face_signing,0.9987047
loan_1687,face_signing,/workspace/jinchuang_v4/extracted/data/loan_1687/face_signing.jpg,loan_1687/face_signing.jpg,128688,1024,1024,ok,,train,face_signing,0.99872476
loan_1688,face_signing,/workspace/jinchuang_v4/extracted/data/loan_1688/face_signing.jpg,loan_1688/face_signing.jpg,140777,1024,1024,ok,,train,face_signing,0.99856657
loan_1689,face_signing,/workspace/jinchuang_v4/extracted/data/loan_1689/face_signing.jpg,loan_1689/face_signing.jpg,128235,1024,1024,ok,,train,face_signing,0.9978667
loan_169,face_signing,/workspace/jinchuang_v4/extracted/data/loan_169/face_signing.jpg,loan_169/face_signing.jpg,145667,1024,1024,ok,,train,face_signing,0.9988746
loan_1690,face_signing,/workspace/jinchuang_v4/extracted/data/loan_1690/face_signing.jpg,loan_1690/face_signing.jpg,114524,1024,1024,ok,,test,face_signing,0.9983944
loan_1691,face_signing,/workspace/jinchuang_v4/extracted/data/loan_1691/face_signing.jpg,loan_1691/face_signing.jpg,585754,1254,1254,ok,,train,face_signing,0.9976332
loan_1692,face_signing,/workspace/jinchuang_v4/extracted/data/loan_1692/face_signing.jpg,loan_1692/face_signing.jpg,118937,1024,1024,ok,,train,face_signing,0.99823904
loan_1693,face_signing,/workspace/jinchuang_v4/extracted/data/loan_1693/face_signing.jpg,loan_1693/face_signing.jpg,111731,1024,1024,ok,,val,face_signing,0.9990829
loan_1694,face_signing,/workspace/jinchuang_v4/extracted/data/loan_1694/face_signing.jpg,loan_1694/face_signing.jpg,142245,1024,1024,ok,,train,face_signing,0.9985922
loan_1695,face_signing,/workspace/jinchuang_v4/extracted/data/loan_1695/face_signing.jpg,loan_1695/face_signing.jpg,131246,1024,1024,ok,,val,face_signing,0.9957146
loan_1696,face_signing,/workspace/jinchuang_v4/extracted/data/loan_1696/face_signing.jpg,loan_1696/face_signing.jpg,125065,1024,1024,ok,,train,face_signing,0.9981864
loan_1697,face_signing,/workspace/jinchuang_v4/extracted/data/loan_1697/face_signing.jpg,loan_1697/face_signing.jpg,151632,1024,1024,ok,,train,face_signing,0.9988703
loan_1698,face_signing,/workspace/jinchuang_v4/extracted/data/loan_1698/face_signing.jpg,loan_1698/face_signing.jpg,125564,1024,1024,ok,,train,face_signing,0.99899775
loan_1699,face_signing,/workspace/jinchuang_v4/extracted/data/loan_1699/face_signing.jpg,loan_1699/face_signing.jpg,159283,1024,1024,ok,,val,face_signing,0.9967962
loan_170,face_signing,/workspace/jinchuang_v4/extracted/data/loan_170/face_signing.jpg,loan_170/face_signing.jpg,151428,1024,1024,ok,,train,face_signing,0.99863833
loan_1700,face_signing,/workspace/jinchuang_v4/extracted/data/loan_1700/face_signing.jpg,loan_1700/face_signing.jpg,376002,1254,1254,ok,,train,face_signing,0.9979824
loan_1701,face_signing,/workspace/jinchuang_v4/extracted/data/loan_1701/face_signing.jpg,loan_1701/face_signing.jpg,125969,1024,1024,ok,,train,face_signing,0.998522
loan_1702,face_signing,/workspace/jinchuang_v4/extracted/data/loan_1702/face_signing.jpg,loan_1702/face_signing.jpg,134971,1024,1024,ok,,test,face_signing,0.9976615
loan_1703,face_signing,/workspace/jinchuang_v4/extracted/data/loan_1703/face_signing.jpg,loan_1703/face_signing.jpg,113324,1024,1024,ok,,val,face_signing,0.9987955
loan_1704,face_signing,/workspace/jinchuang_v4/extracted/data/loan_1704/face_signing.jpg,loan_1704/face_signing.jpg,122738,1024,1024,ok,,train,face_signing,0.9990596
loan_1705,face_signing,/workspace/jinchuang_v4/extracted/data/loan_1705/face_signing.jpg,loan_1705/face_signing.jpg,142523,1024,1024,ok,,train,face_signing,0.9986798
loan_1706,face_signing,/workspace/jinchuang_v4/extracted/data/loan_1706/face_signing.jpg,loan_1706/face_signing.jpg,122150,1024,1024,ok,,train,face_signing,0.9988398
loan_1707,face_signing,/workspace/jinchuang_v4/extracted/data/loan_1707/face_signing.jpg,loan_1707/face_signing.jpg,110507,1024,1024,ok,,train,face_signing,0.9986525
loan_1708,face_signing,/workspace/jinchuang_v4/extracted/data/loan_1708/face_signing.jpg,loan_1708/face_signing.jpg,126261,1024,1024,ok,,train,face_signing,0.99671644
loan_1709,face_signing,/workspace/jinchuang_v4/extracted/data/loan_1709/face_signing.jpg,loan_1709/face_signing.jpg,136003,1024,1024,ok,,train,face_signing,0.9976503
loan_171,face_signing,/workspace/jinchuang_v4/extracted/data/loan_171/face_signing.jpg,loan_171/face_signing.jpg,161229,1024,1024,ok,,train,face_signing,0.99845636
loan_1710,face_signing,/workspace/jinchuang_v4/extracted/data/loan_1710/face_signing.jpg,loan_1710/face_signing.jpg,148425,1024,1024,ok,,train,face_signing,0.99712855
loan_1711,face_signing,/workspace/jinchuang_v4/extracted/data/loan_1711/face_signing.jpg,loan_1711/face_signing.jpg,125885,1024,1024,ok,,train,face_signing,0.99852955
loan_1712,face_signing,/workspace/jinchuang_v4/extracted/data/loan_1712/face_signing.jpg,loan_1712/face_signing.jpg,124037,1024,1024,ok,,train,face_signing,0.99694103
loan_1713,face_signing,/workspace/jinchuang_v4/extracted/data/loan_1713/face_signing.jpg,loan_1713/face_signing.jpg,122677,1024,1024,ok,,train,face_signing,0.998747
loan_1714,face_signing,/workspace/jinchuang_v4/extracted/data/loan_1714/face_signing.jpg,loan_1714/face_signing.jpg,118706,1024,1024,ok,,train,face_signing,0.9975553
loan_1715,face_signing,/workspace/jinchuang_v4/extracted/data/loan_1715/face_signing.jpg,loan_1715/face_signing.jpg,413407,1254,1254,ok,,train,face_signing,0.998706
loan_1716,face_signing,/workspace/jinchuang_v4/extracted/data/loan_1716/face_signing.jpg,loan_1716/face_signing.jpg,125758,1024,1024,ok,,train,face_signing,0.9988398
loan_1717,face_signing,/workspace/jinchuang_v4/extracted/data/loan_1717/face_signing.jpg,loan_1717/face_signing.jpg,112635,1024,1024,ok,,val,face_signing,0.9960349
loan_1718,face_signing,/workspace/jinchuang_v4/extracted/data/loan_1718/face_signing.jpg,loan_1718/face_signing.jpg,123593,1024,1024,ok,,train,face_signing,0.9988362
loan_1719,face_signing,/workspace/jinchuang_v4/extracted/data/loan_1719/face_signing.jpg,loan_1719/face_signing.jpg,128774,1024,1024,ok,,train,face_signing,0.9988036
loan_172,face_signing,/workspace/jinchuang_v4/extracted/data/loan_172/face_signing.jpg,loan_172/face_signing.jpg,110692,1024,1024,ok,,val,face_signing,0.99599564
loan_1720,face_signing,/workspace/jinchuang_v4/extracted/data/loan_1720/face_signing.jpg,loan_1720/face_signing.jpg,137563,1024,1024,ok,,train,face_signing,0.99823856
loan_1721,face_signing,/workspace/jinchuang_v4/extracted/data/loan_1721/face_signing.jpg,loan_1721/face_signing.jpg,163236,1024,1024,ok,,val,face_signing,0.99821776
loan_1722,face_signing,/workspace/jinchuang_v4/extracted/data/loan_1722/face_signing.jpg,loan_1722/face_signing.jpg,153451,1024,1024,ok,,train,face_signing,0.99893695
loan_1723,face_signing,/workspace/jinchuang_v4/extracted/data/loan_1723/face_signing.jpg,loan_1723/face_signing.jpg,146622,1024,1024,ok,,test,face_signing,0.998781
loan_1724,face_signing,/workspace/jinchuang_v4/extracted/data/loan_1724/face_signing.jpg,loan_1724/face_signing.jpg,125648,1024,1024,ok,,train,face_signing,0.9986343
loan_1725,face_signing,/workspace/jinchuang_v4/extracted/data/loan_1725/face_signing.jpg,loan_1725/face_signing.jpg,113486,1024,1024,ok,,train,face_signing,0.9986879
loan_1726,face_signing,/workspace/jinchuang_v4/extracted/data/loan_1726/face_signing.jpg,loan_1726/face_signing.jpg,123813,1024,1024,ok,,train,face_signing,0.9984983
loan_1727,face_signing,/workspace/jinchuang_v4/extracted/data/loan_1727/face_signing.jpg,loan_1727/face_signing.jpg,118205,1024,1024,ok,,train,face_signing,0.99796706
loan_1728,face_signing,/workspace/jinchuang_v4/extracted/data/loan_1728/face_signing.jpg,loan_1728/face_signing.jpg,115488,1024,1024,ok,,train,face_signing,0.9980263
loan_1729,face_signing,/workspace/jinchuang_v4/extracted/data/loan_1729/face_signing.jpg,loan_1729/face_signing.jpg,121476,1024,1024,ok,,train,face_signing,0.998804
loan_173,face_signing,/workspace/jinchuang_v4/extracted/data/loan_173/face_signing.jpg,loan_173/face_signing.jpg,151881,1024,1024,ok,,train,face_signing,0.9979513
loan_1730,face_signing,/workspace/jinchuang_v4/extracted/data/loan_1730/face_signing.jpg,loan_1730/face_signing.jpg,120457,1024,1024,ok,,train,face_signing,0.99259794
loan_1731,face_signing,/workspace/jinchuang_v4/extracted/data/loan_1731/face_signing.jpg,loan_1731/face_signing.jpg,118857,1024,1024,ok,,train,face_signing,0.9977501
loan_1732,face_signing,/workspace/jinchuang_v4/extracted/data/loan_1732/face_signing.jpg,loan_1732/face_signing.jpg,118858,1024,1024,ok,,train,face_signing,0.99929297
loan_1733,face_signing,/workspace/jinchuang_v4/extracted/data/loan_1733/face_signing.jpg,loan_1733/face_signing.jpg,113824,1024,1024,ok,,train,face_signing,0.99942017
loan_1734,face_signing,/workspace/jinchuang_v4/extracted/data/loan_1734/face_signing.jpg,loan_1734/face_signing.jpg,141540,1024,1024,ok,,train,face_signing,0.9956247
loan_1735,face_signing,/workspace/jinchuang_v4/extracted/data/loan_1735/face_signing.jpg,loan_1735/face_signing.jpg,144705,1024,1024,ok,,train,face_signing,0.99684983
loan_1736,face_signing,/workspace/jinchuang_v4/extracted/data/loan_1736/face_signing.jpg,loan_1736/face_signing.jpg,125524,1024,1024,ok,,val,face_signing,0.99857247
loan_1737,face_signing,/workspace/jinchuang_v4/extracted/data/loan_1737/face_signing.jpg,loan_1737/face_signing.jpg,127756,1024,1024,ok,,train,face_signing,0.99722064
loan_1738,face_signing,/workspace/jinchuang_v4/extracted/data/loan_1738/face_signing.jpg,loan_1738/face_signing.jpg,124167,1024,1024,ok,,train,face_signing,0.99884254
loan_1739,face_signing,/workspace/jinchuang_v4/extracted/data/loan_1739/face_signing.jpg,loan_1739/face_signing.jpg,111675,1024,1024,ok,,train,face_signing,0.99688894
loan_174,face_signing,/workspace/jinchuang_v4/extracted/data/loan_174/face_signing.jpg,loan_174/face_signing.jpg,123294,1024,1024,ok,,train,face_signing,0.99825734
loan_1740,face_signing,/workspace/jinchuang_v4/extracted/data/loan_1740/face_signing.jpg,loan_1740/face_signing.jpg,122744,1024,1024,ok,,train,face_signing,0.99753773
loan_1741,face_signing,/workspace/jinchuang_v4/extracted/data/loan_1741/face_signing.jpg,loan_1741/face_signing.jpg,470542,1254,1254,ok,,train,face_signing,0.9975579
loan_1742,face_signing,/workspace/jinchuang_v4/extracted/data/loan_1742/face_signing.jpg,loan_1742/face_signing.jpg,138063,1024,1024,ok,,test,face_signing,0.997118
loan_1743,face_signing,/workspace/jinchuang_v4/extracted/data/loan_1743/face_signing.jpg,loan_1743/face_signing.jpg,128036,1024,1024,ok,,test,face_signing,0.9982823
loan_1744,face_signing,/workspace/jinchuang_v4/extracted/data/loan_1744/face_signing.jpg,loan_1744/face_signing.jpg,133295,1024,1024,ok,,train,face_signing,0.99794704
loan_1745,face_signing,/workspace/jinchuang_v4/extracted/data/loan_1745/face_signing.jpg,loan_1745/face_signing.jpg,146008,1024,1024,ok,,train,face_signing,0.99842525
loan_1746,face_signing,/workspace/jinchuang_v4/extracted/data/loan_1746/face_signing.jpg,loan_1746/face_signing.jpg,129061,1024,1024,ok,,val,face_signing,0.9988136
loan_1747,face_signing,/workspace/jinchuang_v4/extracted/data/loan_1747/face_signing.jpg,loan_1747/face_signing.jpg,136594,1024,1024,ok,,train,face_signing,0.99849224
loan_1748,face_signing,/workspace/jinchuang_v4/extracted/data/loan_1748/face_signing.jpg,loan_1748/face_signing.jpg,130328,1024,1024,ok,,train,face_signing,0.99878246
loan_1749,face_signing,/workspace/jinchuang_v4/extracted/data/loan_1749/face_signing.jpg,loan_1749/face_signing.jpg,142588,1024,1024,ok,,train,face_signing,0.9985802
loan_175,face_signing,/workspace/jinchuang_v4/extracted/data/loan_175/face_signing.jpg,loan_175/face_signing.jpg,185656,1024,1024,ok,,train,face_signing,0.99815744
loan_1750,face_signing,/workspace/jinchuang_v4/extracted/data/loan_1750/face_signing.jpg,loan_1750/face_signing.jpg,155031,1024,1024,ok,,train,face_signing,0.9983752
loan_1751,face_signing,/workspace/jinchuang_v4/extracted/data/loan_1751/face_signing.jpg,loan_1751/face_signing.jpg,121597,1024,1024,ok,,train,face_signing,0.99866843
loan_1752,face_signing,/workspace/jinchuang_v4/extracted/data/loan_1752/face_signing.jpg,loan_1752/face_signing.jpg,484499,1254,1254,ok,,train,face_signing,0.99819726
loan_1753,face_signing,/workspace/jinchuang_v4/extracted/data/loan_1753/face_signing.jpg,loan_1753/face_signing.jpg,415782,1254,1254,ok,,val,face_signing,0.99778074
loan_1754,face_signing,/workspace/jinchuang_v4/extracted/data/loan_1754/face_signing.jpg,loan_1754/face_signing.jpg,119760,1024,1024,ok,,train,face_signing,0.9983348
loan_1755,face_signing,/workspace/jinchuang_v4/extracted/data/loan_1755/face_signing.jpg,loan_1755/face_signing.jpg,121129,1024,1024,ok,,test,face_signing,0.9986004
loan_1756,face_signing,/workspace/jinchuang_v4/extracted/data/loan_1756/face_signing.jpg,loan_1756/face_signing.jpg,143379,1024,1024,ok,,test,face_signing,0.9977715
loan_1757,face_signing,/workspace/jinchuang_v4/extracted/data/loan_1757/face_signing.jpg,loan_1757/face_signing.jpg,133122,1024,1024,ok,,val,face_signing,0.9973334
loan_1758,face_signing,/workspace/jinchuang_v4/extracted/data/loan_1758/face_signing.jpg,loan_1758/face_signing.jpg,130815,1024,1024,ok,,val,face_signing,0.9989188
loan_1759,face_signing,/workspace/jinchuang_v4/extracted/data/loan_1759/face_signing.jpg,loan_1759/face_signing.jpg,502378,1254,1254,ok,,train,face_signing,0.9967474
loan_176,face_signing,/workspace/jinchuang_v4/extracted/data/loan_176/face_signing.jpg,loan_176/face_signing.jpg,124764,1024,1024,ok,,train,face_signing,0.9988563
loan_1760,face_signing,/workspace/jinchuang_v4/extracted/data/loan_1760/face_signing.jpg,loan_1760/face_signing.jpg,454608,1254,1254,ok,,train,face_signing,0.99855644
loan_1761,face_signing,/workspace/jinchuang_v4/extracted/data/loan_1761/face_signing.jpg,loan_1761/face_signing.jpg,196190,1024,1024,ok,,val,face_signing,0.99849653
loan_1762,face_signing,/workspace/jinchuang_v4/extracted/data/loan_1762/face_signing.jpg,loan_1762/face_signing.jpg,118595,1024,1024,ok,,test,face_signing,0.9984876
loan_1763,face_signing,/workspace/jinchuang_v4/extracted/data/loan_1763/face_signing.jpg,loan_1763/face_signing.jpg,137261,1024,1024,ok,,test,face_signing,0.9988219
loan_1764,face_signing,/workspace/jinchuang_v4/extracted/data/loan_1764/face_signing.jpg,loan_1764/face_signing.jpg,129817,1024,1024,ok,,train,face_signing,0.9986104
loan_1765,face_signing,/workspace/jinchuang_v4/extracted/data/loan_1765/face_signing.jpg,loan_1765/face_signing.jpg,118772,1024,1024,ok,,train,face_signing,0.99918216
loan_1766,face_signing,/workspace/jinchuang_v4/extracted/data/loan_1766/face_signing.jpg,loan_1766/face_signing.jpg,116713,1024,1024,ok,,train,face_signing,0.99935776
loan_1767,face_signing,/workspace/jinchuang_v4/extracted/data/loan_1767/face_signing.jpg,loan_1767/face_signing.jpg,444161,1254,1254,ok,,train,face_signing,0.9978319
loan_1768,face_signing,/workspace/jinchuang_v4/extracted/data/loan_1768/face_signing.jpg,loan_1768/face_signing.jpg,170721,1024,1024,ok,,val,face_signing,0.9983783
loan_1769,face_signing,/workspace/jinchuang_v4/extracted/data/loan_1769/face_signing.jpg,loan_1769/face_signing.jpg,117442,1024,1024,ok,,test,face_signing,0.9987668
loan_177,face_signing,/workspace/jinchuang_v4/extracted/data/loan_177/face_signing.jpg,loan_177/face_signing.jpg,116311,1024,1024,ok,,train,face_signing,0.99925786
loan_1770,face_signing,/workspace/jinchuang_v4/extracted/data/loan_1770/face_signing.jpg,loan_1770/face_signing.jpg,121677,1024,1024,ok,,train,face_signing,0.9980971
loan_1771,face_signing,/workspace/jinchuang_v4/extracted/data/loan_1771/face_signing.jpg,loan_1771/face_signing.jpg,136708,1024,1024,ok,,train,face_signing,0.9983699
loan_1772,face_signing,/workspace/jinchuang_v4/extracted/data/loan_1772/face_signing.jpg,loan_1772/face_signing.jpg,159215,1024,1024,ok,,test,face_signing,0.9978436
loan_1773,face_signing,/workspace/jinchuang_v4/extracted/data/loan_1773/face_signing.jpg,loan_1773/face_signing.jpg,142503,1024,1024,ok,,train,face_signing,0.9989189
loan_1774,face_signing,/workspace/jinchuang_v4/extracted/data/loan_1774/face_signing.jpg,loan_1774/face_signing.jpg,149423,1024,1024,ok,,train,face_signing,0.99851626
loan_1775,face_signing,/workspace/jinchuang_v4/extracted/data/loan_1775/face_signing.jpg,loan_1775/face_signing.jpg,463182,1254,1254,ok,,val,face_signing,0.9961488
loan_1776,face_signing,/workspace/jinchuang_v4/extracted/data/loan_1776/face_signing.jpg,loan_1776/face_signing.jpg,119024,1024,1024,ok,,train,face_signing,0.9986853
loan_1777,face_signing,/workspace/jinchuang_v4/extracted/data/loan_1777/face_signing.jpg,loan_1777/face_signing.jpg,137724,1024,1024,ok,,train,face_signing,0.99871945
loan_1778,face_signing,/workspace/jinchuang_v4/extracted/data/loan_1778/face_signing.jpg,loan_1778/face_signing.jpg,120284,1024,1024,ok,,train,face_signing,0.9988348
loan_1779,face_signing,/workspace/jinchuang_v4/extracted/data/loan_1779/face_signing.jpg,loan_1779/face_signing.jpg,108238,1024,1024,ok,,train,face_signing,0.9987213
loan_178,face_signing,/workspace/jinchuang_v4/extracted/data/loan_178/face_signing.jpg,loan_178/face_signing.jpg,179346,1024,1024,ok,,train,face_signing,0.99898523
loan_1780,face_signing,/workspace/jinchuang_v4/extracted/data/loan_1780/face_signing.jpg,loan_1780/face_signing.jpg,141973,1024,1024,ok,,train,face_signing,0.9989128
loan_1781,face_signing,/workspace/jinchuang_v4/extracted/data/loan_1781/face_signing.jpg,loan_1781/face_signing.jpg,133364,1024,1024,ok,,val,face_signing,0.9990355
loan_1782,face_signing,/workspace/jinchuang_v4/extracted/data/loan_1782/face_signing.jpg,loan_1782/face_signing.jpg,160527,1024,1024,ok,,test,face_signing,0.9976344
loan_1783,face_signing,/workspace/jinchuang_v4/extracted/data/loan_1783/face_signing.jpg,loan_1783/face_signing.jpg,117695,1024,1024,ok,,train,face_signing,0.9988721
loan_1784,face_signing,/workspace/jinchuang_v4/extracted/data/loan_1784/face_signing.jpg,loan_1784/face_signing.jpg,159333,1024,1024,ok,,train,face_signing,0.9982375
loan_1785,face_signing,/workspace/jinchuang_v4/extracted/data/loan_1785/face_signing.jpg,loan_1785/face_signing.jpg,160442,1024,1024,ok,,test,face_signing,0.99813145
loan_1786,face_signing,/workspace/jinchuang_v4/extracted/data/loan_1786/face_signing.jpg,loan_1786/face_signing.jpg,126322,1024,1024,ok,,train,face_signing,0.9981207
loan_1787,face_signing,/workspace/jinchuang_v4/extracted/data/loan_1787/face_signing.jpg,loan_1787/face_signing.jpg,141343,1024,1024,ok,,val,face_signing,0.9987418
loan_1788,face_signing,/workspace/jinchuang_v4/extracted/data/loan_1788/face_signing.jpg,loan_1788/face_signing.jpg,499719,1254,1254,ok,,train,face_signing,0.9985318
loan_1789,face_signing,/workspace/jinchuang_v4/extracted/data/loan_1789/face_signing.jpg,loan_1789/face_signing.jpg,121042,1024,1024,ok,,train,face_signing,0.9984895
loan_179,face_signing,/workspace/jinchuang_v4/extracted/data/loan_179/face_signing.jpg,loan_179/face_signing.jpg,134862,1024,1024,ok,,val,face_signing,0.9990042
loan_1790,face_signing,/workspace/jinchuang_v4/extracted/data/loan_1790/face_signing.jpg,loan_1790/face_signing.jpg,128290,1024,1024,ok,,val,face_signing,0.99877375
loan_1791,face_signing,/workspace/jinchuang_v4/extracted/data/loan_1791/face_signing.jpg,loan_1791/face_signing.jpg,161960,1024,1024,ok,,train,face_signing,0.99796355
loan_1792,face_signing,/workspace/jinchuang_v4/extracted/data/loan_1792/face_signing.jpg,loan_1792/face_signing.jpg,140962,1024,1024,ok,,train,face_signing,0.9973732
loan_1793,face_signing,/workspace/jinchuang_v4/extracted/data/loan_1793/face_signing.jpg,loan_1793/face_signing.jpg,131408,1024,1024,ok,,train,face_signing,0.9988752
loan_1794,face_signing,/workspace/jinchuang_v4/extracted/data/loan_1794/face_signing.jpg,loan_1794/face_signing.jpg,140647,1024,1024,ok,,train,face_signing,0.9985222
loan_1795,face_signing,/workspace/jinchuang_v4/extracted/data/loan_1795/face_signing.jpg,loan_1795/face_signing.jpg,145284,1024,1024,ok,,train,face_signing,0.99846184
loan_1796,face_signing,/workspace/jinchuang_v4/extracted/data/loan_1796/face_signing.jpg,loan_1796/face_signing.jpg,124776,1024,1024,ok,,train,face_signing,0.99808216
loan_1797,face_signing,/workspace/jinchuang_v4/extracted/data/loan_1797/face_signing.jpg,loan_1797/face_signing.jpg,124019,1024,1024,ok,,train,face_signing,0.9989976
loan_1798,face_signing,/workspace/jinchuang_v4/extracted/data/loan_1798/face_signing.jpg,loan_1798/face_signing.jpg,149362,1024,1024,ok,,train,face_signing,0.99813664
loan_1799,face_signing,/workspace/jinchuang_v4/extracted/data/loan_1799/face_signing.jpg,loan_1799/face_signing.jpg,138418,1024,1024,ok,,train,face_signing,0.9987715
loan_180,face_signing,/workspace/jinchuang_v4/extracted/data/loan_180/face_signing.jpg,loan_180/face_signing.jpg,109968,1024,1024,ok,,test,face_signing,0.9986519
loan_1800,face_signing,/workspace/jinchuang_v4/extracted/data/loan_1800/face_signing.jpg,loan_1800/face_signing.jpg,426367,1254,1254,ok,,train,face_signing,0.99830925
loan_1801,face_signing,/workspace/jinchuang_v4/extracted/data/loan_1801/face_signing.jpg,loan_1801/face_signing.jpg,127048,1024,1024,ok,,train,face_signing,0.9992563
loan_1802,face_signing,/workspace/jinchuang_v4/extracted/data/loan_1802/face_signing.jpg,loan_1802/face_signing.jpg,373844,1254,1254,ok,,test,face_signing,0.99844825
loan_1803,face_signing,/workspace/jinchuang_v4/extracted/data/loan_1803/face_signing.jpg,loan_1803/face_signing.jpg,456031,1254,1254,ok,,train,face_signing,0.9955799
loan_1804,face_signing,/workspace/jinchuang_v4/extracted/data/loan_1804/face_signing.jpg,loan_1804/face_signing.jpg,146834,1024,1024,ok,,test,face_signing,0.9976566
loan_1805,face_signing,/workspace/jinchuang_v4/extracted/data/loan_1805/face_signing.jpg,loan_1805/face_signing.jpg,121278,1024,1024,ok,,train,face_signing,0.99883264
loan_1806,face_signing,/workspace/jinchuang_v4/extracted/data/loan_1806/face_signing.jpg,loan_1806/face_signing.jpg,119700,1024,1024,ok,,train,face_signing,0.99922776
loan_1807,face_signing,/workspace/jinchuang_v4/extracted/data/loan_1807/face_signing.jpg,loan_1807/face_signing.jpg,452346,1254,1254,ok,,train,face_signing,0.9985669
loan_1808,face_signing,/workspace/jinchuang_v4/extracted/data/loan_1808/face_signing.jpg,loan_1808/face_signing.jpg,130184,1024,1024,ok,,train,face_signing,0.9988335
loan_1809,face_signing,/workspace/jinchuang_v4/extracted/data/loan_1809/face_signing.jpg,loan_1809/face_signing.jpg,135716,1024,1024,ok,,train,face_signing,0.9991104
loan_181,face_signing,/workspace/jinchuang_v4/extracted/data/loan_181/face_signing.jpg,loan_181/face_signing.jpg,140971,1024,1024,ok,,train,face_signing,0.9987301
loan_1810,face_signing,/workspace/jinchuang_v4/extracted/data/loan_1810/face_signing.jpg,loan_1810/face_signing.jpg,132809,1024,1024,ok,,train,face_signing,0.9969727
loan_1811,face_signing,/workspace/jinchuang_v4/extracted/data/loan_1811/face_signing.jpg,loan_1811/face_signing.jpg,134000,1024,1024,ok,,train,face_signing,0.99908435
loan_1812,face_signing,/workspace/jinchuang_v4/extracted/data/loan_1812/face_signing.jpg,loan_1812/face_signing.jpg,124280,1024,1024,ok,,val,face_signing,0.9991762
loan_1813,face_signing,/workspace/jinchuang_v4/extracted/data/loan_1813/face_signing.jpg,loan_1813/face_signing.jpg,134392,1024,1024,ok,,train,face_signing,0.998976
loan_1814,face_signing,/workspace/jinchuang_v4/extracted/data/loan_1814/face_signing.jpg,loan_1814/face_signing.jpg,137130,1024,1024,ok,,val,face_signing,0.99869496
loan_1815,face_signing,/workspace/jinchuang_v4/extracted/data/loan_1815/face_signing.jpg,loan_1815/face_signing.jpg,124236,1024,1024,ok,,train,face_signing,0.99815565
loan_1816,face_signing,/workspace/jinchuang_v4/extracted/data/loan_1816/face_signing.jpg,loan_1816/face_signing.jpg,121224,1024,1024,ok,,train,face_signing,0.99842536
loan_1817,face_signing,/workspace/jinchuang_v4/extracted/data/loan_1817/face_signing.jpg,loan_1817/face_signing.jpg,144003,1024,1024,ok,,train,face_signing,0.99836224
loan_1818,face_signing,/workspace/jinchuang_v4/extracted/data/loan_1818/face_signing.jpg,loan_1818/face_signing.jpg,123645,1024,1024,ok,,val,face_signing,0.9986312
loan_1819,face_signing,/workspace/jinchuang_v4/extracted/data/loan_1819/face_signing.jpg,loan_1819/face_signing.jpg,156330,1024,1024,ok,,val,face_signing,0.9982963
loan_182,face_signing,/workspace/jinchuang_v4/extracted/data/loan_182/face_signing.jpg,loan_182/face_signing.jpg,154931,1024,1024,ok,,train,face_signing,0.9987204
loan_1820,face_signing,/workspace/jinchuang_v4/extracted/data/loan_1820/face_signing.jpg,loan_1820/face_signing.jpg,474382,1254,1254,ok,,train,face_signing,0.99727947
loan_1821,face_signing,/workspace/jinchuang_v4/extracted/data/loan_1821/face_signing.jpg,loan_1821/face_signing.jpg,173564,1024,1024,ok,,train,face_signing,0.9974917
loan_1822,face_signing,/workspace/jinchuang_v4/extracted/data/loan_1822/face_signing.jpg,loan_1822/face_signing.jpg,470763,1254,1254,ok,,train,face_signing,0.9981298
loan_1823,face_signing,/workspace/jinchuang_v4/extracted/data/loan_1823/face_signing.jpg,loan_1823/face_signing.jpg,128738,1024,1024,ok,,train,face_signing,0.9989712
loan_1824,face_signing,/workspace/jinchuang_v4/extracted/data/loan_1824/face_signing.jpg,loan_1824/face_signing.jpg,129864,1024,1024,ok,,train,face_signing,0.9986021
loan_1825,face_signing,/workspace/jinchuang_v4/extracted/data/loan_1825/face_signing.jpg,loan_1825/face_signing.jpg,455183,1254,1254,ok,,train,face_signing,0.9988219
loan_1826,face_signing,/workspace/jinchuang_v4/extracted/data/loan_1826/face_signing.jpg,loan_1826/face_signing.jpg,367003,1254,1254,ok,,train,face_signing,0.99842167
loan_1827,face_signing,/workspace/jinchuang_v4/extracted/data/loan_1827/face_signing.jpg,loan_1827/face_signing.jpg,125904,1024,1024,ok,,train,face_signing,0.9990308
loan_1828,face_signing,/workspace/jinchuang_v4/extracted/data/loan_1828/face_signing.jpg,loan_1828/face_signing.jpg,109924,1024,1024,ok,,train,face_signing,0.9991916
loan_1829,face_signing,/workspace/jinchuang_v4/extracted/data/loan_1829/face_signing.jpg,loan_1829/face_signing.jpg,146575,1024,1024,ok,,train,face_signing,0.99900925
loan_183,face_signing,/workspace/jinchuang_v4/extracted/data/loan_183/face_signing.jpg,loan_183/face_signing.jpg,119181,1024,1024,ok,,val,face_signing,0.9981799
loan_1830,face_signing,/workspace/jinchuang_v4/extracted/data/loan_1830/face_signing.jpg,loan_1830/face_signing.jpg,166285,1024,1024,ok,,test,face_signing,0.9979208
loan_1831,face_signing,/workspace/jinchuang_v4/extracted/data/loan_1831/face_signing.jpg,loan_1831/face_signing.jpg,120231,1024,1024,ok,,test,face_signing,0.99840504
loan_1832,face_signing,/workspace/jinchuang_v4/extracted/data/loan_1832/face_signing.jpg,loan_1832/face_signing.jpg,135215,1024,1024,ok,,train,face_signing,0.9982666
loan_1833,face_signing,/workspace/jinchuang_v4/extracted/data/loan_1833/face_signing.jpg,loan_1833/face_signing.jpg,111972,1024,1024,ok,,val,face_signing,0.9979715
loan_1834,face_signing,/workspace/jinchuang_v4/extracted/data/loan_1834/face_signing.jpg,loan_1834/face_signing.jpg,124624,1024,1024,ok,,train,face_signing,0.9992574
loan_1835,face_signing,/workspace/jinchuang_v4/extracted/data/loan_1835/face_signing.jpg,loan_1835/face_signing.jpg,423483,1254,1254,ok,,val,face_signing,0.99787235
loan_1836,face_signing,/workspace/jinchuang_v4/extracted/data/loan_1836/face_signing.jpg,loan_1836/face_signing.jpg,134275,1024,1024,ok,,train,face_signing,0.9987576
loan_1837,face_signing,/workspace/jinchuang_v4/extracted/data/loan_1837/face_signing.jpg,loan_1837/face_signing.jpg,147331,1024,1024,ok,,train,face_signing,0.99855584
loan_1838,face_signing,/workspace/jinchuang_v4/extracted/data/loan_1838/face_signing.jpg,loan_1838/face_signing.jpg,129812,1024,1024,ok,,train,face_signing,0.9966376
loan_1839,face_signing,/workspace/jinchuang_v4/extracted/data/loan_1839/face_signing.jpg,loan_1839/face_signing.jpg,114210,1024,1024,ok,,val,face_signing,0.99862146
loan_184,face_signing,/workspace/jinchuang_v4/extracted/data/loan_184/face_signing.jpg,loan_184/face_signing.jpg,345827,1254,1254,ok,,train,face_signing,0.9969447
loan_1840,face_signing,/workspace/jinchuang_v4/extracted/data/loan_1840/face_signing.jpg,loan_1840/face_signing.jpg,137937,1024,1024,ok,,test,face_signing,0.9985435
loan_1841,face_signing,/workspace/jinchuang_v4/extracted/data/loan_1841/face_signing.jpg,loan_1841/face_signing.jpg,126937,1024,1024,ok,,test,face_signing,0.99832565
loan_1842,face_signing,/workspace/jinchuang_v4/extracted/data/loan_1842/face_signing.jpg,loan_1842/face_signing.jpg,128373,1024,1024,ok,,train,face_signing,0.9988286
loan_1843,face_signing,/workspace/jinchuang_v4/extracted/data/loan_1843/face_signing.jpg,loan_1843/face_signing.jpg,425603,1254,1254,ok,,test,face_signing,0.99772483
loan_1844,face_signing,/workspace/jinchuang_v4/extracted/data/loan_1844/face_signing.jpg,loan_1844/face_signing.jpg,164347,1024,1024,ok,,test,face_signing,0.9973471
loan_1845,face_signing,/workspace/jinchuang_v4/extracted/data/loan_1845/face_signing.jpg,loan_1845/face_signing.jpg,113753,1024,1024,ok,,test,face_signing,0.9983682
loan_1846,face_signing,/workspace/jinchuang_v4/extracted/data/loan_1846/face_signing.jpg,loan_1846/face_signing.jpg,124861,1024,1024,ok,,test,face_signing,0.9979663
loan_1847,face_signing,/workspace/jinchuang_v4/extracted/data/loan_1847/face_signing.jpg,loan_1847/face_signing.jpg,402601,1254,1254,ok,,train,face_signing,0.9970182
loan_1848,face_signing,/workspace/jinchuang_v4/extracted/data/loan_1848/face_signing.jpg,loan_1848/face_signing.jpg,142516,1024,1024,ok,,train,face_signing,0.9992539
loan_1849,face_signing,/workspace/jinchuang_v4/extracted/data/loan_1849/face_signing.jpg,loan_1849/face_signing.jpg,131566,1024,1024,ok,,train,face_signing,0.9986313
loan_185,face_signing,/workspace/jinchuang_v4/extracted/data/loan_185/face_signing.jpg,loan_185/face_signing.jpg,152310,1024,1024,ok,,train,face_signing,0.99916625
loan_1850,face_signing,/workspace/jinchuang_v4/extracted/data/loan_1850/face_signing.jpg,loan_1850/face_signing.jpg,128934,1024,1024,ok,,train,face_signing,0.9978668
loan_1851,face_signing,/workspace/jinchuang_v4/extracted/data/loan_1851/face_signing.jpg,loan_1851/face_signing.jpg,160189,1024,1024,ok,,train,face_signing,0.9987091
loan_1852,face_signing,/workspace/jinchuang_v4/extracted/data/loan_1852/face_signing.jpg,loan_1852/face_signing.jpg,154168,1024,1024,ok,,val,face_signing,0.9989354
loan_1853,face_signing,/workspace/jinchuang_v4/extracted/data/loan_1853/face_signing.jpg,loan_1853/face_signing.jpg,133088,1024,1024,ok,,val,face_signing,0.9980769
loan_1854,face_signing,/workspace/jinchuang_v4/extracted/data/loan_1854/face_signing.jpg,loan_1854/face_signing.jpg,135798,1024,1024,ok,,train,face_signing,0.99931955
loan_1855,face_signing,/workspace/jinchuang_v4/extracted/data/loan_1855/face_signing.jpg,loan_1855/face_signing.jpg,132798,1024,1024,ok,,train,face_signing,0.99840814
loan_1856,face_signing,/workspace/jinchuang_v4/extracted/data/loan_1856/face_signing.jpg,loan_1856/face_signing.jpg,125244,1024,1024,ok,,train,face_signing,0.9989059
loan_1857,face_signing,/workspace/jinchuang_v4/extracted/data/loan_1857/face_signing.jpg,loan_1857/face_signing.jpg,445587,1254,1254,ok,,train,face_signing,0.99760664
loan_1858,face_signing,/workspace/jinchuang_v4/extracted/data/loan_1858/face_signing.jpg,loan_1858/face_signing.jpg,132864,1024,1024,ok,,val,face_signing,0.99881303
loan_1859,face_signing,/workspace/jinchuang_v4/extracted/data/loan_1859/face_signing.jpg,loan_1859/face_signing.jpg,144977,1024,1024,ok,,train,face_signing,0.998904
loan_186,face_signing,/workspace/jinchuang_v4/extracted/data/loan_186/face_signing.jpg,loan_186/face_signing.jpg,162879,1024,1024,ok,,train,face_signing,0.9958319
loan_1860,face_signing,/workspace/jinchuang_v4/extracted/data/loan_1860/face_signing.jpg,loan_1860/face_signing.jpg,157428,1024,1024,ok,,train,face_signing,0.9972058
loan_1861,face_signing,/workspace/jinchuang_v4/extracted/data/loan_1861/face_signing.jpg,loan_1861/face_signing.jpg,130029,1024,1024,ok,,test,face_signing,0.99826956
loan_1862,face_signing,/workspace/jinchuang_v4/extracted/data/loan_1862/face_signing.jpg,loan_1862/face_signing.jpg,130282,1024,1024,ok,,train,face_signing,0.9989009
loan_1863,face_signing,/workspace/jinchuang_v4/extracted/data/loan_1863/face_signing.jpg,loan_1863/face_signing.jpg,128808,1024,1024,ok,,train,face_signing,0.99852943
loan_1864,face_signing,/workspace/jinchuang_v4/extracted/data/loan_1864/face_signing.jpg,loan_1864/face_signing.jpg,128047,1024,1024,ok,,test,face_signing,0.9987147
loan_1865,face_signing,/workspace/jinchuang_v4/extracted/data/loan_1865/face_signing.jpg,loan_1865/face_signing.jpg,158629,1024,1024,ok,,val,face_signing,0.99895215
loan_1866,face_signing,/workspace/jinchuang_v4/extracted/data/loan_1866/face_signing.jpg,loan_1866/face_signing.jpg,129463,1024,1024,ok,,val,face_signing,0.9986029
loan_1867,face_signing,/workspace/jinchuang_v4/extracted/data/loan_1867/face_signing.jpg,loan_1867/face_signing.jpg,118492,1024,1024,ok,,train,face_signing,0.9990771
loan_1868,face_signing,/workspace/jinchuang_v4/extracted/data/loan_1868/face_signing.jpg,loan_1868/face_signing.jpg,460478,1254,1254,ok,,train,face_signing,0.99694103
loan_1869,face_signing,/workspace/jinchuang_v4/extracted/data/loan_1869/face_signing.jpg,loan_1869/face_signing.jpg,125354,1024,1024,ok,,train,face_signing,0.9987772
loan_187,face_signing,/workspace/jinchuang_v4/extracted/data/loan_187/face_signing.jpg,loan_187/face_signing.jpg,114146,1024,1024,ok,,test,face_signing,0.99924904
loan_1870,face_signing,/workspace/jinchuang_v4/extracted/data/loan_1870/face_signing.jpg,loan_1870/face_signing.jpg,149783,1024,1024,ok,,train,face_signing,0.9983923
loan_1871,face_signing,/workspace/jinchuang_v4/extracted/data/loan_1871/face_signing.jpg,loan_1871/face_signing.jpg,119358,1024,1024,ok,,train,face_signing,0.9990017
loan_1872,face_signing,/workspace/jinchuang_v4/extracted/data/loan_1872/face_signing.jpg,loan_1872/face_signing.jpg,151797,1024,1024,ok,,train,face_signing,0.9989318
loan_1873,face_signing,/workspace/jinchuang_v4/extracted/data/loan_1873/face_signing.jpg,loan_1873/face_signing.jpg,138173,1024,1024,ok,,train,face_signing,0.9986369
loan_1874,face_signing,/workspace/jinchuang_v4/extracted/data/loan_1874/face_signing.jpg,loan_1874/face_signing.jpg,138464,1024,1024,ok,,test,face_signing,0.99825615
loan_1875,face_signing,/workspace/jinchuang_v4/extracted/data/loan_1875/face_signing.jpg,loan_1875/face_signing.jpg,110678,1024,1024,ok,,val,face_signing,0.9983841
loan_1876,face_signing,/workspace/jinchuang_v4/extracted/data/loan_1876/face_signing.jpg,loan_1876/face_signing.jpg,152090,1024,1024,ok,,train,face_signing,0.9985663
loan_1877,face_signing,/workspace/jinchuang_v4/extracted/data/loan_1877/face_signing.jpg,loan_1877/face_signing.jpg,123944,1024,1024,ok,,train,face_signing,0.997959
loan_1878,face_signing,/workspace/jinchuang_v4/extracted/data/loan_1878/face_signing.jpg,loan_1878/face_signing.jpg,150532,1024,1024,ok,,val,face_signing,0.99773335
loan_1879,face_signing,/workspace/jinchuang_v4/extracted/data/loan_1879/face_signing.jpg,loan_1879/face_signing.jpg,125149,1024,1024,ok,,train,face_signing,0.99862933
loan_188,face_signing,/workspace/jinchuang_v4/extracted/data/loan_188/face_signing.jpg,loan_188/face_signing.jpg,123255,1024,1024,ok,,train,face_signing,0.9988427
loan_1880,face_signing,/workspace/jinchuang_v4/extracted/data/loan_1880/face_signing.jpg,loan_1880/face_signing.jpg,130580,1024,1024,ok,,train,face_signing,0.9989507
loan_1881,face_signing,/workspace/jinchuang_v4/extracted/data/loan_1881/face_signing.jpg,loan_1881/face_signing.jpg,126628,1024,1024,ok,,train,face_signing,0.99840707
loan_1882,face_signing,/workspace/jinchuang_v4/extracted/data/loan_1882/face_signing.jpg,loan_1882/face_signing.jpg,133703,1024,1024,ok,,train,face_signing,0.99704933
loan_1883,face_signing,/workspace/jinchuang_v4/extracted/data/loan_1883/face_signing.jpg,loan_1883/face_signing.jpg,124610,1024,1024,ok,,val,face_signing,0.99906784
loan_1884,face_signing,/workspace/jinchuang_v4/extracted/data/loan_1884/face_signing.jpg,loan_1884/face_signing.jpg,382347,1254,1254,ok,,train,face_signing,0.9989458
loan_1885,face_signing,/workspace/jinchuang_v4/extracted/data/loan_1885/face_signing.jpg,loan_1885/face_signing.jpg,153836,1024,1024,ok,,train,face_signing,0.99839777
loan_1886,face_signing,/workspace/jinchuang_v4/extracted/data/loan_1886/face_signing.jpg,loan_1886/face_signing.jpg,127720,1024,1024,ok,,train,face_signing,0.99575436
loan_1887,face_signing,/workspace/jinchuang_v4/extracted/data/loan_1887/face_signing.jpg,loan_1887/face_signing.jpg,145545,1024,1024,ok,,val,face_signing,0.99838233
loan_1888,face_signing,/workspace/jinchuang_v4/extracted/data/loan_1888/face_signing.jpg,loan_1888/face_signing.jpg,127702,1024,1024,ok,,test,face_signing,0.9985215
loan_1889,face_signing,/workspace/jinchuang_v4/extracted/data/loan_1889/face_signing.jpg,loan_1889/face_signing.jpg,111824,1024,1024,ok,,train,face_signing,0.9993808
loan_189,face_signing,/workspace/jinchuang_v4/extracted/data/loan_189/face_signing.jpg,loan_189/face_signing.jpg,350545,1254,1254,ok,,train,face_signing,0.9977518
loan_1890,face_signing,/workspace/jinchuang_v4/extracted/data/loan_1890/face_signing.jpg,loan_1890/face_signing.jpg,124295,1024,1024,ok,,val,face_signing,0.9972621
loan_1891,face_signing,/workspace/jinchuang_v4/extracted/data/loan_1891/face_signing.jpg,loan_1891/face_signing.jpg,146602,1024,1024,ok,,val,face_signing,0.9979468
loan_1892,face_signing,/workspace/jinchuang_v4/extracted/data/loan_1892/face_signing.jpg,loan_1892/face_signing.jpg,134558,1024,1024,ok,,val,face_signing,0.9979442
loan_1893,face_signing,/workspace/jinchuang_v4/extracted/data/loan_1893/face_signing.jpg,loan_1893/face_signing.jpg,367934,1254,1254,ok,,val,face_signing,0.99768114
loan_1894,face_signing,/workspace/jinchuang_v4/extracted/data/loan_1894/face_signing.jpg,loan_1894/face_signing.jpg,121678,1024,1024,ok,,val,face_signing,0.9989538
loan_1895,face_signing,/workspace/jinchuang_v4/extracted/data/loan_1895/face_signing.jpg,loan_1895/face_signing.jpg,381090,1254,1254,ok,,train,face_signing,0.99878556
loan_1896,face_signing,/workspace/jinchuang_v4/extracted/data/loan_1896/face_signing.jpg,loan_1896/face_signing.jpg,133059,1024,1024,ok,,train,face_signing,0.99897015
loan_1897,face_signing,/workspace/jinchuang_v4/extracted/data/loan_1897/face_signing.jpg,loan_1897/face_signing.jpg,172595,1024,1024,ok,,train,face_signing,0.99768674
loan_1898,face_signing,/workspace/jinchuang_v4/extracted/data/loan_1898/face_signing.jpg,loan_1898/face_signing.jpg,126539,1024,1024,ok,,train,face_signing,0.9988857
loan_1899,face_signing,/workspace/jinchuang_v4/extracted/data/loan_1899/face_signing.jpg,loan_1899/face_signing.jpg,136271,1024,1024,ok,,train,face_signing,0.99894077
loan_190,face_signing,/workspace/jinchuang_v4/extracted/data/loan_190/face_signing.jpg,loan_190/face_signing.jpg,113109,1024,1024,ok,,val,face_signing,0.9993506
loan_1900,face_signing,/workspace/jinchuang_v4/extracted/data/loan_1900/face_signing.jpg,loan_1900/face_signing.jpg,134635,1024,1024,ok,,test,face_signing,0.9986626
loan_1901,face_signing,/workspace/jinchuang_v4/extracted/data/loan_1901/face_signing.jpg,loan_1901/face_signing.jpg,139331,1024,1024,ok,,train,face_signing,0.9982957
loan_1902,face_signing,/workspace/jinchuang_v4/extracted/data/loan_1902/face_signing.jpg,loan_1902/face_signing.jpg,420902,1254,1254,ok,,train,face_signing,0.99894565
loan_1903,face_signing,/workspace/jinchuang_v4/extracted/data/loan_1903/face_signing.jpg,loan_1903/face_signing.jpg,130447,1024,1024,ok,,train,face_signing,0.99838126
loan_1904,face_signing,/workspace/jinchuang_v4/extracted/data/loan_1904/face_signing.jpg,loan_1904/face_signing.jpg,162141,1024,1024,ok,,val,face_signing,0.9988926
loan_1905,face_signing,/workspace/jinchuang_v4/extracted/data/loan_1905/face_signing.jpg,loan_1905/face_signing.jpg,134464,1024,1024,ok,,train,face_signing,0.9983583
loan_1906,face_signing,/workspace/jinchuang_v4/extracted/data/loan_1906/face_signing.jpg,loan_1906/face_signing.jpg,143190,1024,1024,ok,,train,face_signing,0.99799025
loan_1907,face_signing,/workspace/jinchuang_v4/extracted/data/loan_1907/face_signing.jpg,loan_1907/face_signing.jpg,156018,1024,1024,ok,,val,face_signing,0.99812347
loan_1908,face_signing,/workspace/jinchuang_v4/extracted/data/loan_1908/face_signing.jpg,loan_1908/face_signing.jpg,139902,1024,1024,ok,,train,face_signing,0.99907804
loan_1909,face_signing,/workspace/jinchuang_v4/extracted/data/loan_1909/face_signing.jpg,loan_1909/face_signing.jpg,140782,1024,1024,ok,,train,face_signing,0.9984267
loan_191,face_signing,/workspace/jinchuang_v4/extracted/data/loan_191/face_signing.jpg,loan_191/face_signing.jpg,159636,1024,1024,ok,,val,face_signing,0.99849296
loan_1910,face_signing,/workspace/jinchuang_v4/extracted/data/loan_1910/face_signing.jpg,loan_1910/face_signing.jpg,118969,1024,1024,ok,,train,face_signing,0.9984956
loan_1911,face_signing,/workspace/jinchuang_v4/extracted/data/loan_1911/face_signing.jpg,loan_1911/face_signing.jpg,147976,1024,1024,ok,,train,face_signing,0.99840444
loan_1912,face_signing,/workspace/jinchuang_v4/extracted/data/loan_1912/face_signing.jpg,loan_1912/face_signing.jpg,455582,1254,1254,ok,,train,face_signing,0.99789846
loan_1913,face_signing,/workspace/jinchuang_v4/extracted/data/loan_1913/face_signing.jpg,loan_1913/face_signing.jpg,142667,1024,1024,ok,,train,face_signing,0.99908483
loan_1914,face_signing,/workspace/jinchuang_v4/extracted/data/loan_1914/face_signing.jpg,loan_1914/face_signing.jpg,141424,1024,1024,ok,,test,face_signing,0.9986935
loan_1915,face_signing,/workspace/jinchuang_v4/extracted/data/loan_1915/face_signing.jpg,loan_1915/face_signing.jpg,126823,1024,1024,ok,,train,face_signing,0.99771774
loan_1916,face_signing,/workspace/jinchuang_v4/extracted/data/loan_1916/face_signing.jpg,loan_1916/face_signing.jpg,134690,1024,1024,ok,,val,face_signing,0.9977012
loan_1917,face_signing,/workspace/jinchuang_v4/extracted/data/loan_1917/face_signing.jpg,loan_1917/face_signing.jpg,125558,1024,1024,ok,,val,face_signing,0.99780065
loan_1918,face_signing,/workspace/jinchuang_v4/extracted/data/loan_1918/face_signing.jpg,loan_1918/face_signing.jpg,133867,1024,1024,ok,,val,face_signing,0.9984157
loan_1919,face_signing,/workspace/jinchuang_v4/extracted/data/loan_1919/face_signing.jpg,loan_1919/face_signing.jpg,131096,1024,1024,ok,,train,face_signing,0.9982693
loan_192,face_signing,/workspace/jinchuang_v4/extracted/data/loan_192/face_signing.jpg,loan_192/face_signing.jpg,368996,1254,1254,ok,,test,face_signing,0.9981584
loan_1920,face_signing,/workspace/jinchuang_v4/extracted/data/loan_1920/face_signing.jpg,loan_1920/face_signing.jpg,114922,1024,1024,ok,,train,face_signing,0.9990521
loan_1921,face_signing,/workspace/jinchuang_v4/extracted/data/loan_1921/face_signing.jpg,loan_1921/face_signing.jpg,119186,1024,1024,ok,,train,face_signing,0.9979558
loan_1922,face_signing,/workspace/jinchuang_v4/extracted/data/loan_1922/face_signing.jpg,loan_1922/face_signing.jpg,110070,1024,1024,ok,,train,face_signing,0.99814665
loan_1923,face_signing,/workspace/jinchuang_v4/extracted/data/loan_1923/face_signing.jpg,loan_1923/face_signing.jpg,183943,1024,1024,ok,,train,face_signing,0.9988894
loan_1924,face_signing,/workspace/jinchuang_v4/extracted/data/loan_1924/face_signing.jpg,loan_1924/face_signing.jpg,149869,1024,1024,ok,,train,face_signing,0.9985607
loan_1925,face_signing,/workspace/jinchuang_v4/extracted/data/loan_1925/face_signing.jpg,loan_1925/face_signing.jpg,140869,1024,1024,ok,,train,face_signing,0.997889
loan_1926,face_signing,/workspace/jinchuang_v4/extracted/data/loan_1926/face_signing.jpg,loan_1926/face_signing.jpg,124529,1024,1024,ok,,train,face_signing,0.9991404
loan_1927,face_signing,/workspace/jinchuang_v4/extracted/data/loan_1927/face_signing.jpg,loan_1927/face_signing.jpg,125734,1024,1024,ok,,train,face_signing,0.9988103
loan_1928,face_signing,/workspace/jinchuang_v4/extracted/data/loan_1928/face_signing.jpg,loan_1928/face_signing.jpg,117420,1024,1024,ok,,train,face_signing,0.9993843
loan_1929,face_signing,/workspace/jinchuang_v4/extracted/data/loan_1929/face_signing.jpg,loan_1929/face_signing.jpg,460971,1254,1254,ok,,train,face_signing,0.9964528
loan_193,face_signing,/workspace/jinchuang_v4/extracted/data/loan_193/face_signing.jpg,loan_193/face_signing.jpg,133298,1024,1024,ok,,val,face_signing,0.99852055
loan_1930,face_signing,/workspace/jinchuang_v4/extracted/data/loan_1930/face_signing.jpg,loan_1930/face_signing.jpg,147834,1024,1024,ok,,train,face_signing,0.99834514
loan_1931,face_signing,/workspace/jinchuang_v4/extracted/data/loan_1931/face_signing.jpg,loan_1931/face_signing.jpg,147161,1024,1024,ok,,train,face_signing,0.9980951
loan_1932,face_signing,/workspace/jinchuang_v4/extracted/data/loan_1932/face_signing.jpg,loan_1932/face_signing.jpg,124997,1024,1024,ok,,train,face_signing,0.9984944
loan_1933,face_signing,/workspace/jinchuang_v4/extracted/data/loan_1933/face_signing.jpg,loan_1933/face_signing.jpg,115575,1024,1024,ok,,train,face_signing,0.9985153
loan_1934,face_signing,/workspace/jinchuang_v4/extracted/data/loan_1934/face_signing.jpg,loan_1934/face_signing.jpg,147524,1024,1024,ok,,train,face_signing,0.99875915
loan_1935,face_signing,/workspace/jinchuang_v4/extracted/data/loan_1935/face_signing.jpg,loan_1935/face_signing.jpg,131503,1024,1024,ok,,train,face_signing,0.9988242
loan_1936,face_signing,/workspace/jinchuang_v4/extracted/data/loan_1936/face_signing.jpg,loan_1936/face_signing.jpg,124400,1024,1024,ok,,train,face_signing,0.99891853
loan_1937,face_signing,/workspace/jinchuang_v4/extracted/data/loan_1937/face_signing.jpg,loan_1937/face_signing.jpg,132551,1024,1024,ok,,train,face_signing,0.9978188
loan_1938,face_signing,/workspace/jinchuang_v4/extracted/data/loan_1938/face_signing.jpg,loan_1938/face_signing.jpg,136807,1024,1024,ok,,val,face_signing,0.999025
loan_1939,face_signing,/workspace/jinchuang_v4/extracted/data/loan_1939/face_signing.jpg,loan_1939/face_signing.jpg,130249,1024,1024,ok,,train,face_signing,0.9991885
loan_194,face_signing,/workspace/jinchuang_v4/extracted/data/loan_194/face_signing.jpg,loan_194/face_signing.jpg,114765,1024,1024,ok,,test,face_signing,0.9985826
loan_1940,face_signing,/workspace/jinchuang_v4/extracted/data/loan_1940/face_signing.jpg,loan_1940/face_signing.jpg,124067,1024,1024,ok,,train,face_signing,0.99886274
loan_1941,face_signing,/workspace/jinchuang_v4/extracted/data/loan_1941/face_signing.jpg,loan_1941/face_signing.jpg,118037,1024,1024,ok,,test,face_signing,0.9989015
loan_1942,face_signing,/workspace/jinchuang_v4/extracted/data/loan_1942/face_signing.jpg,loan_1942/face_signing.jpg,383334,1254,1254,ok,,train,face_signing,0.9934999
loan_1943,face_signing,/workspace/jinchuang_v4/extracted/data/loan_1943/face_signing.jpg,loan_1943/face_signing.jpg,143636,1024,1024,ok,,train,face_signing,0.9983516
loan_1944,face_signing,/workspace/jinchuang_v4/extracted/data/loan_1944/face_signing.jpg,loan_1944/face_signing.jpg,119077,1024,1024,ok,,train,face_signing,0.99847907
loan_1945,face_signing,/workspace/jinchuang_v4/extracted/data/loan_1945/face_signing.jpg,loan_1945/face_signing.jpg,117365,1024,1024,ok,,val,face_signing,0.999022
loan_1946,face_signing,/workspace/jinchuang_v4/extracted/data/loan_1946/face_signing.jpg,loan_1946/face_signing.jpg,133736,1024,1024,ok,,train,face_signing,0.9990995
loan_1947,face_signing,/workspace/jinchuang_v4/extracted/data/loan_1947/face_signing.jpg,loan_1947/face_signing.jpg,119121,1024,1024,ok,,val,face_signing,0.9978345
loan_1948,face_signing,/workspace/jinchuang_v4/extracted/data/loan_1948/face_signing.jpg,loan_1948/face_signing.jpg,123865,1024,1024,ok,,val,face_signing,0.9981268
loan_1949,face_signing,/workspace/jinchuang_v4/extracted/data/loan_1949/face_signing.jpg,loan_1949/face_signing.jpg,114862,1024,1024,ok,,train,face_signing,0.9990464
loan_195,face_signing,/workspace/jinchuang_v4/extracted/data/loan_195/face_signing.jpg,loan_195/face_signing.jpg,143737,1024,1024,ok,,train,face_signing,0.99848217
loan_1950,face_signing,/workspace/jinchuang_v4/extracted/data/loan_1950/face_signing.jpg,loan_1950/face_signing.jpg,153754,1024,1024,ok,,test,face_signing,0.9989465
loan_1951,face_signing,/workspace/jinchuang_v4/extracted/data/loan_1951/face_signing.jpg,loan_1951/face_signing.jpg,127400,1024,1024,ok,,train,face_signing,0.9985228
loan_1952,face_signing,/workspace/jinchuang_v4/extracted/data/loan_1952/face_signing.jpg,loan_1952/face_signing.jpg,149413,1024,1024,ok,,train,face_signing,0.99907047
loan_1953,face_signing,/workspace/jinchuang_v4/extracted/data/loan_1953/face_signing.jpg,loan_1953/face_signing.jpg,142132,1024,1024,ok,,train,face_signing,0.998209
loan_1954,face_signing,/workspace/jinchuang_v4/extracted/data/loan_1954/face_signing.jpg,loan_1954/face_signing.jpg,128924,1024,1024,ok,,train,face_signing,0.9991055
loan_1955,face_signing,/workspace/jinchuang_v4/extracted/data/loan_1955/face_signing.jpg,loan_1955/face_signing.jpg,115311,1024,1024,ok,,train,face_signing,0.9969351
loan_1956,face_signing,/workspace/jinchuang_v4/extracted/data/loan_1956/face_signing.jpg,loan_1956/face_signing.jpg,151224,1024,1024,ok,,train,face_signing,0.9989197
loan_1957,face_signing,/workspace/jinchuang_v4/extracted/data/loan_1957/face_signing.jpg,loan_1957/face_signing.jpg,164948,1024,1024,ok,,train,face_signing,0.9983182
loan_1958,face_signing,/workspace/jinchuang_v4/extracted/data/loan_1958/face_signing.jpg,loan_1958/face_signing.jpg,136407,1024,1024,ok,,test,face_signing,0.99891675
loan_1959,face_signing,/workspace/jinchuang_v4/extracted/data/loan_1959/face_signing.jpg,loan_1959/face_signing.jpg,124671,1024,1024,ok,,test,face_signing,0.99897885
loan_196,face_signing,/workspace/jinchuang_v4/extracted/data/loan_196/face_signing.jpg,loan_196/face_signing.jpg,142712,1024,1024,ok,,val,face_signing,0.9985532
loan_1960,face_signing,/workspace/jinchuang_v4/extracted/data/loan_1960/face_signing.jpg,loan_1960/face_signing.jpg,143993,1024,1024,ok,,train,face_signing,0.9977602
loan_1961,face_signing,/workspace/jinchuang_v4/extracted/data/loan_1961/face_signing.jpg,loan_1961/face_signing.jpg,137679,1024,1024,ok,,train,face_signing,0.99805886
loan_1962,face_signing,/workspace/jinchuang_v4/extracted/data/loan_1962/face_signing.jpg,loan_1962/face_signing.jpg,129354,1024,1024,ok,,val,face_signing,0.9967098
loan_1963,face_signing,/workspace/jinchuang_v4/extracted/data/loan_1963/face_signing.jpg,loan_1963/face_signing.jpg,138894,1024,1024,ok,,test,face_signing,0.99761045
loan_1964,face_signing,/workspace/jinchuang_v4/extracted/data/loan_1964/face_signing.jpg,loan_1964/face_signing.jpg,120466,1024,1024,ok,,train,face_signing,0.99715
loan_1965,face_signing,/workspace/jinchuang_v4/extracted/data/loan_1965/face_signing.jpg,loan_1965/face_signing.jpg,124047,1024,1024,ok,,val,face_signing,0.9990208
loan_1966,face_signing,/workspace/jinchuang_v4/extracted/data/loan_1966/face_signing.jpg,loan_1966/face_signing.jpg,113735,1024,1024,ok,,train,face_signing,0.9986785
loan_1967,face_signing,/workspace/jinchuang_v4/extracted/data/loan_1967/face_signing.jpg,loan_1967/face_signing.jpg,111224,1024,1024,ok,,train,face_signing,0.9985184
loan_1968,face_signing,/workspace/jinchuang_v4/extracted/data/loan_1968/face_signing.jpg,loan_1968/face_signing.jpg,149875,1024,1024,ok,,train,face_signing,0.9978409
loan_1969,face_signing,/workspace/jinchuang_v4/extracted/data/loan_1969/face_signing.jpg,loan_1969/face_signing.jpg,143226,1024,1024,ok,,val,face_signing,0.9960996
loan_197,face_signing,/workspace/jinchuang_v4/extracted/data/loan_197/face_signing.jpg,loan_197/face_signing.jpg,141869,1024,1024,ok,,train,face_signing,0.99844617
loan_1970,face_signing,/workspace/jinchuang_v4/extracted/data/loan_1970/face_signing.jpg,loan_1970/face_signing.jpg,126827,1024,1024,ok,,train,face_signing,0.99550503
loan_1971,face_signing,/workspace/jinchuang_v4/extracted/data/loan_1971/face_signing.jpg,loan_1971/face_signing.jpg,108775,1024,1024,ok,,test,face_signing,0.99885535
loan_1972,face_signing,/workspace/jinchuang_v4/extracted/data/loan_1972/face_signing.jpg,loan_1972/face_signing.jpg,132693,1024,1024,ok,,train,face_signing,0.99917334
loan_1973,face_signing,/workspace/jinchuang_v4/extracted/data/loan_1973/face_signing.jpg,loan_1973/face_signing.jpg,134159,1024,1024,ok,,train,face_signing,0.99902594
loan_1974,face_signing,/workspace/jinchuang_v4/extracted/data/loan_1974/face_signing.jpg,loan_1974/face_signing.jpg,129367,1024,1024,ok,,train,face_signing,0.9972371
loan_1975,face_signing,/workspace/jinchuang_v4/extracted/data/loan_1975/face_signing.jpg,loan_1975/face_signing.jpg,106256,1024,1024,ok,,train,face_signing,0.99788135
loan_1976,face_signing,/workspace/jinchuang_v4/extracted/data/loan_1976/face_signing.jpg,loan_1976/face_signing.jpg,116285,1024,1024,ok,,test,face_signing,0.99725217
loan_1977,face_signing,/workspace/jinchuang_v4/extracted/data/loan_1977/face_signing.jpg,loan_1977/face_signing.jpg,113504,1024,1024,ok,,train,face_signing,0.99849176
loan_1978,face_signing,/workspace/jinchuang_v4/extracted/data/loan_1978/face_signing.jpg,loan_1978/face_signing.jpg,144918,1024,1024,ok,,test,face_signing,0.9973519
loan_1979,face_signing,/workspace/jinchuang_v4/extracted/data/loan_1979/face_signing.jpg,loan_1979/face_signing.jpg,112076,1024,1024,ok,,train,face_signing,0.99831426
loan_198,face_signing,/workspace/jinchuang_v4/extracted/data/loan_198/face_signing.jpg,loan_198/face_signing.jpg,125270,1024,1024,ok,,test,face_signing,0.9978557
loan_1980,face_signing,/workspace/jinchuang_v4/extracted/data/loan_1980/face_signing.jpg,loan_1980/face_signing.jpg,92658,1024,1024,ok,,train,face_signing,0.99654514
loan_1981,face_signing,/workspace/jinchuang_v4/extracted/data/loan_1981/face_signing.jpg,loan_1981/face_signing.jpg,147049,1024,1024,ok,,val,face_signing,0.9984365
loan_1982,face_signing,/workspace/jinchuang_v4/extracted/data/loan_1982/face_signing.jpg,loan_1982/face_signing.jpg,420133,1254,1254,ok,,train,face_signing,0.9979819
loan_1983,face_signing,/workspace/jinchuang_v4/extracted/data/loan_1983/face_signing.jpg,loan_1983/face_signing.jpg,177986,1024,1024,ok,,val,face_signing,0.99790394
loan_1984,face_signing,/workspace/jinchuang_v4/extracted/data/loan_1984/face_signing.jpg,loan_1984/face_signing.jpg,129460,1024,1024,ok,,train,face_signing,0.9986903
loan_1985,face_signing,/workspace/jinchuang_v4/extracted/data/loan_1985/face_signing.jpg,loan_1985/face_signing.jpg,147615,1024,1024,ok,,train,face_signing,0.9986045
loan_1986,face_signing,/workspace/jinchuang_v4/extracted/data/loan_1986/face_signing.jpg,loan_1986/face_signing.jpg,114177,1024,1024,ok,,train,face_signing,0.9979327
loan_1987,face_signing,/workspace/jinchuang_v4/extracted/data/loan_1987/face_signing.jpg,loan_1987/face_signing.jpg,133887,1024,1024,ok,,train,face_signing,0.99886394
loan_1988,face_signing,/workspace/jinchuang_v4/extracted/data/loan_1988/face_signing.jpg,loan_1988/face_signing.jpg,131308,1024,1024,ok,,train,face_signing,0.99562585
loan_1989,face_signing,/workspace/jinchuang_v4/extracted/data/loan_1989/face_signing.jpg,loan_1989/face_signing.jpg,147753,1024,1024,ok,,val,face_signing,0.99802643
loan_199,face_signing,/workspace/jinchuang_v4/extracted/data/loan_199/face_signing.jpg,loan_199/face_signing.jpg,136492,1024,1024,ok,,train,face_signing,0.9985935
loan_1990,face_signing,/workspace/jinchuang_v4/extracted/data/loan_1990/face_signing.jpg,loan_1990/face_signing.jpg,136363,1024,1024,ok,,test,face_signing,0.9986513
loan_1991,face_signing,/workspace/jinchuang_v4/extracted/data/loan_1991/face_signing.jpg,loan_1991/face_signing.jpg,488148,1254,1254,ok,,test,face_signing,0.99882823
loan_1992,face_signing,/workspace/jinchuang_v4/extracted/data/loan_1992/face_signing.jpg,loan_1992/face_signing.jpg,156147,1024,1024,ok,,train,face_signing,0.998681
loan_1993,face_signing,/workspace/jinchuang_v4/extracted/data/loan_1993/face_signing.jpg,loan_1993/face_signing.jpg,143576,1024,1024,ok,,train,face_signing,0.99426985
loan_1994,face_signing,/workspace/jinchuang_v4/extracted/data/loan_1994/face_signing.jpg,loan_1994/face_signing.jpg,163144,1024,1024,ok,,train,face_signing,0.99784374
loan_1995,face_signing,/workspace/jinchuang_v4/extracted/data/loan_1995/face_signing.jpg,loan_1995/face_signing.jpg,420967,1254,1254,ok,,train,face_signing,0.9988186
loan_1996,face_signing,/workspace/jinchuang_v4/extracted/data/loan_1996/face_signing.jpg,loan_1996/face_signing.jpg,421460,1254,1254,ok,,train,face_signing,0.9981194
loan_1997,face_signing,/workspace/jinchuang_v4/extracted/data/loan_1997/face_signing.jpg,loan_1997/face_signing.jpg,121208,1024,1024,ok,,train,face_signing,0.99891317
loan_1998,face_signing,/workspace/jinchuang_v4/extracted/data/loan_1998/face_signing.jpg,loan_1998/face_signing.jpg,404814,1254,1254,ok,,train,face_signing,0.99764377
loan_1999,face_signing,/workspace/jinchuang_v4/extracted/data/loan_1999/face_signing.jpg,loan_1999/face_signing.jpg,137122,1024,1024,ok,,val,face_signing,0.99726874
loan_200,face_signing,/workspace/jinchuang_v4/extracted/data/loan_200/face_signing.jpg,loan_200/face_signing.jpg,343881,1254,1254,ok,,val,face_signing,0.9980774
loan_2000,face_signing,/workspace/jinchuang_v4/extracted/data/loan_2000/face_signing.jpg,loan_2000/face_signing.jpg,119568,1024,1024,ok,,val,face_signing,0.9989158
loan_2001,face_signing,/workspace/jinchuang_v4/extracted/data/loan_2001/face_signing.jpg,loan_2001/face_signing.jpg,129742,1024,1024,ok,,train,face_signing,0.9969426
loan_2002,face_signing,/workspace/jinchuang_v4/extracted/data/loan_2002/face_signing.jpg,loan_2002/face_signing.jpg,138570,1024,1024,ok,,train,face_signing,0.998607
loan_2003,face_signing,/workspace/jinchuang_v4/extracted/data/loan_2003/face_signing.jpg,loan_2003/face_signing.jpg,159033,1024,1024,ok,,train,face_signing,0.99537045
loan_2004,face_signing,/workspace/jinchuang_v4/extracted/data/loan_2004/face_signing.jpg,loan_2004/face_signing.jpg,137356,1024,1024,ok,,val,face_signing,0.99783427
loan_2005,face_signing,/workspace/jinchuang_v4/extracted/data/loan_2005/face_signing.jpg,loan_2005/face_signing.jpg,136643,1024,1024,ok,,train,face_signing,0.9985911
loan_2006,face_signing,/workspace/jinchuang_v4/extracted/data/loan_2006/face_signing.jpg,loan_2006/face_signing.jpg,433709,1254,1254,ok,,train,face_signing,0.998585
loan_2007,face_signing,/workspace/jinchuang_v4/extracted/data/loan_2007/face_signing.jpg,loan_2007/face_signing.jpg,144695,1024,1024,ok,,train,face_signing,0.99876153
loan_2008,face_signing,/workspace/jinchuang_v4/extracted/data/loan_2008/face_signing.jpg,loan_2008/face_signing.jpg,108379,1024,1024,ok,,test,face_signing,0.9965526
loan_2009,face_signing,/workspace/jinchuang_v4/extracted/data/loan_2009/face_signing.jpg,loan_2009/face_signing.jpg,128482,1024,1024,ok,,train,face_signing,0.99660766
loan_201,face_signing,/workspace/jinchuang_v4/extracted/data/loan_201/face_signing.jpg,loan_201/face_signing.jpg,129806,1024,1024,ok,,val,face_signing,0.998998
loan_2010,face_signing,/workspace/jinchuang_v4/extracted/data/loan_2010/face_signing.jpg,loan_2010/face_signing.jpg,168251,1024,1024,ok,,train,face_signing,0.9980293
loan_2011,face_signing,/workspace/jinchuang_v4/extracted/data/loan_2011/face_signing.jpg,loan_2011/face_signing.jpg,133890,1024,1024,ok,,train,face_signing,0.99813026
loan_2012,face_signing,/workspace/jinchuang_v4/extracted/data/loan_2012/face_signing.jpg,loan_2012/face_signing.jpg,125162,1024,1024,ok,,test,face_signing,0.99618524
loan_2013,face_signing,/workspace/jinchuang_v4/extracted/data/loan_2013/face_signing.jpg,loan_2013/face_signing.jpg,148503,1024,1024,ok,,train,face_signing,0.99820554
loan_2014,face_signing,/workspace/jinchuang_v4/extracted/data/loan_2014/face_signing.jpg,loan_2014/face_signing.jpg,157650,1024,1024,ok,,val,face_signing,0.9964541
loan_2015,face_signing,/workspace/jinchuang_v4/extracted/data/loan_2015/face_signing.jpg,loan_2015/face_signing.jpg,153361,1024,1024,ok,,train,face_signing,0.9984976
loan_2016,face_signing,/workspace/jinchuang_v4/extracted/data/loan_2016/face_signing.jpg,loan_2016/face_signing.jpg,109574,1024,1024,ok,,train,face_signing,0.9979809
loan_2017,face_signing,/workspace/jinchuang_v4/extracted/data/loan_2017/face_signing.jpg,loan_2017/face_signing.jpg,116974,1024,1024,ok,,val,face_signing,0.998247
loan_2018,face_signing,/workspace/jinchuang_v4/extracted/data/loan_2018/face_signing.jpg,loan_2018/face_signing.jpg,145961,1024,1024,ok,,train,face_signing,0.99744225
loan_2019,face_signing,/workspace/jinchuang_v4/extracted/data/loan_2019/face_signing.jpg,loan_2019/face_signing.jpg,96192,1024,1024,ok,,val,face_signing,0.9938251
loan_202,face_signing,/workspace/jinchuang_v4/extracted/data/loan_202/face_signing.jpg,loan_202/face_signing.jpg,317113,1254,1254,ok,,train,face_signing,0.99723583
loan_2020,face_signing,/workspace/jinchuang_v4/extracted/data/loan_2020/face_signing.jpg,loan_2020/face_signing.jpg,120565,1024,1024,ok,,val,face_signing,0.9949266
loan_2021,face_signing,/workspace/jinchuang_v4/extracted/data/loan_2021/face_signing.jpg,loan_2021/face_signing.jpg,110809,1024,1024,ok,,val,face_signing,0.9971283
loan_2022,face_signing,/workspace/jinchuang_v4/extracted/data/loan_2022/face_signing.jpg,loan_2022/face_signing.jpg,129100,1024,1024,ok,,train,face_signing,0.99889237
loan_2023,face_signing,/workspace/jinchuang_v4/extracted/data/loan_2023/face_signing.jpg,loan_2023/face_signing.jpg,147884,1024,1024,ok,,train,face_signing,0.9969248
loan_2024,face_signing,/workspace/jinchuang_v4/extracted/data/loan_2024/face_signing.jpg,loan_2024/face_signing.jpg,125145,1024,1024,ok,,train,face_signing,0.9983973
loan_2025,face_signing,/workspace/jinchuang_v4/extracted/data/loan_2025/face_signing.jpg,loan_2025/face_signing.jpg,126992,1024,1024,ok,,train,face_signing,0.99878377
loan_2026,face_signing,/workspace/jinchuang_v4/extracted/data/loan_2026/face_signing.jpg,loan_2026/face_signing.jpg,133184,1024,1024,ok,,train,face_signing,0.99852765
loan_2027,face_signing,/workspace/jinchuang_v4/extracted/data/loan_2027/face_signing.jpg,loan_2027/face_signing.jpg,124847,1024,1024,ok,,train,face_signing,0.9987023
loan_2028,face_signing,/workspace/jinchuang_v4/extracted/data/loan_2028/face_signing.jpg,loan_2028/face_signing.jpg,146952,1024,1024,ok,,train,face_signing,0.9981621
loan_2029,face_signing,/workspace/jinchuang_v4/extracted/data/loan_2029/face_signing.jpg,loan_2029/face_signing.jpg,127414,1024,1024,ok,,train,face_signing,0.9980171
loan_203,face_signing,/workspace/jinchuang_v4/extracted/data/loan_203/face_signing.jpg,loan_203/face_signing.jpg,186929,1024,1024,ok,,test,face_signing,0.99898726
loan_2030,face_signing,/workspace/jinchuang_v4/extracted/data/loan_2030/face_signing.jpg,loan_2030/face_signing.jpg,114524,1024,1024,ok,,test,face_signing,0.9983944
loan_2031,face_signing,/workspace/jinchuang_v4/extracted/data/loan_2031/face_signing.jpg,loan_2031/face_signing.jpg,545444,1254,1254,ok,,val,face_signing,0.998069
loan_2032,face_signing,/workspace/jinchuang_v4/extracted/data/loan_2032/face_signing.jpg,loan_2032/face_signing.jpg,123230,1024,1024,ok,,val,face_signing,0.9983851
loan_2033,face_signing,/workspace/jinchuang_v4/extracted/data/loan_2033/face_signing.jpg,loan_2033/face_signing.jpg,114954,1024,1024,ok,,train,face_signing,0.99907935
loan_2034,face_signing,/workspace/jinchuang_v4/extracted/data/loan_2034/face_signing.jpg,loan_2034/face_signing.jpg,142245,1024,1024,ok,,train,face_signing,0.9985922
loan_2035,face_signing,/workspace/jinchuang_v4/extracted/data/loan_2035/face_signing.jpg,loan_2035/face_signing.jpg,137368,1024,1024,ok,,train,face_signing,0.9953892
loan_2036,face_signing,/workspace/jinchuang_v4/extracted/data/loan_2036/face_signing.jpg,loan_2036/face_signing.jpg,122846,1024,1024,ok,,train,face_signing,0.99825734
loan_2037,face_signing,/workspace/jinchuang_v4/extracted/data/loan_2037/face_signing.jpg,loan_2037/face_signing.jpg,151632,1024,1024,ok,,val,face_signing,0.9988703
loan_2038,face_signing,/workspace/jinchuang_v4/extracted/data/loan_2038/face_signing.jpg,loan_2038/face_signing.jpg,130108,1024,1024,ok,,train,face_signing,0.9991665
loan_2039,face_signing,/workspace/jinchuang_v4/extracted/data/loan_2039/face_signing.jpg,loan_2039/face_signing.jpg,159283,1024,1024,ok,,test,face_signing,0.9967962
loan_204,face_signing,/workspace/jinchuang_v4/extracted/data/loan_204/face_signing.jpg,loan_204/face_signing.jpg,118607,1024,1024,ok,,train,face_signing,0.99813014
loan_2040,face_signing,/workspace/jinchuang_v4/extracted/data/loan_2040/face_signing.jpg,loan_2040/face_signing.jpg,390507,1254,1254,ok,,train,face_signing,0.9980475
loan_2041,face_signing,/workspace/jinchuang_v4/extracted/data/loan_2041/face_signing.jpg,loan_2041/face_signing.jpg,125969,1024,1024,ok,,train,face_signing,0.998522
loan_2042,face_signing,/workspace/jinchuang_v4/extracted/data/loan_2042/face_signing.jpg,loan_2042/face_signing.jpg,132421,1024,1024,ok,,val,face_signing,0.9972351
loan_2043,face_signing,/workspace/jinchuang_v4/extracted/data/loan_2043/face_signing.jpg,loan_2043/face_signing.jpg,113324,1024,1024,ok,,train,face_signing,0.9987955
loan_2044,face_signing,/workspace/jinchuang_v4/extracted/data/loan_2044/face_signing.jpg,loan_2044/face_signing.jpg,122738,1024,1024,ok,,test,face_signing,0.9990596
loan_2045,face_signing,/workspace/jinchuang_v4/extracted/data/loan_2045/face_signing.jpg,loan_2045/face_signing.jpg,146602,1024,1024,ok,,val,face_signing,0.9986406
loan_2046,face_signing,/workspace/jinchuang_v4/extracted/data/loan_2046/face_signing.jpg,loan_2046/face_signing.jpg,115879,1024,1024,ok,,train,face_signing,0.99896324
loan_2047,face_signing,/workspace/jinchuang_v4/extracted/data/loan_2047/face_signing.jpg,loan_2047/face_signing.jpg,110507,1024,1024,ok,,train,face_signing,0.9986525
loan_2048,face_signing,/workspace/jinchuang_v4/extracted/data/loan_2048/face_signing.jpg,loan_2048/face_signing.jpg,131394,1024,1024,ok,,val,face_signing,0.9965926
loan_2049,face_signing,/workspace/jinchuang_v4/extracted/data/loan_2049/face_signing.jpg,loan_2049/face_signing.jpg,136003,1024,1024,ok,,train,face_signing,0.9976503
loan_205,face_signing,/workspace/jinchuang_v4/extracted/data/loan_205/face_signing.jpg,loan_205/face_signing.jpg,120710,1024,1024,ok,,train,face_signing,0.9983278
loan_2050,face_signing,/workspace/jinchuang_v4/extracted/data/loan_2050/face_signing.jpg,loan_2050/face_signing.jpg,148425,1024,1024,ok,,train,face_signing,0.99712855
loan_2051,face_signing,/workspace/jinchuang_v4/extracted/data/loan_2051/face_signing.jpg,loan_2051/face_signing.jpg,126159,1024,1024,ok,,val,face_signing,0.99887043
loan_2052,face_signing,/workspace/jinchuang_v4/extracted/data/loan_2052/face_signing.jpg,loan_2052/face_signing.jpg,124037,1024,1024,ok,,train,face_signing,0.99694103
loan_2053,face_signing,/workspace/jinchuang_v4/extracted/data/loan_2053/face_signing.jpg,loan_2053/face_signing.jpg,128193,1024,1024,ok,,train,face_signing,0.9988721
loan_2054,face_signing,/workspace/jinchuang_v4/extracted/data/loan_2054/face_signing.jpg,loan_2054/face_signing.jpg,121668,1024,1024,ok,,train,face_signing,0.9978662
loan_2055,face_signing,/workspace/jinchuang_v4/extracted/data/loan_2055/face_signing.jpg,loan_2055/face_signing.jpg,485993,1254,1254,ok,,train,face_signing,0.99849486
loan_2056,face_signing,/workspace/jinchuang_v4/extracted/data/loan_2056/face_signing.jpg,loan_2056/face_signing.jpg,119010,1024,1024,ok,,train,face_signing,0.9987274
loan_2057,face_signing,/workspace/jinchuang_v4/extracted/data/loan_2057/face_signing.jpg,loan_2057/face_signing.jpg,116932,1024,1024,ok,,train,face_signing,0.99648845
loan_2058,face_signing,/workspace/jinchuang_v4/extracted/data/loan_2058/face_signing.jpg,loan_2058/face_signing.jpg,128743,1024,1024,ok,,train,face_signing,0.99884075
loan_2059,face_signing,/workspace/jinchuang_v4/extracted/data/loan_2059/face_signing.jpg,loan_2059/face_signing.jpg,126426,1024,1024,ok,,train,face_signing,0.99891233
loan_206,face_signing,/workspace/jinchuang_v4/extracted/data/loan_206/face_signing.jpg,loan_206/face_signing.jpg,356162,1254,1254,ok,,train,face_signing,0.9980792
loan_2060,face_signing,/workspace/jinchuang_v4/extracted/data/loan_2060/face_signing.jpg,loan_2060/face_signing.jpg,130869,1024,1024,ok,,train,face_signing,0.99828017
loan_2061,face_signing,/workspace/jinchuang_v4/extracted/data/loan_2061/face_signing.jpg,loan_2061/face_signing.jpg,157438,1024,1024,ok,,test,face_signing,0.9981993
loan_2062,face_signing,/workspace/jinchuang_v4/extracted/data/loan_2062/face_signing.jpg,loan_2062/face_signing.jpg,147989,1024,1024,ok,,train,face_signing,0.99873644
loan_2063,face_signing,/workspace/jinchuang_v4/extracted/data/loan_2063/face_signing.jpg,loan_2063/face_signing.jpg,143638,1024,1024,ok,,train,face_signing,0.9988147
loan_2064,face_signing,/workspace/jinchuang_v4/extracted/data/loan_2064/face_signing.jpg,loan_2064/face_signing.jpg,129625,1024,1024,ok,,train,face_signing,0.9985703
loan_2065,face_signing,/workspace/jinchuang_v4/extracted/data/loan_2065/face_signing.jpg,loan_2065/face_signing.jpg,109146,1024,1024,ok,,train,face_signing,0.9988293
loan_2066,face_signing,/workspace/jinchuang_v4/extracted/data/loan_2066/face_signing.jpg,loan_2066/face_signing.jpg,129137,1024,1024,ok,,train,face_signing,0.99859995
loan_2067,face_signing,/workspace/jinchuang_v4/extracted/data/loan_2067/face_signing.jpg,loan_2067/face_signing.jpg,118205,1024,1024,ok,,train,face_signing,0.99796706
loan_2068,face_signing,/workspace/jinchuang_v4/extracted/data/loan_2068/face_signing.jpg,loan_2068/face_signing.jpg,115488,1024,1024,ok,,train,face_signing,0.9980263
loan_2069,face_signing,/workspace/jinchuang_v4/extracted/data/loan_2069/face_signing.jpg,loan_2069/face_signing.jpg,121476,1024,1024,ok,,train,face_signing,0.998804
loan_207,face_signing,/workspace/jinchuang_v4/extracted/data/loan_207/face_signing.jpg,loan_207/face_signing.jpg,145868,1024,1024,ok,,val,face_signing,0.99903774
loan_2070,face_signing,/workspace/jinchuang_v4/extracted/data/loan_2070/face_signing.jpg,loan_2070/face_signing.jpg,125207,1024,1024,ok,,train,face_signing,0.99338645
loan_2071,face_signing,/workspace/jinchuang_v4/extracted/data/loan_2071/face_signing.jpg,loan_2071/face_signing.jpg,116928,1024,1024,ok,,train,face_signing,0.99813783
loan_2072,face_signing,/workspace/jinchuang_v4/extracted/data/loan_2072/face_signing.jpg,loan_2072/face_signing.jpg,118858,1024,1024,ok,,val,face_signing,0.99929297
loan_2073,face_signing,/workspace/jinchuang_v4/extracted/data/loan_2073/face_signing.jpg,loan_2073/face_signing.jpg,113824,1024,1024,ok,,val,face_signing,0.99942017
loan_2074,face_signing,/workspace/jinchuang_v4/extracted/data/loan_2074/face_signing.jpg,loan_2074/face_signing.jpg,141540,1024,1024,ok,,train,face_signing,0.9956247
loan_2075,face_signing,/workspace/jinchuang_v4/extracted/data/loan_2075/face_signing.jpg,loan_2075/face_signing.jpg,144705,1024,1024,ok,,train,face_signing,0.99684983
loan_2076,face_signing,/workspace/jinchuang_v4/extracted/data/loan_2076/face_signing.jpg,loan_2076/face_signing.jpg,125524,1024,1024,ok,,train,face_signing,0.99857247
loan_2077,face_signing,/workspace/jinchuang_v4/extracted/data/loan_2077/face_signing.jpg,loan_2077/face_signing.jpg,123199,1024,1024,ok,,test,face_signing,0.99669194
loan_2078,face_signing,/workspace/jinchuang_v4/extracted/data/loan_2078/face_signing.jpg,loan_2078/face_signing.jpg,120625,1024,1024,ok,,test,face_signing,0.9988531
loan_2079,face_signing,/workspace/jinchuang_v4/extracted/data/loan_2079/face_signing.jpg,loan_2079/face_signing.jpg,106542,1024,1024,ok,,test,face_signing,0.9967558
loan_208,face_signing,/workspace/jinchuang_v4/extracted/data/loan_208/face_signing.jpg,loan_208/face_signing.jpg,181854,1024,1024,ok,,train,face_signing,0.9985066
loan_2080,face_signing,/workspace/jinchuang_v4/extracted/data/loan_2080/face_signing.jpg,loan_2080/face_signing.jpg,122744,1024,1024,ok,,train,face_signing,0.99753773
loan_2081,face_signing,/workspace/jinchuang_v4/extracted/data/loan_2081/face_signing.jpg,loan_2081/face_signing.jpg,468128,1254,1254,ok,,test,face_signing,0.9974904
loan_2082,face_signing,/workspace/jinchuang_v4/extracted/data/loan_2082/face_signing.jpg,loan_2082/face_signing.jpg,142901,1024,1024,ok,,train,face_signing,0.99733907
loan_2083,face_signing,/workspace/jinchuang_v4/extracted/data/loan_2083/face_signing.jpg,loan_2083/face_signing.jpg,131474,1024,1024,ok,,train,face_signing,0.9985669
loan_2084,face_signing,/workspace/jinchuang_v4/extracted/data/loan_2084/face_signing.jpg,loan_2084/face_signing.jpg,133295,1024,1024,ok,,train,face_signing,0.99794704
loan_2085,face_signing,/workspace/jinchuang_v4/extracted/data/loan_2085/face_signing.jpg,loan_2085/face_signing.jpg,150662,1024,1024,ok,,val,face_signing,0.99848735
loan_2086,face_signing,/workspace/jinchuang_v4/extracted/data/loan_2086/face_signing.jpg,loan_2086/face_signing.jpg,127220,1024,1024,ok,,train,face_signing,0.9990765
loan_2087,face_signing,/workspace/jinchuang_v4/extracted/data/loan_2087/face_signing.jpg,loan_2087/face_signing.jpg,133777,1024,1024,ok,,val,face_signing,0.99901724
loan_2088,face_signing,/workspace/jinchuang_v4/extracted/data/loan_2088/face_signing.jpg,loan_2088/face_signing.jpg,130328,1024,1024,ok,,train,face_signing,0.99878246
loan_2089,face_signing,/workspace/jinchuang_v4/extracted/data/loan_2089/face_signing.jpg,loan_2089/face_signing.jpg,142588,1024,1024,ok,,test,face_signing,0.9985802
loan_209,face_signing,/workspace/jinchuang_v4/extracted/data/loan_209/face_signing.jpg,loan_209/face_signing.jpg,129171,1024,1024,ok,,train,face_signing,0.998723
loan_2090,face_signing,/workspace/jinchuang_v4/extracted/data/loan_2090/face_signing.jpg,loan_2090/face_signing.jpg,159940,1024,1024,ok,,train,face_signing,0.9985592
loan_2091,face_signing,/workspace/jinchuang_v4/extracted/data/loan_2091/face_signing.jpg,loan_2091/face_signing.jpg,115264,1024,1024,ok,,train,face_signing,0.9985273
loan_2092,face_signing,/workspace/jinchuang_v4/extracted/data/loan_2092/face_signing.jpg,loan_2092/face_signing.jpg,501249,1254,1254,ok,,train,face_signing,0.9978942
loan_2093,face_signing,/workspace/jinchuang_v4/extracted/data/loan_2093/face_signing.jpg,loan_2093/face_signing.jpg,414701,1254,1254,ok,,train,face_signing,0.9977582
loan_2094,face_signing,/workspace/jinchuang_v4/extracted/data/loan_2094/face_signing.jpg,loan_2094/face_signing.jpg,125766,1024,1024,ok,,val,face_signing,0.9982955
loan_2095,face_signing,/workspace/jinchuang_v4/extracted/data/loan_2095/face_signing.jpg,loan_2095/face_signing.jpg,121129,1024,1024,ok,,train,face_signing,0.9986004
loan_2096,face_signing,/workspace/jinchuang_v4/extracted/data/loan_2096/face_signing.jpg,loan_2096/face_signing.jpg,145769,1024,1024,ok,,train,face_signing,0.9973569
loan_2097,face_signing,/workspace/jinchuang_v4/extracted/data/loan_2097/face_signing.jpg,loan_2097/face_signing.jpg,133122,1024,1024,ok,,val,face_signing,0.9973334
loan_2098,face_signing,/workspace/jinchuang_v4/extracted/data/loan_2098/face_signing.jpg,loan_2098/face_signing.jpg,134552,1024,1024,ok,,train,face_signing,0.998747
loan_2099,face_signing,/workspace/jinchuang_v4/extracted/data/loan_2099/face_signing.jpg,loan_2099/face_signing.jpg,504027,1254,1254,ok,,train,face_signing,0.9966499
loan_210,face_signing,/workspace/jinchuang_v4/extracted/data/loan_210/face_signing.jpg,loan_210/face_signing.jpg,102767,1024,1024,ok,,train,face_signing,0.9982932
loan_2100,face_signing,/workspace/jinchuang_v4/extracted/data/loan_2100/face_signing.jpg,loan_2100/face_signing.jpg,443916,1254,1254,ok,,val,face_signing,0.9982584
loan_2101,face_signing,/workspace/jinchuang_v4/extracted/data/loan_2101/face_signing.jpg,loan_2101/face_signing.jpg,201380,1024,1024,ok,,train,face_signing,0.9981413
loan_2102,face_signing,/workspace/jinchuang_v4/extracted/data/loan_2102/face_signing.jpg,loan_2102/face_signing.jpg,116501,1024,1024,ok,,train,face_signing,0.99834347
loan_2103,face_signing,/workspace/jinchuang_v4/extracted/data/loan_2103/face_signing.jpg,loan_2103/face_signing.jpg,137261,1024,1024,ok,,train,face_signing,0.9988219
loan_2104,face_signing,/workspace/jinchuang_v4/extracted/data/loan_2104/face_signing.jpg,loan_2104/face_signing.jpg,133789,1024,1024,ok,,train,face_signing,0.9988166
loan_2105,face_signing,/workspace/jinchuang_v4/extracted/data/loan_2105/face_signing.jpg,loan_2105/face_signing.jpg,118772,1024,1024,ok,,train,face_signing,0.99918216
loan_2106,face_signing,/workspace/jinchuang_v4/extracted/data/loan_2106/face_signing.jpg,loan_2106/face_signing.jpg,116713,1024,1024,ok,,train,face_signing,0.99935776
loan_2107,face_signing,/workspace/jinchuang_v4/extracted/data/loan_2107/face_signing.jpg,loan_2107/face_signing.jpg,420357,1254,1254,ok,,test,face_signing,0.99784577
loan_2108,face_signing,/workspace/jinchuang_v4/extracted/data/loan_2108/face_signing.jpg,loan_2108/face_signing.jpg,170721,1024,1024,ok,,val,face_signing,0.9983783
loan_2109,face_signing,/workspace/jinchuang_v4/extracted/data/loan_2109/face_signing.jpg,loan_2109/face_signing.jpg,122375,1024,1024,ok,,train,face_signing,0.9987166
loan_211,face_signing,/workspace/jinchuang_v4/extracted/data/loan_211/face_signing.jpg,loan_211/face_signing.jpg,334046,1254,1254,ok,,val,face_signing,0.99722594
loan_2110,face_signing,/workspace/jinchuang_v4/extracted/data/loan_2110/face_signing.jpg,loan_2110/face_signing.jpg,120682,1024,1024,ok,,train,face_signing,0.9984547
loan_2111,face_signing,/workspace/jinchuang_v4/extracted/data/loan_2111/face_signing.jpg,loan_2111/face_signing.jpg,132988,1024,1024,ok,,train,face_signing,0.9983884
loan_2112,face_signing,/workspace/jinchuang_v4/extracted/data/loan_2112/face_signing.jpg,loan_2112/face_signing.jpg,159215,1024,1024,ok,,train,face_signing,0.9978436
loan_2113,face_signing,/workspace/jinchuang_v4/extracted/data/loan_2113/face_signing.jpg,loan_2113/face_signing.jpg,142503,1024,1024,ok,,train,face_signing,0.9989189
loan_2114,face_signing,/workspace/jinchuang_v4/extracted/data/loan_2114/face_signing.jpg,loan_2114/face_signing.jpg,149924,1024,1024,ok,,train,face_signing,0.99877113
loan_2115,face_signing,/workspace/jinchuang_v4/extracted/data/loan_2115/face_signing.jpg,loan_2115/face_signing.jpg,463650,1254,1254,ok,,train,face_signing,0.99604625
loan_2116,face_signing,/workspace/jinchuang_v4/extracted/data/loan_2116/face_signing.jpg,loan_2116/face_signing.jpg,119024,1024,1024,ok,,train,face_signing,0.9986853
loan_2117,face_signing,/workspace/jinchuang_v4/extracted/data/loan_2117/face_signing.jpg,loan_2117/face_signing.jpg,133064,1024,1024,ok,,train,face_signing,0.998596
loan_2118,face_signing,/workspace/jinchuang_v4/extracted/data/loan_2118/face_signing.jpg,loan_2118/face_signing.jpg,114134,1024,1024,ok,,train,face_signing,0.99900275
loan_2119,face_signing,/workspace/jinchuang_v4/extracted/data/loan_2119/face_signing.jpg,loan_2119/face_signing.jpg,111099,1024,1024,ok,,train,face_signing,0.9987525
loan_212,face_signing,/workspace/jinchuang_v4/extracted/data/loan_212/face_signing.jpg,loan_212/face_signing.jpg,138270,1024,1024,ok,,train,face_signing,0.9991398
loan_2120,face_signing,/workspace/jinchuang_v4/extracted/data/loan_2120/face_signing.jpg,loan_2120/face_signing.jpg,141973,1024,1024,ok,,train,face_signing,0.9989128
loan_2121,face_signing,/workspace/jinchuang_v4/extracted/data/loan_2121/face_signing.jpg,loan_2121/face_signing.jpg,138636,1024,1024,ok,,train,face_signing,0.9990145
loan_2122,face_signing,/workspace/jinchuang_v4/extracted/data/loan_2122/face_signing.jpg,loan_2122/face_signing.jpg,158017,1024,1024,ok,,train,face_signing,0.99805045
loan_2123,face_signing,/workspace/jinchuang_v4/extracted/data/loan_2123/face_signing.jpg,loan_2123/face_signing.jpg,113340,1024,1024,ok,,train,face_signing,0.9989048
loan_2124,face_signing,/workspace/jinchuang_v4/extracted/data/loan_2124/face_signing.jpg,loan_2124/face_signing.jpg,154406,1024,1024,ok,,train,face_signing,0.99807054
loan_2125,face_signing,/workspace/jinchuang_v4/extracted/data/loan_2125/face_signing.jpg,loan_2125/face_signing.jpg,163930,1024,1024,ok,,train,face_signing,0.99771
loan_2126,face_signing,/workspace/jinchuang_v4/extracted/data/loan_2126/face_signing.jpg,loan_2126/face_signing.jpg,127529,1024,1024,ok,,train,face_signing,0.99802965
loan_2127,face_signing,/workspace/jinchuang_v4/extracted/data/loan_2127/face_signing.jpg,loan_2127/face_signing.jpg,145770,1024,1024,ok,,train,face_signing,0.99891436
loan_2128,face_signing,/workspace/jinchuang_v4/extracted/data/loan_2128/face_signing.jpg,loan_2128/face_signing.jpg,470083,1254,1254,ok,,test,face_signing,0.99869496
loan_2129,face_signing,/workspace/jinchuang_v4/extracted/data/loan_2129/face_signing.jpg,loan_2129/face_signing.jpg,121042,1024,1024,ok,,train,face_signing,0.9984895
loan_213,face_signing,/workspace/jinchuang_v4/extracted/data/loan_213/face_signing.jpg,loan_213/face_signing.jpg,110241,1024,1024,ok,,train,face_signing,0.99860626
loan_2130,face_signing,/workspace/jinchuang_v4/extracted/data/loan_2130/face_signing.jpg,loan_2130/face_signing.jpg,120674,1024,1024,ok,,train,face_signing,0.99888986
loan_2131,face_signing,/workspace/jinchuang_v4/extracted/data/loan_2131/face_signing.jpg,loan_2131/face_signing.jpg,164213,1024,1024,ok,,train,face_signing,0.99783033
loan_2132,face_signing,/workspace/jinchuang_v4/extracted/data/loan_2132/face_signing.jpg,loan_2132/face_signing.jpg,147290,1024,1024,ok,,val,face_signing,0.9967135
loan_2133,face_signing,/workspace/jinchuang_v4/extracted/data/loan_2133/face_signing.jpg,loan_2133/face_signing.jpg,134944,1024,1024,ok,,test,face_signing,0.99887925
loan_2134,face_signing,/workspace/jinchuang_v4/extracted/data/loan_2134/face_signing.jpg,loan_2134/face_signing.jpg,140647,1024,1024,ok,,train,face_signing,0.9985222
loan_2135,face_signing,/workspace/jinchuang_v4/extracted/data/loan_2135/face_signing.jpg,loan_2135/face_signing.jpg,145284,1024,1024,ok,,train,face_signing,0.99846184
loan_2136,face_signing,/workspace/jinchuang_v4/extracted/data/loan_2136/face_signing.jpg,loan_2136/face_signing.jpg,122627,1024,1024,ok,,train,face_signing,0.9984268
loan_2137,face_signing,/workspace/jinchuang_v4/extracted/data/loan_2137/face_signing.jpg,loan_2137/face_signing.jpg,128143,1024,1024,ok,,train,face_signing,0.99884856
loan_2138,face_signing,/workspace/jinchuang_v4/extracted/data/loan_2138/face_signing.jpg,loan_2138/face_signing.jpg,149362,1024,1024,ok,,train,face_signing,0.99813664
loan_2139,face_signing,/workspace/jinchuang_v4/extracted/data/loan_2139/face_signing.jpg,loan_2139/face_signing.jpg,139589,1024,1024,ok,,train,face_signing,0.9989717
loan_214,face_signing,/workspace/jinchuang_v4/extracted/data/loan_214/face_signing.jpg,loan_214/face_signing.jpg,171171,1024,1024,ok,,train,face_signing,0.9985661
loan_2140,face_signing,/workspace/jinchuang_v4/extracted/data/loan_2140/face_signing.jpg,loan_2140/face_signing.jpg,416415,1254,1254,ok,,train,face_signing,0.9982223
loan_2141,face_signing,/workspace/jinchuang_v4/extracted/data/loan_2141/face_signing.jpg,loan_2141/face_signing.jpg,130855,1024,1024,ok,,test,face_signing,0.99922574
loan_2142,face_signing,/workspace/jinchuang_v4/extracted/data/loan_2142/face_signing.jpg,loan_2142/face_signing.jpg,399251,1254,1254,ok,,train,face_signing,0.99850607
loan_2143,face_signing,/workspace/jinchuang_v4/extracted/data/loan_2143/face_signing.jpg,loan_2143/face_signing.jpg,403722,1254,1254,ok,,train,face_signing,0.9962565
loan_2144,face_signing,/workspace/jinchuang_v4/extracted/data/loan_2144/face_signing.jpg,loan_2144/face_signing.jpg,146834,1024,1024,ok,,train,face_signing,0.9976566
loan_2145,face_signing,/workspace/jinchuang_v4/extracted/data/loan_2145/face_signing.jpg,loan_2145/face_signing.jpg,125032,1024,1024,ok,,train,face_signing,0.9987942
loan_2146,face_signing,/workspace/jinchuang_v4/extracted/data/loan_2146/face_signing.jpg,loan_2146/face_signing.jpg,120756,1024,1024,ok,,train,face_signing,0.9990852
loan_2147,face_signing,/workspace/jinchuang_v4/extracted/data/loan_2147/face_signing.jpg,loan_2147/face_signing.jpg,470643,1254,1254,ok,,train,face_signing,0.99897206
loan_2148,face_signing,/workspace/jinchuang_v4/extracted/data/loan_2148/face_signing.jpg,loan_2148/face_signing.jpg,135112,1024,1024,ok,,train,face_signing,0.9989361
loan_2149,face_signing,/workspace/jinchuang_v4/extracted/data/loan_2149/face_signing.jpg,loan_2149/face_signing.jpg,141790,1024,1024,ok,,val,face_signing,0.999134
loan_215,face_signing,/workspace/jinchuang_v4/extracted/data/loan_215/face_signing.jpg,loan_215/face_signing.jpg,150791,1024,1024,ok,,train,face_signing,0.9983034
loan_2150,face_signing,/workspace/jinchuang_v4/extracted/data/loan_2150/face_signing.jpg,loan_2150/face_signing.jpg,132809,1024,1024,ok,,test,face_signing,0.9969727
loan_2151,face_signing,/workspace/jinchuang_v4/extracted/data/loan_2151/face_signing.jpg,loan_2151/face_signing.jpg,131412,1024,1024,ok,,test,face_signing,0.9988745
loan_2152,face_signing,/workspace/jinchuang_v4/extracted/data/loan_2152/face_signing.jpg,loan_2152/face_signing.jpg,124280,1024,1024,ok,,train,face_signing,0.9991762
loan_2153,face_signing,/workspace/jinchuang_v4/extracted/data/loan_2153/face_signing.jpg,loan_2153/face_signing.jpg,134392,1024,1024,ok,,test,face_signing,0.998976
loan_2154,face_signing,/workspace/jinchuang_v4/extracted/data/loan_2154/face_signing.jpg,loan_2154/face_signing.jpg,134073,1024,1024,ok,,train,face_signing,0.99876046
loan_2155,face_signing,/workspace/jinchuang_v4/extracted/data/loan_2155/face_signing.jpg,loan_2155/face_signing.jpg,124236,1024,1024,ok,,train,face_signing,0.99815565
loan_2156,face_signing,/workspace/jinchuang_v4/extracted/data/loan_2156/face_signing.jpg,loan_2156/face_signing.jpg,124744,1024,1024,ok,,train,face_signing,0.9984894
loan_2157,face_signing,/workspace/jinchuang_v4/extracted/data/loan_2157/face_signing.jpg,loan_2157/face_signing.jpg,144003,1024,1024,ok,,train,face_signing,0.99836224
loan_2158,face_signing,/workspace/jinchuang_v4/extracted/data/loan_2158/face_signing.jpg,loan_2158/face_signing.jpg,123645,1024,1024,ok,,val,face_signing,0.9986312
loan_2159,face_signing,/workspace/jinchuang_v4/extracted/data/loan_2159/face_signing.jpg,loan_2159/face_signing.jpg,156330,1024,1024,ok,,train,face_signing,0.9982963
loan_216,face_signing,/workspace/jinchuang_v4/extracted/data/loan_216/face_signing.jpg,loan_216/face_signing.jpg,124918,1024,1024,ok,,test,face_signing,0.99861217
loan_2160,face_signing,/workspace/jinchuang_v4/extracted/data/loan_2160/face_signing.jpg,loan_2160/face_signing.jpg,456111,1254,1254,ok,,test,face_signing,0.9979583
loan_2161,face_signing,/workspace/jinchuang_v4/extracted/data/loan_2161/face_signing.jpg,loan_2161/face_signing.jpg,173564,1024,1024,ok,,train,face_signing,0.9974917
loan_2162,face_signing,/workspace/jinchuang_v4/extracted/data/loan_2162/face_signing.jpg,loan_2162/face_signing.jpg,472630,1254,1254,ok,,train,face_signing,0.99819666
loan_2163,face_signing,/workspace/jinchuang_v4/extracted/data/loan_2163/face_signing.jpg,loan_2163/face_signing.jpg,124215,1024,1024,ok,,train,face_signing,0.9989629
loan_2164,face_signing,/workspace/jinchuang_v4/extracted/data/loan_2164/face_signing.jpg,loan_2164/face_signing.jpg,132502,1024,1024,ok,,train,face_signing,0.99900836
loan_2165,face_signing,/workspace/jinchuang_v4/extracted/data/loan_2165/face_signing.jpg,loan_2165/face_signing.jpg,468022,1254,1254,ok,,train,face_signing,0.9986908
loan_2166,face_signing,/workspace/jinchuang_v4/extracted/data/loan_2166/face_signing.jpg,loan_2166/face_signing.jpg,369116,1254,1254,ok,,val,face_signing,0.99848527
loan_2167,face_signing,/workspace/jinchuang_v4/extracted/data/loan_2167/face_signing.jpg,loan_2167/face_signing.jpg,125904,1024,1024,ok,,test,face_signing,0.9990308
loan_2168,face_signing,/workspace/jinchuang_v4/extracted/data/loan_2168/face_signing.jpg,loan_2168/face_signing.jpg,104167,1024,1024,ok,,train,face_signing,0.9992893
loan_2169,face_signing,/workspace/jinchuang_v4/extracted/data/loan_2169/face_signing.jpg,loan_2169/face_signing.jpg,143950,1024,1024,ok,,train,face_signing,0.99871814
loan_217,face_signing,/workspace/jinchuang_v4/extracted/data/loan_217/face_signing.jpg,loan_217/face_signing.jpg,134778,1024,1024,ok,,train,face_signing,0.99881375
loan_2170,face_signing,/workspace/jinchuang_v4/extracted/data/loan_2170/face_signing.jpg,loan_2170/face_signing.jpg,163638,1024,1024,ok,,train,face_signing,0.99759954
loan_2171,face_signing,/workspace/jinchuang_v4/extracted/data/loan_2171/face_signing.jpg,loan_2171/face_signing.jpg,123004,1024,1024,ok,,train,face_signing,0.9981359
loan_2172,face_signing,/workspace/jinchuang_v4/extracted/data/loan_2172/face_signing.jpg,loan_2172/face_signing.jpg,138256,1024,1024,ok,,val,face_signing,0.9983563
loan_2173,face_signing,/workspace/jinchuang_v4/extracted/data/loan_2173/face_signing.jpg,loan_2173/face_signing.jpg,111972,1024,1024,ok,,val,face_signing,0.9979715
loan_2174,face_signing,/workspace/jinchuang_v4/extracted/data/loan_2174/face_signing.jpg,loan_2174/face_signing.jpg,124624,1024,1024,ok,,train,face_signing,0.9992574
loan_2175,face_signing,/workspace/jinchuang_v4/extracted/data/loan_2175/face_signing.jpg,loan_2175/face_signing.jpg,457904,1254,1254,ok,,train,face_signing,0.9973405
loan_2176,face_signing,/workspace/jinchuang_v4/extracted/data/loan_2176/face_signing.jpg,loan_2176/face_signing.jpg,130837,1024,1024,ok,,train,face_signing,0.998705
loan_2177,face_signing,/workspace/jinchuang_v4/extracted/data/loan_2177/face_signing.jpg,loan_2177/face_signing.jpg,153421,1024,1024,ok,,train,face_signing,0.99842155
loan_2178,face_signing,/workspace/jinchuang_v4/extracted/data/loan_2178/face_signing.jpg,loan_2178/face_signing.jpg,129812,1024,1024,ok,,train,face_signing,0.9966376
loan_2179,face_signing,/workspace/jinchuang_v4/extracted/data/loan_2179/face_signing.jpg,loan_2179/face_signing.jpg,121142,1024,1024,ok,,train,face_signing,0.99846834
loan_218,face_signing,/workspace/jinchuang_v4/extracted/data/loan_218/face_signing.jpg,loan_218/face_signing.jpg,304485,1254,1254,ok,,train,face_signing,0.9972453
loan_2180,face_signing,/workspace/jinchuang_v4/extracted/data/loan_2180/face_signing.jpg,loan_2180/face_signing.jpg,141436,1024,1024,ok,,train,face_signing,0.9986028
loan_2181,face_signing,/workspace/jinchuang_v4/extracted/data/loan_2181/face_signing.jpg,loan_2181/face_signing.jpg,131263,1024,1024,ok,,train,face_signing,0.99845564
loan_2182,face_signing,/workspace/jinchuang_v4/extracted/data/loan_2182/face_signing.jpg,loan_2182/face_signing.jpg,125614,1024,1024,ok,,train,face_signing,0.99912816
loan_2183,face_signing,/workspace/jinchuang_v4/extracted/data/loan_2183/face_signing.jpg,loan_2183/face_signing.jpg,469585,1254,1254,ok,,test,face_signing,0.9977518
loan_2184,face_signing,/workspace/jinchuang_v4/extracted/data/loan_2184/face_signing.jpg,loan_2184/face_signing.jpg,164347,1024,1024,ok,,train,face_signing,0.9973471
loan_2185,face_signing,/workspace/jinchuang_v4/extracted/data/loan_2185/face_signing.jpg,loan_2185/face_signing.jpg,113753,1024,1024,ok,,train,face_signing,0.9983682
loan_2186,face_signing,/workspace/jinchuang_v4/extracted/data/loan_2186/face_signing.jpg,loan_2186/face_signing.jpg,124861,1024,1024,ok,,train,face_signing,0.9979663
loan_2187,face_signing,/workspace/jinchuang_v4/extracted/data/loan_2187/face_signing.jpg,loan_2187/face_signing.jpg,362949,1254,1254,ok,,train,face_signing,0.99712235
loan_2188,face_signing,/workspace/jinchuang_v4/extracted/data/loan_2188/face_signing.jpg,loan_2188/face_signing.jpg,146510,1024,1024,ok,,train,face_signing,0.99919146
loan_2189,face_signing,/workspace/jinchuang_v4/extracted/data/loan_2189/face_signing.jpg,loan_2189/face_signing.jpg,130038,1024,1024,ok,,val,face_signing,0.9982287
loan_219,face_signing,/workspace/jinchuang_v4/extracted/data/loan_219/face_signing.jpg,loan_219/face_signing.jpg,325171,1254,1254,ok,,train,face_signing,0.9974004
loan_2190,face_signing,/workspace/jinchuang_v4/extracted/data/loan_2190/face_signing.jpg,loan_2190/face_signing.jpg,124704,1024,1024,ok,,train,face_signing,0.99767286
loan_2191,face_signing,/workspace/jinchuang_v4/extracted/data/loan_2191/face_signing.jpg,loan_2191/face_signing.jpg,155044,1024,1024,ok,,train,face_signing,0.99883467
loan_2192,face_signing,/workspace/jinchuang_v4/extracted/data/loan_2192/face_signing.jpg,loan_2192/face_signing.jpg,148555,1024,1024,ok,,train,face_signing,0.99886936
loan_2193,face_signing,/workspace/jinchuang_v4/extracted/data/loan_2193/face_signing.jpg,loan_2193/face_signing.jpg,136645,1024,1024,ok,,val,face_signing,0.99844354
loan_2194,face_signing,/workspace/jinchuang_v4/extracted/data/loan_2194/face_signing.jpg,loan_2194/face_signing.jpg,135798,1024,1024,ok,,train,face_signing,0.99931955
loan_2195,face_signing,/workspace/jinchuang_v4/extracted/data/loan_2195/face_signing.jpg,loan_2195/face_signing.jpg,133365,1024,1024,ok,,train,face_signing,0.99836
loan_2196,face_signing,/workspace/jinchuang_v4/extracted/data/loan_2196/face_signing.jpg,loan_2196/face_signing.jpg,125244,1024,1024,ok,,test,face_signing,0.9989059
loan_2197,face_signing,/workspace/jinchuang_v4/extracted/data/loan_2197/face_signing.jpg,loan_2197/face_signing.jpg,526464,1254,1254,ok,,train,face_signing,0.9976484
loan_2198,face_signing,/workspace/jinchuang_v4/extracted/data/loan_2198/face_signing.jpg,loan_2198/face_signing.jpg,132866,1024,1024,ok,,val,face_signing,0.9987417
loan_2199,face_signing,/workspace/jinchuang_v4/extracted/data/loan_2199/face_signing.jpg,loan_2199/face_signing.jpg,144977,1024,1024,ok,,train,face_signing,0.998904
loan_220,face_signing,/workspace/jinchuang_v4/extracted/data/loan_220/face_signing.jpg,loan_220/face_signing.jpg,122705,1024,1024,ok,,train,face_signing,0.9984011
loan_2200,face_signing,/workspace/jinchuang_v4/extracted/data/loan_2200/face_signing.jpg,loan_2200/face_signing.jpg,150741,1024,1024,ok,,train,face_signing,0.9969688
loan_2201,face_signing,/workspace/jinchuang_v4/extracted/data/loan_2201/face_signing.jpg,loan_2201/face_signing.jpg,131151,1024,1024,ok,,val,face_signing,0.99783736
loan_2202,face_signing,/workspace/jinchuang_v4/extracted/data/loan_2202/face_signing.jpg,loan_2202/face_signing.jpg,130282,1024,1024,ok,,train,face_signing,0.9989009
loan_2203,face_signing,/workspace/jinchuang_v4/extracted/data/loan_2203/face_signing.jpg,loan_2203/face_signing.jpg,125606,1024,1024,ok,,train,face_signing,0.9986965
loan_2204,face_signing,/workspace/jinchuang_v4/extracted/data/loan_2204/face_signing.jpg,loan_2204/face_signing.jpg,128047,1024,1024,ok,,train,face_signing,0.9987147
loan_2205,face_signing,/workspace/jinchuang_v4/extracted/data/loan_2205/face_signing.jpg,loan_2205/face_signing.jpg,158468,1024,1024,ok,,val,face_signing,0.99919134
loan_2206,face_signing,/workspace/jinchuang_v4/extracted/data/loan_2206/face_signing.jpg,loan_2206/face_signing.jpg,133874,1024,1024,ok,,train,face_signing,0.99872345
loan_2207,face_signing,/workspace/jinchuang_v4/extracted/data/loan_2207/face_signing.jpg,loan_2207/face_signing.jpg,122675,1024,1024,ok,,train,face_signing,0.99904186
loan_2208,face_signing,/workspace/jinchuang_v4/extracted/data/loan_2208/face_signing.jpg,loan_2208/face_signing.jpg,425291,1254,1254,ok,,train,face_signing,0.99680895
loan_2209,face_signing,/workspace/jinchuang_v4/extracted/data/loan_2209/face_signing.jpg,loan_2209/face_signing.jpg,122455,1024,1024,ok,,train,face_signing,0.99850684
loan_221,face_signing,/workspace/jinchuang_v4/extracted/data/loan_221/face_signing.jpg,loan_221/face_signing.jpg,150037,1024,1024,ok,,train,face_signing,0.99859506
loan_2210,face_signing,/workspace/jinchuang_v4/extracted/data/loan_2210/face_signing.jpg,loan_2210/face_signing.jpg,143236,1024,1024,ok,,val,face_signing,0.9986872
loan_2211,face_signing,/workspace/jinchuang_v4/extracted/data/loan_2211/face_signing.jpg,loan_2211/face_signing.jpg,120349,1024,1024,ok,,train,face_signing,0.9992157
loan_2212,face_signing,/workspace/jinchuang_v4/extracted/data/loan_2212/face_signing.jpg,loan_2212/face_signing.jpg,147271,1024,1024,ok,,val,face_signing,0.9989619
loan_2213,face_signing,/workspace/jinchuang_v4/extracted/data/loan_2213/face_signing.jpg,loan_2213/face_signing.jpg,138173,1024,1024,ok,,train,face_signing,0.9986369
loan_2214,face_signing,/workspace/jinchuang_v4/extracted/data/loan_2214/face_signing.jpg,loan_2214/face_signing.jpg,142202,1024,1024,ok,,train,face_signing,0.9986481
loan_2215,face_signing,/workspace/jinchuang_v4/extracted/data/loan_2215/face_signing.jpg,loan_2215/face_signing.jpg,110678,1024,1024,ok,,val,face_signing,0.9983841
loan_2216,face_signing,/workspace/jinchuang_v4/extracted/data/loan_2216/face_signing.jpg,loan_2216/face_signing.jpg,146881,1024,1024,ok,,test,face_signing,0.9986185
loan_2217,face_signing,/workspace/jinchuang_v4/extracted/data/loan_2217/face_signing.jpg,loan_2217/face_signing.jpg,123944,1024,1024,ok,,train,face_signing,0.997959
loan_2218,face_signing,/workspace/jinchuang_v4/extracted/data/loan_2218/face_signing.jpg,loan_2218/face_signing.jpg,154670,1024,1024,ok,,train,face_signing,0.9974044
loan_2219,face_signing,/workspace/jinchuang_v4/extracted/data/loan_2219/face_signing.jpg,loan_2219/face_signing.jpg,120385,1024,1024,ok,,train,face_signing,0.99851745
loan_222,face_signing,/workspace/jinchuang_v4/extracted/data/loan_222/face_signing.jpg,loan_222/face_signing.jpg,148647,1024,1024,ok,,train,face_signing,0.99879766
loan_2220,face_signing,/workspace/jinchuang_v4/extracted/data/loan_2220/face_signing.jpg,loan_2220/face_signing.jpg,130580,1024,1024,ok,,train,face_signing,0.9989507
loan_2221,face_signing,/workspace/jinchuang_v4/extracted/data/loan_2221/face_signing.jpg,loan_2221/face_signing.jpg,126628,1024,1024,ok,,train,face_signing,0.99840707
loan_2222,face_signing,/workspace/jinchuang_v4/extracted/data/loan_2222/face_signing.jpg,loan_2222/face_signing.jpg,133703,1024,1024,ok,,val,face_signing,0.99704933
loan_2223,face_signing,/workspace/jinchuang_v4/extracted/data/loan_2223/face_signing.jpg,loan_2223/face_signing.jpg,128499,1024,1024,ok,,train,face_signing,0.9988643
loan_2224,face_signing,/workspace/jinchuang_v4/extracted/data/loan_2224/face_signing.jpg,loan_2224/face_signing.jpg,430471,1254,1254,ok,,train,face_signing,0.9987764
loan_2225,face_signing,/workspace/jinchuang_v4/extracted/data/loan_2225/face_signing.jpg,loan_2225/face_signing.jpg,150681,1024,1024,ok,,train,face_signing,0.9985359
loan_2226,face_signing,/workspace/jinchuang_v4/extracted/data/loan_2226/face_signing.jpg,loan_2226/face_signing.jpg,127720,1024,1024,ok,,train,face_signing,0.99575436
loan_2227,face_signing,/workspace/jinchuang_v4/extracted/data/loan_2227/face_signing.jpg,loan_2227/face_signing.jpg,146342,1024,1024,ok,,train,face_signing,0.99844426
loan_2228,face_signing,/workspace/jinchuang_v4/extracted/data/loan_2228/face_signing.jpg,loan_2228/face_signing.jpg,131706,1024,1024,ok,,train,face_signing,0.99881494
loan_2229,face_signing,/workspace/jinchuang_v4/extracted/data/loan_2229/face_signing.jpg,loan_2229/face_signing.jpg,117323,1024,1024,ok,,train,face_signing,0.9992711
loan_223,face_signing,/workspace/jinchuang_v4/extracted/data/loan_223/face_signing.jpg,loan_223/face_signing.jpg,126189,1024,1024,ok,,train,face_signing,0.99868697
loan_2230,face_signing,/workspace/jinchuang_v4/extracted/data/loan_2230/face_signing.jpg,loan_2230/face_signing.jpg,125054,1024,1024,ok,,train,face_signing,0.99797565
loan_2231,face_signing,/workspace/jinchuang_v4/extracted/data/loan_2231/face_signing.jpg,loan_2231/face_signing.jpg,146602,1024,1024,ok,,train,face_signing,0.9979468
loan_2232,face_signing,/workspace/jinchuang_v4/extracted/data/loan_2232/face_signing.jpg,loan_2232/face_signing.jpg,134558,1024,1024,ok,,train,face_signing,0.9979442
loan_2233,face_signing,/workspace/jinchuang_v4/extracted/data/loan_2233/face_signing.jpg,loan_2233/face_signing.jpg,393576,1254,1254,ok,,train,face_signing,0.99732274
loan_2234,face_signing,/workspace/jinchuang_v4/extracted/data/loan_2234/face_signing.jpg,loan_2234/face_signing.jpg,123432,1024,1024,ok,,test,face_signing,0.9991948
loan_2235,face_signing,/workspace/jinchuang_v4/extracted/data/loan_2235/face_signing.jpg,loan_2235/face_signing.jpg,379238,1254,1254,ok,,train,face_signing,0.9988481
loan_2236,face_signing,/workspace/jinchuang_v4/extracted/data/loan_2236/face_signing.jpg,loan_2236/face_signing.jpg,130369,1024,1024,ok,,train,face_signing,0.99894994
loan_2237,face_signing,/workspace/jinchuang_v4/extracted/data/loan_2237/face_signing.jpg,loan_2237/face_signing.jpg,172654,1024,1024,ok,,train,face_signing,0.99779606
loan_2238,face_signing,/workspace/jinchuang_v4/extracted/data/loan_2238/face_signing.jpg,loan_2238/face_signing.jpg,125509,1024,1024,ok,,train,face_signing,0.99886084
loan_2239,face_signing,/workspace/jinchuang_v4/extracted/data/loan_2239/face_signing.jpg,loan_2239/face_signing.jpg,137307,1024,1024,ok,,test,face_signing,0.99911934
loan_224,face_signing,/workspace/jinchuang_v4/extracted/data/loan_224/face_signing.jpg,loan_224/face_signing.jpg,140305,1024,1024,ok,,test,face_signing,0.9988783
loan_2240,face_signing,/workspace/jinchuang_v4/extracted/data/loan_2240/face_signing.jpg,loan_2240/face_signing.jpg,129893,1024,1024,ok,,train,face_signing,0.9988217
loan_2241,face_signing,/workspace/jinchuang_v4/extracted/data/loan_2241/face_signing.jpg,loan_2241/face_signing.jpg,139331,1024,1024,ok,,train,face_signing,0.9982957
loan_2242,face_signing,/workspace/jinchuang_v4/extracted/data/loan_2242/face_signing.jpg,loan_2242/face_signing.jpg,372586,1254,1254,ok,,train,face_signing,0.9990864
loan_2243,face_signing,/workspace/jinchuang_v4/extracted/data/loan_2243/face_signing.jpg,loan_2243/face_signing.jpg,126134,1024,1024,ok,,train,face_signing,0.9983342
loan_2244,face_signing,/workspace/jinchuang_v4/extracted/data/loan_2244/face_signing.jpg,loan_2244/face_signing.jpg,162141,1024,1024,ok,,test,face_signing,0.9988926
loan_2245,face_signing,/workspace/jinchuang_v4/extracted/data/loan_2245/face_signing.jpg,loan_2245/face_signing.jpg,134464,1024,1024,ok,,train,face_signing,0.9983583
loan_2246,face_signing,/workspace/jinchuang_v4/extracted/data/loan_2246/face_signing.jpg,loan_2246/face_signing.jpg,137012,1024,1024,ok,,val,face_signing,0.99734145
loan_2247,face_signing,/workspace/jinchuang_v4/extracted/data/loan_2247/face_signing.jpg,loan_2247/face_signing.jpg,156018,1024,1024,ok,,test,face_signing,0.99812347
loan_2248,face_signing,/workspace/jinchuang_v4/extracted/data/loan_2248/face_signing.jpg,loan_2248/face_signing.jpg,139902,1024,1024,ok,,train,face_signing,0.99907804
loan_2249,face_signing,/workspace/jinchuang_v4/extracted/data/loan_2249/face_signing.jpg,loan_2249/face_signing.jpg,134773,1024,1024,ok,,train,face_signing,0.99861073
loan_225,face_signing,/workspace/jinchuang_v4/extracted/data/loan_225/face_signing.jpg,loan_225/face_signing.jpg,150006,1024,1024,ok,,train,face_signing,0.99783546
loan_2250,face_signing,/workspace/jinchuang_v4/extracted/data/loan_2250/face_signing.jpg,loan_2250/face_signing.jpg,118969,1024,1024,ok,,train,face_signing,0.9984956
loan_2251,face_signing,/workspace/jinchuang_v4/extracted/data/loan_2251/face_signing.jpg,loan_2251/face_signing.jpg,148626,1024,1024,ok,,train,face_signing,0.9980253
loan_2252,face_signing,/workspace/jinchuang_v4/extracted/data/loan_2252/face_signing.jpg,loan_2252/face_signing.jpg,429088,1254,1254,ok,,test,face_signing,0.9978231
loan_2253,face_signing,/workspace/jinchuang_v4/extracted/data/loan_2253/face_signing.jpg,loan_2253/face_signing.jpg,142667,1024,1024,ok,,val,face_signing,0.99908483
loan_2254,face_signing,/workspace/jinchuang_v4/extracted/data/loan_2254/face_signing.jpg,loan_2254/face_signing.jpg,137139,1024,1024,ok,,train,face_signing,0.99882215
loan_2255,face_signing,/workspace/jinchuang_v4/extracted/data/loan_2255/face_signing.jpg,loan_2255/face_signing.jpg,126823,1024,1024,ok,,train,face_signing,0.99771774
loan_2256,face_signing,/workspace/jinchuang_v4/extracted/data/loan_2256/face_signing.jpg,loan_2256/face_signing.jpg,134690,1024,1024,ok,,train,face_signing,0.9977012
loan_2257,face_signing,/workspace/jinchuang_v4/extracted/data/loan_2257/face_signing.jpg,loan_2257/face_signing.jpg,123047,1024,1024,ok,,train,face_signing,0.9974009
loan_2258,face_signing,/workspace/jinchuang_v4/extracted/data/loan_2258/face_signing.jpg,loan_2258/face_signing.jpg,133867,1024,1024,ok,,test,face_signing,0.9984157
loan_2259,face_signing,/workspace/jinchuang_v4/extracted/data/loan_2259/face_signing.jpg,loan_2259/face_signing.jpg,127822,1024,1024,ok,,train,face_signing,0.99871755
loan_226,face_signing,/workspace/jinchuang_v4/extracted/data/loan_226/face_signing.jpg,loan_226/face_signing.jpg,132917,1024,1024,ok,,train,face_signing,0.9990246
loan_2260,face_signing,/workspace/jinchuang_v4/extracted/data/loan_2260/face_signing.jpg,loan_2260/face_signing.jpg,114922,1024,1024,ok,,train,face_signing,0.9990521
loan_2261,face_signing,/workspace/jinchuang_v4/extracted/data/loan_2261/face_signing.jpg,loan_2261/face_signing.jpg,113060,1024,1024,ok,,train,face_signing,0.99804246
loan_2262,face_signing,/workspace/jinchuang_v4/extracted/data/loan_2262/face_signing.jpg,loan_2262/face_signing.jpg,110070,1024,1024,ok,,train,face_signing,0.99814665
loan_2263,face_signing,/workspace/jinchuang_v4/extracted/data/loan_2263/face_signing.jpg,loan_2263/face_signing.jpg,179461,1024,1024,ok,,train,face_signing,0.9989266
loan_2264,face_signing,/workspace/jinchuang_v4/extracted/data/loan_2264/face_signing.jpg,loan_2264/face_signing.jpg,145667,1024,1024,ok,,val,face_signing,0.99849844
loan_2265,face_signing,/workspace/jinchuang_v4/extracted/data/loan_2265/face_signing.jpg,loan_2265/face_signing.jpg,140869,1024,1024,ok,,train,face_signing,0.997889
loan_2266,face_signing,/workspace/jinchuang_v4/extracted/data/loan_2266/face_signing.jpg,loan_2266/face_signing.jpg,121206,1024,1024,ok,,test,face_signing,0.9992186
loan_2267,face_signing,/workspace/jinchuang_v4/extracted/data/loan_2267/face_signing.jpg,loan_2267/face_signing.jpg,127766,1024,1024,ok,,train,face_signing,0.9990252
loan_2268,face_signing,/workspace/jinchuang_v4/extracted/data/loan_2268/face_signing.jpg,loan_2268/face_signing.jpg,116918,1024,1024,ok,,train,face_signing,0.99932134
loan_2269,face_signing,/workspace/jinchuang_v4/extracted/data/loan_2269/face_signing.jpg,loan_2269/face_signing.jpg,391063,1254,1254,ok,,test,face_signing,0.99652416
loan_227,face_signing,/workspace/jinchuang_v4/extracted/data/loan_227/face_signing.jpg,loan_227/face_signing.jpg,141690,1024,1024,ok,,train,face_signing,0.9986993
loan_2270,face_signing,/workspace/jinchuang_v4/extracted/data/loan_2270/face_signing.jpg,loan_2270/face_signing.jpg,152390,1024,1024,ok,,train,face_signing,0.998095
loan_2271,face_signing,/workspace/jinchuang_v4/extracted/data/loan_2271/face_signing.jpg,loan_2271/face_signing.jpg,148131,1024,1024,ok,,test,face_signing,0.99872464
loan_2272,face_signing,/workspace/jinchuang_v4/extracted/data/loan_2272/face_signing.jpg,loan_2272/face_signing.jpg,124997,1024,1024,ok,,train,face_signing,0.9984944
loan_2273,face_signing,/workspace/jinchuang_v4/extracted/data/loan_2273/face_signing.jpg,loan_2273/face_signing.jpg,111692,1024,1024,ok,,val,face_signing,0.9986525
loan_2274,face_signing,/workspace/jinchuang_v4/extracted/data/loan_2274/face_signing.jpg,loan_2274/face_signing.jpg,147524,1024,1024,ok,,val,face_signing,0.99875915
loan_2275,face_signing,/workspace/jinchuang_v4/extracted/data/loan_2275/face_signing.jpg,loan_2275/face_signing.jpg,131503,1024,1024,ok,,train,face_signing,0.9988242
loan_2276,face_signing,/workspace/jinchuang_v4/extracted/data/loan_2276/face_signing.jpg,loan_2276/face_signing.jpg,128563,1024,1024,ok,,test,face_signing,0.99892116
loan_2277,face_signing,/workspace/jinchuang_v4/extracted/data/loan_2277/face_signing.jpg,loan_2277/face_signing.jpg,132551,1024,1024,ok,,test,face_signing,0.9978188
loan_2278,face_signing,/workspace/jinchuang_v4/extracted/data/loan_2278/face_signing.jpg,loan_2278/face_signing.jpg,131964,1024,1024,ok,,test,face_signing,0.9991602
loan_2279,face_signing,/workspace/jinchuang_v4/extracted/data/loan_2279/face_signing.jpg,loan_2279/face_signing.jpg,129759,1024,1024,ok,,train,face_signing,0.99922967
loan_228,face_signing,/workspace/jinchuang_v4/extracted/data/loan_228/face_signing.jpg,loan_228/face_signing.jpg,143128,1024,1024,ok,,val,face_signing,0.998749
loan_2280,face_signing,/workspace/jinchuang_v4/extracted/data/loan_2280/face_signing.jpg,loan_2280/face_signing.jpg,123242,1024,1024,ok,,val,face_signing,0.9986369
loan_2281,face_signing,/workspace/jinchuang_v4/extracted/data/loan_2281/face_signing.jpg,loan_2281/face_signing.jpg,114160,1024,1024,ok,,train,face_signing,0.99898237
loan_2282,face_signing,/workspace/jinchuang_v4/extracted/data/loan_2282/face_signing.jpg,loan_2282/face_signing.jpg,388496,1254,1254,ok,,test,face_signing,0.9939593
loan_2283,face_signing,/workspace/jinchuang_v4/extracted/data/loan_2283/face_signing.jpg,loan_2283/face_signing.jpg,143636,1024,1024,ok,,train,face_signing,0.9983516
loan_2284,face_signing,/workspace/jinchuang_v4/extracted/data/loan_2284/face_signing.jpg,loan_2284/face_signing.jpg,119077,1024,1024,ok,,train,face_signing,0.99847907
loan_2285,face_signing,/workspace/jinchuang_v4/extracted/data/loan_2285/face_signing.jpg,loan_2285/face_signing.jpg,117365,1024,1024,ok,,train,face_signing,0.999022
loan_2286,face_signing,/workspace/jinchuang_v4/extracted/data/loan_2286/face_signing.jpg,loan_2286/face_signing.jpg,133736,1024,1024,ok,,train,face_signing,0.9990995
loan_2287,face_signing,/workspace/jinchuang_v4/extracted/data/loan_2287/face_signing.jpg,loan_2287/face_signing.jpg,119121,1024,1024,ok,,train,face_signing,0.9978345
loan_2288,face_signing,/workspace/jinchuang_v4/extracted/data/loan_2288/face_signing.jpg,loan_2288/face_signing.jpg,128480,1024,1024,ok,,test,face_signing,0.9982942
loan_2289,face_signing,/workspace/jinchuang_v4/extracted/data/loan_2289/face_signing.jpg,loan_2289/face_signing.jpg,114862,1024,1024,ok,,train,face_signing,0.9990464
loan_229,face_signing,/workspace/jinchuang_v4/extracted/data/loan_229/face_signing.jpg,loan_229/face_signing.jpg,132791,1024,1024,ok,,val,face_signing,0.9990834
loan_2290,face_signing,/workspace/jinchuang_v4/extracted/data/loan_2290/face_signing.jpg,loan_2290/face_signing.jpg,153754,1024,1024,ok,,train,face_signing,0.9989465
loan_2291,face_signing,/workspace/jinchuang_v4/extracted/data/loan_2291/face_signing.jpg,loan_2291/face_signing.jpg,131804,1024,1024,ok,,train,face_signing,0.9987025
loan_2292,face_signing,/workspace/jinchuang_v4/extracted/data/loan_2292/face_signing.jpg,loan_2292/face_signing.jpg,153705,1024,1024,ok,,test,face_signing,0.99896264
loan_2293,face_signing,/workspace/jinchuang_v4/extracted/data/loan_2293/face_signing.jpg,loan_2293/face_signing.jpg,142384,1024,1024,ok,,train,face_signing,0.9984541
loan_2294,face_signing,/workspace/jinchuang_v4/extracted/data/loan_2294/face_signing.jpg,loan_2294/face_signing.jpg,129034,1024,1024,ok,,train,face_signing,0.9992306
loan_2295,face_signing,/workspace/jinchuang_v4/extracted/data/loan_2295/face_signing.jpg,loan_2295/face_signing.jpg,115311,1024,1024,ok,,train,face_signing,0.9969351
loan_2296,face_signing,/workspace/jinchuang_v4/extracted/data/loan_2296/face_signing.jpg,loan_2296/face_signing.jpg,148423,1024,1024,ok,,train,face_signing,0.99913675
loan_2297,face_signing,/workspace/jinchuang_v4/extracted/data/loan_2297/face_signing.jpg,loan_2297/face_signing.jpg,164948,1024,1024,ok,,val,face_signing,0.9983182
loan_2298,face_signing,/workspace/jinchuang_v4/extracted/data/loan_2298/face_signing.jpg,loan_2298/face_signing.jpg,136407,1024,1024,ok,,train,face_signing,0.99891675
loan_2299,face_signing,/workspace/jinchuang_v4/extracted/data/loan_2299/face_signing.jpg,loan_2299/face_signing.jpg,120127,1024,1024,ok,,test,face_signing,0.9989011
loan_230,face_signing,/workspace/jinchuang_v4/extracted/data/loan_230/face_signing.jpg,loan_230/face_signing.jpg,133767,1024,1024,ok,,test,face_signing,0.99806803
loan_2300,face_signing,/workspace/jinchuang_v4/extracted/data/loan_2300/face_signing.jpg,loan_2300/face_signing.jpg,147699,1024,1024,ok,,test,face_signing,0.997877
loan_2301,face_signing,/workspace/jinchuang_v4/extracted/data/loan_2301/face_signing.jpg,loan_2301/face_signing.jpg,133183,1024,1024,ok,,train,face_signing,0.9981377
loan_2302,face_signing,/workspace/jinchuang_v4/extracted/data/loan_2302/face_signing.jpg,loan_2302/face_signing.jpg,134213,1024,1024,ok,,val,face_signing,0.9967609
loan_2303,face_signing,/workspace/jinchuang_v4/extracted/data/loan_2303/face_signing.jpg,loan_2303/face_signing.jpg,143372,1024,1024,ok,,train,face_signing,0.99739647
loan_2304,face_signing,/workspace/jinchuang_v4/extracted/data/loan_2304/face_signing.jpg,loan_2304/face_signing.jpg,120466,1024,1024,ok,,train,face_signing,0.99715
loan_2305,face_signing,/workspace/jinchuang_v4/extracted/data/loan_2305/face_signing.jpg,loan_2305/face_signing.jpg,128289,1024,1024,ok,,train,face_signing,0.9990336
loan_2306,face_signing,/workspace/jinchuang_v4/extracted/data/loan_2306/face_signing.jpg,loan_2306/face_signing.jpg,113735,1024,1024,ok,,train,face_signing,0.9986785
loan_2307,face_signing,/workspace/jinchuang_v4/extracted/data/loan_2307/face_signing.jpg,loan_2307/face_signing.jpg,111224,1024,1024,ok,,train,face_signing,0.9985184
loan_2308,face_signing,/workspace/jinchuang_v4/extracted/data/loan_2308/face_signing.jpg,loan_2308/face_signing.jpg,143681,1024,1024,ok,,train,face_signing,0.9973579
loan_2309,face_signing,/workspace/jinchuang_v4/extracted/data/loan_2309/face_signing.jpg,loan_2309/face_signing.jpg,143226,1024,1024,ok,,train,face_signing,0.9960996
loan_231,face_signing,/workspace/jinchuang_v4/extracted/data/loan_231/face_signing.jpg,loan_231/face_signing.jpg,149454,1024,1024,ok,,val,face_signing,0.9986339
loan_2310,face_signing,/workspace/jinchuang_v4/extracted/data/loan_2310/face_signing.jpg,loan_2310/face_signing.jpg,131741,1024,1024,ok,,train,face_signing,0.9957848
loan_2311,face_signing,/workspace/jinchuang_v4/extracted/data/loan_2311/face_signing.jpg,loan_2311/face_signing.jpg,112085,1024,1024,ok,,train,face_signing,0.9989201
loan_2312,face_signing,/workspace/jinchuang_v4/extracted/data/loan_2312/face_signing.jpg,loan_2312/face_signing.jpg,138555,1024,1024,ok,,train,face_signing,0.99921
loan_2313,face_signing,/workspace/jinchuang_v4/extracted/data/loan_2313/face_signing.jpg,loan_2313/face_signing.jpg,137807,1024,1024,ok,,train,face_signing,0.9989795
loan_2314,face_signing,/workspace/jinchuang_v4/extracted/data/loan_2314/face_signing.jpg,loan_2314/face_signing.jpg,129367,1024,1024,ok,,train,face_signing,0.9972371
loan_2315,face_signing,/workspace/jinchuang_v4/extracted/data/loan_2315/face_signing.jpg,loan_2315/face_signing.jpg,101107,1024,1024,ok,,train,face_signing,0.99785113
loan_2316,face_signing,/workspace/jinchuang_v4/extracted/data/loan_2316/face_signing.jpg,loan_2316/face_signing.jpg,116285,1024,1024,ok,,test,face_signing,0.99725217
loan_2317,face_signing,/workspace/jinchuang_v4/extracted/data/loan_2317/face_signing.jpg,loan_2317/face_signing.jpg,113504,1024,1024,ok,,train,face_signing,0.99849176
loan_2318,face_signing,/workspace/jinchuang_v4/extracted/data/loan_2318/face_signing.jpg,loan_2318/face_signing.jpg,144918,1024,1024,ok,,train,face_signing,0.9973519
loan_2319,face_signing,/workspace/jinchuang_v4/extracted/data/loan_2319/face_signing.jpg,loan_2319/face_signing.jpg,137031,1024,1024,ok,,test,face_signing,0.99660134
loan_232,face_signing,/workspace/jinchuang_v4/extracted/data/loan_232/face_signing.jpg,loan_232/face_signing.jpg,331797,1254,1254,ok,,train,face_signing,0.9979504
loan_2320,face_signing,/workspace/jinchuang_v4/extracted/data/loan_2320/face_signing.jpg,loan_2320/face_signing.jpg,229124,1254,1254,ok,,train,face_signing,0.9960277
loan_2321,face_signing,/workspace/jinchuang_v4/extracted/data/loan_2321/face_signing.jpg,loan_2321/face_signing.jpg,308352,1254,1254,ok,,train,face_signing,0.99743843
loan_2322,face_signing,/workspace/jinchuang_v4/extracted/data/loan_2322/face_signing.jpg,loan_2322/face_signing.jpg,107267,1024,1024,ok,,train,face_signing,0.9982881
loan_2323,face_signing,/workspace/jinchuang_v4/extracted/data/loan_2323/face_signing.jpg,loan_2323/face_signing.jpg,280728,1254,1254,ok,,test,face_signing,0.9987754
loan_2324,face_signing,/workspace/jinchuang_v4/extracted/data/loan_2324/face_signing.jpg,loan_2324/face_signing.jpg,125713,1024,1024,ok,,val,face_signing,0.99814916
loan_2325,face_signing,/workspace/jinchuang_v4/extracted/data/loan_2325/face_signing.jpg,loan_2325/face_signing.jpg,110753,1024,1024,ok,,test,face_signing,0.997463
loan_2326,face_signing,/workspace/jinchuang_v4/extracted/data/loan_2326/face_signing.jpg,loan_2326/face_signing.jpg,124605,1024,1024,ok,,train,face_signing,0.9983285
loan_2327,face_signing,/workspace/jinchuang_v4/extracted/data/loan_2327/face_signing.jpg,loan_2327/face_signing.jpg,135332,1024,1024,ok,,test,face_signing,0.9979972
loan_2328,face_signing,/workspace/jinchuang_v4/extracted/data/loan_2328/face_signing.jpg,loan_2328/face_signing.jpg,372404,1254,1254,ok,,train,face_signing,0.99811494
loan_2329,face_signing,/workspace/jinchuang_v4/extracted/data/loan_2329/face_signing.jpg,loan_2329/face_signing.jpg,111647,1024,1024,ok,,train,face_signing,0.9989042
loan_233,face_signing,/workspace/jinchuang_v4/extracted/data/loan_233/face_signing.jpg,loan_233/face_signing.jpg,148694,1024,1024,ok,,test,face_signing,0.9987166
loan_2330,face_signing,/workspace/jinchuang_v4/extracted/data/loan_2330/face_signing.jpg,loan_2330/face_signing.jpg,84102,1024,1024,ok,,val,face_signing,0.9958473
loan_2331,face_signing,/workspace/jinchuang_v4/extracted/data/loan_2331/face_signing.jpg,loan_2331/face_signing.jpg,119450,1024,1024,ok,,test,face_signing,0.9976292
loan_2332,face_signing,/workspace/jinchuang_v4/extracted/data/loan_2332/face_signing.jpg,loan_2332/face_signing.jpg,128366,1024,1024,ok,,train,face_signing,0.998326
loan_2333,face_signing,/workspace/jinchuang_v4/extracted/data/loan_2333/face_signing.jpg,loan_2333/face_signing.jpg,323839,1254,1254,ok,,val,face_signing,0.9991007
loan_2334,face_signing,/workspace/jinchuang_v4/extracted/data/loan_2334/face_signing.jpg,loan_2334/face_signing.jpg,124140,1024,1024,ok,,test,face_signing,0.9985677
loan_2335,face_signing,/workspace/jinchuang_v4/extracted/data/loan_2335/face_signing.jpg,loan_2335/face_signing.jpg,92328,1024,1024,ok,,train,face_signing,0.9967057
loan_2336,face_signing,/workspace/jinchuang_v4/extracted/data/loan_2336/face_signing.jpg,loan_2336/face_signing.jpg,279327,1254,1254,ok,,train,face_signing,0.9976949
loan_2337,face_signing,/workspace/jinchuang_v4/extracted/data/loan_2337/face_signing.jpg,loan_2337/face_signing.jpg,138198,1024,1024,ok,,val,face_signing,0.99916685
loan_2338,face_signing,/workspace/jinchuang_v4/extracted/data/loan_2338/face_signing.jpg,loan_2338/face_signing.jpg,255176,1254,1254,ok,,train,face_signing,0.99831486
loan_2339,face_signing,/workspace/jinchuang_v4/extracted/data/loan_2339/face_signing.jpg,loan_2339/face_signing.jpg,144330,1024,1024,ok,,test,face_signing,0.9969995
loan_234,face_signing,/workspace/jinchuang_v4/extracted/data/loan_234/face_signing.jpg,loan_234/face_signing.jpg,137040,1024,1024,ok,,train,face_signing,0.99825567
loan_2340,face_signing,/workspace/jinchuang_v4/extracted/data/loan_2340/face_signing.jpg,loan_2340/face_signing.jpg,117487,1024,1024,ok,,train,face_signing,0.9961874
loan_2341,face_signing,/workspace/jinchuang_v4/extracted/data/loan_2341/face_signing.jpg,loan_2341/face_signing.jpg,138397,1024,1024,ok,,train,face_signing,0.9962567
loan_2342,face_signing,/workspace/jinchuang_v4/extracted/data/loan_2342/face_signing.jpg,loan_2342/face_signing.jpg,113973,1024,1024,ok,,train,face_signing,0.9991208
loan_2343,face_signing,/workspace/jinchuang_v4/extracted/data/loan_2343/face_signing.jpg,loan_2343/face_signing.jpg,118577,1024,1024,ok,,test,face_signing,0.998298
loan_2344,face_signing,/workspace/jinchuang_v4/extracted/data/loan_2344/face_signing.jpg,loan_2344/face_signing.jpg,366634,1254,1254,ok,,train,face_signing,0.99849427
loan_2345,face_signing,/workspace/jinchuang_v4/extracted/data/loan_2345/face_signing.jpg,loan_2345/face_signing.jpg,111760,1024,1024,ok,,val,face_signing,0.9977858
loan_2346,face_signing,/workspace/jinchuang_v4/extracted/data/loan_2346/face_signing.jpg,loan_2346/face_signing.jpg,102597,1024,1024,ok,,train,face_signing,0.99716645
loan_2347,face_signing,/workspace/jinchuang_v4/extracted/data/loan_2347/face_signing.jpg,loan_2347/face_signing.jpg,120923,1024,1024,ok,,val,face_signing,0.9985556
loan_2348,face_signing,/workspace/jinchuang_v4/extracted/data/loan_2348/face_signing.jpg,loan_2348/face_signing.jpg,377408,1254,1254,ok,,train,face_signing,0.9978077
loan_2349,face_signing,/workspace/jinchuang_v4/extracted/data/loan_2349/face_signing.jpg,loan_2349/face_signing.jpg,337993,1254,1254,ok,,train,face_signing,0.99827194
loan_235,face_signing,/workspace/jinchuang_v4/extracted/data/loan_235/face_signing.jpg,loan_235/face_signing.jpg,132185,1024,1024,ok,,train,face_signing,0.99874216
loan_2350,face_signing,/workspace/jinchuang_v4/extracted/data/loan_2350/face_signing.jpg,loan_2350/face_signing.jpg,114148,1024,1024,ok,,val,face_signing,0.9984837
loan_2351,face_signing,/workspace/jinchuang_v4/extracted/data/loan_2351/face_signing.jpg,loan_2351/face_signing.jpg,109533,1024,1024,ok,,train,face_signing,0.9972306
loan_2352,face_signing,/workspace/jinchuang_v4/extracted/data/loan_2352/face_signing.jpg,loan_2352/face_signing.jpg,106540,1024,1024,ok,,train,face_signing,0.99749446
loan_2353,face_signing,/workspace/jinchuang_v4/extracted/data/loan_2353/face_signing.jpg,loan_2353/face_signing.jpg,280135,1254,1254,ok,,train,face_signing,0.99643445
loan_2354,face_signing,/workspace/jinchuang_v4/extracted/data/loan_2354/face_signing.jpg,loan_2354/face_signing.jpg,137213,1024,1024,ok,,test,face_signing,0.99556184
loan_2355,face_signing,/workspace/jinchuang_v4/extracted/data/loan_2355/face_signing.jpg,loan_2355/face_signing.jpg,133255,1024,1024,ok,,train,face_signing,0.9969511
loan_2356,face_signing,/workspace/jinchuang_v4/extracted/data/loan_2356/face_signing.jpg,loan_2356/face_signing.jpg,142131,1024,1024,ok,,train,face_signing,0.9976828
loan_2357,face_signing,/workspace/jinchuang_v4/extracted/data/loan_2357/face_signing.jpg,loan_2357/face_signing.jpg,120583,1024,1024,ok,,train,face_signing,0.99595356
loan_2358,face_signing,/workspace/jinchuang_v4/extracted/data/loan_2358/face_signing.jpg,loan_2358/face_signing.jpg,147201,1024,1024,ok,,test,face_signing,0.99611545
loan_2359,face_signing,/workspace/jinchuang_v4/extracted/data/loan_2359/face_signing.jpg,loan_2359/face_signing.jpg,336421,1254,1254,ok,,test,face_signing,0.9983706
loan_236,face_signing,/workspace/jinchuang_v4/extracted/data/loan_236/face_signing.jpg,loan_236/face_signing.jpg,109802,1024,1024,ok,,test,face_signing,0.99865913
loan_2360,face_signing,/workspace/jinchuang_v4/extracted/data/loan_2360/face_signing.jpg,loan_2360/face_signing.jpg,99912,1024,1024,ok,,train,face_signing,0.99706644
loan_2361,face_signing,/workspace/jinchuang_v4/extracted/data/loan_2361/face_signing.jpg,loan_2361/face_signing.jpg,114218,1024,1024,ok,,train,face_signing,0.99841475
loan_2362,face_signing,/workspace/jinchuang_v4/extracted/data/loan_2362/face_signing.jpg,loan_2362/face_signing.jpg,107587,1024,1024,ok,,train,face_signing,0.9977591
loan_2363,face_signing,/workspace/jinchuang_v4/extracted/data/loan_2363/face_signing.jpg,loan_2363/face_signing.jpg,148466,1024,1024,ok,,train,face_signing,0.9980889
loan_2364,face_signing,/workspace/jinchuang_v4/extracted/data/loan_2364/face_signing.jpg,loan_2364/face_signing.jpg,141630,1024,1024,ok,,train,face_signing,0.99711096
loan_2365,face_signing,/workspace/jinchuang_v4/extracted/data/loan_2365/face_signing.jpg,loan_2365/face_signing.jpg,124780,1024,1024,ok,,val,face_signing,0.99845684
loan_2366,face_signing,/workspace/jinchuang_v4/extracted/data/loan_2366/face_signing.jpg,loan_2366/face_signing.jpg,119924,1024,1024,ok,,test,face_signing,0.9976676
loan_2367,face_signing,/workspace/jinchuang_v4/extracted/data/loan_2367/face_signing.jpg,loan_2367/face_signing.jpg,120678,1024,1024,ok,,train,face_signing,0.99810565
loan_2368,face_signing,/workspace/jinchuang_v4/extracted/data/loan_2368/face_signing.jpg,loan_2368/face_signing.jpg,113728,1024,1024,ok,,train,face_signing,0.9987663
loan_2369,face_signing,/workspace/jinchuang_v4/extracted/data/loan_2369/face_signing.jpg,loan_2369/face_signing.jpg,128717,1024,1024,ok,,train,face_signing,0.9959443
loan_237,face_signing,/workspace/jinchuang_v4/extracted/data/loan_237/face_signing.jpg,loan_237/face_signing.jpg,121944,1024,1024,ok,,val,face_signing,0.9974172
loan_2370,face_signing,/workspace/jinchuang_v4/extracted/data/loan_2370/face_signing.jpg,loan_2370/face_signing.jpg,143086,1024,1024,ok,,val,face_signing,0.9987796
loan_2371,face_signing,/workspace/jinchuang_v4/extracted/data/loan_2371/face_signing.jpg,loan_2371/face_signing.jpg,109193,1024,1024,ok,,train,face_signing,0.99862814
loan_2372,face_signing,/workspace/jinchuang_v4/extracted/data/loan_2372/face_signing.jpg,loan_2372/face_signing.jpg,104361,1024,1024,ok,,train,face_signing,0.9988172
loan_2373,face_signing,/workspace/jinchuang_v4/extracted/data/loan_2373/face_signing.jpg,loan_2373/face_signing.jpg,321957,1254,1254,ok,,train,face_signing,0.99800605
loan_2374,face_signing,/workspace/jinchuang_v4/extracted/data/loan_2374/face_signing.jpg,loan_2374/face_signing.jpg,126425,1024,1024,ok,,test,face_signing,0.99893767
loan_2375,face_signing,/workspace/jinchuang_v4/extracted/data/loan_2375/face_signing.jpg,loan_2375/face_signing.jpg,119650,1024,1024,ok,,train,face_signing,0.99754554
loan_2376,face_signing,/workspace/jinchuang_v4/extracted/data/loan_2376/face_signing.jpg,loan_2376/face_signing.jpg,116083,1024,1024,ok,,train,face_signing,0.99866986
loan_2377,face_signing,/workspace/jinchuang_v4/extracted/data/loan_2377/face_signing.jpg,loan_2377/face_signing.jpg,147216,1024,1024,ok,,val,face_signing,0.99236697
loan_2378,face_signing,/workspace/jinchuang_v4/extracted/data/loan_2378/face_signing.jpg,loan_2378/face_signing.jpg,120533,1024,1024,ok,,train,face_signing,0.9988121
loan_2379,face_signing,/workspace/jinchuang_v4/extracted/data/loan_2379/face_signing.jpg,loan_2379/face_signing.jpg,121135,1024,1024,ok,,train,face_signing,0.99900526
loan_238,face_signing,/workspace/jinchuang_v4/extracted/data/loan_238/face_signing.jpg,loan_238/face_signing.jpg,121832,1024,1024,ok,,train,face_signing,0.9988105
loan_2380,face_signing,/workspace/jinchuang_v4/extracted/data/loan_2380/face_signing.jpg,loan_2380/face_signing.jpg,136356,1024,1024,ok,,train,face_signing,0.99894184
loan_2381,face_signing,/workspace/jinchuang_v4/extracted/data/loan_2381/face_signing.jpg,loan_2381/face_signing.jpg,334728,1254,1254,ok,,test,face_signing,0.99676526
loan_2382,face_signing,/workspace/jinchuang_v4/extracted/data/loan_2382/face_signing.jpg,loan_2382/face_signing.jpg,109655,1024,1024,ok,,train,face_signing,0.99874866
loan_2383,face_signing,/workspace/jinchuang_v4/extracted/data/loan_2383/face_signing.jpg,loan_2383/face_signing.jpg,126101,1024,1024,ok,,train,face_signing,0.99879587
loan_2384,face_signing,/workspace/jinchuang_v4/extracted/data/loan_2384/face_signing.jpg,loan_2384/face_signing.jpg,136800,1024,1024,ok,,train,face_signing,0.99804986
loan_2385,face_signing,/workspace/jinchuang_v4/extracted/data/loan_2385/face_signing.jpg,loan_2385/face_signing.jpg,122456,1024,1024,ok,,train,face_signing,0.99845207
loan_2386,face_signing,/workspace/jinchuang_v4/extracted/data/loan_2386/face_signing.jpg,loan_2386/face_signing.jpg,113529,1024,1024,ok,,train,face_signing,0.9971842
loan_2387,face_signing,/workspace/jinchuang_v4/extracted/data/loan_2387/face_signing.jpg,loan_2387/face_signing.jpg,116498,1024,1024,ok,,val,face_signing,0.9986298
loan_2388,face_signing,/workspace/jinchuang_v4/extracted/data/loan_2388/face_signing.jpg,loan_2388/face_signing.jpg,141718,1024,1024,ok,,train,face_signing,0.9985782
loan_2389,face_signing,/workspace/jinchuang_v4/extracted/data/loan_2389/face_signing.jpg,loan_2389/face_signing.jpg,138403,1024,1024,ok,,val,face_signing,0.9967956
loan_239,face_signing,/workspace/jinchuang_v4/extracted/data/loan_239/face_signing.jpg,loan_239/face_signing.jpg,139134,1024,1024,ok,,train,face_signing,0.99894136
loan_2390,face_signing,/workspace/jinchuang_v4/extracted/data/loan_2390/face_signing.jpg,loan_2390/face_signing.jpg,257691,1122,1402,ok,,test,face_signing,0.9983847
loan_2391,face_signing,/workspace/jinchuang_v4/extracted/data/loan_2391/face_signing.jpg,loan_2391/face_signing.jpg,112686,1024,1024,ok,,val,face_signing,0.9988205
loan_2392,face_signing,/workspace/jinchuang_v4/extracted/data/loan_2392/face_signing.jpg,loan_2392/face_signing.jpg,116482,1024,1024,ok,,train,face_signing,0.99826175
loan_2393,face_signing,/workspace/jinchuang_v4/extracted/data/loan_2393/face_signing.jpg,loan_2393/face_signing.jpg,150839,1024,1024,ok,,train,face_signing,0.99863094
loan_2394,face_signing,/workspace/jinchuang_v4/extracted/data/loan_2394/face_signing.jpg,loan_2394/face_signing.jpg,337015,1122,1402,ok,,val,face_signing,0.99853814
loan_2395,face_signing,/workspace/jinchuang_v4/extracted/data/loan_2395/face_signing.jpg,loan_2395/face_signing.jpg,105932,1024,1024,ok,,test,face_signing,0.99665064
loan_2396,face_signing,/workspace/jinchuang_v4/extracted/data/loan_2396/face_signing.jpg,loan_2396/face_signing.jpg,147165,1024,1024,ok,,train,face_signing,0.9976273
loan_2397,face_signing,/workspace/jinchuang_v4/extracted/data/loan_2397/face_signing.jpg,loan_2397/face_signing.jpg,97011,1024,1024,ok,,train,face_signing,0.9982273
loan_2398,face_signing,/workspace/jinchuang_v4/extracted/data/loan_2398/face_signing.jpg,loan_2398/face_signing.jpg,93626,1024,1024,ok,,train,face_signing,0.9972556
loan_2399,face_signing,/workspace/jinchuang_v4/extracted/data/loan_2399/face_signing.jpg,loan_2399/face_signing.jpg,327786,1254,1254,ok,,train,face_signing,0.9975079
loan_240,face_signing,/workspace/jinchuang_v4/extracted/data/loan_240/face_signing.jpg,loan_240/face_signing.jpg,127868,1024,1024,ok,,train,face_signing,0.9981517
loan_2400,face_signing,/workspace/jinchuang_v4/extracted/data/loan_2400/face_signing.jpg,loan_2400/face_signing.jpg,132129,1024,1024,ok,,train,face_signing,0.99752814
loan_2401,face_signing,/workspace/jinchuang_v4/extracted/data/loan_2401/face_signing.jpg,loan_2401/face_signing.jpg,112816,1024,1024,ok,,train,face_signing,0.99871254
loan_2402,face_signing,/workspace/jinchuang_v4/extracted/data/loan_2402/face_signing.jpg,loan_2402/face_signing.jpg,368831,1254,1254,ok,,train,face_signing,0.9978447
loan_2403,face_signing,/workspace/jinchuang_v4/extracted/data/loan_2403/face_signing.jpg,loan_2403/face_signing.jpg,118074,1024,1024,ok,,val,face_signing,0.9966164
loan_2404,face_signing,/workspace/jinchuang_v4/extracted/data/loan_2404/face_signing.jpg,loan_2404/face_signing.jpg,108866,1024,1024,ok,,train,face_signing,0.99875844
loan_2405,face_signing,/workspace/jinchuang_v4/extracted/data/loan_2405/face_signing.jpg,loan_2405/face_signing.jpg,132470,1024,1024,ok,,train,face_signing,0.99857867
loan_2406,face_signing,/workspace/jinchuang_v4/extracted/data/loan_2406/face_signing.jpg,loan_2406/face_signing.jpg,369455,1254,1254,ok,,train,face_signing,0.99861205
loan_2407,face_signing,/workspace/jinchuang_v4/extracted/data/loan_2407/face_signing.jpg,loan_2407/face_signing.jpg,113248,1024,1024,ok,,val,face_signing,0.99867153
loan_2408,face_signing,/workspace/jinchuang_v4/extracted/data/loan_2408/face_signing.jpg,loan_2408/face_signing.jpg,114178,1024,1024,ok,,train,face_signing,0.99851304
loan_2409,face_signing,/workspace/jinchuang_v4/extracted/data/loan_2409/face_signing.jpg,loan_2409/face_signing.jpg,102160,1024,1024,ok,,train,face_signing,0.9980958
loan_241,face_signing,/workspace/jinchuang_v4/extracted/data/loan_241/face_signing.jpg,loan_241/face_signing.jpg,146962,1024,1024,ok,,train,face_signing,0.9972796
loan_2410,face_signing,/workspace/jinchuang_v4/extracted/data/loan_2410/face_signing.jpg,loan_2410/face_signing.jpg,355041,1254,1254,ok,,train,face_signing,0.9977889
loan_2411,face_signing,/workspace/jinchuang_v4/extracted/data/loan_2411/face_signing.jpg,loan_2411/face_signing.jpg,296891,1254,1254,ok,,train,face_signing,0.99904555
loan_2412,face_signing,/workspace/jinchuang_v4/extracted/data/loan_2412/face_signing.jpg,loan_2412/face_signing.jpg,124439,1024,1024,ok,,val,face_signing,0.99868685
loan_2413,face_signing,/workspace/jinchuang_v4/extracted/data/loan_2413/face_signing.jpg,loan_2413/face_signing.jpg,112823,1024,1024,ok,,val,face_signing,0.9970728
loan_2414,face_signing,/workspace/jinchuang_v4/extracted/data/loan_2414/face_signing.jpg,loan_2414/face_signing.jpg,135185,1024,1024,ok,,train,face_signing,0.9983669
loan_2415,face_signing,/workspace/jinchuang_v4/extracted/data/loan_2415/face_signing.jpg,loan_2415/face_signing.jpg,116746,1024,1024,ok,,test,face_signing,0.99581295
loan_2416,face_signing,/workspace/jinchuang_v4/extracted/data/loan_2416/face_signing.jpg,loan_2416/face_signing.jpg,97857,1024,1024,ok,,val,face_signing,0.9985857
loan_2417,face_signing,/workspace/jinchuang_v4/extracted/data/loan_2417/face_signing.jpg,loan_2417/face_signing.jpg,126092,1024,1024,ok,,train,face_signing,0.9975618
loan_2418,face_signing,/workspace/jinchuang_v4/extracted/data/loan_2418/face_signing.jpg,loan_2418/face_signing.jpg,351690,1254,1254,ok,,train,face_signing,0.99825364
loan_2419,face_signing,/workspace/jinchuang_v4/extracted/data/loan_2419/face_signing.jpg,loan_2419/face_signing.jpg,148661,1024,1024,ok,,test,face_signing,0.9984611
loan_242,face_signing,/workspace/jinchuang_v4/extracted/data/loan_242/face_signing.jpg,loan_242/face_signing.jpg,115860,1024,1024,ok,,train,face_signing,0.99887556
loan_2420,face_signing,/workspace/jinchuang_v4/extracted/data/loan_2420/face_signing.jpg,loan_2420/face_signing.jpg,115534,1024,1024,ok,,train,face_signing,0.99895775
loan_2421,face_signing,/workspace/jinchuang_v4/extracted/data/loan_2421/face_signing.jpg,loan_2421/face_signing.jpg,255276,1254,1254,ok,,train,face_signing,0.99849784
loan_2422,face_signing,/workspace/jinchuang_v4/extracted/data/loan_2422/face_signing.jpg,loan_2422/face_signing.jpg,125566,1024,1024,ok,,train,face_signing,0.9968437
loan_2423,face_signing,/workspace/jinchuang_v4/extracted/data/loan_2423/face_signing.jpg,loan_2423/face_signing.jpg,129186,1024,1024,ok,,train,face_signing,0.99859256
loan_2424,face_signing,/workspace/jinchuang_v4/extracted/data/loan_2424/face_signing.jpg,loan_2424/face_signing.jpg,120036,1024,1024,ok,,val,face_signing,0.99827945
loan_2425,face_signing,/workspace/jinchuang_v4/extracted/data/loan_2425/face_signing.jpg,loan_2425/face_signing.jpg,355299,1254,1254,ok,,test,face_signing,0.9979546
loan_2426,face_signing,/workspace/jinchuang_v4/extracted/data/loan_2426/face_signing.jpg,loan_2426/face_signing.jpg,242939,1254,1254,ok,,test,face_signing,0.99838054
loan_2427,face_signing,/workspace/jinchuang_v4/extracted/data/loan_2427/face_signing.jpg,loan_2427/face_signing.jpg,329562,1254,1254,ok,,train,face_signing,0.9990701
loan_2428,face_signing,/workspace/jinchuang_v4/extracted/data/loan_2428/face_signing.jpg,loan_2428/face_signing.jpg,108685,1024,1024,ok,,train,face_signing,0.99685067
loan_2429,face_signing,/workspace/jinchuang_v4/extracted/data/loan_2429/face_signing.jpg,loan_2429/face_signing.jpg,130986,1024,1024,ok,,val,face_signing,0.996232
loan_243,face_signing,/workspace/jinchuang_v4/extracted/data/loan_243/face_signing.jpg,loan_243/face_signing.jpg,113365,1024,1024,ok,,train,face_signing,0.9977398
loan_2430,face_signing,/workspace/jinchuang_v4/extracted/data/loan_2430/face_signing.jpg,loan_2430/face_signing.jpg,289497,1254,1254,ok,,train,face_signing,0.9982503
loan_2431,face_signing,/workspace/jinchuang_v4/extracted/data/loan_2431/face_signing.jpg,loan_2431/face_signing.jpg,102313,1024,1024,ok,,val,face_signing,0.9988257
loan_2432,face_signing,/workspace/jinchuang_v4/extracted/data/loan_2432/face_signing.jpg,loan_2432/face_signing.jpg,123989,1024,1024,ok,,train,face_signing,0.9959265
loan_2433,face_signing,/workspace/jinchuang_v4/extracted/data/loan_2433/face_signing.jpg,loan_2433/face_signing.jpg,128953,1024,1024,ok,,train,face_signing,0.99516064
loan_2434,face_signing,/workspace/jinchuang_v4/extracted/data/loan_2434/face_signing.jpg,loan_2434/face_signing.jpg,136578,1024,1024,ok,,train,face_signing,0.9980495
loan_2435,face_signing,/workspace/jinchuang_v4/extracted/data/loan_2435/face_signing.jpg,loan_2435/face_signing.jpg,335092,1254,1254,ok,,val,face_signing,0.9985177
loan_2436,face_signing,/workspace/jinchuang_v4/extracted/data/loan_2436/face_signing.jpg,loan_2436/face_signing.jpg,142389,1024,1024,ok,,train,face_signing,0.9988632
loan_2437,face_signing,/workspace/jinchuang_v4/extracted/data/loan_2437/face_signing.jpg,loan_2437/face_signing.jpg,112469,1024,1024,ok,,train,face_signing,0.9933188
loan_2438,face_signing,/workspace/jinchuang_v4/extracted/data/loan_2438/face_signing.jpg,loan_2438/face_signing.jpg,121622,1024,1024,ok,,test,face_signing,0.9967738
loan_2439,face_signing,/workspace/jinchuang_v4/extracted/data/loan_2439/face_signing.jpg,loan_2439/face_signing.jpg,134390,1024,1024,ok,,train,face_signing,0.99878365
loan_244,face_signing,/workspace/jinchuang_v4/extracted/data/loan_244/face_signing.jpg,loan_244/face_signing.jpg,2229419,2508,2508,ok,,train,face_signing,0.998777
loan_2440,face_signing,/workspace/jinchuang_v4/extracted/data/loan_2440/face_signing.jpg,loan_2440/face_signing.jpg,138961,1024,1024,ok,,train,face_signing,0.99560404
loan_2441,face_signing,/workspace/jinchuang_v4/extracted/data/loan_2441/face_signing.jpg,loan_2441/face_signing.jpg,128645,1024,1024,ok,,train,face_signing,0.9966967
loan_2442,face_signing,/workspace/jinchuang_v4/extracted/data/loan_2442/face_signing.jpg,loan_2442/face_signing.jpg,1701430,3072,2048,ok,,test,face_signing,0.9974476
loan_2443,face_signing,/workspace/jinchuang_v4/extracted/data/loan_2443/face_signing.jpg,loan_2443/face_signing.jpg,122356,1024,1024,ok,,train,face_signing,0.99838793
loan_2444,face_signing,/workspace/jinchuang_v4/extracted/data/loan_2444/face_signing.jpg,loan_2444/face_signing.jpg,1702154,3072,2048,ok,,test,face_signing,0.9982962
loan_2445,face_signing,/workspace/jinchuang_v4/extracted/data/loan_2445/face_signing.jpg,loan_2445/face_signing.jpg,1819795,2508,2508,ok,,train,face_signing,0.99833137
loan_2446,face_signing,/workspace/jinchuang_v4/extracted/data/loan_2446/face_signing.jpg,loan_2446/face_signing.jpg,101562,1024,1024,ok,,test,face_signing,0.9985898
loan_2447,face_signing,/workspace/jinchuang_v4/extracted/data/loan_2447/face_signing.jpg,loan_2447/face_signing.jpg,130587,1024,1024,ok,,train,face_signing,0.9978325
loan_2448,face_signing,/workspace/jinchuang_v4/extracted/data/loan_2448/face_signing.jpg,loan_2448/face_signing.jpg,130567,1024,1024,ok,,train,face_signing,0.9983682
loan_2449,face_signing,/workspace/jinchuang_v4/extracted/data/loan_2449/face_signing.jpg,loan_2449/face_signing.jpg,1894404,2508,2508,ok,,train,face_signing,0.99865866
loan_245,face_signing,/workspace/jinchuang_v4/extracted/data/loan_245/face_signing.jpg,loan_245/face_signing.jpg,141574,1024,1024,ok,,train,face_signing,0.99830925
loan_2450,face_signing,/workspace/jinchuang_v4/extracted/data/loan_2450/face_signing.jpg,loan_2450/face_signing.jpg,123853,1024,1024,ok,,train,face_signing,0.99800485
loan_2451,face_signing,/workspace/jinchuang_v4/extracted/data/loan_2451/face_signing.jpg,loan_2451/face_signing.jpg,115868,1024,1024,ok,,train,face_signing,0.9960543
loan_2452,face_signing,/workspace/jinchuang_v4/extracted/data/loan_2452/face_signing.jpg,loan_2452/face_signing.jpg,26696,235,394,ok,,train,face_signing,0.9913975
loan_2453,face_signing,/workspace/jinchuang_v4/extracted/data/loan_2453/face_signing.jpg,loan_2453/face_signing.jpg,116008,1024,1024,ok,,train,face_signing,0.996636
loan_2454,face_signing,/workspace/jinchuang_v4/extracted/data/loan_2454/face_signing.jpg,loan_2454/face_signing.jpg,101824,1024,1024,ok,,train,face_signing,0.998314
loan_2455,face_signing,/workspace/jinchuang_v4/extracted/data/loan_2455/face_signing.jpg,loan_2455/face_signing.jpg,25583,231,388,ok,,train,face_signing,0.9923273
loan_2456,face_signing,/workspace/jinchuang_v4/extracted/data/loan_2456/face_signing.jpg,loan_2456/face_signing.jpg,109511,1024,1024,ok,,train,face_signing,0.9982931
loan_2457,face_signing,/workspace/jinchuang_v4/extracted/data/loan_2457/face_signing.jpg,loan_2457/face_signing.jpg,149781,1024,1024,ok,,train,face_signing,0.9971409
loan_2458,face_signing,/workspace/jinchuang_v4/extracted/data/loan_2458/face_signing.jpg,loan_2458/face_signing.jpg,109740,1024,1024,ok,,train,face_signing,0.9976278
loan_2459,face_signing,/workspace/jinchuang_v4/extracted/data/loan_2459/face_signing.jpg,loan_2459/face_signing.jpg,114701,1024,1024,ok,,train,face_signing,0.99868995
loan_246,face_signing,/workspace/jinchuang_v4/extracted/data/loan_246/face_signing.jpg,loan_246/face_signing.jpg,173375,1024,1024,ok,,test,face_signing,0.9985335
loan_2460,face_signing,/workspace/jinchuang_v4/extracted/data/loan_2460/face_signing.jpg,loan_2460/face_signing.jpg,157829,1024,1024,ok,,test,face_signing,0.9972887
loan_2461,face_signing,/workspace/jinchuang_v4/extracted/data/loan_2461/face_signing.jpg,loan_2461/face_signing.jpg,124535,1024,1024,ok,,train,face_signing,0.9972464
loan_2462,face_signing,/workspace/jinchuang_v4/extracted/data/loan_2462/face_signing.jpg,loan_2462/face_signing.jpg,111470,1024,1024,ok,,train,face_signing,0.99565744
loan_2463,face_signing,/workspace/jinchuang_v4/extracted/data/loan_2463/face_signing.jpg,loan_2463/face_signing.jpg,130381,1024,1024,ok,,test,face_signing,0.9972203
loan_2464,face_signing,/workspace/jinchuang_v4/extracted/data/loan_2464/face_signing.jpg,loan_2464/face_signing.jpg,20047,234,390,ok,,train,face_signing,0.99494284
loan_2465,face_signing,/workspace/jinchuang_v4/extracted/data/loan_2465/face_signing.jpg,loan_2465/face_signing.jpg,21569,232,388,ok,,train,face_signing,0.99397075
loan_2466,face_signing,/workspace/jinchuang_v4/extracted/data/loan_2466/face_signing.jpg,loan_2466/face_signing.jpg,121747,1024,1024,ok,,train,face_signing,0.9966409
loan_2467,face_signing,/workspace/jinchuang_v4/extracted/data/loan_2467/face_signing.jpg,loan_2467/face_signing.jpg,131073,1024,1024,ok,,train,face_signing,0.9990822
loan_2468,face_signing,/workspace/jinchuang_v4/extracted/data/loan_2468/face_signing.jpg,loan_2468/face_signing.jpg,130285,1024,1024,ok,,test,face_signing,0.99891496
loan_2469,face_signing,/workspace/jinchuang_v4/extracted/data/loan_2469/face_signing.jpg,loan_2469/face_signing.jpg,1841533,2508,2508,ok,,train,face_signing,0.9970335
loan_247,face_signing,/workspace/jinchuang_v4/extracted/data/loan_247/face_signing.jpg,loan_247/face_signing.jpg,109145,1024,1024,ok,,train,face_signing,0.998787
loan_2470,face_signing,/workspace/jinchuang_v4/extracted/data/loan_2470/face_signing.jpg,loan_2470/face_signing.jpg,155395,1024,1024,ok,,train,face_signing,0.99444973
loan_2471,face_signing,/workspace/jinchuang_v4/extracted/data/loan_2471/face_signing.jpg,loan_2471/face_signing.jpg,109914,1024,1024,ok,,train,face_signing,0.9987257
loan_2472,face_signing,/workspace/jinchuang_v4/extracted/data/loan_2472/face_signing.jpg,loan_2472/face_signing.jpg,156694,1024,1024,ok,,train,face_signing,0.99606365
loan_2473,face_signing,/workspace/jinchuang_v4/extracted/data/loan_2473/face_signing.jpg,loan_2473/face_signing.jpg,112204,1024,1024,ok,,val,face_signing,0.9981731
loan_2474,face_signing,/workspace/jinchuang_v4/extracted/data/loan_2474/face_signing.jpg,loan_2474/face_signing.jpg,112708,1024,1024,ok,,val,face_signing,0.9978461
loan_2475,face_signing,/workspace/jinchuang_v4/extracted/data/loan_2475/face_signing.jpg,loan_2475/face_signing.jpg,136441,1024,1024,ok,,val,face_signing,0.99784815
loan_2476,face_signing,/workspace/jinchuang_v4/extracted/data/loan_2476/face_signing.jpg,loan_2476/face_signing.jpg,111674,1024,1024,ok,,train,face_signing,0.9977456
loan_2477,face_signing,/workspace/jinchuang_v4/extracted/data/loan_2477/face_signing.jpg,loan_2477/face_signing.jpg,124273,1024,1024,ok,,train,face_signing,0.99791986
loan_2478,face_signing,/workspace/jinchuang_v4/extracted/data/loan_2478/face_signing.jpg,loan_2478/face_signing.jpg,109241,1024,1024,ok,,train,face_signing,0.998235
loan_2479,face_signing,/workspace/jinchuang_v4/extracted/data/loan_2479/face_signing.jpg,loan_2479/face_signing.jpg,101765,1024,1024,ok,,val,face_signing,0.9960926
loan_248,face_signing,/workspace/jinchuang_v4/extracted/data/loan_248/face_signing.jpg,loan_248/face_signing.jpg,137790,1024,1024,ok,,train,face_signing,0.99823606
loan_2480,face_signing,/workspace/jinchuang_v4/extracted/data/loan_2480/face_signing.jpg,loan_2480/face_signing.jpg,106796,1024,1024,ok,,train,face_signing,0.99563205
loan_2481,face_signing,/workspace/jinchuang_v4/extracted/data/loan_2481/face_signing.jpg,loan_2481/face_signing.jpg,129720,1024,1024,ok,,train,face_signing,0.99780375
loan_2482,face_signing,/workspace/jinchuang_v4/extracted/data/loan_2482/face_signing.jpg,loan_2482/face_signing.jpg,95620,1024,1024,ok,,train,face_signing,0.9956482
loan_2483,face_signing,/workspace/jinchuang_v4/extracted/data/loan_2483/face_signing.jpg,loan_2483/face_signing.jpg,118402,1024,1024,ok,,test,face_signing,0.9978259
loan_2484,face_signing,/workspace/jinchuang_v4/extracted/data/loan_2484/face_signing.jpg,loan_2484/face_signing.jpg,129645,1024,1024,ok,,train,face_signing,0.9978573
loan_2485,face_signing,/workspace/jinchuang_v4/extracted/data/loan_2485/face_signing.jpg,loan_2485/face_signing.jpg,127476,1024,1024,ok,,test,face_signing,0.9980089
loan_2486,face_signing,/workspace/jinchuang_v4/extracted/data/loan_2486/face_signing.jpg,loan_2486/face_signing.jpg,137987,1024,1024,ok,,val,face_signing,0.998147
loan_2487,face_signing,/workspace/jinchuang_v4/extracted/data/loan_2487/face_signing.jpg,loan_2487/face_signing.jpg,107298,1024,1024,ok,,train,face_signing,0.9966383
loan_2488,face_signing,/workspace/jinchuang_v4/extracted/data/loan_2488/face_signing.jpg,loan_2488/face_signing.jpg,92147,1024,1024,ok,,test,face_signing,0.99500847
loan_2489,face_signing,/workspace/jinchuang_v4/extracted/data/loan_2489/face_signing.jpg,loan_2489/face_signing.jpg,1779194,2508,2508,ok,,val,face_signing,0.99670297
loan_249,face_signing,/workspace/jinchuang_v4/extracted/data/loan_249/face_signing.jpg,loan_249/face_signing.jpg,1970797,2508,2508,ok,,test,face_signing,0.9981993
loan_2490,face_signing,/workspace/jinchuang_v4/extracted/data/loan_2490/face_signing.jpg,loan_2490/face_signing.jpg,147912,1024,1024,ok,,val,face_signing,0.9979705
loan_2491,face_signing,/workspace/jinchuang_v4/extracted/data/loan_2491/face_signing.jpg,loan_2491/face_signing.jpg,127055,1024,1024,ok,,train,face_signing,0.9984577
loan_2492,face_signing,/workspace/jinchuang_v4/extracted/data/loan_2492/face_signing.jpg,loan_2492/face_signing.jpg,24163,231,388,ok,,train,face_signing,0.9962924
loan_2493,face_signing,/workspace/jinchuang_v4/extracted/data/loan_2493/face_signing.jpg,loan_2493/face_signing.jpg,123035,1024,1024,ok,,train,face_signing,0.99806017
loan_2494,face_signing,/workspace/jinchuang_v4/extracted/data/loan_2494/face_signing.jpg,loan_2494/face_signing.jpg,94963,1024,1024,ok,,train,face_signing,0.99758554
loan_2495,face_signing,/workspace/jinchuang_v4/extracted/data/loan_2495/face_signing.jpg,loan_2495/face_signing.jpg,1987283,2508,2508,ok,,train,face_signing,0.9969062
loan_2496,face_signing,/workspace/jinchuang_v4/extracted/data/loan_2496/face_signing.jpg,loan_2496/face_signing.jpg,25469,234,391,ok,,train,face_signing,0.99505484
loan_2497,face_signing,/workspace/jinchuang_v4/extracted/data/loan_2497/face_signing.jpg,loan_2497/face_signing.jpg,149807,1024,1024,ok,,train,face_signing,0.99771416
loan_2498,face_signing,/workspace/jinchuang_v4/extracted/data/loan_2498/face_signing.jpg,loan_2498/face_signing.jpg,24638,235,390,ok,,train,face_signing,0.994928
loan_2499,face_signing,/workspace/jinchuang_v4/extracted/data/loan_2499/face_signing.jpg,loan_2499/face_signing.jpg,2358737,2508,2508,ok,,train,face_signing,0.99777895
loan_250,face_signing,/workspace/jinchuang_v4/extracted/data/loan_250/face_signing.jpg,loan_250/face_signing.jpg,111312,1024,1024,ok,,test,face_signing,0.9990996
loan_2500,face_signing,/workspace/jinchuang_v4/extracted/data/loan_2500/face_signing.jpg,loan_2500/face_signing.jpg,130165,1024,1024,ok,,train,face_signing,0.9979882
loan_2501,face_signing,/workspace/jinchuang_v4/extracted/data/loan_2501/face_signing.jpg,loan_2501/face_signing.jpg,105547,1024,1024,ok,,train,face_signing,0.998019
loan_2502,face_signing,/workspace/jinchuang_v4/extracted/data/loan_2502/face_signing.jpg,loan_2502/face_signing.jpg,140461,1024,1024,ok,,train,face_signing,0.9955591
loan_2503,face_signing,/workspace/jinchuang_v4/extracted/data/loan_2503/face_signing.jpg,loan_2503/face_signing.jpg,100581,1024,1024,ok,,train,face_signing,0.9987986
loan_2504,face_signing,/workspace/jinchuang_v4/extracted/data/loan_2504/face_signing.jpg,loan_2504/face_signing.jpg,96907,1024,1024,ok,,train,face_signing,0.9985587
loan_2505,face_signing,/workspace/jinchuang_v4/extracted/data/loan_2505/face_signing.jpg,loan_2505/face_signing.jpg,121003,1024,1024,ok,,val,face_signing,0.9978549
loan_2506,face_signing,/workspace/jinchuang_v4/extracted/data/loan_2506/face_signing.jpg,loan_2506/face_signing.jpg,128169,1024,1024,ok,,train,face_signing,0.9987276
loan_2507,face_signing,/workspace/jinchuang_v4/extracted/data/loan_2507/face_signing.jpg,loan_2507/face_signing.jpg,2321302,2508,2508,ok,,train,face_signing,0.997159
loan_2508,face_signing,/workspace/jinchuang_v4/extracted/data/loan_2508/face_signing.jpg,loan_2508/face_signing.jpg,2057775,2508,2508,ok,,train,face_signing,0.9988122
loan_2509,face_signing,/workspace/jinchuang_v4/extracted/data/loan_2509/face_signing.jpg,loan_2509/face_signing.jpg,100018,1024,1024,ok,,val,face_signing,0.9972805
loan_251,face_signing,/workspace/jinchuang_v4/extracted/data/loan_251/face_signing.jpg,loan_251/face_signing.jpg,183105,1024,1024,ok,,train,face_signing,0.99843055
loan_2510,face_signing,/workspace/jinchuang_v4/extracted/data/loan_2510/face_signing.jpg,loan_2510/face_signing.jpg,117421,1024,1024,ok,,test,face_signing,0.9975688
loan_2511,face_signing,/workspace/jinchuang_v4/extracted/data/loan_2511/face_signing.jpg,loan_2511/face_signing.jpg,127867,1024,1024,ok,,train,face_signing,0.9986965
loan_2512,face_signing,/workspace/jinchuang_v4/extracted/data/loan_2512/face_signing.jpg,loan_2512/face_signing.jpg,118745,1024,1024,ok,,train,face_signing,0.9973801
loan_2513,face_signing,/workspace/jinchuang_v4/extracted/data/loan_2513/face_signing.jpg,loan_2513/face_signing.jpg,113769,1024,1024,ok,,train,face_signing,0.99738675
loan_2514,face_signing,/workspace/jinchuang_v4/extracted/data/loan_2514/face_signing.jpg,loan_2514/face_signing.jpg,1839459,2508,2508,ok,,train,face_signing,0.9987244
loan_2515,face_signing,/workspace/jinchuang_v4/extracted/data/loan_2515/face_signing.jpg,loan_2515/face_signing.jpg,103894,1024,1024,ok,,val,face_signing,0.9976488
loan_2516,face_signing,/workspace/jinchuang_v4/extracted/data/loan_2516/face_signing.jpg,loan_2516/face_signing.jpg,131639,1024,1024,ok,,train,face_signing,0.9985201
loan_2517,face_signing,/workspace/jinchuang_v4/extracted/data/loan_2517/face_signing.jpg,loan_2517/face_signing.jpg,129473,1024,1024,ok,,test,face_signing,0.9988859
loan_2518,face_signing,/workspace/jinchuang_v4/extracted/data/loan_2518/face_signing.jpg,loan_2518/face_signing.jpg,100837,1024,1024,ok,,train,face_signing,0.9968015
loan_2519,face_signing,/workspace/jinchuang_v4/extracted/data/loan_2519/face_signing.jpg,loan_2519/face_signing.jpg,132949,1024,1024,ok,,train,face_signing,0.99663603
loan_252,face_signing,/workspace/jinchuang_v4/extracted/data/loan_252/face_signing.jpg,loan_252/face_signing.jpg,114622,1024,1024,ok,,train,face_signing,0.99852234
loan_2520,face_signing,/workspace/jinchuang_v4/extracted/data/loan_2520/face_signing.jpg,loan_2520/face_signing.jpg,105814,1024,1024,ok,,train,face_signing,0.996743
loan_2521,face_signing,/workspace/jinchuang_v4/extracted/data/loan_2521/face_signing.jpg,loan_2521/face_signing.jpg,23528,234,388,ok,,test,face_signing,0.9946614
loan_2522,face_signing,/workspace/jinchuang_v4/extracted/data/loan_2522/face_signing.jpg,loan_2522/face_signing.jpg,132231,1024,1024,ok,,train,face_signing,0.9974139
loan_2523,face_signing,/workspace/jinchuang_v4/extracted/data/loan_2523/face_signing.jpg,loan_2523/face_signing.jpg,2057026,2508,2508,ok,,train,face_signing,0.9990163
loan_2524,face_signing,/workspace/jinchuang_v4/extracted/data/loan_2524/face_signing.jpg,loan_2524/face_signing.jpg,25393,235,393,ok,,train,face_signing,0.99667114
loan_2525,face_signing,/workspace/jinchuang_v4/extracted/data/loan_2525/face_signing.jpg,loan_2525/face_signing.jpg,121087,1024,1024,ok,,val,face_signing,0.99816763
loan_2526,face_signing,/workspace/jinchuang_v4/extracted/data/loan_2526/face_signing.jpg,loan_2526/face_signing.jpg,117539,1024,1024,ok,,train,face_signing,0.9941651
loan_2527,face_signing,/workspace/jinchuang_v4/extracted/data/loan_2527/face_signing.jpg,loan_2527/face_signing.jpg,122913,1024,1024,ok,,val,face_signing,0.9987203
loan_2528,face_signing,/workspace/jinchuang_v4/extracted/data/loan_2528/face_signing.jpg,loan_2528/face_signing.jpg,112651,1024,1024,ok,,test,face_signing,0.9988871
loan_2529,face_signing,/workspace/jinchuang_v4/extracted/data/loan_2529/face_signing.jpg,loan_2529/face_signing.jpg,152352,1024,1024,ok,,train,face_signing,0.99783856
loan_253,face_signing,/workspace/jinchuang_v4/extracted/data/loan_253/face_signing.jpg,loan_253/face_signing.jpg,167217,1024,1024,ok,,train,face_signing,0.9972537
loan_2530,face_signing,/workspace/jinchuang_v4/extracted/data/loan_2530/face_signing.jpg,loan_2530/face_signing.jpg,131241,1024,1024,ok,,val,face_signing,0.9975363
loan_2531,face_signing,/workspace/jinchuang_v4/extracted/data/loan_2531/face_signing.jpg,loan_2531/face_signing.jpg,132587,1024,1024,ok,,train,face_signing,0.99739814
loan_2532,face_signing,/workspace/jinchuang_v4/extracted/data/loan_2532/face_signing.jpg,loan_2532/face_signing.jpg,111157,1024,1024,ok,,train,face_signing,0.99879116
loan_2533,face_signing,/workspace/jinchuang_v4/extracted/data/loan_2533/face_signing.jpg,loan_2533/face_signing.jpg,114555,1024,1024,ok,,train,face_signing,0.9980215
loan_2534,face_signing,/workspace/jinchuang_v4/extracted/data/loan_2534/face_signing.jpg,loan_2534/face_signing.jpg,128312,1024,1024,ok,,train,face_signing,0.9984257
loan_2535,face_signing,/workspace/jinchuang_v4/extracted/data/loan_2535/face_signing.jpg,loan_2535/face_signing.jpg,108885,1024,1024,ok,,train,face_signing,0.99858356
loan_2536,face_signing,/workspace/jinchuang_v4/extracted/data/loan_2536/face_signing.jpg,loan_2536/face_signing.jpg,2126455,2508,2508,ok,,train,face_signing,0.99661607
loan_2537,face_signing,/workspace/jinchuang_v4/extracted/data/loan_2537/face_signing.jpg,loan_2537/face_signing.jpg,114809,1024,1024,ok,,test,face_signing,0.9981725
loan_2538,face_signing,/workspace/jinchuang_v4/extracted/data/loan_2538/face_signing.jpg,loan_2538/face_signing.jpg,2022279,2508,2508,ok,,test,face_signing,0.99849045
loan_2539,face_signing,/workspace/jinchuang_v4/extracted/data/loan_2539/face_signing.jpg,loan_2539/face_signing.jpg,135336,1024,1024,ok,,train,face_signing,0.99683493
loan_254,face_signing,/workspace/jinchuang_v4/extracted/data/loan_254/face_signing.jpg,loan_254/face_signing.jpg,2249832,2508,2508,ok,,train,face_signing,0.99890983
loan_2540,face_signing,/workspace/jinchuang_v4/extracted/data/loan_2540/face_signing.jpg,loan_2540/face_signing.jpg,114605,1024,1024,ok,,train,face_signing,0.9985134
loan_2541,face_signing,/workspace/jinchuang_v4/extracted/data/loan_2541/face_signing.jpg,loan_2541/face_signing.jpg,131843,1024,1024,ok,,train,face_signing,0.99859744
loan_2542,face_signing,/workspace/jinchuang_v4/extracted/data/loan_2542/face_signing.jpg,loan_2542/face_signing.jpg,127024,1024,1024,ok,,train,face_signing,0.9978036
loan_2543,face_signing,/workspace/jinchuang_v4/extracted/data/loan_2543/face_signing.jpg,loan_2543/face_signing.jpg,126861,1024,1024,ok,,train,face_signing,0.99850214
loan_2544,face_signing,/workspace/jinchuang_v4/extracted/data/loan_2544/face_signing.jpg,loan_2544/face_signing.jpg,130907,1024,1024,ok,,train,face_signing,0.99899644
loan_2545,face_signing,/workspace/jinchuang_v4/extracted/data/loan_2545/face_signing.jpg,loan_2545/face_signing.jpg,143682,1024,1024,ok,,val,face_signing,0.99873763
loan_2546,face_signing,/workspace/jinchuang_v4/extracted/data/loan_2546/face_signing.jpg,loan_2546/face_signing.jpg,115902,1024,1024,ok,,train,face_signing,0.9975604
loan_2547,face_signing,/workspace/jinchuang_v4/extracted/data/loan_2547/face_signing.jpg,loan_2547/face_signing.jpg,135764,1024,1024,ok,,test,face_signing,0.9987998
loan_2548,face_signing,/workspace/jinchuang_v4/extracted/data/loan_2548/face_signing.jpg,loan_2548/face_signing.jpg,135858,1024,1024,ok,,train,face_signing,0.998594
loan_2549,face_signing,/workspace/jinchuang_v4/extracted/data/loan_2549/face_signing.jpg,loan_2549/face_signing.jpg,1960939,2508,2508,ok,,train,face_signing,0.9973525
loan_255,face_signing,/workspace/jinchuang_v4/extracted/data/loan_255/face_signing.jpg,loan_255/face_signing.jpg,116746,1024,1024,ok,,train,face_signing,0.99895847
loan_2550,face_signing,/workspace/jinchuang_v4/extracted/data/loan_2550/face_signing.jpg,loan_2550/face_signing.jpg,131664,1024,1024,ok,,val,face_signing,0.9989324
loan_2551,face_signing,/workspace/jinchuang_v4/extracted/data/loan_2551/face_signing.jpg,loan_2551/face_signing.jpg,101737,1024,1024,ok,,train,face_signing,0.99865913
loan_2552,face_signing,/workspace/jinchuang_v4/extracted/data/loan_2552/face_signing.jpg,loan_2552/face_signing.jpg,119145,1024,1024,ok,,train,face_signing,0.9977865
loan_2553,face_signing,/workspace/jinchuang_v4/extracted/data/loan_2553/face_signing.jpg,loan_2553/face_signing.jpg,115107,1024,1024,ok,,train,face_signing,0.99861395
loan_2554,face_signing,/workspace/jinchuang_v4/extracted/data/loan_2554/face_signing.jpg,loan_2554/face_signing.jpg,125227,1024,1024,ok,,train,face_signing,0.9963799
loan_2555,face_signing,/workspace/jinchuang_v4/extracted/data/loan_2555/face_signing.jpg,loan_2555/face_signing.jpg,123071,1024,1024,ok,,val,face_signing,0.9985247
loan_2556,face_signing,/workspace/jinchuang_v4/extracted/data/loan_2556/face_signing.jpg,loan_2556/face_signing.jpg,23872,234,393,ok,,train,face_signing,0.9953389
loan_2557,face_signing,/workspace/jinchuang_v4/extracted/data/loan_2557/face_signing.jpg,loan_2557/face_signing.jpg,120662,1024,1024,ok,,train,face_signing,0.99847096
loan_2558,face_signing,/workspace/jinchuang_v4/extracted/data/loan_2558/face_signing.jpg,loan_2558/face_signing.jpg,1908209,2508,2508,ok,,train,face_signing,0.99886286
loan_2559,face_signing,/workspace/jinchuang_v4/extracted/data/loan_2559/face_signing.jpg,loan_2559/face_signing.jpg,150758,1024,1024,ok,,train,face_signing,0.9990339
loan_256,face_signing,/workspace/jinchuang_v4/extracted/data/loan_256/face_signing.jpg,loan_256/face_signing.jpg,142696,1024,1024,ok,,val,face_signing,0.9969158
loan_2560,face_signing,/workspace/jinchuang_v4/extracted/data/loan_2560/face_signing.jpg,loan_2560/face_signing.jpg,117040,1024,1024,ok,,train,face_signing,0.9979182
loan_2561,face_signing,/workspace/jinchuang_v4/extracted/data/loan_2561/face_signing.jpg,loan_2561/face_signing.jpg,115781,1024,1024,ok,,val,face_signing,0.9972179
loan_2562,face_signing,/workspace/jinchuang_v4/extracted/data/loan_2562/face_signing.jpg,loan_2562/face_signing.jpg,1751538,2508,2508,ok,,train,face_signing,0.99885094
loan_2563,face_signing,/workspace/jinchuang_v4/extracted/data/loan_2563/face_signing.jpg,loan_2563/face_signing.jpg,23997,232,393,ok,,train,face_signing,0.99538535
loan_2564,face_signing,/workspace/jinchuang_v4/extracted/data/loan_2564/face_signing.jpg,loan_2564/face_signing.jpg,24818,234,393,ok,,train,face_signing,0.99470925
loan_2565,face_signing,/workspace/jinchuang_v4/extracted/data/loan_2565/face_signing.jpg,loan_2565/face_signing.jpg,98042,1024,1024,ok,,train,face_signing,0.99782085
loan_2566,face_signing,/workspace/jinchuang_v4/extracted/data/loan_2566/face_signing.jpg,loan_2566/face_signing.jpg,1816233,2508,2508,ok,,val,face_signing,0.99629873
loan_2567,face_signing,/workspace/jinchuang_v4/extracted/data/loan_2567/face_signing.jpg,loan_2567/face_signing.jpg,24104,238,390,ok,,train,face_signing,0.9913488
loan_2568,face_signing,/workspace/jinchuang_v4/extracted/data/loan_2568/face_signing.jpg,loan_2568/face_signing.jpg,116935,1024,1024,ok,,train,face_signing,0.9981173
loan_2569,face_signing,/workspace/jinchuang_v4/extracted/data/loan_2569/face_signing.jpg,loan_2569/face_signing.jpg,112513,1024,1024,ok,,train,face_signing,0.9970016
loan_257,face_signing,/workspace/jinchuang_v4/extracted/data/loan_257/face_signing.jpg,loan_257/face_signing.jpg,107963,1024,1024,ok,,train,face_signing,0.9984875
loan_2570,face_signing,/workspace/jinchuang_v4/extracted/data/loan_2570/face_signing.jpg,loan_2570/face_signing.jpg,118327,1024,1024,ok,,train,face_signing,0.9981579
loan_2571,face_signing,/workspace/jinchuang_v4/extracted/data/loan_2571/face_signing.jpg,loan_2571/face_signing.jpg,127563,1024,1024,ok,,train,face_signing,0.9985952
loan_2572,face_signing,/workspace/jinchuang_v4/extracted/data/loan_2572/face_signing.jpg,loan_2572/face_signing.jpg,119459,1024,1024,ok,,test,face_signing,0.99742955
loan_2573,face_signing,/workspace/jinchuang_v4/extracted/data/loan_2573/face_signing.jpg,loan_2573/face_signing.jpg,116811,1024,1024,ok,,train,face_signing,0.99812347
loan_2574,face_signing,/workspace/jinchuang_v4/extracted/data/loan_2574/face_signing.jpg,loan_2574/face_signing.jpg,87884,1024,1024,ok,,train,face_signing,0.99775
loan_2575,face_signing,/workspace/jinchuang_v4/extracted/data/loan_2575/face_signing.jpg,loan_2575/face_signing.jpg,122464,1024,1024,ok,,test,face_signing,0.9972941
loan_2576,face_signing,/workspace/jinchuang_v4/extracted/data/loan_2576/face_signing.jpg,loan_2576/face_signing.jpg,111776,1024,1024,ok,,val,face_signing,0.9982907
loan_2577,face_signing,/workspace/jinchuang_v4/extracted/data/loan_2577/face_signing.jpg,loan_2577/face_signing.jpg,23213,229,391,ok,,val,face_signing,0.9973761
loan_2578,face_signing,/workspace/jinchuang_v4/extracted/data/loan_2578/face_signing.jpg,loan_2578/face_signing.jpg,103726,1024,1024,ok,,train,face_signing,0.99870694
loan_2579,face_signing,/workspace/jinchuang_v4/extracted/data/loan_2579/face_signing.jpg,loan_2579/face_signing.jpg,111758,1024,1024,ok,,train,face_signing,0.9986952
loan_258,face_signing,/workspace/jinchuang_v4/extracted/data/loan_258/face_signing.jpg,loan_258/face_signing.jpg,2206365,2508,2508,ok,,train,face_signing,0.9990526
loan_2580,face_signing,/workspace/jinchuang_v4/extracted/data/loan_2580/face_signing.jpg,loan_2580/face_signing.jpg,116010,1024,1024,ok,,test,face_signing,0.99897563
loan_2581,face_signing,/workspace/jinchuang_v4/extracted/data/loan_2581/face_signing.jpg,loan_2581/face_signing.jpg,156775,1024,1024,ok,,train,face_signing,0.9974475
loan_2582,face_signing,/workspace/jinchuang_v4/extracted/data/loan_2582/face_signing.jpg,loan_2582/face_signing.jpg,133683,1024,1024,ok,,test,face_signing,0.9980889
loan_2583,face_signing,/workspace/jinchuang_v4/extracted/data/loan_2583/face_signing.jpg,loan_2583/face_signing.jpg,119064,1024,1024,ok,,train,face_signing,0.9988881
loan_2584,face_signing,/workspace/jinchuang_v4/extracted/data/loan_2584/face_signing.jpg,loan_2584/face_signing.jpg,127994,1024,1024,ok,,train,face_signing,0.994793
loan_2585,face_signing,/workspace/jinchuang_v4/extracted/data/loan_2585/face_signing.jpg,loan_2585/face_signing.jpg,30448,277,393,ok,,val,face_signing,0.99391174
loan_2586,face_signing,/workspace/jinchuang_v4/extracted/data/loan_2586/face_signing.jpg,loan_2586/face_signing.jpg,2024324,2508,2508,ok,,val,face_signing,0.99844056
loan_2587,face_signing,/workspace/jinchuang_v4/extracted/data/loan_2587/face_signing.jpg,loan_2587/face_signing.jpg,1869384,2508,2508,ok,,train,face_signing,0.99872214
loan_2588,face_signing,/workspace/jinchuang_v4/extracted/data/loan_2588/face_signing.jpg,loan_2588/face_signing.jpg,111219,1024,1024,ok,,train,face_signing,0.99710137
loan_2589,face_signing,/workspace/jinchuang_v4/extracted/data/loan_2589/face_signing.jpg,loan_2589/face_signing.jpg,110783,1024,1024,ok,,train,face_signing,0.9980482
loan_259,face_signing,/workspace/jinchuang_v4/extracted/data/loan_259/face_signing.jpg,loan_259/face_signing.jpg,124292,1024,1024,ok,,val,face_signing,0.99844474
loan_2590,face_signing,/workspace/jinchuang_v4/extracted/data/loan_2590/face_signing.jpg,loan_2590/face_signing.jpg,123139,1024,1024,ok,,train,face_signing,0.9983432
loan_2591,face_signing,/workspace/jinchuang_v4/extracted/data/loan_2591/face_signing.jpg,loan_2591/face_signing.jpg,111779,1024,1024,ok,,train,face_signing,0.99785346
loan_2592,face_signing,/workspace/jinchuang_v4/extracted/data/loan_2592/face_signing.jpg,loan_2592/face_signing.jpg,25279,268,393,ok,,train,face_signing,0.9700997
loan_2593,face_signing,/workspace/jinchuang_v4/extracted/data/loan_2593/face_signing.jpg,loan_2593/face_signing.jpg,119019,1024,1024,ok,,train,face_signing,0.9991979
loan_2594,face_signing,/workspace/jinchuang_v4/extracted/data/loan_2594/face_signing.jpg,loan_2594/face_signing.jpg,125402,1024,1024,ok,,val,face_signing,0.9987293
loan_2595,face_signing,/workspace/jinchuang_v4/extracted/data/loan_2595/face_signing.jpg,loan_2595/face_signing.jpg,132145,1024,1024,ok,,train,face_signing,0.99818194
loan_2596,face_signing,/workspace/jinchuang_v4/extracted/data/loan_2596/face_signing.jpg,loan_2596/face_signing.jpg,117872,1024,1024,ok,,train,face_signing,0.99800974
loan_2597,face_signing,/workspace/jinchuang_v4/extracted/data/loan_2597/face_signing.jpg,loan_2597/face_signing.jpg,1648433,2508,2508,ok,,train,face_signing,0.9986162
loan_2598,face_signing,/workspace/jinchuang_v4/extracted/data/loan_2598/face_signing.jpg,loan_2598/face_signing.jpg,137611,1024,1024,ok,,test,face_signing,0.999081
loan_2599,face_signing,/workspace/jinchuang_v4/extracted/data/loan_2599/face_signing.jpg,loan_2599/face_signing.jpg,1711990,2508,2508,ok,,val,face_signing,0.99557173
loan_260,face_signing,/workspace/jinchuang_v4/extracted/data/loan_260/face_signing.jpg,loan_260/face_signing.jpg,120386,1024,1024,ok,,train,face_signing,0.99845266
loan_2600,face_signing,/workspace/jinchuang_v4/extracted/data/loan_2600/face_signing.jpg,loan_2600/face_signing.jpg,110757,1024,1024,ok,,train,face_signing,0.9988525
loan_2601,face_signing,/workspace/jinchuang_v4/extracted/data/loan_2601/face_signing.jpg,loan_2601/face_signing.jpg,114341,1024,1024,ok,,train,face_signing,0.9975593
loan_2602,face_signing,/workspace/jinchuang_v4/extracted/data/loan_2602/face_signing.jpg,loan_2602/face_signing.jpg,117585,1024,1024,ok,,train,face_signing,0.9982645
loan_2603,face_signing,/workspace/jinchuang_v4/extracted/data/loan_2603/face_signing.jpg,loan_2603/face_signing.jpg,134098,1024,1024,ok,,val,face_signing,0.99390656
loan_2604,face_signing,/workspace/jinchuang_v4/extracted/data/loan_2604/face_signing.jpg,loan_2604/face_signing.jpg,148231,1024,1024,ok,,train,face_signing,0.9987256
loan_2605,face_signing,/workspace/jinchuang_v4/extracted/data/loan_2605/face_signing.jpg,loan_2605/face_signing.jpg,125150,1024,1024,ok,,train,face_signing,0.9976683
loan_2606,face_signing,/workspace/jinchuang_v4/extracted/data/loan_2606/face_signing.jpg,loan_2606/face_signing.jpg,130570,1024,1024,ok,,test,face_signing,0.9986589
loan_2607,face_signing,/workspace/jinchuang_v4/extracted/data/loan_2607/face_signing.jpg,loan_2607/face_signing.jpg,100542,1024,1024,ok,,train,face_signing,0.9976088
loan_2608,face_signing,/workspace/jinchuang_v4/extracted/data/loan_2608/face_signing.jpg,loan_2608/face_signing.jpg,141478,1024,1024,ok,,train,face_signing,0.9965193
loan_2609,face_signing,/workspace/jinchuang_v4/extracted/data/loan_2609/face_signing.jpg,loan_2609/face_signing.jpg,129115,1024,1024,ok,,train,face_signing,0.9923206
loan_261,face_signing,/workspace/jinchuang_v4/extracted/data/loan_261/face_signing.jpg,loan_261/face_signing.jpg,110481,1024,1024,ok,,test,face_signing,0.99884206
loan_2610,face_signing,/workspace/jinchuang_v4/extracted/data/loan_2610/face_signing.jpg,loan_2610/face_signing.jpg,97775,1024,1024,ok,,train,face_signing,0.9969727
loan_2611,face_signing,/workspace/jinchuang_v4/extracted/data/loan_2611/face_signing.jpg,loan_2611/face_signing.jpg,1636471,2508,2508,ok,,train,face_signing,0.9980191
loan_2612,face_signing,/workspace/jinchuang_v4/extracted/data/loan_2612/face_signing.jpg,loan_2612/face_signing.jpg,139462,1024,1024,ok,,train,face_signing,0.9979882
loan_2613,face_signing,/workspace/jinchuang_v4/extracted/data/loan_2613/face_signing.jpg,loan_2613/face_signing.jpg,113751,1024,1024,ok,,train,face_signing,0.9987036
loan_2614,face_signing,/workspace/jinchuang_v4/extracted/data/loan_2614/face_signing.jpg,loan_2614/face_signing.jpg,158351,1024,1024,ok,,val,face_signing,0.9988802
loan_2615,face_signing,/workspace/jinchuang_v4/extracted/data/loan_2615/face_signing.jpg,loan_2615/face_signing.jpg,31058,282,394,ok,,train,face_signing,0.99438804
loan_2616,face_signing,/workspace/jinchuang_v4/extracted/data/loan_2616/face_signing.jpg,loan_2616/face_signing.jpg,135129,1024,1024,ok,,val,face_signing,0.9967823
loan_2617,face_signing,/workspace/jinchuang_v4/extracted/data/loan_2617/face_signing.jpg,loan_2617/face_signing.jpg,151686,1024,1024,ok,,val,face_signing,0.99787736
loan_2618,face_signing,/workspace/jinchuang_v4/extracted/data/loan_2618/face_signing.jpg,loan_2618/face_signing.jpg,107997,1024,1024,ok,,train,face_signing,0.99896204
loan_2619,face_signing,/workspace/jinchuang_v4/extracted/data/loan_2619/face_signing.jpg,loan_2619/face_signing.jpg,117567,1024,1024,ok,,test,face_signing,0.9961098
loan_262,face_signing,/workspace/jinchuang_v4/extracted/data/loan_262/face_signing.jpg,loan_262/face_signing.jpg,120427,1024,1024,ok,,train,face_signing,0.9988299
loan_2620,face_signing,/workspace/jinchuang_v4/extracted/data/loan_2620/face_signing.jpg,loan_2620/face_signing.jpg,126071,1024,1024,ok,,val,face_signing,0.99820864
loan_2621,face_signing,/workspace/jinchuang_v4/extracted/data/loan_2621/face_signing.jpg,loan_2621/face_signing.jpg,108487,1024,1024,ok,,train,face_signing,0.9982843
loan_2622,face_signing,/workspace/jinchuang_v4/extracted/data/loan_2622/face_signing.jpg,loan_2622/face_signing.jpg,112516,1024,1024,ok,,train,face_signing,0.9978377
loan_2623,face_signing,/workspace/jinchuang_v4/extracted/data/loan_2623/face_signing.jpg,loan_2623/face_signing.jpg,24918,279,393,ok,,train,face_signing,0.9915998
loan_2624,face_signing,/workspace/jinchuang_v4/extracted/data/loan_2624/face_signing.jpg,loan_2624/face_signing.jpg,99191,1024,1024,ok,,train,face_signing,0.99780995
loan_2625,face_signing,/workspace/jinchuang_v4/extracted/data/loan_2625/face_signing.jpg,loan_2625/face_signing.jpg,138783,1024,1024,ok,,train,face_signing,0.99896944
loan_2626,face_signing,/workspace/jinchuang_v4/extracted/data/loan_2626/face_signing.jpg,loan_2626/face_signing.jpg,121732,1024,1024,ok,,val,face_signing,0.9953324
loan_2627,face_signing,/workspace/jinchuang_v4/extracted/data/loan_2627/face_signing.jpg,loan_2627/face_signing.jpg,126562,1024,1024,ok,,train,face_signing,0.9971106
loan_2628,face_signing,/workspace/jinchuang_v4/extracted/data/loan_2628/face_signing.jpg,loan_2628/face_signing.jpg,124045,1024,1024,ok,,train,face_signing,0.99847454
loan_2629,face_signing,/workspace/jinchuang_v4/extracted/data/loan_2629/face_signing.jpg,loan_2629/face_signing.jpg,113472,1024,1024,ok,,train,face_signing,0.99767226
loan_263,face_signing,/workspace/jinchuang_v4/extracted/data/loan_263/face_signing.jpg,loan_263/face_signing.jpg,126998,1024,1024,ok,,train,face_signing,0.9989838
loan_2630,face_signing,/workspace/jinchuang_v4/extracted/data/loan_2630/face_signing.jpg,loan_2630/face_signing.jpg,114280,1024,1024,ok,,test,face_signing,0.99720675
loan_2631,face_signing,/workspace/jinchuang_v4/extracted/data/loan_2631/face_signing.jpg,loan_2631/face_signing.jpg,112527,1024,1024,ok,,test,face_signing,0.99867296
loan_2632,face_signing,/workspace/jinchuang_v4/extracted/data/loan_2632/face_signing.jpg,loan_2632/face_signing.jpg,115867,1024,1024,ok,,train,face_signing,0.99931574
loan_2633,face_signing,/workspace/jinchuang_v4/extracted/data/loan_2633/face_signing.jpg,loan_2633/face_signing.jpg,114048,1024,1024,ok,,test,face_signing,0.9972504
loan_2634,face_signing,/workspace/jinchuang_v4/extracted/data/loan_2634/face_signing.jpg,loan_2634/face_signing.jpg,102546,1024,1024,ok,,train,face_signing,0.9970516
loan_2635,face_signing,/workspace/jinchuang_v4/extracted/data/loan_2635/face_signing.jpg,loan_2635/face_signing.jpg,129457,1024,1024,ok,,train,face_signing,0.99830854
loan_2636,face_signing,/workspace/jinchuang_v4/extracted/data/loan_2636/face_signing.jpg,loan_2636/face_signing.jpg,128713,1024,1024,ok,,test,face_signing,0.99868065
loan_2637,face_signing,/workspace/jinchuang_v4/extracted/data/loan_2637/face_signing.jpg,loan_2637/face_signing.jpg,113805,1024,1024,ok,,train,face_signing,0.99851555
loan_2638,face_signing,/workspace/jinchuang_v4/extracted/data/loan_2638/face_signing.jpg,loan_2638/face_signing.jpg,145129,1024,1024,ok,,train,face_signing,0.99813604
loan_2639,face_signing,/workspace/jinchuang_v4/extracted/data/loan_2639/face_signing.jpg,loan_2639/face_signing.jpg,108634,1024,1024,ok,,train,face_signing,0.9992749
loan_264,face_signing,/workspace/jinchuang_v4/extracted/data/loan_264/face_signing.jpg,loan_264/face_signing.jpg,140284,1024,1024,ok,,train,face_signing,0.998218
loan_2640,face_signing,/workspace/jinchuang_v4/extracted/data/loan_2640/face_signing.jpg,loan_2640/face_signing.jpg,134485,1024,1024,ok,,train,face_signing,0.99669456
loan_2641,face_signing,/workspace/jinchuang_v4/extracted/data/loan_2641/face_signing.jpg,loan_2641/face_signing.jpg,111970,1024,1024,ok,,test,face_signing,0.9954112
loan_2642,face_signing,/workspace/jinchuang_v4/extracted/data/loan_2642/face_signing.jpg,loan_2642/face_signing.jpg,142316,1024,1024,ok,,train,face_signing,0.9988133
loan_2643,face_signing,/workspace/jinchuang_v4/extracted/data/loan_2643/face_signing.jpg,loan_2643/face_signing.jpg,116114,1024,1024,ok,,val,face_signing,0.99823844
loan_2644,face_signing,/workspace/jinchuang_v4/extracted/data/loan_2644/face_signing.jpg,loan_2644/face_signing.jpg,1668909,2508,2508,ok,,train,face_signing,0.9969812
loan_2645,face_signing,/workspace/jinchuang_v4/extracted/data/loan_2645/face_signing.jpg,loan_2645/face_signing.jpg,106614,1024,1024,ok,,train,face_signing,0.9975641
loan_2646,face_signing,/workspace/jinchuang_v4/extracted/data/loan_2646/face_signing.jpg,loan_2646/face_signing.jpg,123367,1024,1024,ok,,train,face_signing,0.9979499
loan_2647,face_signing,/workspace/jinchuang_v4/extracted/data/loan_2647/face_signing.jpg,loan_2647/face_signing.jpg,127110,1024,1024,ok,,train,face_signing,0.99854267
loan_2648,face_signing,/workspace/jinchuang_v4/extracted/data/loan_2648/face_signing.jpg,loan_2648/face_signing.jpg,113093,1024,1024,ok,,train,face_signing,0.99512744
loan_2649,face_signing,/workspace/jinchuang_v4/extracted/data/loan_2649/face_signing.jpg,loan_2649/face_signing.jpg,133937,1024,1024,ok,,test,face_signing,0.9985532
loan_265,face_signing,/workspace/jinchuang_v4/extracted/data/loan_265/face_signing.jpg,loan_265/face_signing.jpg,117356,1024,1024,ok,,val,face_signing,0.99851567
loan_2650,face_signing,/workspace/jinchuang_v4/extracted/data/loan_2650/face_signing.jpg,loan_2650/face_signing.jpg,115367,1024,1024,ok,,test,face_signing,0.99713385
loan_2651,face_signing,/workspace/jinchuang_v4/extracted/data/loan_2651/face_signing.jpg,loan_2651/face_signing.jpg,31667,277,393,ok,,train,face_signing,0.9908255
loan_2652,face_signing,/workspace/jinchuang_v4/extracted/data/loan_2652/face_signing.jpg,loan_2652/face_signing.jpg,1812824,2508,2508,ok,,test,face_signing,0.99623716
loan_2653,face_signing,/workspace/jinchuang_v4/extracted/data/loan_2653/face_signing.jpg,loan_2653/face_signing.jpg,122880,1024,1024,ok,,train,face_signing,0.99689853
loan_2654,face_signing,/workspace/jinchuang_v4/extracted/data/loan_2654/face_signing.jpg,loan_2654/face_signing.jpg,140508,1024,1024,ok,,train,face_signing,0.99764144
loan_2655,face_signing,/workspace/jinchuang_v4/extracted/data/loan_2655/face_signing.jpg,loan_2655/face_signing.jpg,117403,1024,1024,ok,,train,face_signing,0.99783295
loan_2656,face_signing,/workspace/jinchuang_v4/extracted/data/loan_2656/face_signing.jpg,loan_2656/face_signing.jpg,115133,1024,1024,ok,,test,face_signing,0.9961392
loan_2657,face_signing,/workspace/jinchuang_v4/extracted/data/loan_2657/face_signing.jpg,loan_2657/face_signing.jpg,113789,1024,1024,ok,,train,face_signing,0.99818605
loan_2658,face_signing,/workspace/jinchuang_v4/extracted/data/loan_2658/face_signing.jpg,loan_2658/face_signing.jpg,106432,1024,1024,ok,,val,face_signing,0.99890983
loan_2659,face_signing,/workspace/jinchuang_v4/extracted/data/loan_2659/face_signing.jpg,loan_2659/face_signing.jpg,111314,1024,1024,ok,,train,face_signing,0.9980562
loan_266,face_signing,/workspace/jinchuang_v4/extracted/data/loan_266/face_signing.jpg,loan_266/face_signing.jpg,126586,1024,1024,ok,,train,face_signing,0.9981086
loan_2660,face_signing,/workspace/jinchuang_v4/extracted/data/loan_2660/face_signing.jpg,loan_2660/face_signing.jpg,128343,1024,1024,ok,,train,face_signing,0.99799335
loan_2661,face_signing,/workspace/jinchuang_v4/extracted/data/loan_2661/face_signing.jpg,loan_2661/face_signing.jpg,1661876,2508,2508,ok,,train,face_signing,0.99894994
loan_2662,face_signing,/workspace/jinchuang_v4/extracted/data/loan_2662/face_signing.jpg,loan_2662/face_signing.jpg,105649,1024,1024,ok,,train,face_signing,0.9987839
loan_2663,face_signing,/workspace/jinchuang_v4/extracted/data/loan_2663/face_signing.jpg,loan_2663/face_signing.jpg,21550,235,391,ok,,test,face_signing,0.99640673
loan_2664,face_signing,/workspace/jinchuang_v4/extracted/data/loan_2664/face_signing.jpg,loan_2664/face_signing.jpg,107533,1024,1024,ok,,train,face_signing,0.9983006
loan_2665,face_signing,/workspace/jinchuang_v4/extracted/data/loan_2665/face_signing.jpg,loan_2665/face_signing.jpg,114377,1024,1024,ok,,train,face_signing,0.9989785
loan_2666,face_signing,/workspace/jinchuang_v4/extracted/data/loan_2666/face_signing.jpg,loan_2666/face_signing.jpg,127449,1024,1024,ok,,train,face_signing,0.9973092
loan_2667,face_signing,/workspace/jinchuang_v4/extracted/data/loan_2667/face_signing.jpg,loan_2667/face_signing.jpg,2195379,2508,2508,ok,,train,face_signing,0.9986714
loan_2668,face_signing,/workspace/jinchuang_v4/extracted/data/loan_2668/face_signing.jpg,loan_2668/face_signing.jpg,118638,1024,1024,ok,,train,face_signing,0.99822706
loan_2669,face_signing,/workspace/jinchuang_v4/extracted/data/loan_2669/face_signing.jpg,loan_2669/face_signing.jpg,108197,1024,1024,ok,,val,face_signing,0.9979001
loan_267,face_signing,/workspace/jinchuang_v4/extracted/data/loan_267/face_signing.jpg,loan_267/face_signing.jpg,99854,1024,1024,ok,,train,face_signing,0.99871445
loan_2670,face_signing,/workspace/jinchuang_v4/extracted/data/loan_2670/face_signing.jpg,loan_2670/face_signing.jpg,125261,1024,1024,ok,,train,face_signing,0.9940889
loan_2671,face_signing,/workspace/jinchuang_v4/extracted/data/loan_2671/face_signing.jpg,loan_2671/face_signing.jpg,130099,1024,1024,ok,,train,face_signing,0.9985172
loan_2672,face_signing,/workspace/jinchuang_v4/extracted/data/loan_2672/face_signing.jpg,loan_2672/face_signing.jpg,133639,1024,1024,ok,,test,face_signing,0.997997
loan_2673,face_signing,/workspace/jinchuang_v4/extracted/data/loan_2673/face_signing.jpg,loan_2673/face_signing.jpg,122803,1024,1024,ok,,val,face_signing,0.99938476
loan_2674,face_signing,/workspace/jinchuang_v4/extracted/data/loan_2674/face_signing.jpg,loan_2674/face_signing.jpg,1569200,2508,2508,ok,,train,face_signing,0.9967159
loan_2675,face_signing,/workspace/jinchuang_v4/extracted/data/loan_2675/face_signing.jpg,loan_2675/face_signing.jpg,131626,1024,1024,ok,,test,face_signing,0.9985154
loan_2676,face_signing,/workspace/jinchuang_v4/extracted/data/loan_2676/face_signing.jpg,loan_2676/face_signing.jpg,113055,1024,1024,ok,,train,face_signing,0.9973672
loan_2677,face_signing,/workspace/jinchuang_v4/extracted/data/loan_2677/face_signing.jpg,loan_2677/face_signing.jpg,106291,1024,1024,ok,,train,face_signing,0.99636036
loan_2678,face_signing,/workspace/jinchuang_v4/extracted/data/loan_2678/face_signing.jpg,loan_2678/face_signing.jpg,109997,1024,1024,ok,,train,face_signing,0.9985092
loan_2679,face_signing,/workspace/jinchuang_v4/extracted/data/loan_2679/face_signing.jpg,loan_2679/face_signing.jpg,130602,1024,1024,ok,,val,face_signing,0.9974567
loan_268,face_signing,/workspace/jinchuang_v4/extracted/data/loan_268/face_signing.jpg,loan_268/face_signing.jpg,132418,1024,1024,ok,,train,face_signing,0.99867094
loan_2680,face_signing,/workspace/jinchuang_v4/extracted/data/loan_2680/face_signing.jpg,loan_2680/face_signing.jpg,124311,1024,1024,ok,,train,face_signing,0.9969572
loan_2681,face_signing,/workspace/jinchuang_v4/extracted/data/loan_2681/face_signing.jpg,loan_2681/face_signing.jpg,120205,1024,1024,ok,,train,face_signing,0.9987185
loan_2682,face_signing,/workspace/jinchuang_v4/extracted/data/loan_2682/face_signing.jpg,loan_2682/face_signing.jpg,117875,1024,1024,ok,,test,face_signing,0.99855775
loan_2683,face_signing,/workspace/jinchuang_v4/extracted/data/loan_2683/face_signing.jpg,loan_2683/face_signing.jpg,125278,1024,1024,ok,,train,face_signing,0.99845505
loan_2684,face_signing,/workspace/jinchuang_v4/extracted/data/loan_2684/face_signing.jpg,loan_2684/face_signing.jpg,132389,1024,1024,ok,,train,face_signing,0.99774927
loan_2685,face_signing,/workspace/jinchuang_v4/extracted/data/loan_2685/face_signing.jpg,loan_2685/face_signing.jpg,159940,1024,1024,ok,,train,face_signing,0.9980325
loan_2686,face_signing,/workspace/jinchuang_v4/extracted/data/loan_2686/face_signing.jpg,loan_2686/face_signing.jpg,2075930,2508,2508,ok,,val,face_signing,0.9932886
loan_2687,face_signing,/workspace/jinchuang_v4/extracted/data/loan_2687/face_signing.jpg,loan_2687/face_signing.jpg,108594,1024,1024,ok,,train,face_signing,0.99681276
loan_2688,face_signing,/workspace/jinchuang_v4/extracted/data/loan_2688/face_signing.jpg,loan_2688/face_signing.jpg,1692497,2508,2508,ok,,train,face_signing,0.9946374
loan_2689,face_signing,/workspace/jinchuang_v4/extracted/data/loan_2689/face_signing.jpg,loan_2689/face_signing.jpg,140253,1024,1024,ok,,test,face_signing,0.997926
loan_269,face_signing,/workspace/jinchuang_v4/extracted/data/loan_269/face_signing.jpg,loan_269/face_signing.jpg,129171,1024,1024,ok,,train,face_signing,0.99892396
loan_2690,face_signing,/workspace/jinchuang_v4/extracted/data/loan_2690/face_signing.jpg,loan_2690/face_signing.jpg,141280,1024,1024,ok,,train,face_signing,0.9970222
loan_2691,face_signing,/workspace/jinchuang_v4/extracted/data/loan_2691/face_signing.jpg,loan_2691/face_signing.jpg,110934,1024,1024,ok,,train,face_signing,0.99913067
loan_2692,face_signing,/workspace/jinchuang_v4/extracted/data/loan_2692/face_signing.jpg,loan_2692/face_signing.jpg,105942,1024,1024,ok,,val,face_signing,0.99859756
loan_2693,face_signing,/workspace/jinchuang_v4/extracted/data/loan_2693/face_signing.jpg,loan_2693/face_signing.jpg,112330,1024,1024,ok,,train,face_signing,0.9981589
loan_2694,face_signing,/workspace/jinchuang_v4/extracted/data/loan_2694/face_signing.jpg,loan_2694/face_signing.jpg,120341,1024,1024,ok,,train,face_signing,0.99567336
loan_2695,face_signing,/workspace/jinchuang_v4/extracted/data/loan_2695/face_signing.jpg,loan_2695/face_signing.jpg,145825,1024,1024,ok,,train,face_signing,0.99824524
loan_2696,face_signing,/workspace/jinchuang_v4/extracted/data/loan_2696/face_signing.jpg,loan_2696/face_signing.jpg,122972,1024,1024,ok,,train,face_signing,0.99798465
loan_2697,face_signing,/workspace/jinchuang_v4/extracted/data/loan_2697/face_signing.jpg,loan_2697/face_signing.jpg,24999,232,396,ok,,train,face_signing,0.99371225
loan_2698,face_signing,/workspace/jinchuang_v4/extracted/data/loan_2698/face_signing.jpg,loan_2698/face_signing.jpg,24977,234,391,ok,,test,face_signing,0.99787414
loan_2699,face_signing,/workspace/jinchuang_v4/extracted/data/loan_2699/face_signing.jpg,loan_2699/face_signing.jpg,123603,1024,1024,ok,,train,face_signing,0.99790895
loan_270,face_signing,/workspace/jinchuang_v4/extracted/data/loan_270/face_signing.jpg,loan_270/face_signing.jpg,133208,1024,1024,ok,,train,face_signing,0.9982667
loan_2700,face_signing,/workspace/jinchuang_v4/extracted/data/loan_2700/face_signing.jpg,loan_2700/face_signing.jpg,131670,1024,1024,ok,,train,face_signing,0.99416006
loan_2701,face_signing,/workspace/jinchuang_v4/extracted/data/loan_2701/face_signing.jpg,loan_2701/face_signing.jpg,115453,1024,1024,ok,,train,face_signing,0.9987866
loan_2702,face_signing,/workspace/jinchuang_v4/extracted/data/loan_2702/face_signing.jpg,loan_2702/face_signing.jpg,109216,1024,1024,ok,,test,face_signing,0.99789715
loan_2703,face_signing,/workspace/jinchuang_v4/extracted/data/loan_2703/face_signing.jpg,loan_2703/face_signing.jpg,2169849,2508,2508,ok,,train,face_signing,0.99742895
loan_2704,face_signing,/workspace/jinchuang_v4/extracted/data/loan_2704/face_signing.jpg,loan_2704/face_signing.jpg,109041,1024,1024,ok,,test,face_signing,0.998738
loan_2705,face_signing,/workspace/jinchuang_v4/extracted/data/loan_2705/face_signing.jpg,loan_2705/face_signing.jpg,96835,1024,1024,ok,,val,face_signing,0.9990759
loan_2706,face_signing,/workspace/jinchuang_v4/extracted/data/loan_2706/face_signing.jpg,loan_2706/face_signing.jpg,1720871,2508,2508,ok,,train,face_signing,0.997145
loan_2707,face_signing,/workspace/jinchuang_v4/extracted/data/loan_2707/face_signing.jpg,loan_2707/face_signing.jpg,119484,1024,1024,ok,,val,face_signing,0.9985024
loan_2708,face_signing,/workspace/jinchuang_v4/extracted/data/loan_2708/face_signing.jpg,loan_2708/face_signing.jpg,107917,1024,1024,ok,,train,face_signing,0.99912125
loan_2709,face_signing,/workspace/jinchuang_v4/extracted/data/loan_2709/face_signing.jpg,loan_2709/face_signing.jpg,129280,1024,1024,ok,,val,face_signing,0.9985417
loan_271,face_signing,/workspace/jinchuang_v4/extracted/data/loan_271/face_signing.jpg,loan_271/face_signing.jpg,140469,1024,1024,ok,,test,face_signing,0.9978046
loan_2710,face_signing,/workspace/jinchuang_v4/extracted/data/loan_2710/face_signing.jpg,loan_2710/face_signing.jpg,115064,1024,1024,ok,,train,face_signing,0.99888414
loan_2711,face_signing,/workspace/jinchuang_v4/extracted/data/loan_2711/face_signing.jpg,loan_2711/face_signing.jpg,124340,1024,1024,ok,,train,face_signing,0.9958605
loan_2712,face_signing,/workspace/jinchuang_v4/extracted/data/loan_2712/face_signing.jpg,loan_2712/face_signing.jpg,90817,1024,1024,ok,,train,face_signing,0.99886596
loan_2713,face_signing,/workspace/jinchuang_v4/extracted/data/loan_2713/face_signing.jpg,loan_2713/face_signing.jpg,116740,1024,1024,ok,,train,face_signing,0.9979359
loan_2714,face_signing,/workspace/jinchuang_v4/extracted/data/loan_2714/face_signing.jpg,loan_2714/face_signing.jpg,89690,1024,1024,ok,,val,face_signing,0.99858814
loan_2715,face_signing,/workspace/jinchuang_v4/extracted/data/loan_2715/face_signing.jpg,loan_2715/face_signing.jpg,115814,1024,1024,ok,,train,face_signing,0.9941543
loan_2716,face_signing,/workspace/jinchuang_v4/extracted/data/loan_2716/face_signing.jpg,loan_2716/face_signing.jpg,136282,1024,1024,ok,,val,face_signing,0.99832445
loan_2717,face_signing,/workspace/jinchuang_v4/extracted/data/loan_2717/face_signing.jpg,loan_2717/face_signing.jpg,119125,1024,1024,ok,,test,face_signing,0.99704486
loan_2718,face_signing,/workspace/jinchuang_v4/extracted/data/loan_2718/face_signing.jpg,loan_2718/face_signing.jpg,106870,1024,1024,ok,,train,face_signing,0.99884677
loan_2719,face_signing,/workspace/jinchuang_v4/extracted/data/loan_2719/face_signing.jpg,loan_2719/face_signing.jpg,105885,1024,1024,ok,,train,face_signing,0.99848086
loan_272,face_signing,/workspace/jinchuang_v4/extracted/data/loan_272/face_signing.jpg,loan_272/face_signing.jpg,1942620,2508,2508,ok,,train,face_signing,0.9985065
loan_2720,face_signing,/workspace/jinchuang_v4/extracted/data/loan_2720/face_signing.jpg,loan_2720/face_signing.jpg,130852,1024,1024,ok,,train,face_signing,0.99841654
loan_2721,face_signing,/workspace/jinchuang_v4/extracted/data/loan_2721/face_signing.jpg,loan_2721/face_signing.jpg,115553,1024,1024,ok,,val,face_signing,0.9977049
loan_2722,face_signing,/workspace/jinchuang_v4/extracted/data/loan_2722/face_signing.jpg,loan_2722/face_signing.jpg,114569,1024,1024,ok,,train,face_signing,0.99869895
loan_2723,face_signing,/workspace/jinchuang_v4/extracted/data/loan_2723/face_signing.jpg,loan_2723/face_signing.jpg,117892,1024,1024,ok,,test,face_signing,0.9987909
loan_2724,face_signing,/workspace/jinchuang_v4/extracted/data/loan_2724/face_signing.jpg,loan_2724/face_signing.jpg,1822732,2508,2508,ok,,train,face_signing,0.9988192
loan_2725,face_signing,/workspace/jinchuang_v4/extracted/data/loan_2725/face_signing.jpg,loan_2725/face_signing.jpg,107544,1024,1024,ok,,train,face_signing,0.9977189
loan_2726,face_signing,/workspace/jinchuang_v4/extracted/data/loan_2726/face_signing.jpg,loan_2726/face_signing.jpg,125309,1024,1024,ok,,test,face_signing,0.9989184
loan_2727,face_signing,/workspace/jinchuang_v4/extracted/data/loan_2727/face_signing.jpg,loan_2727/face_signing.jpg,117598,1024,1024,ok,,val,face_signing,0.9987445
loan_2728,face_signing,/workspace/jinchuang_v4/extracted/data/loan_2728/face_signing.jpg,loan_2728/face_signing.jpg,110487,1024,1024,ok,,train,face_signing,0.9990483
loan_2729,face_signing,/workspace/jinchuang_v4/extracted/data/loan_2729/face_signing.jpg,loan_2729/face_signing.jpg,130776,1024,1024,ok,,train,face_signing,0.9958468
loan_273,face_signing,/workspace/jinchuang_v4/extracted/data/loan_273/face_signing.jpg,loan_273/face_signing.jpg,135706,1024,1024,ok,,train,face_signing,0.99813807
loan_2730,face_signing,/workspace/jinchuang_v4/extracted/data/loan_2730/face_signing.jpg,loan_2730/face_signing.jpg,127944,1024,1024,ok,,train,face_signing,0.9965127
loan_2731,face_signing,/workspace/jinchuang_v4/extracted/data/loan_2731/face_signing.jpg,loan_2731/face_signing.jpg,104130,1024,1024,ok,,test,face_signing,0.997358
loan_2732,face_signing,/workspace/jinchuang_v4/extracted/data/loan_2732/face_signing.jpg,loan_2732/face_signing.jpg,2176874,2508,2508,ok,,train,face_signing,0.99670875
loan_2733,face_signing,/workspace/jinchuang_v4/extracted/data/loan_2733/face_signing.jpg,loan_2733/face_signing.jpg,131278,1024,1024,ok,,train,face_signing,0.99687696
loan_2734,face_signing,/workspace/jinchuang_v4/extracted/data/loan_2734/face_signing.jpg,loan_2734/face_signing.jpg,130017,1024,1024,ok,,test,face_signing,0.9985727
loan_2735,face_signing,/workspace/jinchuang_v4/extracted/data/loan_2735/face_signing.jpg,loan_2735/face_signing.jpg,142967,1024,1024,ok,,train,face_signing,0.9982187
loan_2736,face_signing,/workspace/jinchuang_v4/extracted/data/loan_2736/face_signing.jpg,loan_2736/face_signing.jpg,2043834,2508,2508,ok,,train,face_signing,0.9981007
loan_2737,face_signing,/workspace/jinchuang_v4/extracted/data/loan_2737/face_signing.jpg,loan_2737/face_signing.jpg,139255,1024,1024,ok,,train,face_signing,0.9981159
loan_2738,face_signing,/workspace/jinchuang_v4/extracted/data/loan_2738/face_signing.jpg,loan_2738/face_signing.jpg,26437,235,393,ok,,train,face_signing,0.99747986
loan_2739,face_signing,/workspace/jinchuang_v4/extracted/data/loan_2739/face_signing.jpg,loan_2739/face_signing.jpg,2269767,2508,2508,ok,,train,face_signing,0.9971891
loan_274,face_signing,/workspace/jinchuang_v4/extracted/data/loan_274/face_signing.jpg,loan_274/face_signing.jpg,2039808,2508,2508,ok,,test,face_signing,0.998621
loan_2740,face_signing,/workspace/jinchuang_v4/extracted/data/loan_2740/face_signing.jpg,loan_2740/face_signing.jpg,1869397,2508,2508,ok,,train,face_signing,0.9981232
loan_2741,face_signing,/workspace/jinchuang_v4/extracted/data/loan_2741/face_signing.jpg,loan_2741/face_signing.jpg,114827,1024,1024,ok,,train,face_signing,0.9986935
loan_2742,face_signing,/workspace/jinchuang_v4/extracted/data/loan_2742/face_signing.jpg,loan_2742/face_signing.jpg,127457,1024,1024,ok,,train,face_signing,0.99856514
loan_2743,face_signing,/workspace/jinchuang_v4/extracted/data/loan_2743/face_signing.jpg,loan_2743/face_signing.jpg,106152,1024,1024,ok,,train,face_signing,0.99725527
loan_2744,face_signing,/workspace/jinchuang_v4/extracted/data/loan_2744/face_signing.jpg,loan_2744/face_signing.jpg,100280,1024,1024,ok,,train,face_signing,0.997255
loan_2745,face_signing,/workspace/jinchuang_v4/extracted/data/loan_2745/face_signing.jpg,loan_2745/face_signing.jpg,128920,1024,1024,ok,,train,face_signing,0.9987295
loan_2746,face_signing,/workspace/jinchuang_v4/extracted/data/loan_2746/face_signing.jpg,loan_2746/face_signing.jpg,25096,235,391,ok,,train,face_signing,0.99763787
loan_2747,face_signing,/workspace/jinchuang_v4/extracted/data/loan_2747/face_signing.jpg,loan_2747/face_signing.jpg,126019,1024,1024,ok,,train,face_signing,0.9980299
loan_2748,face_signing,/workspace/jinchuang_v4/extracted/data/loan_2748/face_signing.jpg,loan_2748/face_signing.jpg,1846395,2508,2508,ok,,train,face_signing,0.9974896
loan_2749,face_signing,/workspace/jinchuang_v4/extracted/data/loan_2749/face_signing.jpg,loan_2749/face_signing.jpg,105026,1024,1024,ok,,train,face_signing,0.99783945
loan_275,face_signing,/workspace/jinchuang_v4/extracted/data/loan_275/face_signing.jpg,loan_275/face_signing.jpg,129002,1024,1024,ok,,train,face_signing,0.99820566
loan_2750,face_signing,/workspace/jinchuang_v4/extracted/data/loan_2750/face_signing.jpg,loan_2750/face_signing.jpg,112610,1024,1024,ok,,train,face_signing,0.9975852
loan_2751,face_signing,/workspace/jinchuang_v4/extracted/data/loan_2751/face_signing.jpg,loan_2751/face_signing.jpg,132198,1024,1024,ok,,train,face_signing,0.9988431
loan_2752,face_signing,/workspace/jinchuang_v4/extracted/data/loan_2752/face_signing.jpg,loan_2752/face_signing.jpg,109063,1024,1024,ok,,test,face_signing,0.99783
loan_2753,face_signing,/workspace/jinchuang_v4/extracted/data/loan_2753/face_signing.jpg,loan_2753/face_signing.jpg,136147,1024,1024,ok,,train,face_signing,0.9987643
loan_2754,face_signing,/workspace/jinchuang_v4/extracted/data/loan_2754/face_signing.jpg,loan_2754/face_signing.jpg,137127,1024,1024,ok,,train,face_signing,0.99712425
loan_2755,face_signing,/workspace/jinchuang_v4/extracted/data/loan_2755/face_signing.jpg,loan_2755/face_signing.jpg,114378,1024,1024,ok,,train,face_signing,0.9991141
loan_2756,face_signing,/workspace/jinchuang_v4/extracted/data/loan_2756/face_signing.jpg,loan_2756/face_signing.jpg,91108,1024,1024,ok,,test,face_signing,0.9953909
loan_2757,face_signing,/workspace/jinchuang_v4/extracted/data/loan_2757/face_signing.jpg,loan_2757/face_signing.jpg,126658,1024,1024,ok,,train,face_signing,0.9983637
loan_2758,face_signing,/workspace/jinchuang_v4/extracted/data/loan_2758/face_signing.jpg,loan_2758/face_signing.jpg,108800,1024,1024,ok,,train,face_signing,0.9962321
loan_2759,face_signing,/workspace/jinchuang_v4/extracted/data/loan_2759/face_signing.jpg,loan_2759/face_signing.jpg,117909,1024,1024,ok,,train,face_signing,0.99875414
loan_276,face_signing,/workspace/jinchuang_v4/extracted/data/loan_276/face_signing.jpg,loan_276/face_signing.jpg,106194,1024,1024,ok,,train,face_signing,0.998454
loan_2760,face_signing,/workspace/jinchuang_v4/extracted/data/loan_2760/face_signing.jpg,loan_2760/face_signing.jpg,133184,1024,1024,ok,,test,face_signing,0.99825567
loan_2761,face_signing,/workspace/jinchuang_v4/extracted/data/loan_2761/face_signing.jpg,loan_2761/face_signing.jpg,1717241,2508,2508,ok,,train,face_signing,0.99863476
loan_2762,face_signing,/workspace/jinchuang_v4/extracted/data/loan_2762/face_signing.jpg,loan_2762/face_signing.jpg,1962521,2508,2508,ok,,train,face_signing,0.99914396
loan_2763,face_signing,/workspace/jinchuang_v4/extracted/data/loan_2763/face_signing.jpg,loan_2763/face_signing.jpg,133579,1024,1024,ok,,test,face_signing,0.99778605
loan_2764,face_signing,/workspace/jinchuang_v4/extracted/data/loan_2764/face_signing.jpg,loan_2764/face_signing.jpg,1913046,2508,2508,ok,,train,face_signing,0.9986848
loan_2765,face_signing,/workspace/jinchuang_v4/extracted/data/loan_2765/face_signing.jpg,loan_2765/face_signing.jpg,127373,1024,1024,ok,,test,face_signing,0.99851817
loan_2766,face_signing,/workspace/jinchuang_v4/extracted/data/loan_2766/face_signing.jpg,loan_2766/face_signing.jpg,2061205,2508,2508,ok,,train,face_signing,0.99823725
loan_2767,face_signing,/workspace/jinchuang_v4/extracted/data/loan_2767/face_signing.jpg,loan_2767/face_signing.jpg,120186,1024,1024,ok,,train,face_signing,0.99830747
loan_2768,face_signing,/workspace/jinchuang_v4/extracted/data/loan_2768/face_signing.jpg,loan_2768/face_signing.jpg,117227,1024,1024,ok,,train,face_signing,0.9952845
loan_2769,face_signing,/workspace/jinchuang_v4/extracted/data/loan_2769/face_signing.jpg,loan_2769/face_signing.jpg,134367,1024,1024,ok,,train,face_signing,0.9982838
loan_277,face_signing,/workspace/jinchuang_v4/extracted/data/loan_277/face_signing.jpg,loan_277/face_signing.jpg,131589,1024,1024,ok,,train,face_signing,0.9976544
loan_2770,face_signing,/workspace/jinchuang_v4/extracted/data/loan_2770/face_signing.jpg,loan_2770/face_signing.jpg,120841,1024,1024,ok,,test,face_signing,0.9977252
loan_2771,face_signing,/workspace/jinchuang_v4/extracted/data/loan_2771/face_signing.jpg,loan_2771/face_signing.jpg,117777,1024,1024,ok,,train,face_signing,0.99776363
loan_2772,face_signing,/workspace/jinchuang_v4/extracted/data/loan_2772/face_signing.jpg,loan_2772/face_signing.jpg,2043648,2508,2508,ok,,train,face_signing,0.9985833
loan_2773,face_signing,/workspace/jinchuang_v4/extracted/data/loan_2773/face_signing.jpg,loan_2773/face_signing.jpg,2167450,2508,2508,ok,,val,face_signing,0.9979631
loan_2774,face_signing,/workspace/jinchuang_v4/extracted/data/loan_2774/face_signing.jpg,loan_2774/face_signing.jpg,154293,1024,1024,ok,,train,face_signing,0.996176
loan_2775,face_signing,/workspace/jinchuang_v4/extracted/data/loan_2775/face_signing.jpg,loan_2775/face_signing.jpg,122824,1024,1024,ok,,train,face_signing,0.9971125
loan_2776,face_signing,/workspace/jinchuang_v4/extracted/data/loan_2776/face_signing.jpg,loan_2776/face_signing.jpg,2026332,2508,2508,ok,,train,face_signing,0.9983012
loan_2777,face_signing,/workspace/jinchuang_v4/extracted/data/loan_2777/face_signing.jpg,loan_2777/face_signing.jpg,1746133,2508,2508,ok,,test,face_signing,0.9989722
loan_2778,face_signing,/workspace/jinchuang_v4/extracted/data/loan_2778/face_signing.jpg,loan_2778/face_signing.jpg,1981091,2508,2508,ok,,train,face_signing,0.9979226
loan_2779,face_signing,/workspace/jinchuang_v4/extracted/data/loan_2779/face_signing.jpg,loan_2779/face_signing.jpg,111128,1024,1024,ok,,train,face_signing,0.9980319
loan_278,face_signing,/workspace/jinchuang_v4/extracted/data/loan_278/face_signing.jpg,loan_278/face_signing.jpg,124033,1024,1024,ok,,train,face_signing,0.99926776
loan_2780,face_signing,/workspace/jinchuang_v4/extracted/data/loan_2780/face_signing.jpg,loan_2780/face_signing.jpg,110499,1024,1024,ok,,train,face_signing,0.99787986
loan_2781,face_signing,/workspace/jinchuang_v4/extracted/data/loan_2781/face_signing.jpg,loan_2781/face_signing.jpg,111832,1024,1024,ok,,val,face_signing,0.9985669
loan_2782,face_signing,/workspace/jinchuang_v4/extracted/data/loan_2782/face_signing.jpg,loan_2782/face_signing.jpg,142033,1024,1024,ok,,train,face_signing,0.99714583
loan_2783,face_signing,/workspace/jinchuang_v4/extracted/data/loan_2783/face_signing.jpg,loan_2783/face_signing.jpg,82106,1024,1024,ok,,test,face_signing,0.99634737
loan_2784,face_signing,/workspace/jinchuang_v4/extracted/data/loan_2784/face_signing.jpg,loan_2784/face_signing.jpg,121734,1024,1024,ok,,val,face_signing,0.99814785
loan_2785,face_signing,/workspace/jinchuang_v4/extracted/data/loan_2785/face_signing.jpg,loan_2785/face_signing.jpg,131596,1024,1024,ok,,train,face_signing,0.9975606
loan_2786,face_signing,/workspace/jinchuang_v4/extracted/data/loan_2786/face_signing.jpg,loan_2786/face_signing.jpg,2098858,2508,2508,ok,,train,face_signing,0.998696
loan_2787,face_signing,/workspace/jinchuang_v4/extracted/data/loan_2787/face_signing.jpg,loan_2787/face_signing.jpg,82010,1024,1024,ok,,val,face_signing,0.99644154
loan_2788,face_signing,/workspace/jinchuang_v4/extracted/data/loan_2788/face_signing.jpg,loan_2788/face_signing.jpg,2226313,2508,2508,ok,,train,face_signing,0.99869967
loan_2789,face_signing,/workspace/jinchuang_v4/extracted/data/loan_2789/face_signing.jpg,loan_2789/face_signing.jpg,137450,1024,1024,ok,,test,face_signing,0.99670595
loan_279,face_signing,/workspace/jinchuang_v4/extracted/data/loan_279/face_signing.jpg,loan_279/face_signing.jpg,113184,1024,1024,ok,,train,face_signing,0.999005
loan_2790,face_signing,/workspace/jinchuang_v4/extracted/data/loan_2790/face_signing.jpg,loan_2790/face_signing.jpg,116940,1024,1024,ok,,val,face_signing,0.99808156
loan_2791,face_signing,/workspace/jinchuang_v4/extracted/data/loan_2791/face_signing.jpg,loan_2791/face_signing.jpg,1730702,2508,2508,ok,,train,face_signing,0.99846494
loan_2792,face_signing,/workspace/jinchuang_v4/extracted/data/loan_2792/face_signing.jpg,loan_2792/face_signing.jpg,113872,1024,1024,ok,,train,face_signing,0.9990833
loan_2793,face_signing,/workspace/jinchuang_v4/extracted/data/loan_2793/face_signing.jpg,loan_2793/face_signing.jpg,119125,1024,1024,ok,,train,face_signing,0.99700373
loan_2794,face_signing,/workspace/jinchuang_v4/extracted/data/loan_2794/face_signing.jpg,loan_2794/face_signing.jpg,276934,1254,1254,ok,,train,face_signing,0.9981635
loan_2795,face_signing,/workspace/jinchuang_v4/extracted/data/loan_2795/face_signing.jpg,loan_2795/face_signing.jpg,143542,1024,1024,ok,,train,face_signing,0.9988772
loan_2796,face_signing,/workspace/jinchuang_v4/extracted/data/loan_2796/face_signing.jpg,loan_2796/face_signing.jpg,128556,1024,1024,ok,,train,face_signing,0.9977865
loan_2797,face_signing,/workspace/jinchuang_v4/extracted/data/loan_2797/face_signing.jpg,loan_2797/face_signing.jpg,122353,1024,1024,ok,,train,face_signing,0.9977718
loan_2798,face_signing,/workspace/jinchuang_v4/extracted/data/loan_2798/face_signing.jpg,loan_2798/face_signing.jpg,128106,1024,1024,ok,,val,face_signing,0.9976935
loan_2799,face_signing,/workspace/jinchuang_v4/extracted/data/loan_2799/face_signing.jpg,loan_2799/face_signing.jpg,306873,1254,1254,ok,,train,face_signing,0.998514
loan_280,face_signing,/workspace/jinchuang_v4/extracted/data/loan_280/face_signing.jpg,loan_280/face_signing.jpg,116105,1024,1024,ok,,train,face_signing,0.9988636
loan_2800,face_signing,/workspace/jinchuang_v4/extracted/data/loan_2800/face_signing.jpg,loan_2800/face_signing.jpg,126663,1024,1024,ok,,train,face_signing,0.9982697
loan_2801,face_signing,/workspace/jinchuang_v4/extracted/data/loan_2801/face_signing.jpg,loan_2801/face_signing.jpg,24223,237,391,ok,,train,face_signing,0.9899833
loan_2802,face_signing,/workspace/jinchuang_v4/extracted/data/loan_2802/face_signing.jpg,loan_2802/face_signing.jpg,119153,1024,1024,ok,,test,face_signing,0.9979102
loan_2803,face_signing,/workspace/jinchuang_v4/extracted/data/loan_2803/face_signing.jpg,loan_2803/face_signing.jpg,131705,1024,1024,ok,,test,face_signing,0.99779284
loan_2804,face_signing,/workspace/jinchuang_v4/extracted/data/loan_2804/face_signing.jpg,loan_2804/face_signing.jpg,313989,1254,1254,ok,,train,face_signing,0.9981964
loan_2805,face_signing,/workspace/jinchuang_v4/extracted/data/loan_2805/face_signing.jpg,loan_2805/face_signing.jpg,113208,1024,1024,ok,,val,face_signing,0.9979845
loan_2806,face_signing,/workspace/jinchuang_v4/extracted/data/loan_2806/face_signing.jpg,loan_2806/face_signing.jpg,129446,1024,1024,ok,,train,face_signing,0.9990452
loan_2807,face_signing,/workspace/jinchuang_v4/extracted/data/loan_2807/face_signing.jpg,loan_2807/face_signing.jpg,144178,1024,1024,ok,,train,face_signing,0.99856746
loan_2808,face_signing,/workspace/jinchuang_v4/extracted/data/loan_2808/face_signing.jpg,loan_2808/face_signing.jpg,304227,1254,1254,ok,,test,face_signing,0.99803144
loan_2809,face_signing,/workspace/jinchuang_v4/extracted/data/loan_2809/face_signing.jpg,loan_2809/face_signing.jpg,111346,1024,1024,ok,,val,face_signing,0.9991534
loan_281,face_signing,/workspace/jinchuang_v4/extracted/data/loan_281/face_signing.jpg,loan_281/face_signing.jpg,117577,1024,1024,ok,,val,face_signing,0.9977969
loan_2810,face_signing,/workspace/jinchuang_v4/extracted/data/loan_2810/face_signing.jpg,loan_2810/face_signing.jpg,129232,1024,1024,ok,,train,face_signing,0.9982247
loan_2811,face_signing,/workspace/jinchuang_v4/extracted/data/loan_2811/face_signing.jpg,loan_2811/face_signing.jpg,132642,1024,1024,ok,,train,face_signing,0.99844486
loan_2812,face_signing,/workspace/jinchuang_v4/extracted/data/loan_2812/face_signing.jpg,loan_2812/face_signing.jpg,111538,1024,1024,ok,,train,face_signing,0.99774075
loan_2813,face_signing,/workspace/jinchuang_v4/extracted/data/loan_2813/face_signing.jpg,loan_2813/face_signing.jpg,288409,1254,1254,ok,,train,face_signing,0.99771166
loan_2814,face_signing,/workspace/jinchuang_v4/extracted/data/loan_2814/face_signing.jpg,loan_2814/face_signing.jpg,163469,1024,1024,ok,,test,face_signing,0.9968972
loan_2815,face_signing,/workspace/jinchuang_v4/extracted/data/loan_2815/face_signing.jpg,loan_2815/face_signing.jpg,139267,1024,1024,ok,,train,face_signing,0.9989994
loan_2816,face_signing,/workspace/jinchuang_v4/extracted/data/loan_2816/face_signing.jpg,loan_2816/face_signing.jpg,121566,1024,1024,ok,,val,face_signing,0.9987198
loan_2817,face_signing,/workspace/jinchuang_v4/extracted/data/loan_2817/face_signing.jpg,loan_2817/face_signing.jpg,257963,1254,1254,ok,,train,face_signing,0.99809796
loan_2818,face_signing,/workspace/jinchuang_v4/extracted/data/loan_2818/face_signing.jpg,loan_2818/face_signing.jpg,122785,1024,1024,ok,,train,face_signing,0.998811
loan_2819,face_signing,/workspace/jinchuang_v4/extracted/data/loan_2819/face_signing.jpg,loan_2819/face_signing.jpg,128873,1024,1024,ok,,test,face_signing,0.9943456
loan_282,face_signing,/workspace/jinchuang_v4/extracted/data/loan_282/face_signing.jpg,loan_282/face_signing.jpg,117513,1024,1024,ok,,train,face_signing,0.9988998
loan_2820,face_signing,/workspace/jinchuang_v4/extracted/data/loan_2820/face_signing.jpg,loan_2820/face_signing.jpg,126230,1024,1024,ok,,train,face_signing,0.9984341
loan_2821,face_signing,/workspace/jinchuang_v4/extracted/data/loan_2821/face_signing.jpg,loan_2821/face_signing.jpg,124432,1024,1024,ok,,train,face_signing,0.9975268
loan_2822,face_signing,/workspace/jinchuang_v4/extracted/data/loan_2822/face_signing.jpg,loan_2822/face_signing.jpg,240529,1254,1254,ok,,val,face_signing,0.9978777
loan_2823,face_signing,/workspace/jinchuang_v4/extracted/data/loan_2823/face_signing.jpg,loan_2823/face_signing.jpg,111313,1024,1024,ok,,train,face_signing,0.9979633
loan_2824,face_signing,/workspace/jinchuang_v4/extracted/data/loan_2824/face_signing.jpg,loan_2824/face_signing.jpg,112084,1024,1024,ok,,train,face_signing,0.99749243
loan_2825,face_signing,/workspace/jinchuang_v4/extracted/data/loan_2825/face_signing.jpg,loan_2825/face_signing.jpg,128909,1024,1024,ok,,train,face_signing,0.9961442
loan_2826,face_signing,/workspace/jinchuang_v4/extracted/data/loan_2826/face_signing.jpg,loan_2826/face_signing.jpg,92414,1024,1024,ok,,train,face_signing,0.99888235
loan_2827,face_signing,/workspace/jinchuang_v4/extracted/data/loan_2827/face_signing.jpg,loan_2827/face_signing.jpg,136610,1024,1024,ok,,train,face_signing,0.99510807
loan_2828,face_signing,/workspace/jinchuang_v4/extracted/data/loan_2828/face_signing.jpg,loan_2828/face_signing.jpg,277620,1254,1254,ok,,train,face_signing,0.99763787
loan_2829,face_signing,/workspace/jinchuang_v4/extracted/data/loan_2829/face_signing.jpg,loan_2829/face_signing.jpg,86115,1024,1024,ok,,test,face_signing,0.9966196
loan_283,face_signing,/workspace/jinchuang_v4/extracted/data/loan_283/face_signing.jpg,loan_283/face_signing.jpg,110668,1024,1024,ok,,train,face_signing,0.99914074
loan_2830,face_signing,/workspace/jinchuang_v4/extracted/data/loan_2830/face_signing.jpg,loan_2830/face_signing.jpg,119839,1024,1024,ok,,train,face_signing,0.9988856
loan_2831,face_signing,/workspace/jinchuang_v4/extracted/data/loan_2831/face_signing.jpg,loan_2831/face_signing.jpg,159654,1024,1024,ok,,test,face_signing,0.9969645
loan_2832,face_signing,/workspace/jinchuang_v4/extracted/data/loan_2832/face_signing.jpg,loan_2832/face_signing.jpg,24309,223,385,ok,,train,face_signing,0.99789304
loan_2833,face_signing,/workspace/jinchuang_v4/extracted/data/loan_2833/face_signing.jpg,loan_2833/face_signing.jpg,142015,1024,1024,ok,,train,face_signing,0.99675614
loan_2834,face_signing,/workspace/jinchuang_v4/extracted/data/loan_2834/face_signing.jpg,loan_2834/face_signing.jpg,117218,1024,1024,ok,,train,face_signing,0.9948773
loan_2835,face_signing,/workspace/jinchuang_v4/extracted/data/loan_2835/face_signing.jpg,loan_2835/face_signing.jpg,109807,1024,1024,ok,,val,face_signing,0.9987355
loan_2836,face_signing,/workspace/jinchuang_v4/extracted/data/loan_2836/face_signing.jpg,loan_2836/face_signing.jpg,244102,1254,1254,ok,,train,face_signing,0.998978
loan_2837,face_signing,/workspace/jinchuang_v4/extracted/data/loan_2837/face_signing.jpg,loan_2837/face_signing.jpg,112085,1024,1024,ok,,train,face_signing,0.9983033
loan_2838,face_signing,/workspace/jinchuang_v4/extracted/data/loan_2838/face_signing.jpg,loan_2838/face_signing.jpg,101414,1024,1024,ok,,test,face_signing,0.9986261
loan_2839,face_signing,/workspace/jinchuang_v4/extracted/data/loan_2839/face_signing.jpg,loan_2839/face_signing.jpg,289240,1254,1254,ok,,train,face_signing,0.998293
loan_284,face_signing,/workspace/jinchuang_v4/extracted/data/loan_284/face_signing.jpg,loan_284/face_signing.jpg,2089528,2508,2508,ok,,train,face_signing,0.9987594
loan_2840,face_signing,/workspace/jinchuang_v4/extracted/data/loan_2840/face_signing.jpg,loan_2840/face_signing.jpg,106738,1024,1024,ok,,train,face_signing,0.99894696
loan_2841,face_signing,/workspace/jinchuang_v4/extracted/data/loan_2841/face_signing.jpg,loan_2841/face_signing.jpg,122748,1024,1024,ok,,train,face_signing,0.9982545
loan_2842,face_signing,/workspace/jinchuang_v4/extracted/data/loan_2842/face_signing.jpg,loan_2842/face_signing.jpg,136057,1024,1024,ok,,train,face_signing,0.99763215
loan_2843,face_signing,/workspace/jinchuang_v4/extracted/data/loan_2843/face_signing.jpg,loan_2843/face_signing.jpg,132265,1024,1024,ok,,train,face_signing,0.9949936
loan_2844,face_signing,/workspace/jinchuang_v4/extracted/data/loan_2844/face_signing.jpg,loan_2844/face_signing.jpg,126220,1024,1024,ok,,val,face_signing,0.99721247
loan_2845,face_signing,/workspace/jinchuang_v4/extracted/data/loan_2845/face_signing.jpg,loan_2845/face_signing.jpg,115313,1024,1024,ok,,train,face_signing,0.99742645
loan_2846,face_signing,/workspace/jinchuang_v4/extracted/data/loan_2846/face_signing.jpg,loan_2846/face_signing.jpg,114816,1024,1024,ok,,val,face_signing,0.996269
loan_2847,face_signing,/workspace/jinchuang_v4/extracted/data/loan_2847/face_signing.jpg,loan_2847/face_signing.jpg,115634,1024,1024,ok,,train,face_signing,0.9984837
loan_2848,face_signing,/workspace/jinchuang_v4/extracted/data/loan_2848/face_signing.jpg,loan_2848/face_signing.jpg,112437,1024,1024,ok,,val,face_signing,0.9983728
loan_2849,face_signing,/workspace/jinchuang_v4/extracted/data/loan_2849/face_signing.jpg,loan_2849/face_signing.jpg,104756,1024,1024,ok,,val,face_signing,0.9989015
loan_285,face_signing,/workspace/jinchuang_v4/extracted/data/loan_285/face_signing.jpg,loan_285/face_signing.jpg,118545,1024,1024,ok,,train,face_signing,0.9987992
loan_2850,face_signing,/workspace/jinchuang_v4/extracted/data/loan_2850/face_signing.jpg,loan_2850/face_signing.jpg,122659,1024,1024,ok,,train,face_signing,0.99894685
loan_2851,face_signing,/workspace/jinchuang_v4/extracted/data/loan_2851/face_signing.jpg,loan_2851/face_signing.jpg,120607,1024,1024,ok,,train,face_signing,0.99843115
loan_2852,face_signing,/workspace/jinchuang_v4/extracted/data/loan_2852/face_signing.jpg,loan_2852/face_signing.jpg,261500,1254,1254,ok,,train,face_signing,0.9988171
loan_2853,face_signing,/workspace/jinchuang_v4/extracted/data/loan_2853/face_signing.jpg,loan_2853/face_signing.jpg,136490,1024,1024,ok,,train,face_signing,0.9983631
loan_2854,face_signing,/workspace/jinchuang_v4/extracted/data/loan_2854/face_signing.jpg,loan_2854/face_signing.jpg,115531,1024,1024,ok,,train,face_signing,0.9984079
loan_2855,face_signing,/workspace/jinchuang_v4/extracted/data/loan_2855/face_signing.jpg,loan_2855/face_signing.jpg,113341,1024,1024,ok,,train,face_signing,0.998611
loan_2856,face_signing,/workspace/jinchuang_v4/extracted/data/loan_2856/face_signing.jpg,loan_2856/face_signing.jpg,121133,1024,1024,ok,,train,face_signing,0.9985368
loan_2857,face_signing,/workspace/jinchuang_v4/extracted/data/loan_2857/face_signing.jpg,loan_2857/face_signing.jpg,116664,1024,1024,ok,,train,face_signing,0.998931
loan_2858,face_signing,/workspace/jinchuang_v4/extracted/data/loan_2858/face_signing.jpg,loan_2858/face_signing.jpg,134829,1024,1024,ok,,train,face_signing,0.9967583
loan_2859,face_signing,/workspace/jinchuang_v4/extracted/data/loan_2859/face_signing.jpg,loan_2859/face_signing.jpg,272074,1254,1254,ok,,train,face_signing,0.9982469
loan_286,face_signing,/workspace/jinchuang_v4/extracted/data/loan_286/face_signing.jpg,loan_286/face_signing.jpg,2134263,2508,2508,ok,,train,face_signing,0.99753535
loan_2860,face_signing,/workspace/jinchuang_v4/extracted/data/loan_2860/face_signing.jpg,loan_2860/face_signing.jpg,236757,1254,1254,ok,,train,face_signing,0.9991328
loan_2861,face_signing,/workspace/jinchuang_v4/extracted/data/loan_2861/face_signing.jpg,loan_2861/face_signing.jpg,110339,1024,1024,ok,,train,face_signing,0.9982091
loan_2862,face_signing,/workspace/jinchuang_v4/extracted/data/loan_2862/face_signing.jpg,loan_2862/face_signing.jpg,109151,1024,1024,ok,,train,face_signing,0.99867886
loan_2863,face_signing,/workspace/jinchuang_v4/extracted/data/loan_2863/face_signing.jpg,loan_2863/face_signing.jpg,133598,1024,1024,ok,,test,face_signing,0.99876547
loan_2864,face_signing,/workspace/jinchuang_v4/extracted/data/loan_2864/face_signing.jpg,loan_2864/face_signing.jpg,113794,1024,1024,ok,,train,face_signing,0.9966647
loan_2865,face_signing,/workspace/jinchuang_v4/extracted/data/loan_2865/face_signing.jpg,loan_2865/face_signing.jpg,120207,1024,1024,ok,,val,face_signing,0.9991211
loan_2866,face_signing,/workspace/jinchuang_v4/extracted/data/loan_2866/face_signing.jpg,loan_2866/face_signing.jpg,105395,1024,1024,ok,,train,face_signing,0.99868804
loan_2867,face_signing,/workspace/jinchuang_v4/extracted/data/loan_2867/face_signing.jpg,loan_2867/face_signing.jpg,111646,1024,1024,ok,,train,face_signing,0.99646205
loan_2868,face_signing,/workspace/jinchuang_v4/extracted/data/loan_2868/face_signing.jpg,loan_2868/face_signing.jpg,102061,1024,1024,ok,,train,face_signing,0.99755967
loan_2869,face_signing,/workspace/jinchuang_v4/extracted/data/loan_2869/face_signing.jpg,loan_2869/face_signing.jpg,139686,1024,1024,ok,,test,face_signing,0.99803656
loan_287,face_signing,/workspace/jinchuang_v4/extracted/data/loan_287/face_signing.jpg,loan_287/face_signing.jpg,127821,1024,1024,ok,,train,face_signing,0.99928266
loan_2870,face_signing,/workspace/jinchuang_v4/extracted/data/loan_2870/face_signing.jpg,loan_2870/face_signing.jpg,99567,1024,1024,ok,,train,face_signing,0.9982374
loan_2871,face_signing,/workspace/jinchuang_v4/extracted/data/loan_2871/face_signing.jpg,loan_2871/face_signing.jpg,125650,1024,1024,ok,,train,face_signing,0.9987357
loan_2872,face_signing,/workspace/jinchuang_v4/extracted/data/loan_2872/face_signing.jpg,loan_2872/face_signing.jpg,141115,1024,1024,ok,,train,face_signing,0.99945194
loan_2873,face_signing,/workspace/jinchuang_v4/extracted/data/loan_2873/face_signing.jpg,loan_2873/face_signing.jpg,102698,1024,1024,ok,,train,face_signing,0.998694
loan_2874,face_signing,/workspace/jinchuang_v4/extracted/data/loan_2874/face_signing.jpg,loan_2874/face_signing.jpg,248111,1254,1254,ok,,val,face_signing,0.9979054
loan_2875,face_signing,/workspace/jinchuang_v4/extracted/data/loan_2875/face_signing.jpg,loan_2875/face_signing.jpg,121357,1024,1024,ok,,train,face_signing,0.99823207
loan_2876,face_signing,/workspace/jinchuang_v4/extracted/data/loan_2876/face_signing.jpg,loan_2876/face_signing.jpg,104330,1024,1024,ok,,train,face_signing,0.9963601
loan_2877,face_signing,/workspace/jinchuang_v4/extracted/data/loan_2877/face_signing.jpg,loan_2877/face_signing.jpg,242710,1254,1254,ok,,train,face_signing,0.99831045
loan_2878,face_signing,/workspace/jinchuang_v4/extracted/data/loan_2878/face_signing.jpg,loan_2878/face_signing.jpg,138213,1024,1024,ok,,train,face_signing,0.99742705
loan_2879,face_signing,/workspace/jinchuang_v4/extracted/data/loan_2879/face_signing.jpg,loan_2879/face_signing.jpg,115687,1024,1024,ok,,train,face_signing,0.9976725
loan_288,face_signing,/workspace/jinchuang_v4/extracted/data/loan_288/face_signing.jpg,loan_288/face_signing.jpg,122504,1024,1024,ok,,train,face_signing,0.9987166
loan_2880,face_signing,/workspace/jinchuang_v4/extracted/data/loan_2880/face_signing.jpg,loan_2880/face_signing.jpg,128539,1024,1024,ok,,test,face_signing,0.99850476
loan_2881,face_signing,/workspace/jinchuang_v4/extracted/data/loan_2881/face_signing.jpg,loan_2881/face_signing.jpg,26159,234,388,ok,,train,face_signing,0.99625444
loan_2882,face_signing,/workspace/jinchuang_v4/extracted/data/loan_2882/face_signing.jpg,loan_2882/face_signing.jpg,117986,1024,1024,ok,,test,face_signing,0.99898535
loan_2883,face_signing,/workspace/jinchuang_v4/extracted/data/loan_2883/face_signing.jpg,loan_2883/face_signing.jpg,125339,1024,1024,ok,,train,face_signing,0.99750805
loan_2884,face_signing,/workspace/jinchuang_v4/extracted/data/loan_2884/face_signing.jpg,loan_2884/face_signing.jpg,104447,1024,1024,ok,,val,face_signing,0.9980123
loan_2885,face_signing,/workspace/jinchuang_v4/extracted/data/loan_2885/face_signing.jpg,loan_2885/face_signing.jpg,118579,1024,1024,ok,,val,face_signing,0.99893326
loan_2886,face_signing,/workspace/jinchuang_v4/extracted/data/loan_2886/face_signing.jpg,loan_2886/face_signing.jpg,121011,1024,1024,ok,,train,face_signing,0.9967874
loan_2887,face_signing,/workspace/jinchuang_v4/extracted/data/loan_2887/face_signing.jpg,loan_2887/face_signing.jpg,142373,1024,1024,ok,,test,face_signing,0.9967795
loan_2888,face_signing,/workspace/jinchuang_v4/extracted/data/loan_2888/face_signing.jpg,loan_2888/face_signing.jpg,127924,1024,1024,ok,,train,face_signing,0.996323
loan_2889,face_signing,/workspace/jinchuang_v4/extracted/data/loan_2889/face_signing.jpg,loan_2889/face_signing.jpg,144327,1024,1024,ok,,train,face_signing,0.99746466
loan_289,face_signing,/workspace/jinchuang_v4/extracted/data/loan_289/face_signing.jpg,loan_289/face_signing.jpg,117716,1024,1024,ok,,test,face_signing,0.99859077
loan_2890,face_signing,/workspace/jinchuang_v4/extracted/data/loan_2890/face_signing.jpg,loan_2890/face_signing.jpg,114097,1024,1024,ok,,train,face_signing,0.99665475
loan_2891,face_signing,/workspace/jinchuang_v4/extracted/data/loan_2891/face_signing.jpg,loan_2891/face_signing.jpg,111400,1024,1024,ok,,train,face_signing,0.9964702
loan_2892,face_signing,/workspace/jinchuang_v4/extracted/data/loan_2892/face_signing.jpg,loan_2892/face_signing.jpg,121543,1024,1024,ok,,test,face_signing,0.99887985
loan_2893,face_signing,/workspace/jinchuang_v4/extracted/data/loan_2893/face_signing.jpg,loan_2893/face_signing.jpg,27031,277,393,ok,,train,face_signing,0.99269426
loan_2894,face_signing,/workspace/jinchuang_v4/extracted/data/loan_2894/face_signing.jpg,loan_2894/face_signing.jpg,122229,1024,1024,ok,,train,face_signing,0.99772424
loan_2895,face_signing,/workspace/jinchuang_v4/extracted/data/loan_2895/face_signing.jpg,loan_2895/face_signing.jpg,103343,1024,1024,ok,,val,face_signing,0.9979809
loan_2896,face_signing,/workspace/jinchuang_v4/extracted/data/loan_2896/face_signing.jpg,loan_2896/face_signing.jpg,247720,1254,1254,ok,,val,face_signing,0.9986253
loan_2897,face_signing,/workspace/jinchuang_v4/extracted/data/loan_2897/face_signing.jpg,loan_2897/face_signing.jpg,133231,1024,1024,ok,,train,face_signing,0.9985936
loan_2898,face_signing,/workspace/jinchuang_v4/extracted/data/loan_2898/face_signing.jpg,loan_2898/face_signing.jpg,102923,1024,1024,ok,,train,face_signing,0.99701464
loan_2899,face_signing,/workspace/jinchuang_v4/extracted/data/loan_2899/face_signing.jpg,loan_2899/face_signing.jpg,98019,1024,1024,ok,,train,face_signing,0.9985915
loan_290,face_signing,/workspace/jinchuang_v4/extracted/data/loan_290/face_signing.jpg,loan_290/face_signing.jpg,127306,1024,1024,ok,,train,face_signing,0.9982363
loan_2900,face_signing,/workspace/jinchuang_v4/extracted/data/loan_2900/face_signing.jpg,loan_2900/face_signing.jpg,288164,1254,1254,ok,,train,face_signing,0.9987306
loan_2901,face_signing,/workspace/jinchuang_v4/extracted/data/loan_2901/face_signing.jpg,loan_2901/face_signing.jpg,26868,279,390,ok,,train,face_signing,0.9964856
loan_2902,face_signing,/workspace/jinchuang_v4/extracted/data/loan_2902/face_signing.jpg,loan_2902/face_signing.jpg,118299,1024,1024,ok,,train,face_signing,0.99696004
loan_2903,face_signing,/workspace/jinchuang_v4/extracted/data/loan_2903/face_signing.jpg,loan_2903/face_signing.jpg,87474,1024,1024,ok,,train,face_signing,0.99628264
loan_2904,face_signing,/workspace/jinchuang_v4/extracted/data/loan_2904/face_signing.jpg,loan_2904/face_signing.jpg,125988,1024,1024,ok,,train,face_signing,0.99868387
loan_2905,face_signing,/workspace/jinchuang_v4/extracted/data/loan_2905/face_signing.jpg,loan_2905/face_signing.jpg,139113,1024,1024,ok,,test,face_signing,0.998357
loan_2906,face_signing,/workspace/jinchuang_v4/extracted/data/loan_2906/face_signing.jpg,loan_2906/face_signing.jpg,130532,1024,1024,ok,,train,face_signing,0.99886394
loan_2907,face_signing,/workspace/jinchuang_v4/extracted/data/loan_2907/face_signing.jpg,loan_2907/face_signing.jpg,106698,1024,1024,ok,,train,face_signing,0.99879646
loan_2908,face_signing,/workspace/jinchuang_v4/extracted/data/loan_2908/face_signing.jpg,loan_2908/face_signing.jpg,107274,1024,1024,ok,,train,face_signing,0.9861551
loan_2909,face_signing,/workspace/jinchuang_v4/extracted/data/loan_2909/face_signing.jpg,loan_2909/face_signing.jpg,151070,1024,1024,ok,,train,face_signing,0.9979424
loan_291,face_signing,/workspace/jinchuang_v4/extracted/data/loan_291/face_signing.jpg,loan_291/face_signing.jpg,2049658,2508,2508,ok,,train,face_signing,0.9982455
loan_2910,face_signing,/workspace/jinchuang_v4/extracted/data/loan_2910/face_signing.jpg,loan_2910/face_signing.jpg,108938,1024,1024,ok,,train,face_signing,0.99870694
loan_2911,face_signing,/workspace/jinchuang_v4/extracted/data/loan_2911/face_signing.jpg,loan_2911/face_signing.jpg,118883,1024,1024,ok,,train,face_signing,0.99853384
loan_2912,face_signing,/workspace/jinchuang_v4/extracted/data/loan_2912/face_signing.jpg,loan_2912/face_signing.jpg,114826,1024,1024,ok,,val,face_signing,0.99876946
loan_2913,face_signing,/workspace/jinchuang_v4/extracted/data/loan_2913/face_signing.jpg,loan_2913/face_signing.jpg,99495,1024,1024,ok,,train,face_signing,0.9987078
loan_2914,face_signing,/workspace/jinchuang_v4/extracted/data/loan_2914/face_signing.jpg,loan_2914/face_signing.jpg,124173,1024,1024,ok,,train,face_signing,0.9993304
loan_2915,face_signing,/workspace/jinchuang_v4/extracted/data/loan_2915/face_signing.jpg,loan_2915/face_signing.jpg,122785,1024,1024,ok,,val,face_signing,0.9986828
loan_2916,face_signing,/workspace/jinchuang_v4/extracted/data/loan_2916/face_signing.jpg,loan_2916/face_signing.jpg,271343,1254,1254,ok,,val,face_signing,0.9983615
loan_2917,face_signing,/workspace/jinchuang_v4/extracted/data/loan_2917/face_signing.jpg,loan_2917/face_signing.jpg,312195,1254,1254,ok,,train,face_signing,0.9977512
loan_2918,face_signing,/workspace/jinchuang_v4/extracted/data/loan_2918/face_signing.jpg,loan_2918/face_signing.jpg,32980,276,393,ok,,val,face_signing,0.99629515
loan_2919,face_signing,/workspace/jinchuang_v4/extracted/data/loan_2919/face_signing.jpg,loan_2919/face_signing.jpg,22890,348,264,ok,,train,face_signing,0.9915285
loan_292,face_signing,/workspace/jinchuang_v4/extracted/data/loan_292/face_signing.jpg,loan_292/face_signing.jpg,2114735,2508,2508,ok,,train,face_signing,0.9982158
loan_2920,face_signing,/workspace/jinchuang_v4/extracted/data/loan_2920/face_signing.jpg,loan_2920/face_signing.jpg,120229,1024,1024,ok,,train,face_signing,0.99898535
loan_2921,face_signing,/workspace/jinchuang_v4/extracted/data/loan_2921/face_signing.jpg,loan_2921/face_signing.jpg,123983,1024,1024,ok,,train,face_signing,0.99774015
loan_2922,face_signing,/workspace/jinchuang_v4/extracted/data/loan_2922/face_signing.jpg,loan_2922/face_signing.jpg,29246,343,262,ok,,train,face_signing,0.99490696
loan_2923,face_signing,/workspace/jinchuang_v4/extracted/data/loan_2923/face_signing.jpg,loan_2923/face_signing.jpg,257817,1254,1254,ok,,train,face_signing,0.9987379
loan_2924,face_signing,/workspace/jinchuang_v4/extracted/data/loan_2924/face_signing.jpg,loan_2924/face_signing.jpg,106971,1024,1024,ok,,test,face_signing,0.9971059
loan_2925,face_signing,/workspace/jinchuang_v4/extracted/data/loan_2925/face_signing.jpg,loan_2925/face_signing.jpg,30179,346,258,ok,,train,face_signing,0.99655735
loan_2926,face_signing,/workspace/jinchuang_v4/extracted/data/loan_2926/face_signing.jpg,loan_2926/face_signing.jpg,248932,1254,1254,ok,,train,face_signing,0.9987214
loan_2927,face_signing,/workspace/jinchuang_v4/extracted/data/loan_2927/face_signing.jpg,loan_2927/face_signing.jpg,273275,1254,1254,ok,,train,face_signing,0.9972363
loan_2928,face_signing,/workspace/jinchuang_v4/extracted/data/loan_2928/face_signing.jpg,loan_2928/face_signing.jpg,263668,1254,1254,ok,,val,face_signing,0.9980033
loan_2929,face_signing,/workspace/jinchuang_v4/extracted/data/loan_2929/face_signing.jpg,loan_2929/face_signing.jpg,300334,1254,1254,ok,,train,face_signing,0.9978787
loan_293,face_signing,/workspace/jinchuang_v4/extracted/data/loan_293/face_signing.jpg,loan_293/face_signing.jpg,136311,1024,1024,ok,,train,face_signing,0.99866366
loan_2930,face_signing,/workspace/jinchuang_v4/extracted/data/loan_2930/face_signing.jpg,loan_2930/face_signing.jpg,262954,1254,1254,ok,,train,face_signing,0.99705017
loan_2931,face_signing,/workspace/jinchuang_v4/extracted/data/loan_2931/face_signing.jpg,loan_2931/face_signing.jpg,152106,1024,1024,ok,,train,face_signing,0.9979175
loan_2932,face_signing,/workspace/jinchuang_v4/extracted/data/loan_2932/face_signing.jpg,loan_2932/face_signing.jpg,22927,348,256,ok,,test,face_signing,0.99704164
loan_2933,face_signing,/workspace/jinchuang_v4/extracted/data/loan_2933/face_signing.jpg,loan_2933/face_signing.jpg,25208,348,256,ok,,train,face_signing,0.9959835
loan_2934,face_signing,/workspace/jinchuang_v4/extracted/data/loan_2934/face_signing.jpg,loan_2934/face_signing.jpg,119889,1024,1024,ok,,train,face_signing,0.9977156
loan_2935,face_signing,/workspace/jinchuang_v4/extracted/data/loan_2935/face_signing.jpg,loan_2935/face_signing.jpg,26707,346,259,ok,,test,face_signing,0.99821955
loan_2936,face_signing,/workspace/jinchuang_v4/extracted/data/loan_2936/face_signing.jpg,loan_2936/face_signing.jpg,285899,1254,1254,ok,,train,face_signing,0.99787176
loan_2937,face_signing,/workspace/jinchuang_v4/extracted/data/loan_2937/face_signing.jpg,loan_2937/face_signing.jpg,280510,1254,1254,ok,,train,face_signing,0.9985672
loan_2938,face_signing,/workspace/jinchuang_v4/extracted/data/loan_2938/face_signing.jpg,loan_2938/face_signing.jpg,26828,349,258,ok,,train,face_signing,0.9970208
loan_2939,face_signing,/workspace/jinchuang_v4/extracted/data/loan_2939/face_signing.jpg,loan_2939/face_signing.jpg,141494,1024,1024,ok,,val,face_signing,0.9990729
loan_294,face_signing,/workspace/jinchuang_v4/extracted/data/loan_294/face_signing.jpg,loan_294/face_signing.jpg,127162,1024,1024,ok,,train,face_signing,0.9987715
loan_2940,face_signing,/workspace/jinchuang_v4/extracted/data/loan_2940/face_signing.jpg,loan_2940/face_signing.jpg,327016,1254,1254,ok,,val,face_signing,0.99668056
loan_2941,face_signing,/workspace/jinchuang_v4/extracted/data/loan_2941/face_signing.jpg,loan_2941/face_signing.jpg,282272,1254,1254,ok,,test,face_signing,0.9984458
loan_2942,face_signing,/workspace/jinchuang_v4/extracted/data/loan_2942/face_signing.jpg,loan_2942/face_signing.jpg,263973,1254,1254,ok,,test,face_signing,0.9986817
loan_2943,face_signing,/workspace/jinchuang_v4/extracted/data/loan_2943/face_signing.jpg,loan_2943/face_signing.jpg,284329,1254,1254,ok,,train,face_signing,0.99753404
loan_2944,face_signing,/workspace/jinchuang_v4/extracted/data/loan_2944/face_signing.jpg,loan_2944/face_signing.jpg,293364,1254,1254,ok,,val,face_signing,0.998635
loan_2945,face_signing,/workspace/jinchuang_v4/extracted/data/loan_2945/face_signing.jpg,loan_2945/face_signing.jpg,129040,1024,1024,ok,,train,face_signing,0.9987207
loan_2946,face_signing,/workspace/jinchuang_v4/extracted/data/loan_2946/face_signing.jpg,loan_2946/face_signing.jpg,272102,1254,1254,ok,,train,face_signing,0.99836105
loan_2947,face_signing,/workspace/jinchuang_v4/extracted/data/loan_2947/face_signing.jpg,loan_2947/face_signing.jpg,256781,1254,1254,ok,,train,face_signing,0.9980726
loan_2948,face_signing,/workspace/jinchuang_v4/extracted/data/loan_2948/face_signing.jpg,loan_2948/face_signing.jpg,23921,238,393,ok,,train,face_signing,0.99469215
loan_2949,face_signing,/workspace/jinchuang_v4/extracted/data/loan_2949/face_signing.jpg,loan_2949/face_signing.jpg,286005,1254,1254,ok,,test,face_signing,0.9973706
loan_295,face_signing,/workspace/jinchuang_v4/extracted/data/loan_295/face_signing.jpg,loan_295/face_signing.jpg,150799,1024,1024,ok,,val,face_signing,0.9976173
loan_2950,face_signing,/workspace/jinchuang_v4/extracted/data/loan_2950/face_signing.jpg,loan_2950/face_signing.jpg,23194,228,388,ok,,train,face_signing,0.98569435
loan_2951,face_signing,/workspace/jinchuang_v4/extracted/data/loan_2951/face_signing.jpg,loan_2951/face_signing.jpg,300867,1254,1254,ok,,test,face_signing,0.99843246
loan_2952,face_signing,/workspace/jinchuang_v4/extracted/data/loan_2952/face_signing.jpg,loan_2952/face_signing.jpg,24037,229,388,ok,,train,face_signing,0.9949588
loan_2953,face_signing,/workspace/jinchuang_v4/extracted/data/loan_2953/face_signing.jpg,loan_2953/face_signing.jpg,137459,1024,1024,ok,,test,face_signing,0.99861944
loan_2954,face_signing,/workspace/jinchuang_v4/extracted/data/loan_2954/face_signing.jpg,loan_2954/face_signing.jpg,121027,1024,1024,ok,,train,face_signing,0.99867404
loan_2955,face_signing,/workspace/jinchuang_v4/extracted/data/loan_2955/face_signing.jpg,loan_2955/face_signing.jpg,108973,1024,1024,ok,,train,face_signing,0.9984012
loan_2956,face_signing,/workspace/jinchuang_v4/extracted/data/loan_2956/face_signing.jpg,loan_2956/face_signing.jpg,21819,231,391,ok,,train,face_signing,0.9953099
loan_2957,face_signing,/workspace/jinchuang_v4/extracted/data/loan_2957/face_signing.jpg,loan_2957/face_signing.jpg,123026,1024,1024,ok,,train,face_signing,0.9967456
loan_2958,face_signing,/workspace/jinchuang_v4/extracted/data/loan_2958/face_signing.jpg,loan_2958/face_signing.jpg,27124,273,382,ok,,test,face_signing,0.9973465
loan_2959,face_signing,/workspace/jinchuang_v4/extracted/data/loan_2959/face_signing.jpg,loan_2959/face_signing.jpg,116766,1024,1024,ok,,val,face_signing,0.9992453
loan_2960,face_signing,/workspace/jinchuang_v4/extracted/data/loan_2960/face_signing.jpg,loan_2960/face_signing.jpg,112338,1024,1024,ok,,train,face_signing,0.9989544
loan_2961,face_signing,/workspace/jinchuang_v4/extracted/data/loan_2961/face_signing.jpg,loan_2961/face_signing.jpg,27964,268,384,ok,,val,face_signing,0.9971545
loan_2962,face_signing,/workspace/jinchuang_v4/extracted/data/loan_2962/face_signing.jpg,loan_2962/face_signing.jpg,118826,1024,1024,ok,,train,face_signing,0.99871504
loan_2963,face_signing,/workspace/jinchuang_v4/extracted/data/loan_2963/face_signing.jpg,loan_2963/face_signing.jpg,141118,1024,1024,ok,,test,face_signing,0.9983936
loan_2964,face_signing,/workspace/jinchuang_v4/extracted/data/loan_2964/face_signing.jpg,loan_2964/face_signing.jpg,121319,1024,1024,ok,,train,face_signing,0.99880385
loan_2965,face_signing,/workspace/jinchuang_v4/extracted/data/loan_2965/face_signing.jpg,loan_2965/face_signing.jpg,305484,1254,1254,ok,,train,face_signing,0.99926037
loan_2966,face_signing,/workspace/jinchuang_v4/extracted/data/loan_2966/face_signing.jpg,loan_2966/face_signing.jpg,215022,1254,1254,ok,,train,face_signing,0.99799794
loan_2967,face_signing,/workspace/jinchuang_v4/extracted/data/loan_2967/face_signing.jpg,loan_2967/face_signing.jpg,25598,268,384,ok,,train,face_signing,0.99719477
loan_2968,face_signing,/workspace/jinchuang_v4/extracted/data/loan_2968/face_signing.jpg,loan_2968/face_signing.jpg,26346,265,385,ok,,train,face_signing,0.99708945
loan_2969,face_signing,/workspace/jinchuang_v4/extracted/data/loan_2969/face_signing.jpg,loan_2969/face_signing.jpg,259432,1254,1254,ok,,val,face_signing,0.9978242
loan_2970,face_signing,/workspace/jinchuang_v4/extracted/data/loan_2970/face_signing.jpg,loan_2970/face_signing.jpg,140706,1024,1024,ok,,val,face_signing,0.99867356
loan_2971,face_signing,/workspace/jinchuang_v4/extracted/data/loan_2971/face_signing.jpg,loan_2971/face_signing.jpg,261739,1254,1254,ok,,train,face_signing,0.99848014
loan_2972,face_signing,/workspace/jinchuang_v4/extracted/data/loan_2972/face_signing.jpg,loan_2972/face_signing.jpg,297980,1254,1254,ok,,train,face_signing,0.9970547
loan_2973,face_signing,/workspace/jinchuang_v4/extracted/data/loan_2973/face_signing.jpg,loan_2973/face_signing.jpg,26857,271,379,ok,,train,face_signing,0.9978538
loan_2974,face_signing,/workspace/jinchuang_v4/extracted/data/loan_2974/face_signing.jpg,loan_2974/face_signing.jpg,30113,229,391,ok,,test,face_signing,0.99790597
loan_2975,face_signing,/workspace/jinchuang_v4/extracted/data/loan_2975/face_signing.jpg,loan_2975/face_signing.jpg,246701,1254,1254,ok,,train,face_signing,0.99799806
loan_2976,face_signing,/workspace/jinchuang_v4/extracted/data/loan_2976/face_signing.jpg,loan_2976/face_signing.jpg,250284,1254,1254,ok,,train,face_signing,0.9983236
loan_2977,face_signing,/workspace/jinchuang_v4/extracted/data/loan_2977/face_signing.jpg,loan_2977/face_signing.jpg,287937,1254,1254,ok,,train,face_signing,0.9989054
loan_2978,face_signing,/workspace/jinchuang_v4/extracted/data/loan_2978/face_signing.jpg,loan_2978/face_signing.jpg,139697,1024,1024,ok,,train,face_signing,0.99687636
loan_2979,face_signing,/workspace/jinchuang_v4/extracted/data/loan_2979/face_signing.jpg,loan_2979/face_signing.jpg,145734,1024,1024,ok,,train,face_signing,0.9976814
loan_2980,face_signing,/workspace/jinchuang_v4/extracted/data/loan_2980/face_signing.jpg,loan_2980/face_signing.jpg,275846,1254,1254,ok,,test,face_signing,0.9981427
loan_2981,face_signing,/workspace/jinchuang_v4/extracted/data/loan_2981/face_signing.jpg,loan_2981/face_signing.jpg,340528,1254,1254,ok,,train,face_signing,0.997626
loan_2982,face_signing,/workspace/jinchuang_v4/extracted/data/loan_2982/face_signing.jpg,loan_2982/face_signing.jpg,249759,1254,1254,ok,,train,face_signing,0.99863106
loan_2983,face_signing,/workspace/jinchuang_v4/extracted/data/loan_2983/face_signing.jpg,loan_2983/face_signing.jpg,24677,228,391,ok,,train,face_signing,0.9972168
loan_2984,face_signing,/workspace/jinchuang_v4/extracted/data/loan_2984/face_signing.jpg,loan_2984/face_signing.jpg,274749,1254,1254,ok,,train,face_signing,0.998005
loan_2985,face_signing,/workspace/jinchuang_v4/extracted/data/loan_2985/face_signing.jpg,loan_2985/face_signing.jpg,134759,1024,1024,ok,,train,face_signing,0.99732614
loan_2986,face_signing,/workspace/jinchuang_v4/extracted/data/loan_2986/face_signing.jpg,loan_2986/face_signing.jpg,280848,1254,1254,ok,,train,face_signing,0.99871993
loan_2987,face_signing,/workspace/jinchuang_v4/extracted/data/loan_2987/face_signing.jpg,loan_2987/face_signing.jpg,263191,1254,1254,ok,,test,face_signing,0.9988279
loan_2988,face_signing,/workspace/jinchuang_v4/extracted/data/loan_2988/face_signing.jpg,loan_2988/face_signing.jpg,113815,1024,1024,ok,,train,face_signing,0.9985025
loan_2989,face_signing,/workspace/jinchuang_v4/extracted/data/loan_2989/face_signing.jpg,loan_2989/face_signing.jpg,286759,1254,1254,ok,,test,face_signing,0.99801195
loan_2990,face_signing,/workspace/jinchuang_v4/extracted/data/loan_2990/face_signing.jpg,loan_2990/face_signing.jpg,292721,1254,1254,ok,,test,face_signing,0.9983901
loan_2991,face_signing,/workspace/jinchuang_v4/extracted/data/loan_2991/face_signing.jpg,loan_2991/face_signing.jpg,110492,1024,1024,ok,,train,face_signing,0.9971414
loan_2992,face_signing,/workspace/jinchuang_v4/extracted/data/loan_2992/face_signing.jpg,loan_2992/face_signing.jpg,127677,1024,1024,ok,,train,face_signing,0.999038
loan_2993,face_signing,/workspace/jinchuang_v4/extracted/data/loan_2993/face_signing.jpg,loan_2993/face_signing.jpg,254058,1254,1254,ok,,test,face_signing,0.99848086
loan_2994,face_signing,/workspace/jinchuang_v4/extracted/data/loan_2994/face_signing.jpg,loan_2994/face_signing.jpg,251230,1254,1254,ok,,train,face_signing,0.9992091
loan_2995,face_signing,/workspace/jinchuang_v4/extracted/data/loan_2995/face_signing.jpg,loan_2995/face_signing.jpg,117711,1024,1024,ok,,train,face_signing,0.9960258
loan_2996,face_signing,/workspace/jinchuang_v4/extracted/data/loan_2996/face_signing.jpg,loan_2996/face_signing.jpg,116006,1024,1024,ok,,train,face_signing,0.99887687
loan_2997,face_signing,/workspace/jinchuang_v4/extracted/data/loan_2997/face_signing.jpg,loan_2997/face_signing.jpg,256078,1254,1254,ok,,train,face_signing,0.9986713
loan_2998,face_signing,/workspace/jinchuang_v4/extracted/data/loan_2998/face_signing.jpg,loan_2998/face_signing.jpg,281818,1254,1254,ok,,test,face_signing,0.9986815
loan_2999,face_signing,/workspace/jinchuang_v4/extracted/data/loan_2999/face_signing.jpg,loan_2999/face_signing.jpg,267956,1254,1254,ok,,train,face_signing,0.9990061
loan_3000,face_signing,/workspace/jinchuang_v4/extracted/data/loan_3000/face_signing.jpg,loan_3000/face_signing.jpg,133834,1024,1024,ok,,val,face_signing,0.9977088
loan_3001,face_signing,/workspace/jinchuang_v4/extracted/data/loan_3001/face_signing.jpg,loan_3001/face_signing.jpg,108761,1024,1024,ok,,train,face_signing,0.99906975
loan_3002,face_signing,/workspace/jinchuang_v4/extracted/data/loan_3002/face_signing.jpg,loan_3002/face_signing.jpg,281374,1254,1254,ok,,train,face_signing,0.99746716
loan_3003,face_signing,/workspace/jinchuang_v4/extracted/data/loan_3003/face_signing.jpg,loan_3003/face_signing.jpg,23923,222,387,ok,,train,face_signing,0.9939103
loan_3004,face_signing,/workspace/jinchuang_v4/extracted/data/loan_3004/face_signing.jpg,loan_3004/face_signing.jpg,255958,1254,1254,ok,,test,face_signing,0.9984647
loan_3005,face_signing,/workspace/jinchuang_v4/extracted/data/loan_3005/face_signing.jpg,loan_3005/face_signing.jpg,274820,1254,1254,ok,,train,face_signing,0.99839044
loan_3006,face_signing,/workspace/jinchuang_v4/extracted/data/loan_3006/face_signing.jpg,loan_3006/face_signing.jpg,127810,1024,1024,ok,,train,face_signing,0.9987947
loan_3007,face_signing,/workspace/jinchuang_v4/extracted/data/loan_3007/face_signing.jpg,loan_3007/face_signing.jpg,139222,1024,1024,ok,,train,face_signing,0.9981147
loan_3008,face_signing,/workspace/jinchuang_v4/extracted/data/loan_3008/face_signing.jpg,loan_3008/face_signing.jpg,109918,1024,1024,ok,,train,face_signing,0.99885404
loan_3009,face_signing,/workspace/jinchuang_v4/extracted/data/loan_3009/face_signing.jpg,loan_3009/face_signing.jpg,131174,1024,1024,ok,,train,face_signing,0.99880326
loan_3010,face_signing,/workspace/jinchuang_v4/extracted/data/loan_3010/face_signing.jpg,loan_3010/face_signing.jpg,249081,1254,1254,ok,,train,face_signing,0.999258
loan_3011,face_signing,/workspace/jinchuang_v4/extracted/data/loan_3011/face_signing.jpg,loan_3011/face_signing.jpg,292552,1254,1254,ok,,train,face_signing,0.99865353
loan_3012,face_signing,/workspace/jinchuang_v4/extracted/data/loan_3012/face_signing.jpg,loan_3012/face_signing.jpg,25490,225,385,ok,,train,face_signing,0.9972115
loan_3013,face_signing,/workspace/jinchuang_v4/extracted/data/loan_3013/face_signing.jpg,loan_3013/face_signing.jpg,275962,1254,1254,ok,,train,face_signing,0.9983758
loan_3014,face_signing,/workspace/jinchuang_v4/extracted/data/loan_3014/face_signing.jpg,loan_3014/face_signing.jpg,266003,1254,1254,ok,,val,face_signing,0.9985493
loan_3015,face_signing,/workspace/jinchuang_v4/extracted/data/loan_3015/face_signing.jpg,loan_3015/face_signing.jpg,134767,1024,1024,ok,,train,face_signing,0.99773693
loan_3016,face_signing,/workspace/jinchuang_v4/extracted/data/loan_3016/face_signing.jpg,loan_3016/face_signing.jpg,273581,1254,1254,ok,,val,face_signing,0.9988581
loan_3017,face_signing,/workspace/jinchuang_v4/extracted/data/loan_3017/face_signing.jpg,loan_3017/face_signing.jpg,270244,1254,1254,ok,,test,face_signing,0.99891007
loan_3018,face_signing,/workspace/jinchuang_v4/extracted/data/loan_3018/face_signing.jpg,loan_3018/face_signing.jpg,126561,1024,1024,ok,,train,face_signing,0.9983719
loan_3019,face_signing,/workspace/jinchuang_v4/extracted/data/loan_3019/face_signing.jpg,loan_3019/face_signing.jpg,265527,1254,1254,ok,,test,face_signing,0.99853384
loan_3020,face_signing,/workspace/jinchuang_v4/extracted/data/loan_3020/face_signing.jpg,loan_3020/face_signing.jpg,27096,232,385,ok,,train,face_signing,0.9966575
loan_3021,face_signing,/workspace/jinchuang_v4/extracted/data/loan_3021/face_signing.jpg,loan_3021/face_signing.jpg,106009,1024,1024,ok,,train,face_signing,0.99899405
loan_3022,face_signing,/workspace/jinchuang_v4/extracted/data/loan_3022/face_signing.jpg,loan_3022/face_signing.jpg,107374,1024,1024,ok,,test,face_signing,0.99843115
loan_3023,face_signing,/workspace/jinchuang_v4/extracted/data/loan_3023/face_signing.jpg,loan_3023/face_signing.jpg,125671,1024,1024,ok,,train,face_signing,0.99813974
loan_3024,face_signing,/workspace/jinchuang_v4/extracted/data/loan_3024/face_signing.jpg,loan_3024/face_signing.jpg,306781,1254,1254,ok,,train,face_signing,0.9988896
loan_3025,face_signing,/workspace/jinchuang_v4/extracted/data/loan_3025/face_signing.jpg,loan_3025/face_signing.jpg,260422,1254,1254,ok,,train,face_signing,0.9979533
loan_3026,face_signing,/workspace/jinchuang_v4/extracted/data/loan_3026/face_signing.jpg,loan_3026/face_signing.jpg,236476,1254,1254,ok,,train,face_signing,0.9986972
loan_3027,face_signing,/workspace/jinchuang_v4/extracted/data/loan_3027/face_signing.jpg,loan_3027/face_signing.jpg,125384,1024,1024,ok,,train,face_signing,0.99904734
loan_3028,face_signing,/workspace/jinchuang_v4/extracted/data/loan_3028/face_signing.jpg,loan_3028/face_signing.jpg,26872,222,390,ok,,train,face_signing,0.99549425
loan_3029,face_signing,/workspace/jinchuang_v4/extracted/data/loan_3029/face_signing.jpg,loan_3029/face_signing.jpg,128224,1024,1024,ok,,test,face_signing,0.9983064
loan_3030,face_signing,/workspace/jinchuang_v4/extracted/data/loan_3030/face_signing.jpg,loan_3030/face_signing.jpg,123789,1024,1024,ok,,train,face_signing,0.9988858
loan_3031,face_signing,/workspace/jinchuang_v4/extracted/data/loan_3031/face_signing.jpg,loan_3031/face_signing.jpg,309492,1254,1254,ok,,train,face_signing,0.9964706
loan_3032,face_signing,/workspace/jinchuang_v4/extracted/data/loan_3032/face_signing.jpg,loan_3032/face_signing.jpg,109695,1024,1024,ok,,val,face_signing,0.9940003
loan_3033,face_signing,/workspace/jinchuang_v4/extracted/data/loan_3033/face_signing.jpg,loan_3033/face_signing.jpg,258989,1254,1254,ok,,train,face_signing,0.9985247
loan_3034,face_signing,/workspace/jinchuang_v4/extracted/data/loan_3034/face_signing.jpg,loan_3034/face_signing.jpg,296476,1254,1254,ok,,test,face_signing,0.9959268
loan_3035,face_signing,/workspace/jinchuang_v4/extracted/data/loan_3035/face_signing.jpg,loan_3035/face_signing.jpg,118362,1024,1024,ok,,val,face_signing,0.998384
loan_3036,face_signing,/workspace/jinchuang_v4/extracted/data/loan_3036/face_signing.jpg,loan_3036/face_signing.jpg,24933,229,393,ok,,train,face_signing,0.9969753
loan_3037,face_signing,/workspace/jinchuang_v4/extracted/data/loan_3037/face_signing.jpg,loan_3037/face_signing.jpg,295783,1254,1254,ok,,val,face_signing,0.9985568
loan_3038,face_signing,/workspace/jinchuang_v4/extracted/data/loan_3038/face_signing.jpg,loan_3038/face_signing.jpg,237415,1254,1254,ok,,test,face_signing,0.9976427
loan_3039,face_signing,/workspace/jinchuang_v4/extracted/data/loan_3039/face_signing.jpg,loan_3039/face_signing.jpg,106172,1024,1024,ok,,train,face_signing,0.99865437
loan_3040,face_signing,/workspace/jinchuang_v4/extracted/data/loan_3040/face_signing.jpg,loan_3040/face_signing.jpg,112194,1024,1024,ok,,train,face_signing,0.9985507
loan_3041,face_signing,/workspace/jinchuang_v4/extracted/data/loan_3041/face_signing.jpg,loan_3041/face_signing.jpg,123922,1024,1024,ok,,train,face_signing,0.9989477
loan_3042,face_signing,/workspace/jinchuang_v4/extracted/data/loan_3042/face_signing.jpg,loan_3042/face_signing.jpg,263272,1254,1254,ok,,train,face_signing,0.9990188
loan_3043,face_signing,/workspace/jinchuang_v4/extracted/data/loan_3043/face_signing.jpg,loan_3043/face_signing.jpg,272516,1254,1254,ok,,train,face_signing,0.9968823
loan_3044,face_signing,/workspace/jinchuang_v4/extracted/data/loan_3044/face_signing.jpg,loan_3044/face_signing.jpg,142230,1024,1024,ok,,train,face_signing,0.99902487
loan_3045,face_signing,/workspace/jinchuang_v4/extracted/data/loan_3045/face_signing.jpg,loan_3045/face_signing.jpg,222067,1254,1254,ok,,val,face_signing,0.9984395
loan_3046,face_signing,/workspace/jinchuang_v4/extracted/data/loan_3046/face_signing.jpg,loan_3046/face_signing.jpg,26145,228,388,ok,,train,face_signing,0.9985917
loan_3047,face_signing,/workspace/jinchuang_v4/extracted/data/loan_3047/face_signing.jpg,loan_3047/face_signing.jpg,27267,270,379,ok,,train,face_signing,0.99707353
loan_3048,face_signing,/workspace/jinchuang_v4/extracted/data/loan_3048/face_signing.jpg,loan_3048/face_signing.jpg,253381,1254,1254,ok,,train,face_signing,0.99847656
loan_3049,face_signing,/workspace/jinchuang_v4/extracted/data/loan_3049/face_signing.jpg,loan_3049/face_signing.jpg,116661,1024,1024,ok,,train,face_signing,0.9985846
loan_3050,face_signing,/workspace/jinchuang_v4/extracted/data/loan_3050/face_signing.jpg,loan_3050/face_signing.jpg,232091,1254,1254,ok,,train,face_signing,0.9980994
loan_3051,face_signing,/workspace/jinchuang_v4/extracted/data/loan_3051/face_signing.jpg,loan_3051/face_signing.jpg,342310,1254,1254,ok,,val,face_signing,0.9989737
loan_3052,face_signing,/workspace/jinchuang_v4/extracted/data/loan_3052/face_signing.jpg,loan_3052/face_signing.jpg,285919,1254,1254,ok,,test,face_signing,0.9983683
loan_3053,face_signing,/workspace/jinchuang_v4/extracted/data/loan_3053/face_signing.jpg,loan_3053/face_signing.jpg,25325,271,382,ok,,test,face_signing,0.9981857
loan_3054,face_signing,/workspace/jinchuang_v4/extracted/data/loan_3054/face_signing.jpg,loan_3054/face_signing.jpg,232992,1254,1254,ok,,val,face_signing,0.9984763
loan_3055,face_signing,/workspace/jinchuang_v4/extracted/data/loan_3055/face_signing.jpg,loan_3055/face_signing.jpg,159627,1024,1024,ok,,test,face_signing,0.99858886
loan_3056,face_signing,/workspace/jinchuang_v4/extracted/data/loan_3056/face_signing.jpg,loan_3056/face_signing.jpg,167521,1024,1024,ok,,train,face_signing,0.9983398
loan_3057,face_signing,/workspace/jinchuang_v4/extracted/data/loan_3057/face_signing.jpg,loan_3057/face_signing.jpg,318057,1254,1254,ok,,train,face_signing,0.9983619
loan_3058,face_signing,/workspace/jinchuang_v4/extracted/data/loan_3058/face_signing.jpg,loan_3058/face_signing.jpg,256206,1254,1254,ok,,train,face_signing,0.998456
loan_3059,face_signing,/workspace/jinchuang_v4/extracted/data/loan_3059/face_signing.jpg,loan_3059/face_signing.jpg,217350,1254,1254,ok,,train,face_signing,0.9992093
loan_3060,face_signing,/workspace/jinchuang_v4/extracted/data/loan_3060/face_signing.jpg,loan_3060/face_signing.jpg,245970,1254,1254,ok,,test,face_signing,0.9987205
loan_3061,face_signing,/workspace/jinchuang_v4/extracted/data/loan_3061/face_signing.jpg,loan_3061/face_signing.jpg,263640,1254,1254,ok,,test,face_signing,0.9983321
loan_3062,face_signing,/workspace/jinchuang_v4/extracted/data/loan_3062/face_signing.jpg,loan_3062/face_signing.jpg,246763,1254,1254,ok,,train,face_signing,0.99755645
loan_3063,face_signing,/workspace/jinchuang_v4/extracted/data/loan_3063/face_signing.jpg,loan_3063/face_signing.jpg,26488,270,385,ok,,val,face_signing,0.9976927
loan_3064,face_signing,/workspace/jinchuang_v4/extracted/data/loan_3064/face_signing.jpg,loan_3064/face_signing.jpg,26264,268,382,ok,,train,face_signing,0.9967964
loan_3065,face_signing,/workspace/jinchuang_v4/extracted/data/loan_3065/face_signing.jpg,loan_3065/face_signing.jpg,253473,1254,1254,ok,,train,face_signing,0.99828476
loan_3066,face_signing,/workspace/jinchuang_v4/extracted/data/loan_3066/face_signing.jpg,loan_3066/face_signing.jpg,155099,1024,1024,ok,,train,face_signing,0.9987446
loan_3067,face_signing,/workspace/jinchuang_v4/extracted/data/loan_3067/face_signing.jpg,loan_3067/face_signing.jpg,259504,1254,1254,ok,,train,face_signing,0.9987006
loan_3068,face_signing,/workspace/jinchuang_v4/extracted/data/loan_3068/face_signing.jpg,loan_3068/face_signing.jpg,277451,1254,1254,ok,,train,face_signing,0.9985257
loan_3069,face_signing,/workspace/jinchuang_v4/extracted/data/loan_3069/face_signing.jpg,loan_3069/face_signing.jpg,270798,1254,1254,ok,,train,face_signing,0.9934229
loan_3070,face_signing,/workspace/jinchuang_v4/extracted/data/loan_3070/face_signing.jpg,loan_3070/face_signing.jpg,24304,262,382,ok,,train,face_signing,0.99080676
loan_3071,face_signing,/workspace/jinchuang_v4/extracted/data/loan_3071/face_signing.jpg,loan_3071/face_signing.jpg,26861,265,385,ok,,test,face_signing,0.9939466
loan_3072,face_signing,/workspace/jinchuang_v4/extracted/data/loan_3072/face_signing.jpg,loan_3072/face_signing.jpg,264273,1254,1254,ok,,val,face_signing,0.99870014
loan_3073,face_signing,/workspace/jinchuang_v4/extracted/data/loan_3073/face_signing.jpg,loan_3073/face_signing.jpg,263494,1254,1254,ok,,train,face_signing,0.99908066
loan_3074,face_signing,/workspace/jinchuang_v4/extracted/data/loan_3074/face_signing.jpg,loan_3074/face_signing.jpg,151159,1024,1024,ok,,train,face_signing,0.99858665
loan_3075,face_signing,/workspace/jinchuang_v4/extracted/data/loan_3075/face_signing.jpg,loan_3075/face_signing.jpg,135828,1024,1024,ok,,train,face_signing,0.9980101
loan_3076,face_signing,/workspace/jinchuang_v4/extracted/data/loan_3076/face_signing.jpg,loan_3076/face_signing.jpg,145372,1024,1024,ok,,test,face_signing,0.99891126
loan_3077,face_signing,/workspace/jinchuang_v4/extracted/data/loan_3077/face_signing.jpg,loan_3077/face_signing.jpg,123592,1024,1024,ok,,train,face_signing,0.99908435
loan_3078,face_signing,/workspace/jinchuang_v4/extracted/data/loan_3078/face_signing.jpg,loan_3078/face_signing.jpg,284227,1536,1024,ok,,val,face_signing,0.9954679
loan_3079,face_signing,/workspace/jinchuang_v4/extracted/data/loan_3079/face_signing.jpg,loan_3079/face_signing.jpg,118187,1024,1024,ok,,train,face_signing,0.9986268
loan_3080,face_signing,/workspace/jinchuang_v4/extracted/data/loan_3080/face_signing.jpg,loan_3080/face_signing.jpg,142373,1024,1024,ok,,train,face_signing,0.99847835
loan_3081,face_signing,/workspace/jinchuang_v4/extracted/data/loan_3081/face_signing.jpg,loan_3081/face_signing.jpg,142551,1024,1024,ok,,train,face_signing,0.9990139
loan_3082,face_signing,/workspace/jinchuang_v4/extracted/data/loan_3082/face_signing.jpg,loan_3082/face_signing.jpg,121840,1024,1024,ok,,train,face_signing,0.99851674
loan_3083,face_signing,/workspace/jinchuang_v4/extracted/data/loan_3083/face_signing.jpg,loan_3083/face_signing.jpg,123124,1024,1024,ok,,train,face_signing,0.99865806
loan_3084,face_signing,/workspace/jinchuang_v4/extracted/data/loan_3084/face_signing.jpg,loan_3084/face_signing.jpg,258939,1254,1254,ok,,train,face_signing,0.99837697
loan_3085,face_signing,/workspace/jinchuang_v4/extracted/data/loan_3085/face_signing.jpg,loan_3085/face_signing.jpg,162505,1024,1024,ok,,test,face_signing,0.9986324
loan_3086,face_signing,/workspace/jinchuang_v4/extracted/data/loan_3086/face_signing.jpg,loan_3086/face_signing.jpg,153876,1024,1024,ok,,train,face_signing,0.998917
loan_3087,face_signing,/workspace/jinchuang_v4/extracted/data/loan_3087/face_signing.jpg,loan_3087/face_signing.jpg,145584,1024,1024,ok,,train,face_signing,0.9978236
loan_3088,face_signing,/workspace/jinchuang_v4/extracted/data/loan_3088/face_signing.jpg,loan_3088/face_signing.jpg,263545,1254,1254,ok,,train,face_signing,0.9977852
loan_3089,face_signing,/workspace/jinchuang_v4/extracted/data/loan_3089/face_signing.jpg,loan_3089/face_signing.jpg,125258,1024,1024,ok,,val,face_signing,0.9984193
loan_3090,face_signing,/workspace/jinchuang_v4/extracted/data/loan_3090/face_signing.jpg,loan_3090/face_signing.jpg,160533,1024,1024,ok,,train,face_signing,0.9979068
loan_3091,face_signing,/workspace/jinchuang_v4/extracted/data/loan_3091/face_signing.jpg,loan_3091/face_signing.jpg,142031,1024,1024,ok,,train,face_signing,0.9975236
loan_3092,face_signing,/workspace/jinchuang_v4/extracted/data/loan_3092/face_signing.jpg,loan_3092/face_signing.jpg,236559,1254,1254,ok,,train,face_signing,0.9989467
loan_3093,face_signing,/workspace/jinchuang_v4/extracted/data/loan_3093/face_signing.jpg,loan_3093/face_signing.jpg,141227,1024,1024,ok,,test,face_signing,0.9987392
loan_3094,face_signing,/workspace/jinchuang_v4/extracted/data/loan_3094/face_signing.jpg,loan_3094/face_signing.jpg,141847,1024,1024,ok,,val,face_signing,0.99864894
loan_3095,face_signing,/workspace/jinchuang_v4/extracted/data/loan_3095/face_signing.jpg,loan_3095/face_signing.jpg,130182,1024,1024,ok,,train,face_signing,0.99838185
loan_3096,face_signing,/workspace/jinchuang_v4/extracted/data/loan_3096/face_signing.jpg,loan_3096/face_signing.jpg,117940,1024,1024,ok,,test,face_signing,0.99846196
loan_3097,face_signing,/workspace/jinchuang_v4/extracted/data/loan_3097/face_signing.jpg,loan_3097/face_signing.jpg,149157,1024,1024,ok,,train,face_signing,0.9985464
loan_3098,face_signing,/workspace/jinchuang_v4/extracted/data/loan_3098/face_signing.jpg,loan_3098/face_signing.jpg,132694,1024,1024,ok,,train,face_signing,0.99922585
loan_3099,face_signing,/workspace/jinchuang_v4/extracted/data/loan_3099/face_signing.jpg,loan_3099/face_signing.jpg,131935,1024,1024,ok,,train,face_signing,0.99882954
loan_3100,face_signing,/workspace/jinchuang_v4/extracted/data/loan_3100/face_signing.jpg,loan_3100/face_signing.jpg,135809,1024,1024,ok,,train,face_signing,0.998317
loan_3101,face_signing,/workspace/jinchuang_v4/extracted/data/loan_3101/face_signing.jpg,loan_3101/face_signing.jpg,145971,1024,1024,ok,,train,face_signing,0.9976527
loan_3102,face_signing,/workspace/jinchuang_v4/extracted/data/loan_3102/face_signing.jpg,loan_3102/face_signing.jpg,124157,1024,1024,ok,,train,face_signing,0.9982167
loan_3103,face_signing,/workspace/jinchuang_v4/extracted/data/loan_3103/face_signing.jpg,loan_3103/face_signing.jpg,248233,1254,1254,ok,,val,face_signing,0.99884796
loan_3104,face_signing,/workspace/jinchuang_v4/extracted/data/loan_3104/face_signing.jpg,loan_3104/face_signing.jpg,295402,1254,1254,ok,,train,face_signing,0.99742943
loan_3105,face_signing,/workspace/jinchuang_v4/extracted/data/loan_3105/face_signing.jpg,loan_3105/face_signing.jpg,130851,1024,1024,ok,,train,face_signing,0.99850756
loan_3106,face_signing,/workspace/jinchuang_v4/extracted/data/loan_3106/face_signing.jpg,loan_3106/face_signing.jpg,265632,1254,1254,ok,,test,face_signing,0.99868304
loan_3107,face_signing,/workspace/jinchuang_v4/extracted/data/loan_3107/face_signing.jpg,loan_3107/face_signing.jpg,257862,1254,1254,ok,,train,face_signing,0.9987501
loan_3108,face_signing,/workspace/jinchuang_v4/extracted/data/loan_3108/face_signing.jpg,loan_3108/face_signing.jpg,263803,1254,1254,ok,,train,face_signing,0.9992255
loan_3109,face_signing,/workspace/jinchuang_v4/extracted/data/loan_3109/face_signing.jpg,loan_3109/face_signing.jpg,267685,1254,1254,ok,,test,face_signing,0.99879706
loan_3110,face_signing,/workspace/jinchuang_v4/extracted/data/loan_3110/face_signing.jpg,loan_3110/face_signing.jpg,171463,1024,1024,ok,,train,face_signing,0.9980161
loan_3111,face_signing,/workspace/jinchuang_v4/extracted/data/loan_3111/face_signing.jpg,loan_3111/face_signing.jpg,449030,1254,1254,ok,,train,face_signing,0.9989208
loan_3112,face_signing,/workspace/jinchuang_v4/extracted/data/loan_3112/face_signing.jpg,loan_3112/face_signing.jpg,501621,1254,1254,ok,,train,face_signing,0.99838233
loan_3113,face_signing,/workspace/jinchuang_v4/extracted/data/loan_3113/face_signing.jpg,loan_3113/face_signing.jpg,424461,1254,1254,ok,,val,face_signing,0.9985459
loan_3114,face_signing,/workspace/jinchuang_v4/extracted/data/loan_3114/face_signing.jpg,loan_3114/face_signing.jpg,493803,1254,1254,ok,,val,face_signing,0.9970401
loan_3115,face_signing,/workspace/jinchuang_v4/extracted/data/loan_3115/face_signing.jpg,loan_3115/face_signing.jpg,152100,1024,1024,ok,,train,face_signing,0.99824333
loan_3116,face_signing,/workspace/jinchuang_v4/extracted/data/loan_3116/face_signing.jpg,loan_3116/face_signing.jpg,455267,1254,1254,ok,,train,face_signing,0.9973978
loan_3117,face_signing,/workspace/jinchuang_v4/extracted/data/loan_3117/face_signing.jpg,loan_3117/face_signing.jpg,25597,265,376,ok,,test,face_signing,0.99698764
loan_3118,face_signing,/workspace/jinchuang_v4/extracted/data/loan_3118/face_signing.jpg,loan_3118/face_signing.jpg,126675,1024,1024,ok,,val,face_signing,0.9981945
loan_3119,face_signing,/workspace/jinchuang_v4/extracted/data/loan_3119/face_signing.jpg,loan_3119/face_signing.jpg,446932,1254,1254,ok,,train,face_signing,0.9988626
loan_3120,face_signing,/workspace/jinchuang_v4/extracted/data/loan_3120/face_signing.jpg,loan_3120/face_signing.jpg,458118,1254,1254,ok,,val,face_signing,0.998478
loan_3121,face_signing,/workspace/jinchuang_v4/extracted/data/loan_3121/face_signing.jpg,loan_3121/face_signing.jpg,20667,223,382,ok,,train,face_signing,0.98835385
loan_3122,face_signing,/workspace/jinchuang_v4/extracted/data/loan_3122/face_signing.jpg,loan_3122/face_signing.jpg,170656,1024,1024,ok,,train,face_signing,0.9977157
loan_3123,face_signing,/workspace/jinchuang_v4/extracted/data/loan_3123/face_signing.jpg,loan_3123/face_signing.jpg,129129,1024,1024,ok,,train,face_signing,0.9972498
loan_3124,face_signing,/workspace/jinchuang_v4/extracted/data/loan_3124/face_signing.jpg,loan_3124/face_signing.jpg,505677,1254,1254,ok,,train,face_signing,0.9985084
loan_3125,face_signing,/workspace/jinchuang_v4/extracted/data/loan_3125/face_signing.jpg,loan_3125/face_signing.jpg,430218,1254,1254,ok,,train,face_signing,0.9986308
loan_3126,face_signing,/workspace/jinchuang_v4/extracted/data/loan_3126/face_signing.jpg,loan_3126/face_signing.jpg,458901,1254,1254,ok,,train,face_signing,0.9988643
loan_3127,face_signing,/workspace/jinchuang_v4/extracted/data/loan_3127/face_signing.jpg,loan_3127/face_signing.jpg,461884,1254,1254,ok,,train,face_signing,0.99913424
loan_3128,face_signing,/workspace/jinchuang_v4/extracted/data/loan_3128/face_signing.jpg,loan_3128/face_signing.jpg,457301,1254,1254,ok,,test,face_signing,0.9971284
loan_3129,face_signing,/workspace/jinchuang_v4/extracted/data/loan_3129/face_signing.jpg,loan_3129/face_signing.jpg,478818,1254,1254,ok,,train,face_signing,0.99830794
loan_3130,face_signing,/workspace/jinchuang_v4/extracted/data/loan_3130/face_signing.jpg,loan_3130/face_signing.jpg,430865,1254,1254,ok,,val,face_signing,0.99888366
loan_3131,face_signing,/workspace/jinchuang_v4/extracted/data/loan_3131/face_signing.jpg,loan_3131/face_signing.jpg,474664,1254,1254,ok,,train,face_signing,0.9983923
loan_3132,face_signing,/workspace/jinchuang_v4/extracted/data/loan_3132/face_signing.jpg,loan_3132/face_signing.jpg,450702,1254,1254,ok,,train,face_signing,0.9991805
loan_3133,face_signing,/workspace/jinchuang_v4/extracted/data/loan_3133/face_signing.jpg,loan_3133/face_signing.jpg,460421,1254,1254,ok,,train,face_signing,0.99881965
loan_3134,face_signing,/workspace/jinchuang_v4/extracted/data/loan_3134/face_signing.jpg,loan_3134/face_signing.jpg,415959,1254,1254,ok,,train,face_signing,0.9979844
loan_3135,face_signing,/workspace/jinchuang_v4/extracted/data/loan_3135/face_signing.jpg,loan_3135/face_signing.jpg,156820,1024,1024,ok,,train,face_signing,0.9980123
loan_3136,face_signing,/workspace/jinchuang_v4/extracted/data/loan_3136/face_signing.jpg,loan_3136/face_signing.jpg,429076,1254,1254,ok,,train,face_signing,0.99844116
loan_3137,face_signing,/workspace/jinchuang_v4/extracted/data/loan_3137/face_signing.jpg,loan_3137/face_signing.jpg,435260,1254,1254,ok,,test,face_signing,0.9987256
loan_3138,face_signing,/workspace/jinchuang_v4/extracted/data/loan_3138/face_signing.jpg,loan_3138/face_signing.jpg,248585,1254,1254,ok,,val,face_signing,0.998351
loan_3139,face_signing,/workspace/jinchuang_v4/extracted/data/loan_3139/face_signing.jpg,loan_3139/face_signing.jpg,207210,1254,1254,ok,,train,face_signing,0.99822015
loan_3140,face_signing,/workspace/jinchuang_v4/extracted/data/loan_3140/face_signing.jpg,loan_3140/face_signing.jpg,225662,1254,1254,ok,,train,face_signing,0.99875546
loan_3141,face_signing,/workspace/jinchuang_v4/extracted/data/loan_3141/face_signing.jpg,loan_3141/face_signing.jpg,24179,223,375,ok,,train,face_signing,0.9881517
loan_3142,face_signing,/workspace/jinchuang_v4/extracted/data/loan_3142/face_signing.jpg,loan_3142/face_signing.jpg,225890,1254,1254,ok,,val,face_signing,0.99819607
loan_3143,face_signing,/workspace/jinchuang_v4/extracted/data/loan_3143/face_signing.jpg,loan_3143/face_signing.jpg,226919,1254,1254,ok,,train,face_signing,0.99886286
loan_3144,face_signing,/workspace/jinchuang_v4/extracted/data/loan_3144/face_signing.jpg,loan_3144/face_signing.jpg,226786,1254,1254,ok,,train,face_signing,0.997595
loan_3145,face_signing,/workspace/jinchuang_v4/extracted/data/loan_3145/face_signing.jpg,loan_3145/face_signing.jpg,131040,1024,1024,ok,,train,face_signing,0.9977296
loan_3146,face_signing,/workspace/jinchuang_v4/extracted/data/loan_3146/face_signing.jpg,loan_3146/face_signing.jpg,239986,1254,1254,ok,,train,face_signing,0.9979381
loan_3147,face_signing,/workspace/jinchuang_v4/extracted/data/loan_3147/face_signing.jpg,loan_3147/face_signing.jpg,117981,1024,1024,ok,,train,face_signing,0.99798346
loan_3148,face_signing,/workspace/jinchuang_v4/extracted/data/loan_3148/face_signing.jpg,loan_3148/face_signing.jpg,114682,1024,1024,ok,,train,face_signing,0.9985024
loan_3149,face_signing,/workspace/jinchuang_v4/extracted/data/loan_3149/face_signing.jpg,loan_3149/face_signing.jpg,190269,1024,1024,ok,,train,face_signing,0.99891555
loan_3150,face_signing,/workspace/jinchuang_v4/extracted/data/loan_3150/face_signing.jpg,loan_3150/face_signing.jpg,216935,1254,1254,ok,,train,face_signing,0.9973916
loan_3151,face_signing,/workspace/jinchuang_v4/extracted/data/loan_3151/face_signing.jpg,loan_3151/face_signing.jpg,230387,1254,1254,ok,,train,face_signing,0.99719584
loan_3152,face_signing,/workspace/jinchuang_v4/extracted/data/loan_3152/face_signing.jpg,loan_3152/face_signing.jpg,231742,1254,1254,ok,,train,face_signing,0.99784744
loan_3153,face_signing,/workspace/jinchuang_v4/extracted/data/loan_3153/face_signing.jpg,loan_3153/face_signing.jpg,145609,1024,1024,ok,,train,face_signing,0.9986677
loan_3154,face_signing,/workspace/jinchuang_v4/extracted/data/loan_3154/face_signing.jpg,loan_3154/face_signing.jpg,243879,1254,1254,ok,,train,face_signing,0.99750286
loan_3155,face_signing,/workspace/jinchuang_v4/extracted/data/loan_3155/face_signing.jpg,loan_3155/face_signing.jpg,22006,217,369,ok,,train,face_signing,0.99032205
loan_3156,face_signing,/workspace/jinchuang_v4/extracted/data/loan_3156/face_signing.jpg,loan_3156/face_signing.jpg,133276,1024,1024,ok,,val,face_signing,0.99824417
loan_3157,face_signing,/workspace/jinchuang_v4/extracted/data/loan_3157/face_signing.jpg,loan_3157/face_signing.jpg,234118,1254,1254,ok,,train,face_signing,0.998569
loan_3158,face_signing,/workspace/jinchuang_v4/extracted/data/loan_3158/face_signing.jpg,loan_3158/face_signing.jpg,236003,1254,1254,ok,,val,face_signing,0.99612063
loan_3159,face_signing,/workspace/jinchuang_v4/extracted/data/loan_3159/face_signing.jpg,loan_3159/face_signing.jpg,22907,225,385,ok,,train,face_signing,0.99808806
loan_3160,face_signing,/workspace/jinchuang_v4/extracted/data/loan_3160/face_signing.jpg,loan_3160/face_signing.jpg,20811,219,385,ok,,train,face_signing,0.9976373
loan_3161,face_signing,/workspace/jinchuang_v4/extracted/data/loan_3161/face_signing.jpg,loan_3161/face_signing.jpg,119220,1024,1024,ok,,train,face_signing,0.99732745
loan_3162,face_signing,/workspace/jinchuang_v4/extracted/data/loan_3162/face_signing.jpg,loan_3162/face_signing.jpg,251115,1254,1254,ok,,val,face_signing,0.9972254
loan_3163,face_signing,/workspace/jinchuang_v4/extracted/data/loan_3163/face_signing.jpg,loan_3163/face_signing.jpg,136674,1024,1024,ok,,train,face_signing,0.99902225
loan_3164,face_signing,/workspace/jinchuang_v4/extracted/data/loan_3164/face_signing.jpg,loan_3164/face_signing.jpg,135467,1024,1024,ok,,train,face_signing,0.9984585
loan_3165,face_signing,/workspace/jinchuang_v4/extracted/data/loan_3165/face_signing.jpg,loan_3165/face_signing.jpg,134994,1024,1024,ok,,train,face_signing,0.9993248
loan_3166,face_signing,/workspace/jinchuang_v4/extracted/data/loan_3166/face_signing.jpg,loan_3166/face_signing.jpg,143252,1024,1024,ok,,train,face_signing,0.9967476
loan_3167,face_signing,/workspace/jinchuang_v4/extracted/data/loan_3167/face_signing.jpg,loan_3167/face_signing.jpg,212111,1254,1254,ok,,test,face_signing,0.99878424
loan_3168,face_signing,/workspace/jinchuang_v4/extracted/data/loan_3168/face_signing.jpg,loan_3168/face_signing.jpg,158153,1024,1024,ok,,train,face_signing,0.9980253
loan_3169,face_signing,/workspace/jinchuang_v4/extracted/data/loan_3169/face_signing.jpg,loan_3169/face_signing.jpg,159877,1024,1024,ok,,train,face_signing,0.99882513
loan_3170,face_signing,/workspace/jinchuang_v4/extracted/data/loan_3170/face_signing.jpg,loan_3170/face_signing.jpg,138666,1024,1024,ok,,train,face_signing,0.9988682
loan_3171,face_signing,/workspace/jinchuang_v4/extracted/data/loan_3171/face_signing.jpg,loan_3171/face_signing.jpg,148661,1024,1024,ok,,train,face_signing,0.9986222
loan_3172,face_signing,/workspace/jinchuang_v4/extracted/data/loan_3172/face_signing.jpg,loan_3172/face_signing.jpg,152474,1024,1024,ok,,train,face_signing,0.9989448
loan_3173,face_signing,/workspace/jinchuang_v4/extracted/data/loan_3173/face_signing.jpg,loan_3173/face_signing.jpg,138290,1024,1024,ok,,train,face_signing,0.99885726
loan_3174,face_signing,/workspace/jinchuang_v4/extracted/data/loan_3174/face_signing.jpg,loan_3174/face_signing.jpg,237753,1254,1254,ok,,train,face_signing,0.9978923
loan_3175,face_signing,/workspace/jinchuang_v4/extracted/data/loan_3175/face_signing.jpg,loan_3175/face_signing.jpg,146904,1024,1024,ok,,train,face_signing,0.9989774
loan_3176,face_signing,/workspace/jinchuang_v4/extracted/data/loan_3176/face_signing.jpg,loan_3176/face_signing.jpg,135551,1024,1024,ok,,train,face_signing,0.99832875
loan_3177,face_signing,/workspace/jinchuang_v4/extracted/data/loan_3177/face_signing.jpg,loan_3177/face_signing.jpg,122068,1024,1024,ok,,train,face_signing,0.9946637
loan_3178,face_signing,/workspace/jinchuang_v4/extracted/data/loan_3178/face_signing.jpg,loan_3178/face_signing.jpg,168474,1024,1024,ok,,train,face_signing,0.99881506
loan_3179,face_signing,/workspace/jinchuang_v4/extracted/data/loan_3179/face_signing.jpg,loan_3179/face_signing.jpg,153905,1024,1024,ok,,train,face_signing,0.99926883
loan_3180,face_signing,/workspace/jinchuang_v4/extracted/data/loan_3180/face_signing.jpg,loan_3180/face_signing.jpg,156437,1024,1024,ok,,train,face_signing,0.99726105
loan_3181,face_signing,/workspace/jinchuang_v4/extracted/data/loan_3181/face_signing.jpg,loan_3181/face_signing.jpg,244048,1254,1254,ok,,train,face_signing,0.99725795
loan_3182,face_signing,/workspace/jinchuang_v4/extracted/data/loan_3182/face_signing.jpg,loan_3182/face_signing.jpg,126181,1024,1024,ok,,train,face_signing,0.99862957
loan_3183,face_signing,/workspace/jinchuang_v4/extracted/data/loan_3183/face_signing.jpg,loan_3183/face_signing.jpg,256414,1254,1254,ok,,train,face_signing,0.99720037
loan_3184,face_signing,/workspace/jinchuang_v4/extracted/data/loan_3184/face_signing.jpg,loan_3184/face_signing.jpg,227555,1254,1254,ok,,train,face_signing,0.9989749
loan_3185,face_signing,/workspace/jinchuang_v4/extracted/data/loan_3185/face_signing.jpg,loan_3185/face_signing.jpg,285967,1254,1254,ok,,val,face_signing,0.99740076
loan_3186,face_signing,/workspace/jinchuang_v4/extracted/data/loan_3186/face_signing.jpg,loan_3186/face_signing.jpg,248968,1254,1254,ok,,train,face_signing,0.9985637
loan_3187,face_signing,/workspace/jinchuang_v4/extracted/data/loan_3187/face_signing.jpg,loan_3187/face_signing.jpg,121945,1024,1024,ok,,train,face_signing,0.99770796
loan_3188,face_signing,/workspace/jinchuang_v4/extracted/data/loan_3188/face_signing.jpg,loan_3188/face_signing.jpg,235074,1254,1254,ok,,train,face_signing,0.9987382
loan_3189,face_signing,/workspace/jinchuang_v4/extracted/data/loan_3189/face_signing.jpg,loan_3189/face_signing.jpg,160142,1024,1024,ok,,train,face_signing,0.99906474
loan_3190,face_signing,/workspace/jinchuang_v4/extracted/data/loan_3190/face_signing.jpg,loan_3190/face_signing.jpg,134598,1024,1024,ok,,train,face_signing,0.99870086
loan_3191,face_signing,/workspace/jinchuang_v4/extracted/data/loan_3191/face_signing.jpg,loan_3191/face_signing.jpg,162366,1024,1024,ok,,val,face_signing,0.9990675
loan_3192,face_signing,/workspace/jinchuang_v4/extracted/data/loan_3192/face_signing.jpg,loan_3192/face_signing.jpg,170223,1024,1024,ok,,train,face_signing,0.9947864
loan_3193,face_signing,/workspace/jinchuang_v4/extracted/data/loan_3193/face_signing.jpg,loan_3193/face_signing.jpg,269043,1254,1254,ok,,train,face_signing,0.99862194
loan_3194,face_signing,/workspace/jinchuang_v4/extracted/data/loan_3194/face_signing.jpg,loan_3194/face_signing.jpg,302412,1254,1254,ok,,test,face_signing,0.9990274
loan_3195,face_signing,/workspace/jinchuang_v4/extracted/data/loan_3195/face_signing.jpg,loan_3195/face_signing.jpg,138761,1024,1024,ok,,train,face_signing,0.9991584
loan_3196,face_signing,/workspace/jinchuang_v4/extracted/data/loan_3196/face_signing.jpg,loan_3196/face_signing.jpg,147865,1024,1024,ok,,train,face_signing,0.9977591
loan_3197,face_signing,/workspace/jinchuang_v4/extracted/data/loan_3197/face_signing.jpg,loan_3197/face_signing.jpg,140403,1024,1024,ok,,test,face_signing,0.9986381
loan_3198,face_signing,/workspace/jinchuang_v4/extracted/data/loan_3198/face_signing.jpg,loan_3198/face_signing.jpg,134361,1024,1024,ok,,train,face_signing,0.9988669
loan_3199,face_signing,/workspace/jinchuang_v4/extracted/data/loan_3199/face_signing.jpg,loan_3199/face_signing.jpg,133812,1024,1024,ok,,train,face_signing,0.9958841
loan_3200,face_signing,/workspace/jinchuang_v4/extracted/data/loan_3200/face_signing.jpg,loan_3200/face_signing.jpg,150756,1024,1024,ok,,train,face_signing,0.99782526
loan_3201,face_signing,/workspace/jinchuang_v4/extracted/data/loan_3201/face_signing.jpg,loan_3201/face_signing.jpg,157577,1024,1024,ok,,test,face_signing,0.9985964
loan_3202,face_signing,/workspace/jinchuang_v4/extracted/data/loan_3202/face_signing.jpg,loan_3202/face_signing.jpg,228890,1254,1254,ok,,train,face_signing,0.9985139
loan_3203,face_signing,/workspace/jinchuang_v4/extracted/data/loan_3203/face_signing.jpg,loan_3203/face_signing.jpg,118268,1024,1024,ok,,val,face_signing,0.9990791
loan_3204,face_signing,/workspace/jinchuang_v4/extracted/data/loan_3204/face_signing.jpg,loan_3204/face_signing.jpg,139536,1024,1024,ok,,train,face_signing,0.9988795
loan_3205,face_signing,/workspace/jinchuang_v4/extracted/data/loan_3205/face_signing.jpg,loan_3205/face_signing.jpg,288878,1254,1254,ok,,train,face_signing,0.99870086
loan_3206,face_signing,/workspace/jinchuang_v4/extracted/data/loan_3206/face_signing.jpg,loan_3206/face_signing.jpg,115434,1024,1024,ok,,test,face_signing,0.9986866
loan_3207,face_signing,/workspace/jinchuang_v4/extracted/data/loan_3207/face_signing.jpg,loan_3207/face_signing.jpg,265348,1254,1254,ok,,train,face_signing,0.9984067
loan_3208,face_signing,/workspace/jinchuang_v4/extracted/data/loan_3208/face_signing.jpg,loan_3208/face_signing.jpg,134911,1024,1024,ok,,train,face_signing,0.9982508
loan_3209,face_signing,/workspace/jinchuang_v4/extracted/data/loan_3209/face_signing.jpg,loan_3209/face_signing.jpg,171646,1024,1024,ok,,train,face_signing,0.9989749
loan_3210,face_signing,/workspace/jinchuang_v4/extracted/data/loan_3210/face_signing.jpg,loan_3210/face_signing.jpg,155232,1024,1024,ok,,train,face_signing,0.99605787
loan_3211,face_signing,/workspace/jinchuang_v4/extracted/data/loan_3211/face_signing.jpg,loan_3211/face_signing.jpg,267984,1254,1254,ok,,train,face_signing,0.998884
loan_3212,face_signing,/workspace/jinchuang_v4/extracted/data/loan_3212/face_signing.jpg,loan_3212/face_signing.jpg,142136,1024,1024,ok,,test,face_signing,0.9957177
loan_3213,face_signing,/workspace/jinchuang_v4/extracted/data/loan_3213/face_signing.jpg,loan_3213/face_signing.jpg,112899,1024,1024,ok,,test,face_signing,0.99743867
loan_3214,face_signing,/workspace/jinchuang_v4/extracted/data/loan_3214/face_signing.jpg,loan_3214/face_signing.jpg,275038,1254,1254,ok,,test,face_signing,0.9986594
loan_3215,face_signing,/workspace/jinchuang_v4/extracted/data/loan_3215/face_signing.jpg,loan_3215/face_signing.jpg,269390,1254,1254,ok,,train,face_signing,0.99907875
loan_3216,face_signing,/workspace/jinchuang_v4/extracted/data/loan_3216/face_signing.jpg,loan_3216/face_signing.jpg,262073,1254,1254,ok,,val,face_signing,0.99869305
loan_3217,face_signing,/workspace/jinchuang_v4/extracted/data/loan_3217/face_signing.jpg,loan_3217/face_signing.jpg,152543,1024,1024,ok,,train,face_signing,0.9960741
loan_3218,face_signing,/workspace/jinchuang_v4/extracted/data/loan_3218/face_signing.jpg,loan_3218/face_signing.jpg,287765,1254,1254,ok,,train,face_signing,0.9989518
loan_3219,face_signing,/workspace/jinchuang_v4/extracted/data/loan_3219/face_signing.jpg,loan_3219/face_signing.jpg,142248,1024,1024,ok,,train,face_signing,0.9984896
loan_3220,face_signing,/workspace/jinchuang_v4/extracted/data/loan_3220/face_signing.jpg,loan_3220/face_signing.jpg,153636,1024,1024,ok,,val,face_signing,0.9982761
loan_3221,face_signing,/workspace/jinchuang_v4/extracted/data/loan_3221/face_signing.jpg,loan_3221/face_signing.jpg,234130,1254,1254,ok,,train,face_signing,0.9989396
loan_3222,face_signing,/workspace/jinchuang_v4/extracted/data/loan_3222/face_signing.jpg,loan_3222/face_signing.jpg,297586,1254,1254,ok,,train,face_signing,0.99928063
loan_3223,face_signing,/workspace/jinchuang_v4/extracted/data/loan_3223/face_signing.jpg,loan_3223/face_signing.jpg,242768,1254,1254,ok,,test,face_signing,0.998836
loan_3224,face_signing,/workspace/jinchuang_v4/extracted/data/loan_3224/face_signing.jpg,loan_3224/face_signing.jpg,304619,1254,1254,ok,,train,face_signing,0.9986155
loan_3225,face_signing,/workspace/jinchuang_v4/extracted/data/loan_3225/face_signing.jpg,loan_3225/face_signing.jpg,134592,1024,1024,ok,,train,face_signing,0.9971475
loan_3226,face_signing,/workspace/jinchuang_v4/extracted/data/loan_3226/face_signing.jpg,loan_3226/face_signing.jpg,27327,231,390,ok,,train,face_signing,0.99834704
loan_3227,face_signing,/workspace/jinchuang_v4/extracted/data/loan_3227/face_signing.jpg,loan_3227/face_signing.jpg,151525,1024,1024,ok,,test,face_signing,0.9971175
loan_3228,face_signing,/workspace/jinchuang_v4/extracted/data/loan_3228/face_signing.jpg,loan_3228/face_signing.jpg,147066,1024,1024,ok,,val,face_signing,0.9974528
loan_3229,face_signing,/workspace/jinchuang_v4/extracted/data/loan_3229/face_signing.jpg,loan_3229/face_signing.jpg,147967,1024,1024,ok,,test,face_signing,0.9932359
loan_3230,face_signing,/workspace/jinchuang_v4/extracted/data/loan_3230/face_signing.jpg,loan_3230/face_signing.jpg,153735,1024,1024,ok,,train,face_signing,0.99625635
loan_3231,face_signing,/workspace/jinchuang_v4/extracted/data/loan_3231/face_signing.jpg,loan_3231/face_signing.jpg,150815,1024,1024,ok,,train,face_signing,0.9925417
loan_3232,face_signing,/workspace/jinchuang_v4/extracted/data/loan_3232/face_signing.jpg,loan_3232/face_signing.jpg,152927,1024,1024,ok,,train,face_signing,0.9958334
loan_3233,face_signing,/workspace/jinchuang_v4/extracted/data/loan_3233/face_signing.jpg,loan_3233/face_signing.jpg,151905,1024,1024,ok,,train,face_signing,0.9986199
loan_3234,face_signing,/workspace/jinchuang_v4/extracted/data/loan_3234/face_signing.jpg,loan_3234/face_signing.jpg,150237,1024,1024,ok,,train,face_signing,0.9974716
loan_3235,face_signing,/workspace/jinchuang_v4/extracted/data/loan_3235/face_signing.jpg,loan_3235/face_signing.jpg,149035,1024,1024,ok,,train,face_signing,0.9983418
loan_3236,face_signing,/workspace/jinchuang_v4/extracted/data/loan_3236/face_signing.jpg,loan_3236/face_signing.jpg,152412,1024,1024,ok,,train,face_signing,0.98720247
loan_3237,face_signing,/workspace/jinchuang_v4/extracted/data/loan_3237/face_signing.jpg,loan_3237/face_signing.jpg,154100,1024,1024,ok,,train,face_signing,0.99746096
loan_3238,face_signing,/workspace/jinchuang_v4/extracted/data/loan_3238/face_signing.jpg,loan_3238/face_signing.jpg,148857,1024,1024,ok,,train,face_signing,0.99891734
loan_3239,face_signing,/workspace/jinchuang_v4/extracted/data/loan_3239/face_signing.jpg,loan_3239/face_signing.jpg,151135,1024,1024,ok,,test,face_signing,0.98967946
loan_3240,face_signing,/workspace/jinchuang_v4/extracted/data/loan_3240/face_signing.jpg,loan_3240/face_signing.jpg,153897,1024,1024,ok,,train,face_signing,0.9944259
loan_3241,face_signing,/workspace/jinchuang_v4/extracted/data/loan_3241/face_signing.jpg,loan_3241/face_signing.jpg,151448,1024,1024,ok,,train,face_signing,0.9987557
loan_3242,face_signing,/workspace/jinchuang_v4/extracted/data/loan_3242/face_signing.jpg,loan_3242/face_signing.jpg,148308,1024,1024,ok,,train,face_signing,0.9958118
loan_3243,face_signing,/workspace/jinchuang_v4/extracted/data/loan_3243/face_signing.jpg,loan_3243/face_signing.jpg,149484,1024,1024,ok,,train,face_signing,0.99786866
loan_3244,face_signing,/workspace/jinchuang_v4/extracted/data/loan_3244/face_signing.jpg,loan_3244/face_signing.jpg,153758,1024,1024,ok,,train,face_signing,0.9945387
loan_3245,face_signing,/workspace/jinchuang_v4/extracted/data/loan_3245/face_signing.jpg,loan_3245/face_signing.jpg,152505,1024,1024,ok,,train,face_signing,0.9984067
loan_3246,face_signing,/workspace/jinchuang_v4/extracted/data/loan_3246/face_signing.jpg,loan_3246/face_signing.jpg,153815,1024,1024,ok,,train,face_signing,0.9986853
loan_3247,face_signing,/workspace/jinchuang_v4/extracted/data/loan_3247/face_signing.jpg,loan_3247/face_signing.jpg,153600,1024,1024,ok,,test,face_signing,0.99291795
loan_3248,face_signing,/workspace/jinchuang_v4/extracted/data/loan_3248/face_signing.jpg,loan_3248/face_signing.jpg,151229,1024,1024,ok,,train,face_signing,0.9956252
loan_3249,face_signing,/workspace/jinchuang_v4/extracted/data/loan_3249/face_signing.jpg,loan_3249/face_signing.jpg,253836,1254,1254,ok,,train,face_signing,0.9989844
loan_3250,face_signing,/workspace/jinchuang_v4/extracted/data/loan_3250/face_signing.jpg,loan_3250/face_signing.jpg,22835,213,373,ok,,train,face_signing,0.99694234
loan_3251,face_signing,/workspace/jinchuang_v4/extracted/data/loan_3251/face_signing.jpg,loan_3251/face_signing.jpg,149624,1024,1024,ok,,train,face_signing,0.99686
loan_3252,face_signing,/workspace/jinchuang_v4/extracted/data/loan_3252/face_signing.jpg,loan_3252/face_signing.jpg,21462,223,387,ok,,train,face_signing,0.99798274
loan_3253,face_signing,/workspace/jinchuang_v4/extracted/data/loan_3253/face_signing.jpg,loan_3253/face_signing.jpg,257067,1254,1254,ok,,test,face_signing,0.9990221
loan_3254,face_signing,/workspace/jinchuang_v4/extracted/data/loan_3254/face_signing.jpg,loan_3254/face_signing.jpg,157012,1024,1024,ok,,train,face_signing,0.99533325
