image_id,file_path,loan_id,similar_group,is_similar_pair,fraud_type,姓名,性别,民族,出生日期,住址,身份证号,签发机关,有效期限,甲方名称,借款金额,借款期限(月),借款用途,还款方式
IMG_00003,loan_001/face_signing.jpg,LN2024000001,,0,,,,,,,,,,,,,,
IMG_00008,loan_002/face_signing.jpg,LN2024000002,SG_001,1,,,,,,,,,,,,,,
IMG_00013,loan_003/face_signing.jpg,LN2024000003,,0,,,,,,,,,,,,,,
IMG_00018,loan_004/face_signing.jpg,LN2024000004,,0,,,,,,,,,,,,,,
IMG_00023,loan_005/face_signing.jpg,LN2024000005,SG_002,1,,,,,,,,,,,,,,
IMG_00028,loan_006/face_signing.jpg,LN2024000006,,0,,,,,,,,,,,,,,
IMG_00033,loan_007/face_signing.jpg,LN2024000007,,0,,,,,,,,,,,,,,
IMG_00038,loan_008/face_signing.jpg,LN2024000008,,0,,,,,,,,,,,,,,
IMG_00043,loan_009/face_signing.jpg,LN2024000009,,0,,,,,,,,,,,,,,
IMG_00048,loan_010/face_signing.jpg,LN2024000010,,0,,,,,,,,,,,,,,
IMG_00053,loan_011/face_signing.jpg,LN2024000011,SG_003,1,,,,,,,,,,,,,,
IMG_00058,loan_012/face_signing.jpg,LN2024000012,SG_004,1,,,,,,,,,,,,,,
IMG_00063,loan_013/face_signing.jpg,LN2024000013,SG_005,1,,,,,,,,,,,,,,
IMG_00068,loan_014/face_signing.jpg,LN2024000014,,0,,,,,,,,,,,,,,
IMG_00073,loan_015/face_signing.jpg,LN2024000015,,0,,,,,,,,,,,,,,
IMG_00078,loan_016/face_signing.jpg,LN2024000016,SG_006,1,,,,,,,,,,,,,,
IMG_00083,loan_017/face_signing.jpg,LN2024000017,SG_007,1,,,,,,,,,,,,,,
IMG_00088,loan_018/face_signing.jpg,LN2024000018,,0,,,,,,,,,,,,,,
IMG_00093,loan_019/face_signing.jpg,LN2024000019,,0,,,,,,,,,,,,,,
IMG_00098,loan_020/face_signing.jpg,LN2024000020,,0,,,,,,,,,,,,,,
IMG_00103,loan_021/face_signing.jpg,LN2024000021,,0,,,,,,,,,,,,,,
IMG_00108,loan_022/face_signing.jpg,LN2024000022,,0,,,,,,,,,,,,,,
IMG_00113,loan_023/face_signing.jpg,LN2024000023,SG_008,1,,,,,,,,,,,,,,
IMG_00118,loan_024/face_signing.jpg,LN2024000024,,0,,,,,,,,,,,,,,
IMG_00123,loan_025/face_signing.jpg,LN2024000025,SG_009,1,,,,,,,,,,,,,,
IMG_00128,loan_026/face_signing.jpg,LN2024000026,,0,,,,,,,,,,,,,,
IMG_00133,loan_027/face_signing.jpg,LN2024000027,,0,,,,,,,,,,,,,,
IMG_00138,loan_028/face_signing.jpg,LN2024000028,SG_010,1,,,,,,,,,,,,,,
IMG_00143,loan_029/face_signing.jpg,LN2024000029,,0,,,,,,,,,,,,,,
IMG_00148,loan_030/face_signing.jpg,LN2024000030,,0,,,,,,,,,,,,,,
IMG_00153,loan_031/face_signing.jpg,LN2024000031,,0,,,,,,,,,,,,,,
IMG_00158,loan_032/face_signing.jpg,LN2024000032,,0,,,,,,,,,,,,,,
IMG_00163,loan_033/face_signing.jpg,LN2024000033,,0,,,,,,,,,,,,,,
IMG_00168,loan_034/face_signing.jpg,LN2024000034,,0,,,,,,,,,,,,,,
IMG_00173,loan_035/face_signing.jpg,LN2024000035,SG_011,1,,,,,,,,,,,,,,
IMG_00178,loan_036/face_signing.jpg,LN2024000036,,0,,,,,,,,,,,,,,
IMG_00183,loan_037/face_signing.jpg,LN2024000037,,0,,,,,,,,,,,,,,
IMG_00188,loan_038/face_signing.jpg,LN2024000038,,0,,,,,,,,,,,,,,
IMG_00193,loan_039/face_signing.jpg,LN2024000039,,0,,,,,,,,,,,,,,
IMG_00198,loan_040/face_signing.jpg,LN2024000040,,0,,,,,,,,,,,,,,
IMG_00203,loan_041/face_signing.jpg,LN2024000041,,0,,,,,,,,,,,,,,
IMG_00208,loan_042/face_signing.jpg,LN2024000042,SG_012,1,,,,,,,,,,,,,,
IMG_00213,loan_043/face_signing.jpg,LN2024000043,SG_013,1,,,,,,,,,,,,,,
IMG_00218,loan_044/face_signing.jpg,LN2024000044,,0,,,,,,,,,,,,,,
IMG_00223,loan_045/face_signing.jpg,LN2024000045,SG_014,1,,,,,,,,,,,,,,
IMG_00228,loan_046/face_signing.jpg,LN2024000046,,0,,,,,,,,,,,,,,
IMG_00233,loan_047/face_signing.jpg,LN2024000047,,0,,,,,,,,,,,,,,
IMG_00238,loan_048/face_signing.jpg,LN2024000048,,0,,,,,,,,,,,,,,
IMG_00243,loan_049/face_signing.jpg,LN2024000049,,0,,,,,,,,,,,,,,
IMG_00248,loan_050/face_signing.jpg,LN2024000050,SG_015,1,,,,,,,,,,,,,,
IMG_00253,loan_051/face_signing.jpg,LN2024000051,SG_001,1,,,,,,,,,,,,,,
IMG_00258,loan_052/face_signing.jpg,LN2024000052,SG_002,1,,,,,,,,,,,,,,
IMG_00263,loan_053/face_signing.jpg,LN2024000053,SG_003,1,,,,,,,,,,,,,,
IMG_00268,loan_054/face_signing.jpg,LN2024000054,SG_003,1,,,,,,,,,,,,,,
IMG_00273,loan_055/face_signing.jpg,LN2024000055,SG_004,1,,,,,,,,,,,,,,
IMG_00278,loan_056/face_signing.jpg,LN2024000056,SG_004,1,,,,,,,,,,,,,,
IMG_00283,loan_057/face_signing.jpg,LN2024000057,SG_005,1,,,,,,,,,,,,,,
IMG_00288,loan_058/face_signing.jpg,LN2024000058,SG_006,1,,,,,,,,,,,,,,
IMG_00293,loan_059/face_signing.jpg,LN2024000059,SG_006,1,,,,,,,,,,,,,,
IMG_00298,loan_060/face_signing.jpg,LN2024000060,SG_007,1,,,,,,,,,,,,,,
IMG_00303,loan_061/face_signing.jpg,LN2024000061,SG_007,1,,,,,,,,,,,,,,
IMG_00308,loan_062/face_signing.jpg,LN2024000062,SG_008,1,,,,,,,,,,,,,,
IMG_00313,loan_063/face_signing.jpg,LN2024000063,SG_009,1,,,,,,,,,,,,,,
IMG_00318,loan_064/face_signing.jpg,LN2024000064,SG_010,1,,,,,,,,,,,,,,
IMG_00323,loan_065/face_signing.jpg,LN2024000065,SG_010,1,,,,,,,,,,,,,,
IMG_00328,loan_066/face_signing.jpg,LN2024000066,SG_011,1,,,,,,,,,,,,,,
IMG_00333,loan_067/face_signing.jpg,LN2024000067,SG_011,1,,,,,,,,,,,,,,
IMG_00338,loan_068/face_signing.jpg,LN2024000068,SG_012,1,,,,,,,,,,,,,,
IMG_00343,loan_069/face_signing.jpg,LN2024000069,SG_012,1,,,,,,,,,,,,,,
IMG_00348,loan_070/face_signing.jpg,LN2024000070,SG_013,1,,,,,,,,,,,,,,
IMG_00353,loan_071/face_signing.jpg,LN2024000071,SG_013,1,,,,,,,,,,,,,,
IMG_00358,loan_072/face_signing.jpg,LN2024000072,SG_014,1,,,,,,,,,,,,,,
IMG_00363,loan_073/face_signing.jpg,LN2024000073,SG_014,1,,,,,,,,,,,,,,
IMG_00368,loan_074/face_signing.jpg,LN2024000074,SG_015,1,,,,,,,,,,,,,,
IMG_00371,loan_075/face_signing.jpg,LN2024000075,SG_16,1,,罗宇,女,汉族,1978-07-11,广东省深圳市福田区 锦绣华庭 17栋1单元1591室,440304197807118807,福田区公安局福田区分局,1996.07.06-2006.07.04,新亚特兰蒂斯商业银行,895343.92,24,扩大生产,等额本息
IMG_00372,loan_076/face_signing.jpg,LN2024000076,SG_17,1,,朱涛,男,汉族,1970-07-18,重庆市重庆市九龙坡区 御景半岛 3栋4单元1335室,500107197007182450,九龙坡区公安局九龙坡区分局,1988.07.13-1998.07.11,琅琊商业银行,615423.11,36,企业流动资金,等额本息
IMG_00373,loan_077/face_signing.jpg,LN2024000077,SG_18,1,,杨敏,女,汉族,1974-04-20,河南省郑州市金水区 绿地新江湾 12栋1单元2237室,410105197404209800,金水区公安局金水区分局,1992.04.15-2002.04.13,哥谭市小额贷款中心,123183.27,3,购买新能源汽车,先息后本
IMG_00374,loan_078/face_signing.jpg,LN2024000078,SG_19,1,,马梓轩,女,汉族,1975-05-17,云南省昆明市五华区 御景半岛 11栋4单元441室,53010219750517828X,五华区公安局五华区分局,1993.05.12-2003.05.10,夏尔农业信贷,45254.26,3,教育进修,一次性还本付息
IMG_00375,loan_079/face_signing.jpg,LN2024000079,SG_20,1,,李娟,女,汉族,1972-08-12,上海市上海市黄浦区 龙腾盛世 10栋2单元2468室,310101197208128983,黄浦区公安局黄浦区分局,1990.08.08-2000.08.05,阿卡姆消费金融,95480.37,6,购买燃油车,先息后本
IMG_00376,loan_080/face_signing.jpg,LN2024000080,SG_21,1,,周燕,女,汉族,1970-02-08,广东省深圳市南山区 绿地新江湾 1栋5单元2158室,440305197002088520,南山区公安局南山区分局,1988.02.04-1998.02.01,霍格沃茨魔法银行,189036.16,12,购买燃油车,等额本息
IMG_00377,loan_081/face_signing.jpg,LN2024000081,SG_22,1,,杨华,女,汉族,1984-08-29,广东省广州市荔湾区 香榭丽舍 13栋5单元2006室,440103198408292960,荔湾区公安局荔湾区分局,2002.08.25-2012.08.22,艾泽拉斯数字科技,171304.93,12,婚庆,等额本金
IMG_00378,loan_082/face_signing.jpg,LN2024000082,SG_23,1,,林燕,女,汉族,1967-12-16,云南省昆明市五华区 御景半岛 8栋6单元2295室,530102196712167749,五华区公安局五华区分局,1985.12.11-1995.12.09,星火基地普惠金融,199184.91,3,购买新能源汽车,先息后本
IMG_00379,loan_083/face_signing.jpg,LN2024000083,SG_24,1,,林文,女,汉族,1971-05-16,江苏省苏州市虎丘区 绿地新江湾 2栋4单元1218室,32050519710516362X,虎丘区公安局虎丘区分局,1989.05.11-1999.05.09,瓦坎达信贷中心,182702.3,24,购买燃油车,等额本金
IMG_00380,loan_084/face_signing.jpg,LN2024000084,SG_25,1,,刘梓轩,男,壮族,2006-03-29,湖南省长沙市岳麓区 中央公园 1栋6单元2304室,430104200603298852,岳麓区公安局岳麓区分局,2024.03.24-2034.03.22,提瓦特小额贷款,266801.1,24,房屋装修,等额本金
IMG_00381,loan_085/face_signing.jpg,LN2024000085,SG_26,1,,李雪,女,汉族,1992-11-09,天津市天津市东丽区 星河湾畔 4栋2单元846室,120110199211099941,东丽区公安局东丽区分局,2010.11.05-2020.11.02,昆仑数字科技有限公司,284368.99,24,婚庆,等额本金
IMG_00382,loan_086/face_signing.jpg,LN2024000086,SG_27,1,,林涛,男,汉族,1980-09-11,山东省青岛市崂山区 香榭丽舍 18栋4单元642室,370212198009111193,崂山区公安局崂山区分局,1998.09.07-2008.09.04,潘多拉普惠金融,440020.51,24,购房首付,等额本金
IMG_00383,loan_087/face_signing.jpg,LN2024000087,SG_28,1,,郭雪,女,汉族,1979-01-15,北京市北京市东城区 锦绣家园 10栋5单元143室,110101197901157849,东城区公安局东城区分局,1997.01.10-2007.01.08,阿卡姆消费金融,50671.85,6,房屋装修,先息后本
IMG_00384,loan_088/face_signing.jpg,LN2024000088,SG_29,1,,黄雪,女,汉族,2006-02-04,海南省海口市龙华区 香榭丽舍 16栋5单元1847室,460106200602049246,龙华区公安局龙华区分局,2024.01.31-2034.01.28,艾泽拉斯数字科技,2408464.39,360,购房首付,等额本息
IMG_00385,loan_089/face_signing.jpg,LN2024000089,SG_30,1,,孙秀,女,汉族,1970-12-19,山东省青岛市崂山区 枫林晚居 20栋6单元204室,370212197012194220,崂山区公安局崂山区分局,1988.12.14-1998.12.12,提瓦特小额贷款,714203.63,60,企业流动资金,等额本金
IMG_00386,loan_090/face_signing.jpg,LN2024000090,SG_31,1,,杨磊,男,汉族,1986-11-17,浙江省杭州市西湖区 紫金华府 11栋4单元165室,330106198611176299,西湖区公安局西湖区分局,2004.11.12-2014.11.10,哥谭市小额贷款中心,1922926.3,120,二手房交易,按月付息，到期还本
IMG_00387,loan_091/face_signing.jpg,LN2024000091,SG_32,1,,何建国,男,汉族,1969-12-04,新疆维吾尔自治区乌鲁木齐市天山区 锦绣华庭 8栋4单元1153室,65010219691204023X,天山区公安局天山区分局,1987.11.30-1997.11.27,哥谭市小额贷款中心,139470.6,12,购买新能源汽车,按月付息，到期还本
IMG_00388,loan_092/face_signing.jpg,LN2024000092,SG_33,1,,胡华,女,汉族,1970-09-29,湖南省长沙市芙蓉区 御景半岛 13栋5单元357室,430102197009295387,芙蓉区公安局芙蓉区分局,1988.09.24-1998.09.22,阿卡姆消费金融,162769.96,3,婚庆,一次性还本付息
IMG_00389,loan_093/face_signing.jpg,LN2024000093,SG_34,1,,黄梓轩,女,汉族,1965-05-30,北京市北京市东城区 紫金华府 5栋4单元1010室,110101196505309164,东城区公安局东城区分局,1983.05.26-1993.05.23,潘多拉普惠金融,109609.64,6,房屋装修,一次性还本付息
IMG_00390,loan_094/face_signing.jpg,LN2024000094,SG_35,1,,李子涵,女,汉族,1985-02-26,福建省厦门市思明区 普罗旺斯 15栋2单元595室,350203198502269808,思明区公安局思明区分局,2003.02.22-2013.02.19,星火基地普惠金融,133710.31,3,婚庆,先息后本
IMG_00391,loan_095/face_signing.jpg,LN2024000095,SG_36,1,,孙建,男,汉族,1989-07-21,山东省青岛市崂山区 锦绣华庭 10栋3单元1686室,370212198907212412,崂山区公安局崂山区分局,2007.07.17-2017.07.14,琅琊商业银行,160704.68,12,购买燃油车,按月付息，到期还本
IMG_00392,loan_096/face_signing.jpg,LN2024000096,SG_37,1,,林杰,男,汉族,1999-11-15,云南省昆明市五华区 锦绣华庭 20栋6单元1874室,530102199911150193,五华区公安局五华区分局,2017.11.10-2027.11.08,九又四分之三信贷中心,911131.86,36,购房首付,等额本金
IMG_00393,loan_097/face_signing.jpg,LN2024000097,SG_38,1,,黄伟,男,汉族,1981-05-02,新疆维吾尔自治区乌鲁木齐市天山区 翠湖雅苑 8栋3单元930室,650102198105023512,天山区公安局天山区分局,1999.04.28-2009.04.25,提瓦特小额贷款,308748.27,36,企业流动资金,等额本金
IMG_00394,loan_098/face_signing.jpg,LN2024000098,SG_39,1,,郭伟,男,汉族,2004-02-18,重庆市重庆市九龙坡区 东方曼哈顿 17栋6单元1805室,500107200402186499,九龙坡区公安局九龙坡区分局,2022.02.13-2032.02.11,新亚特兰蒂斯商业银行,3275601.43,240,二手房交易,按月付息，到期还本
IMG_00395,loan_099/face_signing.jpg,LN2024000099,SG_40,1,,李婷,女,汉族,1966-06-20,四川省成都市武侯区 锦绣华庭 3栋1单元2276室,510107196606208461,武侯区公安局武侯区分局,1984.06.15-1994.06.13,潘多拉普惠金融,541473.08,24,扩大生产,等额本息
IMG_00396,loan_100/face_signing.jpg,LN2024000100,SG_41,1,,吴敏,女,汉族,1960-11-07,安徽省合肥市庐阳区 阳光100 8栋5单元281室,340103196011078445,庐阳区公安局庐阳区分局,1978.11.03-1988.10.31,夏尔农业信贷,149864.55,24,婚庆,等额本金
IMG_00397,loan_101/face_signing.jpg,LN2024000101,SG_42,1,,刘晨,女,汉族,1994-06-07,广东省广州市天河区 御景半岛 14栋5单元2294室,440106199406078403,天河区公安局天河区分局,2012.06.02-2022.05.31,艾泽拉斯数字科技,139661.66,12,购买燃油车,等额本息
IMG_00398,loan_102/face_signing.jpg,LN2024000102,SG_43,1,,李平,女,满族,1975-09-11,新疆维吾尔自治区乌鲁木齐市天山区 普罗旺斯 20栋3单元1902室,650102197509110968,天山区公安局天山区分局,1993.09.06-2003.09.04,新亚特兰蒂斯商业银行,2822053.29,240,企业流动资金,按月付息，到期还本
IMG_00399,loan_103/face_signing.jpg,LN2024000103,SG_44,1,,李晨,女,彝族,1983-06-25,广东省广州市天河区 融创壹号院 10栋5单元1390室,440106198306255500,天河区公安局天河区分局,2001.06.20-2011.06.18,昆仑数字科技有限公司,2354101.16,120,二手房交易,按月付息，到期还本
IMG_00400,loan_104/face_signing.jpg,LN2024000104,SG_45,1,,马华,男,汉族,1979-08-29,四川省成都市锦江区 枫林晚居 11栋4单元1470室,510104197908294276,锦江区公安局锦江区分局,1997.08.24-2007.08.22,赛博城消费金融有限公司,734404.37,60,购房首付,等额本息
IMG_00401,loan_105/face_signing.jpg,LN2024000105,SG_46,1,,高磊,男,彝族,1991-09-15,山东省济南市历下区 锦绣家园 18栋2单元187室,370102199109152597,历下区公安局历下区分局,2009.09.10-2019.09.08,赛博城消费金融有限公司,235424.55,60,婚庆,按月付息，到期还本
IMG_00402,loan_106/face_signing.jpg,LN2024000106,SG_47,1,,吴平,女,汉族,1984-07-30,江苏省南京市鼓楼区 碧水云天 9栋6单元797室,320106198407300529,鼓楼区公安局鼓楼区分局,2002.07.26-2012.07.23,星火基地普惠金融,119200.43,6,房屋装修,先息后本
IMG_00403,loan_107/face_signing.jpg,LN2024000107,SG_48,1,,孙明,男,汉族,2002-05-02,浙江省宁波市海曙区 翠湖雅苑 3栋5单元1395室,330203200205022653,海曙区公安局海曙区分局,2020.04.27-2030.04.25,新亚特兰蒂斯商业银行,3699935.93,240,二手房交易,等额本息
IMG_00404,loan_108/face_signing.jpg,LN2024000108,SG_49,1,,何磊,男,汉族,1964-09-23,广东省深圳市福田区 悦海名邸 13栋6单元1816室,440304196409234613,福田区公安局福田区分局,1982.09.19-1992.09.16,昆仑数字科技有限公司,82157.78,12,婚庆,按月付息，到期还本
IMG_00405,loan_109/face_signing.jpg,LN2024000109,SG_50,1,,林文,女,汉族,1977-05-02,江西省南昌市东湖区 威尼斯水城 7栋4单元1063室,360102197705024005,东湖区公安局东湖区分局,1995.04.28-2005.04.25,霍格沃茨魔法银行,2317746.33,120,企业流动资金,按月付息，到期还本
IMG_00406,loan_110/face_signing.jpg,LN2024000110,SG_51,1,,徐文,女,汉族,1994-12-08,江苏省苏州市虎丘区 香榭丽舍 20栋4单元641室,320505199412087961,虎丘区公安局虎丘区分局,2012.12.03-2022.12.01,瓦坎达信贷中心,79506.77,12,房屋装修,按月付息，到期还本
IMG_00407,loan_111/face_signing.jpg,LN2024000111,SG_52,1,,李志强,男,汉族,1983-05-24,新疆维吾尔自治区乌鲁木齐市天山区 碧水云天 3栋1单元110室,650102198305245136,天山区公安局天山区分局,2001.05.19-2011.05.17,琅琊商业银行,1720283.02,120,购房首付,等额本金
IMG_00408,loan_112/face_signing.jpg,LN2024000112,SG_53,1,,孙晨,男,汉族,1970-01-06,浙江省杭州市上城区 悦海名邸 9栋3单元2037室,330102197001067036,上城区公安局上城区分局,1988.01.02-1997.12.30,星火基地普惠金融,1205902.08,120,二手房交易,按月付息，到期还本
IMG_00409,loan_113/face_signing.jpg,LN2024000113,SG_54,1,,胡梓轩,男,汉族,1984-11-19,北京市北京市朝阳区 枫林晚居 20栋4单元1871室,110105198411195818,朝阳区公安局朝阳区分局,2002.11.15-2012.11.12,琅琊商业银行,144326.21,12,房屋装修,等额本息
IMG_00410,loan_114/face_signing.jpg,LN2024000114,SG_55,1,,马宇,男,汉族,1990-01-19,江苏省苏州市虎丘区 悦海名邸 9栋5单元2329室,320505199001197779,虎丘区公安局虎丘区分局,2008.01.15-2018.01.12,提瓦特小额贷款,800373.65,60,购房首付,等额本金
IMG_00411,loan_115/face_signing.jpg,LN2024000115,SG_56,1,,高杰,男,汉族,1989-06-08,新疆维吾尔自治区乌鲁木齐市天山区 普罗旺斯 17栋3单元1747室,650102198906081253,天山区公安局天山区分局,2007.06.04-2017.06.01,哥谭市小额贷款中心,961529.27,36,企业流动资金,等额本金
IMG_00412,loan_116/face_signing.jpg,LN2024000116,SG_57,1,,朱强,男,汉族,1976-01-02,广东省广州市天河区 枫林晚居 1栋5单元473室,44010619760102505X,天河区公安局天河区分局,1993.12.28-2003.12.26,瓦坎达信贷中心,250351.06,36,购买新能源汽车,等额本息
IMG_00413,loan_117/face_signing.jpg,LN2024000117,SG_58,1,,胡佳,女,汉族,1973-12-22,贵州省贵阳市云岩区 东方曼哈顿 15栋4单元1142室,520103197312226403,云岩区公安局云岩区分局,1991.12.18-2001.12.15,阿卡姆消费金融,25993.23,12,日常消费,按月付息，到期还本
IMG_00414,loan_118/face_signing.jpg,LN2024000118,SG_59,1,,林燕,女,汉族,1967-07-27,湖南省长沙市芙蓉区 锦绣家园 19栋3单元926室,430102196707279881,芙蓉区公安局芙蓉区分局,1985.07.22-1995.07.20,新亚特兰蒂斯商业银行,70701.65,6,购买燃油车,一次性还本付息
IMG_00415,loan_119/face_signing.jpg,LN2024000119,SG_60,1,,郭勇,男,汉族,1983-11-19,新疆维吾尔自治区乌鲁木齐市天山区 枫林晚居 14栋1单元1703室,650102198311198110,天山区公安局天山区分局,2001.11.14-2011.11.12,九又四分之三信贷中心,50799.34,6,房屋装修,一次性还本付息
IMG_00416,loan_120/face_signing.jpg,LN2024000120,SG_61,1,,何秀,女,汉族,2006-10-05,天津市天津市和平区 威尼斯水城 2栋2单元818室,12010120061005132X,和平区公安局和平区分局,2024.09.30-2034.09.28,琅琊商业银行,809520.92,36,扩大生产,等额本金
IMG_00417,loan_121/face_signing.jpg,LN2024000121,SG_62,1,,张建,女,汉族,1963-01-04,陕西省西安市雁塔区 星河湾畔 5栋1单元1960室,610113196301041964,雁塔区公安局雁塔区分局,1980.12.30-1990.12.28,夏尔农业信贷,188283.82,12,购买新能源汽车,等额本息
IMG_00418,loan_122/face_signing.jpg,LN2024000122,SG_63,1,,郭子涵,女,苗族,1970-02-05,浙江省杭州市上城区 绿地新江湾 8栋3单元335室,330102197002050826,上城区公安局上城区分局,1988.02.01-1998.01.29,星火基地普惠金融,776342.8,60,二手房交易,等额本金
IMG_00419,loan_123/face_signing.jpg,LN2024000123,SG_64,1,,徐平,男,汉族,1973-11-01,上海市上海市黄浦区 悦海名邸 6栋1单元2303室,310101197311016832,黄浦区公安局黄浦区分局,1991.10.28-2001.10.25,九又四分之三信贷中心,4535001.23,120,企业流动资金,按月付息，到期还本
IMG_00420,loan_124/face_signing.jpg,LN2024000124,SG_65,1,,张平,女,回族,1983-07-14,江苏省苏州市虎丘区 星河湾畔 17栋3单元2267室,320505198307143146,虎丘区公安局虎丘区分局,2001.07.09-2011.07.07,星火基地普惠金融,715977.66,24,二手房交易,等额本息
IMG_00421,loan_125/face_signing.jpg,LN2024000125,SG_66,1,,周建国,男,汉族,1981-02-10,福建省福州市鼓楼区 悦海名邸 4栋3单元868室,350102198102105378,鼓楼区公安局鼓楼区分局,1999.02.06-2009.02.03,新亚特兰蒂斯商业银行,99182.91,12,购买燃油车,等额本息
IMG_00422,loan_126/face_signing.jpg,LN2024000126,SG_67,1,,刘华,男,汉族,2006-05-08,贵州省贵阳市云岩区 悦海名邸 5栋1单元1858室,520103200605088336,云岩区公安局云岩区分局,2024.05.03-2034.05.01,夏尔农业信贷,168352.01,12,购买燃油车,等额本息
IMG_00423,loan_127/face_signing.jpg,LN2024000127,SG_68,1,,朱伟,男,汉族,2002-10-27,湖南省长沙市芙蓉区 融创壹号院 12栋3单元139室,43010220021027139X,芙蓉区公安局芙蓉区分局,2020.10.22-2030.10.20,提瓦特小额贷款,179645.25,3,婚庆,先息后本
IMG_00424,loan_128/face_signing.jpg,LN2024000128,SG_69,1,,杨浩,女,汉族,1963-01-01,新疆维吾尔自治区乌鲁木齐市天山区 锦绣华庭 18栋3单元151室,650102196301018084,天山区公安局天山区分局,1980.12.27-1990.12.25,新亚特兰蒂斯商业银行,309499.66,60,二手房交易,等额本息
IMG_00425,loan_129/face_signing.jpg,LN2024000129,SG_70,1,,李子涵,女,汉族,1996-11-03,江苏省南京市鼓楼区 碧水云天 8栋1单元656室,320106199611030161,鼓楼区公安局鼓楼区分局,2014.10.30-2024.10.27,潘多拉普惠金融,13630.25,3,日常消费,先息后本
IMG_00426,loan_130/face_signing.jpg,LN2024000130,SG_71,1,,周浩,男,汉族,2006-04-15,湖南省长沙市岳麓区 锦绣华庭 18栋4单元1236室,430104200604152951,岳麓区公安局岳麓区分局,2024.04.10-2034.04.08,星火基地普惠金融,136552.69,12,购买新能源汽车,等额本金
IMG_00427,loan_131/face_signing.jpg,LN2024000131,SG_72,1,,胡佳,女,汉族,1997-01-28,四川省成都市锦江区 锦绣家园 19栋3单元221室,510104199701288628,锦江区公安局锦江区分局,2015.01.24-2025.01.21,木叶村消费金融,3398865.47,120,购房首付,等额本金
IMG_00428,loan_132/face_signing.jpg,LN2024000132,SG_73,1,,马静,女,汉族,1971-10-26,天津市天津市东丽区 锦绣华庭 7栋6单元1064室,120110197110269009,东丽区公安局东丽区分局,1989.10.21-1999.10.19,阿卡姆消费金融,2947181.97,120,企业流动资金,等额本金
IMG_00429,loan_133/face_signing.jpg,LN2024000133,SG_74,1,,张超,男,汉族,1990-08-24,重庆市重庆市渝中区 阳光100 13栋6单元1952室,500103199008242172,渝中区公安局渝中区分局,2008.08.19-2018.08.17,艾泽拉斯数字科技,4309211.5,240,企业流动资金,等额本息
IMG_00430,loan_134/face_signing.jpg,LN2024000134,SG_75,1,,朱涛,男,汉族,2001-01-16,陕西省西安市新城区 龙腾盛世 17栋1单元989室,610102200101167116,新城区公安局新城区分局,2019.01.12-2029.01.09,木叶村消费金融,951668.89,36,企业流动资金,等额本息
IMG_00431,loan_135/face_signing.jpg,LN2024000135,SG_76,1,,徐静,女,汉族,1970-03-13,安徽省合肥市庐阳区 翠湖雅苑 2栋4单元1965室,340103197003137008,庐阳区公安局庐阳区分局,1988.03.08-1998.03.06,瓦坎达信贷中心,3778890.71,240,二手房交易,按月付息，到期还本
IMG_00432,loan_136/face_signing.jpg,LN2024000136,SG_77,1,,胡建国,男,汉族,1990-09-29,江西省南昌市东湖区 龙腾盛世 5栋4单元318室,360102199009295935,东湖区公安局东湖区分局,2008.09.24-2018.09.22,艾泽拉斯数字科技,4602573.93,240,购房首付,等额本金
IMG_00433,loan_137/face_signing.jpg,LN2024000137,SG_78,1,,何伟,男,汉族,2000-07-18,广东省广州市天河区 阳光100 12栋2单元1700室,440106200007188475,天河区公安局天河区分局,2018.07.14-2028.07.11,赛博城消费金融有限公司,4162632.6,120,企业流动资金,按月付息，到期还本
IMG_00434,loan_138/face_signing.jpg,LN2024000138,SG_79,1,,高宇,男,汉族,1984-02-12,江苏省南京市鼓楼区 绿地新江湾 5栋6单元346室,320106198402121214,鼓楼区公安局鼓楼区分局,2002.02.07-2012.02.05,霍格沃茨魔法银行,146688.9,6,购买燃油车,先息后本
IMG_00435,loan_139/face_signing.jpg,LN2024000139,SG_80,1,,朱浩,男,汉族,1995-04-28,上海市上海市黄浦区 御景半岛 7栋3单元1148室,310101199504280356,黄浦区公安局黄浦区分局,2013.04.23-2023.04.21,新亚特兰蒂斯商业银行,474379.91,24,购房首付,等额本息
IMG_00436,loan_140/face_signing.jpg,LN2024000140,SG_81,1,,马晨,男,汉族,1974-08-07,浙江省宁波市海曙区 星河湾畔 13栋4单元1185室,330203197408073771,海曙区公安局海曙区分局,1992.08.02-2002.07.31,新亚特兰蒂斯商业银行,177685.34,24,购买新能源汽车,等额本息
IMG_00437,loan_141/face_signing.jpg,LN2024000141,SG_82,1,,周燕,女,汉族,1974-10-29,浙江省宁波市海曙区 锦绣家园 12栋5单元2266室,330203197410293984,海曙区公安局海曙区分局,1992.10.24-2002.10.22,阿卡姆消费金融,614670.77,120,购房首付,等额本息
IMG_00438,loan_142/face_signing.jpg,LN2024000142,SG_83,1,,吴晨,女,汉族,1999-11-11,江苏省苏州市虎丘区 绿地新江湾 18栋6单元200室,320505199911111081,虎丘区公安局虎丘区分局,2017.11.06-2027.11.04,赛博城消费金融有限公司,625804.81,24,购房首付,等额本息
IMG_00439,loan_143/face_signing.jpg,LN2024000143,SG_84,1,,刘杰,男,汉族,1987-01-20,山东省青岛市崂山区 御景半岛 13栋4单元1526室,370212198701206690,崂山区公安局崂山区分局,2005.01.15-2015.01.13,星火基地普惠金融,52647.23,6,房屋装修,先息后本
IMG_00440,loan_144/face_signing.jpg,LN2024000144,SG_85,1,,胡华,女,汉族,1976-06-26,陕西省西安市新城区 中央公园 11栋3单元1925室,610102197606261306,新城区公安局新城区分局,1994.06.22-2004.06.19,九又四分之三信贷中心,786308.42,36,二手房交易,等额本息
IMG_00441,loan_145/face_signing.jpg,LN2024000145,SG_86,1,,张文,男,汉族,1970-05-08,广东省广州市荔湾区 普罗旺斯 17栋3单元110室,440103197005082497,荔湾区公安局荔湾区分局,1988.05.03-1998.05.01,提瓦特小额贷款,874105.8,24,二手房交易,等额本息
IMG_00442,loan_146/face_signing.jpg,LN2024000146,SG_87,1,,杨建国,男,汉族,1981-09-25,江西省南昌市东湖区 翠湖雅苑 15栋5单元2358室,360102198109258715,东湖区公安局东湖区分局,1999.09.21-2009.09.18,哥谭市小额贷款中心,3073110.29,120,二手房交易,等额本息
IMG_00443,loan_147/face_signing.jpg,LN2024000147,SG_88,1,,高建国,男,汉族,2006-01-02,山东省济南市历下区 枫林晚居 4栋3单元2252室,370102200601021236,历下区公安局历下区分局,2023.12.29-2033.12.26,哥谭市小额贷款中心,4736363.32,120,二手房交易,等额本金
IMG_00444,loan_148/face_signing.jpg,LN2024000148,SG_89,1,,赵静,女,汉族,1994-09-25,江苏省苏州市虎丘区 锦绣华庭 14栋6单元1349室,320505199409250684,虎丘区公安局虎丘区分局,2012.09.20-2022.09.18,潘多拉普惠金融,1272002.02,120,购房首付,按月付息，到期还本
IMG_00445,loan_149/face_signing.jpg,LN2024000149,SG_90,1,,张文,女,汉族,1980-05-29,广东省深圳市福田区 龙腾盛世 12栋3单元1511室,440304198005294264,福田区公安局福田区分局,1998.05.25-2008.05.22,星火基地普惠金融,174220.8,6,购买燃油车,一次性还本付息
IMG_00446,loan_150/face_signing.jpg,LN2024000150,SG_91,1,,张伟,男,维吾尔族,1984-06-12,云南省昆明市五华区 龙腾盛世 8栋6单元695室,53010219840612239X,五华区公安局五华区分局,2002.06.08-2012.06.05,赛博城消费金融有限公司,286326.64,60,房屋装修,等额本息
IMG_00447,loan_151/face_signing.jpg,LN2024000151,SG_92,1,,李静,女,汉族,1988-11-05,四川省成都市锦江区 阳光100 3栋3单元2145室,510104198811056946,锦江区公安局锦江区分局,2006.11.01-2016.10.29,木叶村消费金融,186731.32,6,购买燃油车,先息后本
IMG_00448,loan_152/face_signing.jpg,LN2024000152,SG_93,1,,高慧,女,汉族,2001-04-19,湖南省长沙市芙蓉区 悦海名邸 10栋1单元503室,430102200104197261,芙蓉区公安局芙蓉区分局,2019.04.15-2029.04.12,夏尔农业信贷,539641.0,24,购房首付,等额本金
IMG_00449,loan_153/face_signing.jpg,LN2024000153,SG_94,1,,李杰,男,汉族,1996-04-24,浙江省杭州市西湖区 紫金华府 5栋3单元358室,330106199604249757,西湖区公安局西湖区分局,2014.04.20-2024.04.17,琅琊商业银行,840100.87,60,扩大生产,按月付息，到期还本
IMG_00450,loan_154/face_signing.jpg,LN2024000154,SG_95,1,,林浩,男,汉族,1982-08-04,湖北省武汉市江岸区 东方曼哈顿 20栋4单元2355室,420102198208044516,江岸区公安局江岸区分局,2000.07.30-2010.07.28,潘多拉普惠金融,2739485.63,120,购房首付,按月付息，到期还本
IMG_00451,loan_155/face_signing.jpg,LN2024000155,SG_96,1,,朱宇,女,汉族,1987-04-17,贵州省贵阳市云岩区 碧水云天 10栋1单元783室,520103198704178361,云岩区公安局云岩区分局,2005.04.12-2015.04.10,星火基地普惠金融,160684.75,12,房屋装修,等额本息
IMG_00452,loan_156/face_signing.jpg,LN2024000156,SG_97,1,,黄华,女,汉族,1977-01-15,湖北省武汉市江岸区 香榭丽舍 12栋6单元523室,420102197701155784,江岸区公安局江岸区分局,1995.01.11-2005.01.08,琅琊商业银行,874257.83,36,二手房交易,按月付息，到期还本
IMG_00453,loan_157/face_signing.jpg,LN2024000157,SG_98,1,,罗浩,女,汉族,2001-12-31,浙江省宁波市海曙区 香榭丽舍 4栋5单元1159室,330203200112318682,海曙区公安局海曙区分局,2019.12.27-2029.12.24,阿卡姆消费金融,44493.04,3,购买家电,一次性还本付息
IMG_00454,loan_158/face_signing.jpg,LN2024000158,SG_99,1,,马华,女,彝族,1983-09-04,浙江省杭州市上城区 阳光100 18栋4单元802室,330102198309044986,上城区公安局上城区分局,2001.08.30-2011.08.28,哥谭市小额贷款中心,4473240.26,120,购房首付,按月付息，到期还本
IMG_00455,loan_159/face_signing.jpg,LN2024000159,SG_100,1,,林建,男,汉族,1960-09-01,福建省福州市鼓楼区 东方曼哈顿 1栋4单元1912室,350102196009016873,鼓楼区公安局鼓楼区分局,1978.08.28-1988.08.25,星火基地普惠金融,261412.29,60,房屋装修,按月付息，到期还本
IMG_00456,loan_160/face_signing.jpg,LN2024000160,SG_101,1,,吴娟,女,汉族,1989-05-07,江苏省南京市玄武区 翠湖雅苑 18栋6单元2257室,320102198905076085,玄武区公安局玄武区分局,2007.05.03-2017.04.30,艾泽拉斯数字科技,103167.91,3,婚庆,一次性还本付息
IMG_00457,loan_161/face_signing.jpg,LN2024000161,SG_102,1,,胡明,男,汉族,1998-04-17,云南省昆明市五华区 碧水云天 11栋4单元635室,530102199804176216,五华区公安局五华区分局,2016.04.12-2026.04.10,九又四分之三信贷中心,452573.02,36,二手房交易,等额本息
IMG_00458,loan_162/face_signing.jpg,LN2024000162,SG_103,1,,王晨,男,汉族,1992-05-21,陕西省西安市雁塔区 普罗旺斯 3栋1单元2298室,610113199205215278,雁塔区公安局雁塔区分局,2010.05.17-2020.05.14,九又四分之三信贷中心,739273.37,120,企业流动资金,等额本金
IMG_00459,loan_163/face_signing.jpg,LN2024000163,SG_104,1,,徐慧,女,汉族,1966-11-19,河南省郑州市金水区 碧水云天 13栋2单元334室,410105196611192568,金水区公安局金水区分局,1984.11.14-1994.11.12,九又四分之三信贷中心,629959.6,360,购房首付,等额本金
IMG_00460,loan_164/face_signing.jpg,LN2024000164,SG_105,1,,赵佳,女,汉族,1987-01-15,湖南省长沙市岳麓区 绿地新江湾 16栋1单元2154室,430104198701153665,岳麓区公安局岳麓区分局,2005.01.10-2015.01.08,潘多拉普惠金融,1856549.39,360,购房首付,等额本息
IMG_00461,loan_165/face_signing.jpg,LN2024000165,SG_106,1,,周丽,女,汉族,2008-04-26,北京市北京市海淀区 碧水云天 7栋1单元1479室,110108200804268829,海淀区公安局海淀区分局,2026.04.22-2036.04.19,夏尔农业信贷,3692346.95,240,企业流动资金,等额本金
IMG_00462,loan_166/face_signing.jpg,LN2024000166,SG_107,1,,孙婷,女,汉族,1963-08-14,山东省济南市历下区 阳光100 1栋4单元1310室,370102196308140560,历下区公安局历下区分局,1981.08.09-1991.08.07,琅琊商业银行,256437.29,60,房屋装修,等额本息
IMG_00463,loan_167/face_signing.jpg,LN2024000167,SG_108,1,,杨磊,男,汉族,2005-03-30,湖北省武汉市江岸区 锦绣华庭 2栋3单元1798室,420102200503300498,江岸区公安局江岸区分局,2023.03.26-2033.03.23,瓦坎达信贷中心,132940.29,12,婚庆,等额本息
IMG_00464,loan_168/face_signing.jpg,LN2024000168,SG_109,1,,孙文,女,汉族,1967-01-23,陕西省西安市雁塔区 碧水云天 2栋4单元2404室,61011319670123858X,雁塔区公安局雁塔区分局,1985.01.18-1995.01.16,琅琊商业银行,930073.78,36,购房首付,按月付息，到期还本
IMG_00465,loan_169/face_signing.jpg,LN2024000169,SG_110,1,,杨浩,女,汉族,1988-02-11,广东省深圳市南山区 紫金华府 17栋5单元1063室,440305198802115544,南山区公安局南山区分局,2006.02.06-2016.02.04,潘多拉普惠金融,114420.25,12,购买新能源汽车,等额本息
IMG_00466,loan_170/face_signing.jpg,LN2024000170,SG_111,1,,周静,女,汉族,1966-08-06,天津市天津市和平区 香榭丽舍 13栋2单元1731室,120101196608065846,和平区公安局和平区分局,1984.08.01-1994.07.30,木叶村消费金融,17896.74,12,旅游,按月付息，到期还本
IMG_00467,loan_171/face_signing.jpg,LN2024000171,SG_112,1,,吴勇,男,汉族,1995-05-11,江苏省苏州市虎丘区 御景半岛 3栋3单元1821室,320505199505114471,虎丘区公安局虎丘区分局,2013.05.06-2023.05.04,艾泽拉斯数字科技,671106.7,120,企业流动资金,按月付息，到期还本
IMG_00468,loan_172/face_signing.jpg,LN2024000172,SG_113,1,,赵子涵,女,汉族,1982-02-02,海南省海口市龙华区 悦海名邸 11栋2单元2213室,46010619820202316X,龙华区公安局龙华区分局,2000.01.29-2010.01.26,星火基地普惠金融,4244393.77,120,二手房交易,等额本金
IMG_00469,loan_173/face_signing.jpg,LN2024000173,SG_114,1,,黄子涵,女,汉族,1985-12-26,北京市北京市海淀区 威尼斯水城 11栋4单元1560室,110108198512264260,海淀区公安局海淀区分局,2003.12.22-2013.12.19,夏尔农业信贷,49666.87,6,旅游,一次性还本付息
IMG_00470,loan_174/face_signing.jpg,LN2024000174,SG_115,1,,王宇,男,汉族,1995-02-06,上海市上海市浦东新区 东方曼哈顿 2栋5单元599室,310115199502069395,浦东新区公安局浦东新区分局,2013.02.01-2023.01.30,哥谭市小额贷款中心,1296472.45,240,二手房交易,等额本金
IMG_00471,loan_175/face_signing.jpg,LN2024000175,SG_116,1,,赵梓轩,女,汉族,1970-07-11,四川省成都市锦江区 御景半岛 13栋5单元645室,510104197007117125,锦江区公安局锦江区分局,1988.07.06-1998.07.04,潘多拉普惠金融,1973594.86,240,企业流动资金,等额本金
IMG_00472,loan_176/face_signing.jpg,LN2024000176,SG_117,1,,高平,男,汉族,1988-10-04,上海市上海市浦东新区 普罗旺斯 12栋4单元1898室,310115198810042632,浦东新区公安局浦东新区分局,2006.09.30-2016.09.27,木叶村消费金融,354008.79,36,扩大生产,等额本金
IMG_00473,loan_177/face_signing.jpg,LN2024000177,SG_118,1,,林宇,男,汉族,1966-04-29,福建省厦门市思明区 龙腾盛世 12栋3单元465室,350203196604290094,思明区公安局思明区分局,1984.04.24-1994.04.22,瓦坎达信贷中心,121682.2,12,房屋装修,等额本金
IMG_00474,loan_178/face_signing.jpg,LN2024000178,SG_119,1,,赵子涵,男,汉族,1970-05-24,北京市北京市朝阳区 锦绣华庭 12栋5单元1906室,110105197005247913,朝阳区公安局朝阳区分局,1988.05.19-1998.05.17,提瓦特小额贷款,2366539.4,240,企业流动资金,等额本金
IMG_00475,loan_179/face_signing.jpg,LN2024000179,SG_120,1,,高娜,女,汉族,1995-02-01,广东省深圳市南山区 御景半岛 8栋2单元1242室,440305199502018368,南山区公安局南山区分局,2013.01.27-2023.01.25,赛博城消费金融有限公司,111868.57,6,婚庆,一次性还本付息
IMG_00476,loan_180/face_signing.jpg,LN2024000180,SG_121,1,,周磊,男,汉族,1968-09-05,河南省郑州市金水区 锦绣家园 3栋1单元1595室,410105196809053379,金水区公安局金水区分局,1986.09.01-1996.08.29,艾泽拉斯数字科技,741994.11,36,二手房交易,等额本金
IMG_00477,loan_181/face_signing.jpg,LN2024000181,SG_122,1,,马超,男,汉族,1963-08-04,广东省广州市天河区 锦绣华庭 20栋1单元901室,440106196308049170,天河区公安局天河区分局,1981.07.30-1991.07.28,木叶村消费金融,1990755.86,360,二手房交易,等额本息
IMG_00478,loan_182/face_signing.jpg,LN2024000182,SG_123,1,,马梓轩,女,汉族,1974-02-03,江苏省南京市玄武区 龙腾盛世 15栋5单元195室,32010219740203230X,玄武区公安局玄武区分局,1992.01.30-2002.01.27,九又四分之三信贷中心,870701.96,36,二手房交易,等额本金
IMG_00479,loan_183/face_signing.jpg,LN2024000183,SG_124,1,,孙文,女,汉族,1974-02-17,广东省广州市天河区 御景半岛 11栋3单元269室,440106197402177923,天河区公安局天河区分局,1992.02.13-2002.02.10,新亚特兰蒂斯商业银行,881462.41,24,购房首付,等额本息
IMG_00480,loan_184/face_signing.jpg,LN2024000184,SG_125,1,,周晨,女,汉族,1999-09-08,天津市天津市和平区 阳光100 12栋2单元790室,120101199909086388,和平区公安局和平区分局,2017.09.03-2027.09.01,琅琊商业银行,474330.23,60,购房首付,等额本息
IMG_00481,loan_185/face_signing.jpg,LN2024000185,SG_126,1,,胡宇,男,汉族,1985-06-09,上海市上海市黄浦区 星河湾畔 17栋5单元1525室,310101198506092311,黄浦区公安局黄浦区分局,2003.06.05-2013.06.02,哥谭市小额贷款中心,24986.32,3,教育进修,一次性还本付息
IMG_00482,loan_186/face_signing.jpg,LN2024000186,SG_127,1,,陈晨,女,汉族,2005-07-06,江苏省南京市鼓楼区 香榭丽舍 14栋3单元490室,32010620050706974X,鼓楼区公安局鼓楼区分局,2023.07.02-2033.06.29,艾泽拉斯数字科技,45744.81,3,医疗,先息后本
IMG_00483,loan_187/face_signing.jpg,LN2024000187,SG_128,1,,李勇,男,汉族,1997-08-09,北京市北京市东城区 碧水云天 10栋2单元785室,110101199708099252,东城区公安局东城区分局,2015.08.05-2025.08.02,霍格沃茨魔法银行,2831573.6,240,购房首付,等额本息
IMG_00484,loan_188/face_signing.jpg,LN2024000188,SG_129,1,,高建,女,汉族,2003-12-01,天津市天津市和平区 锦绣家园 9栋6单元997室,120101200312014184,和平区公安局和平区分局,2021.11.26-2031.11.24,霍格沃茨魔法银行,3470426.49,120,购房首付,按月付息，到期还本
IMG_00485,loan_189/face_signing.jpg,LN2024000189,SG_130,1,,朱婷,女,汉族,1997-11-10,山东省济南市历下区 香榭丽舍 10栋1单元1714室,37010219971110626X,历下区公安局历下区分局,2015.11.06-2025.11.03,琅琊商业银行,894727.53,60,扩大生产,等额本息
IMG_00486,loan_190/face_signing.jpg,LN2024000190,SG_131,1,,徐丽,女,汉族,1961-09-13,广东省深圳市南山区 锦绣家园 4栋4单元1832室,440305196109133307,南山区公安局南山区分局,1979.09.09-1989.09.06,哥谭市小额贷款中心,3631089.75,360,购房首付,按月付息，到期还本
IMG_00487,loan_191/face_signing.jpg,LN2024000191,SG_132,1,,高建,女,汉族,1968-10-26,北京市北京市朝阳区 锦绣家园 6栋3单元393室,110105196810265001,朝阳区公安局朝阳区分局,1986.10.22-1996.10.19,木叶村消费金融,50238.52,60,房屋装修,等额本息
IMG_00488,loan_192/face_signing.jpg,LN2024000192,SG_133,1,,徐婷,女,汉族,2006-03-27,湖北省武汉市武昌区 绿地新江湾 19栋2单元279室,420106200603275889,武昌区公安局武昌区分局,2024.03.22-2034.03.20,木叶村消费金融,182867.33,6,房屋装修,一次性还本付息
IMG_00489,loan_193/face_signing.jpg,LN2024000193,SG_134,1,,李梓轩,女,汉族,1978-05-14,广东省广州市天河区 普罗旺斯 7栋3单元885室,440106197805145862,天河区公安局天河区分局,1996.05.09-2006.05.07,霍格沃茨魔法银行,1276245.04,240,购房首付,按月付息，到期还本
IMG_00490,loan_194/face_signing.jpg,LN2024000194,SG_135,1,,吴子涵,女,汉族,2005-12-16,陕西省西安市雁塔区 中央公园 17栋5单元129室,610113200512167988,雁塔区公安局雁塔区分局,2023.12.12-2033.12.09,提瓦特小额贷款,425910.53,60,二手房交易,等额本息
IMG_00491,loan_195/face_signing.jpg,LN2024000195,SG_136,1,,郭华,女,汉族,1979-12-14,湖北省武汉市江岸区 紫金华府 7栋1单元385室,420102197912144786,江岸区公安局江岸区分局,1997.12.09-2007.12.07,哥谭市小额贷款中心,61639.1,6,购买燃油车,先息后本
IMG_00492,loan_196/face_signing.jpg,LN2024000196,SG_137,1,,罗梓轩,女,汉族,1989-06-02,四川省成都市锦江区 紫金华府 20栋3单元1660室,510104198906023709,锦江区公安局锦江区分局,2007.05.29-2017.05.26,新亚特兰蒂斯商业银行,843905.65,24,企业流动资金,等额本息
IMG_00493,loan_197/face_signing.jpg,LN2024000197,SG_138,1,,郭磊,男,汉族,1978-12-08,云南省昆明市五华区 锦绣家园 9栋2单元385室,530102197812088815,五华区公安局五华区分局,1996.12.03-2006.12.01,昆仑数字科技有限公司,4954803.04,120,购房首付,等额本息
IMG_00494,loan_198/face_signing.jpg,LN2024000198,SG_139,1,,王华,女,汉族,1972-05-01,河南省郑州市金水区 中央公园 20栋5单元2419室,410105197205019561,金水区公安局金水区分局,1990.04.27-2000.04.24,木叶村消费金融,4651698.51,360,企业流动资金,等额本息
IMG_00495,loan_199/face_signing.jpg,LN2024000199,SG_140,1,,林超,男,汉族,1983-08-07,新疆维吾尔自治区乌鲁木齐市天山区 中央公园 16栋2单元1724室,650102198308075937,天山区公安局天山区分局,2001.08.02-2011.07.31,星火基地普惠金融,1576366.32,240,企业流动资金,等额本金
IMG_00496,loan_200/face_signing.jpg,LN2024000200,SG_141,1,,何勇,男,汉族,1994-01-10,江西省南昌市东湖区 紫金华府 2栋5单元567室,360102199401100899,东湖区公安局东湖区分局,2012.01.06-2022.01.03,琅琊商业银行,184267.71,24,购买燃油车,等额本金
IMG_00497,loan_201/face_signing.jpg,LN2024000201,SG_142,1,,杨文,女,汉族,1963-04-28,江苏省苏州市虎丘区 悦海名邸 3栋2单元1971室,32050519630428274X,虎丘区公安局虎丘区分局,1981.04.23-1991.04.21,潘多拉普惠金融,291419.79,60,房屋装修,等额本息
IMG_00498,loan_202/face_signing.jpg,LN2024000202,SG_143,1,,罗佳,女,汉族,1977-11-30,江苏省南京市鼓楼区 御景半岛 6栋4单元1953室,320106197711304669,鼓楼区公安局鼓楼区分局,1995.11.26-2005.11.23,潘多拉普惠金融,742816.0,60,扩大生产,按月付息，到期还本
IMG_00499,loan_203/face_signing.jpg,LN2024000203,SG_144,1,,朱明,男,汉族,1978-12-05,安徽省合肥市庐阳区 绿地新江湾 1栋3单元1572室,340103197812058932,庐阳区公安局庐阳区分局,1996.11.30-2006.11.28,星火基地普惠金融,418115.06,24,购房首付,等额本息
IMG_00500,loan_204/face_signing.jpg,LN2024000204,SG_145,1,,李平,男,汉族,2003-11-29,上海市上海市黄浦区 阳光100 6栋5单元749室,310101200311290991,黄浦区公安局黄浦区分局,2021.11.24-2031.11.22,霍格沃茨魔法银行,1544733.43,360,二手房交易,等额本息
IMG_00501,loan_205/face_signing.jpg,LN2024000205,SG_146,1,,张娟,女,苗族,1978-01-07,上海市上海市黄浦区 绿地新江湾 6栋5单元952室,310101197801070145,黄浦区公安局黄浦区分局,1996.01.03-2005.12.31,夏尔农业信贷,1666431.2,120,购房首付,等额本金
IMG_00502,loan_206/face_signing.jpg,LN2024000206,SG_147,1,,吴明,男,汉族,1988-04-04,云南省昆明市五华区 碧水云天 18栋6单元1143室,530102198804041333,五华区公安局五华区分局,2006.03.31-2016.03.28,星火基地普惠金融,153161.78,3,房屋装修,先息后本
IMG_00503,loan_207/face_signing.jpg,LN2024000207,SG_148,1,,郭宇,男,汉族,1980-02-15,新疆维吾尔自治区乌鲁木齐市天山区 翠湖雅苑 9栋1单元2263室,650102198002153955,天山区公安局天山区分局,1998.02.10-2008.02.08,艾泽拉斯数字科技,955680.76,24,购房首付,按月付息，到期还本
IMG_00504,loan_208/face_signing.jpg,LN2024000208,SG_149,1,,吴浩,女,汉族,1994-01-19,湖北省武汉市江岸区 阳光100 15栋3单元1681室,420102199401198423,江岸区公安局江岸区分局,2012.01.15-2022.01.12,赛博城消费金融有限公司,796303.05,36,企业流动资金,等额本金
IMG_00505,loan_209/face_signing.jpg,LN2024000209,SG_150,1,,王静,女,汉族,1982-03-27,河南省郑州市金水区 香榭丽舍 3栋1单元766室,410105198203275881,金水区公安局金水区分局,2000.03.22-2010.03.20,昆仑数字科技有限公司,201584.36,36,购买新能源汽车,等额本金
IMG_00506,loan_210/face_signing.jpg,LN2024000210,SG_151,1,,李子涵,男,汉族,1973-10-12,北京市北京市东城区 锦绣家园 12栋6单元2452室,110101197310126856,东城区公安局东城区分局,1991.10.08-2001.10.05,琅琊商业银行,979923.04,24,购房首付,按月付息，到期还本
IMG_00507,loan_211/face_signing.jpg,LN2024000211,SG_152,1,,何平,女,回族,1998-07-24,陕西省西安市新城区 绿地新江湾 19栋2单元2326室,610102199807248123,新城区公安局新城区分局,2016.07.19-2026.07.17,星火基地普惠金融,862420.44,60,二手房交易,等额本息
IMG_00508,loan_212/face_signing.jpg,LN2024000212,SG_153,1,,杨雪,女,汉族,1971-03-06,江苏省南京市鼓楼区 阳光100 1栋6单元1903室,320106197103066222,鼓楼区公安局鼓楼区分局,1989.03.01-1999.02.27,夏尔农业信贷,137568.0,24,购买新能源汽车,按月付息，到期还本
IMG_00509,loan_213/face_signing.jpg,LN2024000213,SG_154,1,,周浩,男,汉族,2008-03-20,广东省广州市荔湾区 中央公园 11栋3单元1295室,440103200803204334,荔湾区公安局荔湾区分局,2026.03.16-2036.03.13,瓦坎达信贷中心,1984928.16,360,企业流动资金,等额本息
IMG_00510,loan_214/face_signing.jpg,LN2024000214,SG_155,1,,林晨,女,汉族,1990-11-12,贵州省贵阳市云岩区 绿地新江湾 19栋5单元1837室,520103199011123725,云岩区公安局云岩区分局,2008.11.07-2018.11.05,星火基地普惠金融,40403.24,6,日常消费,先息后本
IMG_00511,loan_215/face_signing.jpg,LN2024000215,SG_156,1,,郭丽,女,汉族,1974-09-11,浙江省杭州市西湖区 龙腾盛世 1栋5单元2310室,330106197409116765,西湖区公安局西湖区分局,1992.09.06-2002.09.04,九又四分之三信贷中心,118704.6,6,购买燃油车,先息后本
IMG_00512,loan_216/face_signing.jpg,LN2024000216,SG_157,1,,罗宇,男,汉族,2002-12-17,广东省深圳市福田区 悦海名邸 18栋5单元1542室,440304200212176295,福田区公安局福田区分局,2020.12.12-2030.12.10,霍格沃茨魔法银行,7562.01,3,教育进修,一次性还本付息
IMG_00513,loan_217/face_signing.jpg,LN2024000217,SG_158,1,,胡建国,男,汉族,1980-08-08,重庆市重庆市渝中区 绿地新江湾 19栋5单元2287室,500103198008086072,渝中区公安局渝中区分局,1998.08.04-2008.08.01,昆仑数字科技有限公司,192137.64,3,房屋装修,一次性还本付息
IMG_00514,loan_218/face_signing.jpg,LN2024000218,SG_159,1,,郭秀,女,汉族,1989-12-21,江苏省苏州市虎丘区 翠湖雅苑 1栋1单元236室,320505198912216905,虎丘区公安局虎丘区分局,2007.12.17-2017.12.14,瓦坎达信贷中心,1784049.19,240,企业流动资金,按月付息，到期还本
IMG_00515,loan_219/face_signing.jpg,LN2024000219,SG_160,1,,黄娟,女,汉族,1975-06-15,云南省昆明市五华区 锦绣华庭 2栋3单元174室,530102197506154984,五华区公安局五华区分局,1993.06.10-2003.06.08,赛博城消费金融有限公司,4951040.66,360,企业流动资金,等额本息
IMG_00516,loan_220/face_signing.jpg,LN2024000220,SG_161,1,,罗晨,男,汉族,1963-11-15,湖北省武汉市武昌区 绿地新江湾 6栋5单元125室,420106196311151754,武昌区公安局武昌区分局,1981.11.10-1991.11.08,夏尔农业信贷,48751.37,6,医疗,先息后本
IMG_00517,loan_221/face_signing.jpg,LN2024000221,SG_162,1,,马明,男,汉族,1980-04-23,湖北省武汉市武昌区 枫林晚居 17栋2单元1162室,420106198004236474,武昌区公安局武昌区分局,1998.04.19-2008.04.16,九又四分之三信贷中心,5576.81,12,教育进修,按月付息，到期还本
IMG_00518,loan_222/face_signing.jpg,LN2024000222,SG_163,1,,胡慧,女,满族,2008-06-04,湖北省武汉市江岸区 威尼斯水城 13栋3单元1558室,420102200806045383,江岸区公安局江岸区分局,2026.05.31-2036.05.28,九又四分之三信贷中心,291093.42,24,购买新能源汽车,按月付息，到期还本
IMG_00519,loan_223/face_signing.jpg,LN2024000223,SG_164,1,,孙平,男,汉族,1971-12-24,四川省成都市武侯区 御景半岛 12栋4单元1052室,510107197112249954,武侯区公安局武侯区分局,1989.12.19-1999.12.17,潘多拉普惠金融,162316.88,12,婚庆,按月付息，到期还本
IMG_00520,loan_224/face_signing.jpg,LN2024000224,SG_165,1,,高建国,男,汉族,1972-07-19,四川省成都市锦江区 锦绣华庭 3栋2单元2417室,510104197207192656,锦江区公安局锦江区分局,1990.07.15-2000.07.12,阿卡姆消费金融,96272.24,60,购买燃油车,按月付息，到期还本
IMG_00521,loan_225/face_signing.jpg,LN2024000225,SG_166,1,,孙宇,女,汉族,1979-06-30,陕西省西安市雁塔区 枫林晚居 10栋3单元2019室,610113197906306229,雁塔区公安局雁塔区分局,1997.06.25-2007.06.23,九又四分之三信贷中心,3428906.1,360,购房首付,按月付息，到期还本
IMG_00522,loan_226/face_signing.jpg,LN2024000226,SG_167,1,,王宇,男,汉族,1991-07-17,陕西省西安市新城区 枫林晚居 6栋3单元1461室,610102199107170038,新城区公安局新城区分局,2009.07.12-2019.07.10,提瓦特小额贷款,261247.96,60,购买新能源汽车,按月付息，到期还本
IMG_00523,loan_227/face_signing.jpg,LN2024000227,SG_168,1,,吴宇,男,土家族,1969-12-03,四川省成都市武侯区 融创壹号院 1栋4单元1452室,510107196912030657,武侯区公安局武侯区分局,1987.11.29-1997.11.26,哥谭市小额贷款中心,3305561.56,120,企业流动资金,按月付息，到期还本
IMG_00524,loan_228/face_signing.jpg,LN2024000228,SG_169,1,,吴勇,男,苗族,1961-12-05,江苏省南京市鼓楼区 碧水云天 4栋1单元431室,32010619611205769X,鼓楼区公安局鼓楼区分局,1979.12.01-1989.11.28,潘多拉普惠金融,3867629.38,120,二手房交易,等额本息
IMG_00525,loan_229/face_signing.jpg,LN2024000229,SG_170,1,,黄宇,女,汉族,1973-08-28,四川省成都市锦江区 中央公园 15栋5单元956室,510104197308282087,锦江区公安局锦江区分局,1991.08.24-2001.08.21,阿卡姆消费金融,147577.19,12,购买新能源汽车,等额本金
IMG_00526,loan_230/face_signing.jpg,LN2024000230,SG_171,1,,胡子涵,男,汉族,1974-02-23,北京市北京市朝阳区 融创壹号院 7栋5单元1351室,110105197402231456,朝阳区公安局朝阳区分局,1992.02.19-2002.02.16,新亚特兰蒂斯商业银行,4917407.9,120,购房首付,等额本金
IMG_00527,loan_231/face_signing.jpg,LN2024000231,SG_172,1,,李建国,男,壮族,1980-09-16,河南省郑州市金水区 阳光100 19栋4单元2212室,410105198009161995,金水区公安局金水区分局,1998.09.12-2008.09.09,霍格沃茨魔法银行,865420.96,36,购房首付,等额本息
IMG_00528,loan_232/face_signing.jpg,LN2024000232,SG_173,1,,黄平,男,汉族,1976-01-08,福建省福州市鼓楼区 碧水云天 14栋4单元1056室,350102197601081599,鼓楼区公安局鼓楼区分局,1994.01.03-2004.01.01,瓦坎达信贷中心,52124.4,36,购买新能源汽车,等额本息
IMG_00529,loan_233/face_signing.jpg,LN2024000233,SG_174,1,,马浩,女,壮族,2002-11-28,上海市上海市黄浦区 绿地新江湾 19栋2单元383室,310101200211288747,黄浦区公安局黄浦区分局,2020.11.23-2030.11.21,新亚特兰蒂斯商业银行,65239.54,12,购买燃油车,按月付息，到期还本
IMG_00530,loan_234/face_signing.jpg,LN2024000234,SG_175,1,,杨晨,女,汉族,2001-01-08,福建省厦门市思明区 普罗旺斯 20栋6单元603室,350203200101081900,思明区公安局思明区分局,2019.01.04-2029.01.01,艾泽拉斯数字科技,76489.79,12,购买新能源汽车,按月付息，到期还本
IMG_00531,loan_235/face_signing.jpg,LN2024000235,SG_176,1,,朱梓轩,男,汉族,1960-10-09,天津市天津市和平区 威尼斯水城 8栋5单元2450室,120101196010091759,和平区公安局和平区分局,1978.10.05-1988.10.02,哥谭市小额贷款中心,120141.96,6,购买新能源汽车,一次性还本付息
IMG_00532,loan_236/face_signing.jpg,LN2024000236,SG_177,1,,马磊,男,壮族,1965-02-18,山东省青岛市崂山区 威尼斯水城 19栋3单元2146室,370212196502184696,崂山区公安局崂山区分局,1983.02.14-1993.02.11,新亚特兰蒂斯商业银行,100667.69,36,婚庆,等额本金
IMG_00533,loan_237/face_signing.jpg,LN2024000237,SG_178,1,,高敏,女,汉族,2005-05-12,湖南省长沙市芙蓉区 普罗旺斯 20栋1单元1163室,430102200505124442,芙蓉区公安局芙蓉区分局,2023.05.08-2033.05.05,赛博城消费金融有限公司,973310.82,24,二手房交易,按月付息，到期还本
IMG_00534,loan_238/face_signing.jpg,LN2024000238,SG_179,1,,杨平,女,汉族,1989-01-25,湖南省长沙市芙蓉区 翠湖雅苑 16栋2单元1956室,430102198901259568,芙蓉区公安局芙蓉区分局,2007.01.21-2017.01.18,提瓦特小额贷款,629483.74,36,企业流动资金,按月付息，到期还本
IMG_00535,loan_239/face_signing.jpg,LN2024000239,SG_180,1,,赵华,男,汉族,1980-12-22,北京市北京市朝阳区 龙腾盛世 15栋4单元1015室,110105198012221572,朝阳区公安局朝阳区分局,1998.12.18-2008.12.15,霍格沃茨魔法银行,170602.28,6,购买燃油车,先息后本
IMG_00536,loan_240/face_signing.jpg,LN2024000240,SG_181,1,,何杰,男,汉族,1988-06-30,重庆市重庆市渝中区 威尼斯水城 9栋1单元894室,500103198806306738,渝中区公安局渝中区分局,2006.06.26-2016.06.23,瓦坎达信贷中心,74400.62,12,购买燃油车,等额本金
IMG_00537,loan_241/face_signing.jpg,LN2024000241,SG_182,1,,胡娟,女,汉族,1983-03-08,江苏省南京市玄武区 枫林晚居 1栋6单元1934室,320102198303086606,玄武区公安局玄武区分局,2001.03.03-2011.03.01,阿卡姆消费金融,65856.67,60,婚庆,等额本息
IMG_00538,loan_242/face_signing.jpg,LN2024000242,SG_183,1,,孙子涵,女,汉族,1967-04-03,贵州省贵阳市云岩区 绿地新江湾 1栋2单元1418室,520103196704035345,云岩区公安局云岩区分局,1985.03.29-1995.03.27,星火基地普惠金融,1055171.56,240,购房首付,等额本金
IMG_00539,loan_243/face_signing.jpg,LN2024000243,SG_184,1,,赵建,男,回族,1961-09-26,广东省深圳市福田区 融创壹号院 15栋3单元983室,440304196109266138,福田区公安局福田区分局,1979.09.22-1989.09.19,赛博城消费金融有限公司,470938.71,60,企业流动资金,等额本息
IMG_00540,loan_244/face_signing.jpg,LN2024000244,SG_185,1,,刘娜,女,汉族,1979-03-28,福建省厦门市思明区 悦海名邸 12栋6单元1941室,35020319790328318X,思明区公安局思明区分局,1997.03.23-2007.03.21,潘多拉普惠金融,180170.82,24,房屋装修,等额本金
IMG_00541,loan_245/face_signing.jpg,LN2024000245,SG_186,1,,黄子涵,女,汉族,1961-06-07,北京市北京市朝阳区 枫林晚居 7栋1单元761室,110105196106071481,朝阳区公安局朝阳区分局,1979.06.03-1989.05.31,琅琊商业银行,501897.05,24,企业流动资金,等额本金
IMG_00542,loan_246/face_signing.jpg,LN2024000246,SG_187,1,,朱子涵,男,汉族,1985-12-18,山东省济南市历下区 普罗旺斯 13栋5单元1041室,370102198512186071,历下区公安局历下区分局,2003.12.14-2013.12.11,星火基地普惠金融,803349.36,36,企业流动资金,等额本金
IMG_00543,loan_247/face_signing.jpg,LN2024000247,SG_188,1,,林娜,女,汉族,2004-10-31,广东省广州市荔湾区 锦绣家园 9栋2单元2120室,440103200410316642,荔湾区公安局荔湾区分局,2022.10.27-2032.10.24,夏尔农业信贷,850939.66,36,扩大生产,等额本息
IMG_00544,loan_248/face_signing.jpg,LN2024000248,SG_189,1,,郭明,男,汉族,1961-07-16,江苏省苏州市虎丘区 融创壹号院 18栋3单元2500室,320505196107167494,虎丘区公安局虎丘区分局,1979.07.12-1989.07.09,阿卡姆消费金融,184828.1,3,购买新能源汽车,先息后本
IMG_00545,loan_249/face_signing.jpg,LN2024000249,SG_190,1,,林浩,男,汉族,1977-05-12,河南省郑州市金水区 枫林晚居 2栋3单元1748室,410105197705120252,金水区公安局金水区分局,1995.05.08-2005.05.05,赛博城消费金融有限公司,2691832.19,120,购房首付,等额本金
IMG_00546,loan_250/face_signing.jpg,LN2024000250,SG_191,1,,黄建,男,汉族,1964-06-25,湖北省武汉市江岸区 紫金华府 12栋3单元1342室,420102196406256051,江岸区公安局江岸区分局,1982.06.21-1992.06.18,提瓦特小额贷款,69269.6,36,购买燃油车,按月付息，到期还本
IMG_00547,loan_251/face_signing.jpg,LN2024000251,SG_192,1,,陈文,女,汉族,2007-05-16,山东省济南市历下区 东方曼哈顿 9栋3单元1855室,370102200705164602,历下区公安局历下区分局,2025.05.11-2035.05.09,艾泽拉斯数字科技,68436.15,60,购买新能源汽车,等额本金
IMG_00548,loan_252/face_signing.jpg,LN2024000252,SG_193,1,,胡涛,男,汉族,1971-08-24,福建省福州市鼓楼区 枫林晚居 14栋1单元2202室,350102197108244016,鼓楼区公安局鼓楼区分局,1989.08.19-1999.08.17,昆仑数字科技有限公司,3960325.54,120,二手房交易,按月付息，到期还本
IMG_00549,loan_253/face_signing.jpg,LN2024000253,SG_194,1,,朱勇,男,汉族,2000-08-22,重庆市重庆市渝中区 翠湖雅苑 15栋4单元1863室,500103200008229715,渝中区公安局渝中区分局,2018.08.18-2028.08.15,琅琊商业银行,1280940.43,240,企业流动资金,等额本金
IMG_00550,loan_254/face_signing.jpg,LN2024000254,SG_195,1,,赵敏,女,汉族,1976-11-07,云南省昆明市五华区 锦绣华庭 4栋1单元2388室,530102197611075081,五华区公安局五华区分局,1994.11.03-2004.10.31,木叶村消费金融,548803.94,24,扩大生产,按月付息，到期还本
IMG_00551,loan_255/face_signing.jpg,LN2024000255,SG_196,1,,高强,男,汉族,1961-06-01,浙江省杭州市西湖区 御景半岛 4栋6单元2291室,330106196106012593,西湖区公安局西湖区分局,1979.05.28-1989.05.25,九又四分之三信贷中心,78484.14,12,房屋装修,按月付息，到期还本
IMG_00552,loan_256/face_signing.jpg,LN2024000256,SG_197,1,,何超,男,回族,2008-07-13,湖南省长沙市芙蓉区 普罗旺斯 12栋6单元1653室,430102200807134216,芙蓉区公安局芙蓉区分局,2026.07.09-2036.07.06,琅琊商业银行,500418.98,24,扩大生产,等额本息
IMG_00553,loan_257/face_signing.jpg,LN2024000257,SG_198,1,,徐志强,男,汉族,1996-03-05,江苏省苏州市虎丘区 绿地新江湾 19栋6单元1817室,320505199603052454,虎丘区公安局虎丘区分局,2014.03.01-2024.02.27,阿卡姆消费金融,1977992.73,240,购房首付,按月付息，到期还本
IMG_00554,loan_258/face_signing.jpg,LN2024000258,SG_199,1,,李秀,女,汉族,1972-11-24,上海市上海市浦东新区 融创壹号院 7栋6单元1198室,310115197211242208,浦东新区公安局浦东新区分局,1990.11.20-2000.11.17,夏尔农业信贷,857868.87,24,企业流动资金,等额本息
IMG_00555,loan_259/face_signing.jpg,LN2024000259,SG_200,1,,李浩,男,汉族,1988-09-16,江苏省无锡市新吴区 悦海名邸 19栋6单元1049室,320214198809161635,新吴区公安局新吴区分局,2006.09.12-2016.09.09,哥谭市小额贷款中心,3847903.64,120,二手房交易,等额本金
IMG_00556,loan_260/face_signing.jpg,LN2024000260,SG_201,1,,朱丽,女,汉族,1971-05-05,陕西省西安市雁塔区 融创壹号院 2栋5单元1590室,610113197105050825,雁塔区公安局雁塔区分局,1989.04.30-1999.04.28,琅琊商业银行,896434.56,24,二手房交易,等额本金
IMG_00557,loan_261/face_signing.jpg,LN2024000261,SG_202,1,,徐军,男,汉族,1979-08-09,重庆市重庆市渝中区 碧水云天 10栋3单元676室,500103197908095957,渝中区公安局渝中区分局,1997.08.04-2007.08.02,霍格沃茨魔法银行,670874.17,120,二手房交易,按月付息，到期还本
IMG_00558,loan_262/face_signing.jpg,LN2024000262,SG_203,1,,吴平,男,汉族,1975-12-27,天津市天津市和平区 枫林晚居 17栋5单元750室,120101197512272298,和平区公安局和平区分局,1993.12.22-2003.12.20,瓦坎达信贷中心,38453.55,6,购买家电,一次性还本付息
IMG_00559,loan_263/face_signing.jpg,LN2024000263,SG_204,1,,徐子涵,女,汉族,2006-02-13,安徽省合肥市庐阳区 枫林晚居 19栋4单元216室,340103200602135447,庐阳区公安局庐阳区分局,2024.02.09-2034.02.06,琅琊商业银行,4322486.3,360,企业流动资金,等额本息
IMG_00560,loan_264/face_signing.jpg,LN2024000264,SG_205,1,,杨超,男,汉族,1986-08-17,福建省厦门市思明区 悦海名邸 20栋2单元1415室,350203198608177338,思明区公安局思明区分局,2004.08.12-2014.08.10,霍格沃茨魔法银行,1934386.57,360,企业流动资金,等额本金
IMG_00561,loan_265/face_signing.jpg,LN2024000265,SG_206,1,,徐宇,女,汉族,1999-07-15,北京市北京市海淀区 东方曼哈顿 2栋3单元521室,11010819990715372X,海淀区公安局海淀区分局,2017.07.10-2027.07.08,提瓦特小额贷款,664052.45,36,扩大生产,按月付息，到期还本
IMG_00562,loan_266/face_signing.jpg,LN2024000266,SG_207,1,,高秀,女,汉族,2002-10-21,湖北省武汉市江岸区 翠湖雅苑 6栋1单元1048室,420102200210216380,江岸区公安局江岸区分局,2020.10.16-2030.10.14,九又四分之三信贷中心,97859.33,12,房屋装修,按月付息，到期还本
IMG_00563,loan_267/face_signing.jpg,LN2024000267,SG_208,1,,朱芳,女,汉族,1987-01-11,浙江省杭州市西湖区 紫金华府 9栋4单元2487室,330106198701116185,西湖区公安局西湖区分局,2005.01.06-2015.01.04,提瓦特小额贷款,3731711.27,360,企业流动资金,等额本息
IMG_00564,loan_268/face_signing.jpg,LN2024000268,SG_209,1,,郭浩,男,汉族,1989-11-14,天津市天津市东丽区 融创壹号院 1栋3单元1281室,12011019891114741X,东丽区公安局东丽区分局,2007.11.10-2017.11.07,赛博城消费金融有限公司,123715.79,12,购买新能源汽车,等额本金
IMG_00565,loan_269/face_signing.jpg,LN2024000269,SG_210,1,,王明,男,汉族,1986-10-12,湖北省武汉市江岸区 悦海名邸 1栋2单元1618室,420102198610126712,江岸区公安局江岸区分局,2004.10.07-2014.10.05,瓦坎达信贷中心,17785.37,3,教育进修,先息后本
IMG_00566,loan_270/face_signing.jpg,LN2024000270,SG_211,1,,马文,女,汉族,1998-03-24,福建省厦门市思明区 翠湖雅苑 20栋4单元108室,350203199803249389,思明区公安局思明区分局,2016.03.19-2026.03.17,艾泽拉斯数字科技,2533171.41,120,二手房交易,按月付息，到期还本
IMG_00567,loan_271/face_signing.jpg,LN2024000271,SG_212,1,,黄平,女,汉族,1976-05-07,河南省郑州市金水区 绿地新江湾 6栋6单元1395室,410105197605077322,金水区公安局金水区分局,1994.05.03-2004.04.30,琅琊商业银行,1749915.54,360,二手房交易,等额本息
IMG_00568,loan_272/face_signing.jpg,LN2024000272,SG_213,1,,陈娟,女,汉族,2004-10-17,广东省深圳市福田区 普罗旺斯 13栋1单元346室,440304200410174362,福田区公安局福田区分局,2022.10.13-2032.10.10,昆仑数字科技有限公司,800922.44,36,二手房交易,按月付息，到期还本
IMG_00569,loan_273/face_signing.jpg,LN2024000273,SG_214,1,,高婷,女,汉族,1979-07-22,福建省厦门市思明区 御景半岛 17栋3单元2251室,350203197907229762,思明区公安局思明区分局,1997.07.17-2007.07.15,星火基地普惠金融,95446.09,12,购买新能源汽车,按月付息，到期还本
IMG_00570,loan_274/face_signing.jpg,LN2024000274,SG_215,1,,吴梓轩,女,汉族,1993-04-03,江苏省南京市玄武区 威尼斯水城 10栋1单元1611室,320102199304033025,玄武区公安局玄武区分局,2011.03.30-2021.03.27,九又四分之三信贷中心,223364.08,60,房屋装修,等额本金
IMG_00571,loan_275/face_signing.jpg,LN2024000275,SG_216,1,,马丽,女,汉族,1981-06-07,陕西省西安市雁塔区 中央公园 4栋2单元914室,610113198106075981,雁塔区公安局雁塔区分局,1999.06.03-2009.05.31,星火基地普惠金融,90408.49,3,婚庆,先息后本
IMG_00572,loan_276/face_signing.jpg,LN2024000276,SG_217,1,,张建国,男,汉族,1968-03-05,上海市上海市浦东新区 绿地新江湾 17栋1单元945室,310115196803050555,浦东新区公安局浦东新区分局,1986.03.01-1996.02.27,夏尔农业信贷,164405.55,6,房屋装修,先息后本
IMG_00573,loan_277/face_signing.jpg,LN2024000277,SG_218,1,,周建,女,汉族,1985-08-31,湖南省长沙市岳麓区 碧水云天 17栋4单元1072室,430104198508311844,岳麓区公安局岳麓区分局,2003.08.27-2013.08.24,艾泽拉斯数字科技,231910.1,60,婚庆,等额本息
IMG_00574,loan_278/face_signing.jpg,LN2024000278,SG_219,1,,朱燕,女,汉族,2007-03-20,福建省福州市鼓楼区 锦绣华庭 9栋3单元1114室,350102200703208647,鼓楼区公安局鼓楼区分局,2025.03.15-2035.03.13,昆仑数字科技有限公司,630820.29,36,购房首付,等额本息
IMG_00575,loan_279/face_signing.jpg,LN2024000279,SG_220,1,,朱强,男,汉族,1984-02-22,湖北省武汉市江岸区 威尼斯水城 8栋1单元263室,420102198402225214,江岸区公安局江岸区分局,2002.02.17-2012.02.15,九又四分之三信贷中心,2573481.15,120,购房首付,按月付息，到期还本
IMG_00576,loan_280/face_signing.jpg,LN2024000280,SG_221,1,,高宇,男,汉族,1998-05-23,贵州省贵阳市云岩区 悦海名邸 15栋2单元2039室,520103199805235593,云岩区公安局云岩区分局,2016.05.18-2026.05.16,夏尔农业信贷,87159.24,3,房屋装修,先息后本
IMG_00577,loan_281/face_signing.jpg,LN2024000281,SG_222,1,,高婷,女,汉族,1993-02-26,江苏省南京市玄武区 中央公园 5栋4单元2241室,32010219930226572X,玄武区公安局玄武区分局,2011.02.22-2021.02.19,木叶村消费金融,876446.17,36,购房首付,等额本金
IMG_00578,loan_282/face_signing.jpg,LN2024000282,SG_223,1,,郭超,男,汉族,1969-12-05,福建省厦门市思明区 紫金华府 8栋1单元1880室,350203196912053437,思明区公安局思明区分局,1987.12.01-1997.11.28,艾泽拉斯数字科技,42338.02,3,医疗,先息后本
IMG_00579,loan_283/face_signing.jpg,LN2024000283,SG_224,1,,李晨,男,汉族,1986-12-28,广东省广州市天河区 枫林晚居 6栋2单元1471室,440106198612288052,天河区公安局天河区分局,2004.12.23-2014.12.21,霍格沃茨魔法银行,187542.84,3,购买新能源汽车,先息后本
IMG_00580,loan_284/face_signing.jpg,LN2024000284,SG_225,1,,何军,男,汉族,1998-06-23,广东省深圳市福田区 阳光100 14栋5单元523室,440304199806239171,福田区公安局福田区分局,2016.06.18-2026.06.16,新亚特兰蒂斯商业银行,840011.61,24,扩大生产,等额本息
IMG_00581,loan_285/face_signing.jpg,LN2024000285,SG_226,1,,吴磊,男,汉族,1972-09-19,山东省青岛市崂山区 碧水云天 4栋2单元2397室,370212197209195219,崂山区公安局崂山区分局,1990.09.15-2000.09.12,哥谭市小额贷款中心,46226.69,3,医疗,先息后本
IMG_00582,loan_286/face_signing.jpg,LN2024000286,SG_227,1,,何文,女,汉族,2005-06-23,广东省广州市天河区 阳光100 10栋4单元2504室,440106200506231300,天河区公安局天河区分局,2023.06.19-2033.06.16,琅琊商业银行,96435.56,12,购买燃油车,等额本金
IMG_00583,loan_287/face_signing.jpg,LN2024000287,SG_228,1,,陈宇,男,汉族,1988-03-28,北京市北京市朝阳区 融创壹号院 18栋5单元660室,110105198803280755,朝阳区公安局朝阳区分局,2006.03.24-2016.03.21,九又四分之三信贷中心,17743.52,12,购买家电,等额本金
IMG_00584,loan_288/face_signing.jpg,LN2024000288,SG_229,1,,何磊,男,汉族,1996-09-16,湖北省武汉市武昌区 碧水云天 11栋4单元1105室,420106199609164834,武昌区公安局武昌区分局,2014.09.12-2024.09.09,木叶村消费金融,62080.32,12,房屋装修,按月付息，到期还本
IMG_00585,loan_289/face_signing.jpg,LN2024000289,SG_230,1,,胡伟,男,汉族,1998-08-15,重庆市重庆市九龙坡区 星河湾畔 19栋6单元1578室,500107199808150116,九龙坡区公安局九龙坡区分局,2016.08.10-2026.08.08,瓦坎达信贷中心,33475.75,12,医疗,等额本息
IMG_00586,loan_290/face_signing.jpg,LN2024000290,SG_231,1,,马丽,女,汉族,1963-05-24,北京市北京市海淀区 阳光100 3栋3单元570室,110108196305245383,海淀区公安局海淀区分局,1981.05.19-1991.05.17,艾泽拉斯数字科技,321628.81,60,扩大生产,等额本金
IMG_00587,loan_291/face_signing.jpg,LN2024000291,SG_232,1,,黄文,女,汉族,1963-02-09,上海市上海市浦东新区 威尼斯水城 10栋1单元261室,310115196302098403,浦东新区公安局浦东新区分局,1981.02.04-1991.02.02,昆仑数字科技有限公司,51271.43,12,婚庆,等额本息
IMG_00588,loan_292/face_signing.jpg,LN2024000292,SG_233,1,,高梓轩,男,汉族,1977-12-05,云南省昆明市五华区 龙腾盛世 14栋3单元1094室,53010219771205743X,五华区公安局五华区分局,1995.12.01-2005.11.28,哥谭市小额贷款中心,563312.26,120,购房首付,等额本息
IMG_00589,loan_293/face_signing.jpg,LN2024000293,SG_234,1,,周浩,女,汉族,1976-03-02,河南省郑州市金水区 威尼斯水城 3栋6单元1201室,41010519760302346X,金水区公安局金水区分局,1994.02.26-2004.02.24,艾泽拉斯数字科技,889459.18,24,二手房交易,等额本金
IMG_00590,loan_294/face_signing.jpg,LN2024000294,SG_235,1,,徐宇,女,壮族,1977-10-18,江西省南昌市东湖区 锦绣华庭 3栋6单元1126室,360102197710186949,东湖区公安局东湖区分局,1995.10.14-2005.10.11,星火基地普惠金融,1671525.6,360,企业流动资金,等额本金
IMG_00591,loan_295/face_signing.jpg,LN2024000295,SG_236,1,,周超,男,汉族,1998-06-16,北京市北京市东城区 锦绣家园 20栋5单元497室,110101199806162876,东城区公安局东城区分局,2016.06.11-2026.06.09,瓦坎达信贷中心,68142.5,12,房屋装修,等额本金
IMG_00592,loan_0296/face_signing.jpg,LN2024000296,SG_237,1,,朱建国,男,汉族,1988-03-12,浙江省杭州市上城区 香榭丽舍 1栋6单元1857室,330102198803120112,上城区公安局上城区分局,2006.03.08-2016.03.05,赛博城消费金融有限公司,17608.03,12,日常消费,按月付息，到期还本
IMG_00593,loan_0297/face_signing.jpg,LN2024000297,SG_238,1,,郭燕,女,汉族,2004-05-22,浙江省宁波市海曙区 绿地新江湾 1栋2单元1302室,330203200405224284,海曙区公安局海曙区分局,2022.05.18-2032.05.15,阿卡姆消费金融,487891.12,36,购房首付,等额本金
IMG_00594,loan_0298/face_signing.jpg,LN2024000298,SG_239,1,,赵芳,女,汉族,1968-01-27,广东省广州市天河区 锦绣家园 14栋5单元307室,440106196801272341,天河区公安局天河区分局,1986.01.22-1996.01.20,赛博城消费金融有限公司,4916595.1,240,企业流动资金,等额本息
IMG_00595,loan_0299/face_signing.jpg,LN2024000299,SG_240,1,,徐伟,男,汉族,1999-12-02,安徽省合肥市庐阳区 翠湖雅苑 20栋3单元356室,340103199912027091,庐阳区公安局庐阳区分局,2017.11.27-2027.11.25,瓦坎达信贷中心,2969193.31,360,二手房交易,等额本息
IMG_00596,loan_0300/face_signing.jpg,LN2024000300,SG_241,1,,周静,女,汉族,1965-11-06,陕西省西安市新城区 香榭丽舍 17栋1单元964室,610102196511062545,新城区公安局新城区分局,1983.11.02-1993.10.30,瓦坎达信贷中心,943838.14,36,扩大生产,等额本金
IMG_00597,loan_0301/face_signing.jpg,LN2024000301,SG_242,1,,胡晨,女,汉族,1984-09-30,天津市天津市和平区 阳光100 1栋2单元1568室,120101198409303601,和平区公安局和平区分局,2002.09.26-2012.09.23,艾泽拉斯数字科技,2060663.8,240,购房首付,等额本息
IMG_00598,loan_0302/face_signing.jpg,LN2024000302,SG_243,1,,张敏,女,汉族,1967-11-07,广东省广州市荔湾区 星河湾畔 13栋5单元1081室,440103196711076647,荔湾区公安局荔湾区分局,1985.11.02-1995.10.31,新亚特兰蒂斯商业银行,163891.48,6,购买燃油车,一次性还本付息
IMG_00599,loan_0303/face_signing.jpg,LN2024000303,SG_244,1,,朱娟,女,汉族,1993-03-04,陕西省西安市新城区 威尼斯水城 8栋4单元1484室,610102199303046827,新城区公安局新城区分局,2011.02.28-2021.02.25,瓦坎达信贷中心,440385.96,60,购房首付,按月付息，到期还本
IMG_00600,loan_0304/face_signing.jpg,LN2024000304,SG_245,1,,陈宇,男,汉族,1970-07-11,上海市上海市黄浦区 阳光100 12栋6单元281室,310101197007116214,黄浦区公安局黄浦区分局,1988.07.06-1998.07.04,九又四分之三信贷中心,3243433.79,360,二手房交易,等额本息
IMG_00601,loan_0305/face_signing.jpg,LN2024000305,SG_246,1,,高平,女,汉族,1976-11-02,四川省成都市锦江区 香榭丽舍 11栋6单元2146室,510104197611026545,锦江区公安局锦江区分局,1994.10.29-2004.10.26,阿卡姆消费金融,890872.02,36,购房首付,等额本金
IMG_00602,loan_0306/face_signing.jpg,LN2024000306,SG_247,1,,罗浩,男,汉族,1982-05-26,江苏省无锡市新吴区 香榭丽舍 11栋6单元2252室,320214198205261432,新吴区公安局新吴区分局,2000.05.21-2010.05.19,霍格沃茨魔法银行,3362282.48,240,购房首付,等额本息
IMG_00603,loan_0307/face_signing.jpg,LN2024000307,SG_248,1,,杨建国,男,汉族,1997-10-20,重庆市重庆市渝中区 普罗旺斯 7栋4单元2433室,500103199710209719,渝中区公安局渝中区分局,2015.10.16-2025.10.13,霍格沃茨魔法银行,327107.18,24,购房首付,按月付息，到期还本
IMG_00604,loan_0308/face_signing.jpg,LN2024000308,SG_249,1,,马娜,女,汉族,1964-12-09,上海市上海市浦东新区 香榭丽舍 8栋6单元2067室,310115196412095481,浦东新区公安局浦东新区分局,1982.12.05-1992.12.02,星火基地普惠金融,2723636.17,360,二手房交易,按月付息，到期还本
IMG_00605,loan_0309/face_signing.jpg,LN2024000309,SG_250,1,,朱平,男,苗族,1986-09-23,陕西省西安市新城区 龙腾盛世 13栋5单元1995室,610102198609232150,新城区公安局新城区分局,2004.09.18-2014.09.16,琅琊商业银行,72595.77,3,婚庆,一次性还本付息
IMG_00606,loan_0310/face_signing.jpg,LN2024000310,SG_251,1,,赵子涵,男,汉族,1971-02-24,湖北省武汉市江岸区 星河湾畔 19栋3单元1731室,42010219710224665X,江岸区公安局江岸区分局,1989.02.19-1999.02.17,九又四分之三信贷中心,881670.84,36,扩大生产,按月付息，到期还本
IMG_00607,loan_0311/face_signing.jpg,LN2024000311,SG_252,1,,周丽,女,苗族,2006-01-13,江苏省南京市鼓楼区 枫林晚居 19栋1单元2345室,320106200601137905,鼓楼区公安局鼓楼区分局,2024.01.09-2034.01.06,新亚特兰蒂斯商业银行,3267958.14,240,二手房交易,等额本金
IMG_00608,loan_0312/face_signing.jpg,LN2024000312,SG_253,1,,黄建国,男,汉族,1991-03-08,广东省深圳市福田区 香榭丽舍 10栋6单元2250室,440304199103087175,福田区公安局福田区分局,2009.03.03-2019.03.01,木叶村消费金融,987091.04,120,企业流动资金,等额本金
IMG_00609,loan_0313/face_signing.jpg,LN2024000313,SG_254,1,,高娜,女,汉族,1970-04-16,江苏省无锡市新吴区 紫金华府 8栋2单元975室,320214197004168368,新吴区公安局新吴区分局,1988.04.11-1998.04.09,赛博城消费金融有限公司,350564.79,60,扩大生产,等额本息
IMG_00610,loan_0314/face_signing.jpg,LN2024000314,SG_255,1,,罗梓轩,女,汉族,1992-01-13,广东省深圳市南山区 东方曼哈顿 15栋5单元656室,440305199201132829,南山区公安局南山区分局,2010.01.08-2020.01.06,夏尔农业信贷,165692.95,12,房屋装修,等额本金
IMG_00611,loan_0315/face_signing.jpg,LN2024000315,SG_256,1,,周婷,女,汉族,1993-01-31,湖南省长沙市岳麓区 威尼斯水城 2栋2单元2174室,430104199301310240,岳麓区公安局岳麓区分局,2011.01.27-2021.01.24,赛博城消费金融有限公司,342437.47,24,扩大生产,按月付息，到期还本
IMG_00612,loan_0316/face_signing.jpg,LN2024000316,SG_257,1,,徐勇,男,汉族,1974-07-29,北京市北京市朝阳区 普罗旺斯 8栋1单元1419室,11010519740729777X,朝阳区公安局朝阳区分局,1992.07.24-2002.07.22,艾泽拉斯数字科技,926976.22,24,购房首付,按月付息，到期还本
IMG_00613,loan_0317/face_signing.jpg,LN2024000317,SG_258,1,,何娟,女,汉族,2006-08-12,广东省深圳市南山区 香榭丽舍 10栋4单元1472室,440305200608129344,南山区公安局南山区分局,2024.08.07-2034.08.05,霍格沃茨魔法银行,563711.1,24,二手房交易,等额本金
IMG_00614,loan_0318/face_signing.jpg,LN2024000318,SG_259,1,,郭杰,男,汉族,1996-02-09,北京市北京市东城区 东方曼哈顿 12栋2单元1353室,110101199602095018,东城区公安局东城区分局,2014.02.04-2024.02.02,木叶村消费金融,616435.33,36,扩大生产,按月付息，到期还本
IMG_00615,loan_0319/face_signing.jpg,LN2024000319,SG_260,1,,李梓轩,男,汉族,1983-06-24,浙江省杭州市西湖区 锦绣家园 19栋2单元104室,330106198306240338,西湖区公安局西湖区分局,2001.06.19-2011.06.17,九又四分之三信贷中心,157621.05,6,婚庆,一次性还本付息
IMG_00616,loan_0320/face_signing.jpg,LN2024000320,SG_261,1,,刘佳,女,汉族,1976-05-17,江西省南昌市东湖区 悦海名邸 2栋1单元1485室,360102197605175287,东湖区公安局东湖区分局,1994.05.13-2004.05.10,潘多拉普惠金融,879599.58,36,企业流动资金,等额本息
IMG_00617,loan_0321/face_signing.jpg,LN2024000321,SG_262,1,,徐建国,男,汉族,1979-10-06,山东省济南市历下区 悦海名邸 8栋6单元1996室,370102197910061333,历下区公安局历下区分局,1997.10.01-2007.09.29,星火基地普惠金融,158702.85,3,房屋装修,先息后本
IMG_00618,loan_0322/face_signing.jpg,LN2024000322,SG_263,1,,马丽,女,汉族,1981-06-24,重庆市重庆市渝中区 紫金华府 11栋1单元2397室,500103198106247909,渝中区公安局渝中区分局,1999.06.20-2009.06.17,提瓦特小额贷款,78774.67,3,购买新能源汽车,先息后本
IMG_00619,loan_0323/face_signing.jpg,LN2024000323,SG_264,1,,郭婷,女,汉族,1994-07-15,重庆市重庆市渝中区 御景半岛 14栋1单元259室,500103199407155009,渝中区公安局渝中区分局,2012.07.10-2022.07.08,艾泽拉斯数字科技,1324334.53,120,企业流动资金,等额本息
IMG_00620,loan_0324/face_signing.jpg,LN2024000324,SG_265,1,,郭平,女,汉族,2001-02-07,广东省深圳市南山区 融创壹号院 15栋5单元1000室,440305200102077524,南山区公安局南山区分局,2019.02.03-2029.01.31,哥谭市小额贷款中心,2360495.13,240,购房首付,等额本金
IMG_00621,loan_0325/face_signing.jpg,LN2024000325,SG_266,1,,陈晨,男,汉族,1989-06-20,四川省成都市武侯区 威尼斯水城 14栋4单元2350室,510107198906202597,武侯区公安局武侯区分局,2007.06.16-2017.06.13,阿卡姆消费金融,841687.64,60,二手房交易,等额本金
IMG_00622,loan_0326/face_signing.jpg,LN2024000326,SG_267,1,,马子涵,女,汉族,1975-08-21,广东省深圳市南山区 普罗旺斯 16栋5单元2430室,440305197508211127,南山区公安局南山区分局,1993.08.16-2003.08.14,哥谭市小额贷款中心,1602785.81,120,二手房交易,按月付息，到期还本
IMG_00623,loan_0327/face_signing.jpg,LN2024000327,SG_268,1,,李丽,女,汉族,1988-03-05,重庆市重庆市九龙坡区 融创壹号院 18栋2单元2404室,500107198803054147,九龙坡区公安局九龙坡区分局,2006.03.01-2016.02.27,木叶村消费金融,1274250.77,240,二手房交易,按月付息，到期还本
IMG_00624,loan_0328/face_signing.jpg,LN2024000328,SG_269,1,,徐燕,女,汉族,2003-10-23,福建省福州市鼓楼区 威尼斯水城 14栋6单元798室,350102200310230827,鼓楼区公安局鼓楼区分局,2021.10.18-2031.10.16,赛博城消费金融有限公司,31894.39,3,购买家电,先息后本
IMG_00625,loan_0329/face_signing.jpg,LN2024000329,SG_270,1,,高建,女,汉族,1971-12-15,湖北省武汉市武昌区 碧水云天 4栋6单元1486室,420106197112151262,武昌区公安局武昌区分局,1989.12.10-1999.12.08,哥谭市小额贷款中心,195537.62,60,购买新能源汽车,按月付息，到期还本
IMG_00626,loan_0330/face_signing.jpg,LN2024000330,SG_271,1,,张文,女,汉族,1986-09-21,重庆市重庆市九龙坡区 锦绣华庭 18栋6单元1014室,50010719860921256X,九龙坡区公安局九龙坡区分局,2004.09.16-2014.09.14,霍格沃茨魔法银行,13503.71,6,医疗,先息后本
IMG_00627,loan_0331/face_signing.jpg,LN2024000331,SG_272,1,,杨秀,女,汉族,1980-11-07,广东省广州市荔湾区 锦绣华庭 20栋2单元500室,44010319801107958X,荔湾区公安局荔湾区分局,1998.11.03-2008.10.31,霍格沃茨魔法银行,255616.79,36,购买新能源汽车,等额本息
IMG_00628,loan_0332/face_signing.jpg,LN2024000332,SG_273,1,,马建,男,汉族,1969-09-01,江苏省南京市鼓楼区 龙腾盛世 8栋3单元1219室,32010619690901833X,鼓楼区公安局鼓楼区分局,1987.08.28-1997.08.25,瓦坎达信贷中心,170771.75,24,购买燃油车,等额本金
IMG_00629,loan_0333/face_signing.jpg,LN2024000333,SG_274,1,,赵娜,女,汉族,1985-06-05,浙江省宁波市海曙区 星河湾畔 17栋2单元889室,330203198506051562,海曙区公安局海曙区分局,2003.06.01-2013.05.29,夏尔农业信贷,114367.14,3,婚庆,先息后本
IMG_00630,loan_0334/face_signing.jpg,LN2024000334,SG_275,1,,王雪,女,汉族,2001-12-20,天津市天津市和平区 香榭丽舍 3栋4单元1385室,120101200112206683,和平区公安局和平区分局,2019.12.16-2029.12.13,阿卡姆消费金融,689737.32,36,企业流动资金,等额本息
IMG_00631,loan_0335/face_signing.jpg,LN2024000335,SG_276,1,,黄娟,女,汉族,1978-03-20,上海市上海市黄浦区 悦海名邸 10栋5单元505室,310101197803201022,黄浦区公安局黄浦区分局,1996.03.15-2006.03.13,瓦坎达信贷中心,957465.73,36,企业流动资金,等额本息
IMG_00632,loan_0336/face_signing.jpg,LN2024000336,SG_277,1,,朱佳,女,汉族,1975-09-16,江苏省无锡市新吴区 翠湖雅苑 7栋2单元1279室,320214197509163925,新吴区公安局新吴区分局,1993.09.11-2003.09.09,哥谭市小额贷款中心,185604.46,3,购买新能源汽车,先息后本
IMG_00633,loan_0337/face_signing.jpg,LN2024000337,SG_278,1,,孙涛,男,汉族,1960-12-23,海南省海口市龙华区 融创壹号院 11栋2单元429室,460106196012230919,龙华区公安局龙华区分局,1978.12.19-1988.12.16,新亚特兰蒂斯商业银行,4020185.75,360,购房首付,等额本金
IMG_00634,loan_0338/face_signing.jpg,LN2024000338,SG_279,1,,黄超,男,汉族,1987-09-05,湖北省武汉市武昌区 香榭丽舍 5栋4单元1691室,420106198709057652,武昌区公安局武昌区分局,2005.08.31-2015.08.29,艾泽拉斯数字科技,921947.92,120,扩大生产,等额本息
IMG_00635,loan_0339/face_signing.jpg,LN2024000339,SG_280,1,,罗建国,男,汉族,2003-10-18,江西省南昌市东湖区 翠湖雅苑 1栋4单元1822室,360102200310189432,东湖区公安局东湖区分局,2021.10.13-2031.10.11,瓦坎达信贷中心,362455.01,60,扩大生产,按月付息，到期还本
IMG_00636,loan_0340/face_signing.jpg,LN2024000340,SG_281,1,,徐超,男,汉族,1982-05-28,贵州省贵阳市云岩区 香榭丽舍 20栋2单元1200室,520103198205284792,云岩区公安局云岩区分局,2000.05.23-2010.05.21,琅琊商业银行,2064225.23,120,二手房交易,等额本金
IMG_00637,loan_0341/face_signing.jpg,LN2024000341,SG_282,1,,赵伟,男,汉族,2004-12-04,四川省成都市锦江区 星河湾畔 12栋2单元2501室,51010420041204741X,锦江区公安局锦江区分局,2022.11.30-2032.11.27,提瓦特小额贷款,4225098.26,360,二手房交易,等额本息
IMG_00638,loan_0342/face_signing.jpg,LN2024000342,SG_283,1,,何芳,女,汉族,1999-04-09,广东省深圳市南山区 阳光100 19栋6单元1602室,440305199904091226,南山区公安局南山区分局,2017.04.04-2027.04.02,哥谭市小额贷款中心,81775.81,24,购买新能源汽车,按月付息，到期还本
IMG_00639,loan_0343/face_signing.jpg,LN2024000343,SG_284,1,,高娜,女,汉族,1983-10-25,北京市北京市朝阳区 翠湖雅苑 17栋6单元1368室,110105198310255826,朝阳区公安局朝阳区分局,2001.10.20-2011.10.18,夏尔农业信贷,1463170.92,240,购房首付,等额本息
IMG_00640,loan_0344/face_signing.jpg,LN2024000344,SG_285,1,,郭建国,男,汉族,1983-01-16,天津市天津市和平区 御景半岛 16栋3单元1568室,120101198301169092,和平区公安局和平区分局,2001.01.11-2011.01.09,瓦坎达信贷中心,785306.64,36,企业流动资金,等额本金
IMG_00641,loan_0345/face_signing.jpg,LN2024000345,SG_286,1,,李华,女,壮族,1968-01-30,江苏省南京市玄武区 星河湾畔 18栋2单元2006室,320102196801303221,玄武区公安局玄武区分局,1986.01.25-1996.01.23,星火基地普惠金融,3382404.82,120,企业流动资金,按月付息，到期还本
IMG_00642,loan_0346/face_signing.jpg,LN2024000346,SG_287,1,,张磊,男,汉族,1971-07-02,新疆维吾尔自治区乌鲁木齐市天山区 融创壹号院 13栋6单元1996室,650102197107026253,天山区公安局天山区分局,1989.06.27-1999.06.25,星火基地普惠金融,3061047.82,360,企业流动资金,按月付息，到期还本
IMG_00643,loan_0347/face_signing.jpg,LN2024000347,SG_288,1,,王文,女,汉族,1973-06-08,四川省成都市锦江区 悦海名邸 6栋1单元132室,510104197306086402,锦江区公安局锦江区分局,1991.06.04-2001.06.01,哥谭市小额贷款中心,70029.57,6,购买燃油车,一次性还本付息
IMG_00644,loan_0348/face_signing.jpg,LN2024000348,SG_289,1,,黄晨,男,汉族,1982-10-24,湖北省武汉市武昌区 东方曼哈顿 20栋5单元1986室,420106198210249612,武昌区公安局武昌区分局,2000.10.19-2010.10.17,赛博城消费金融有限公司,98858.23,12,房屋装修,等额本息
IMG_00645,loan_0349/face_signing.jpg,LN2024000349,SG_290,1,,赵晨,男,汉族,1960-10-08,广东省深圳市福田区 绿地新江湾 13栋2单元824室,440304196010081459,福田区公安局福田区分局,1978.10.04-1988.10.01,琅琊商业银行,66169.05,6,房屋装修,先息后本
IMG_00646,loan_0350/face_signing.jpg,LN2024000350,SG_291,1,,胡宇,男,汉族,1994-02-25,海南省海口市龙华区 碧水云天 7栋1单元2183室,460106199402250636,龙华区公安局龙华区分局,2012.02.21-2022.02.18,琅琊商业银行,10708.0,3,教育进修,先息后本
IMG_00647,loan_0351/face_signing.jpg,LN2024000351,SG_292,1,,陈秀,女,汉族,1988-04-15,天津市天津市和平区 枫林晚居 18栋3单元1623室,120101198804159048,和平区公安局和平区分局,2006.04.11-2016.04.08,琅琊商业银行,279694.25,60,购买新能源汽车,等额本息
IMG_00648,loan_0352/face_signing.jpg,LN2024000352,SG_293,1,,胡浩,男,汉族,1987-04-04,北京市北京市朝阳区 普罗旺斯 20栋4单元1990室,110105198704046592,朝阳区公安局朝阳区分局,2005.03.30-2015.03.28,夏尔农业信贷,865853.14,120,购房首付,等额本金
IMG_00649,loan_0353/face_signing.jpg,LN2024000353,SG_294,1,,黄建,男,汉族,1991-05-28,江苏省南京市玄武区 翠湖雅苑 3栋3单元1253室,320102199105282491,玄武区公安局玄武区分局,2009.05.23-2019.05.21,九又四分之三信贷中心,698233.05,60,企业流动资金,等额本金
IMG_00650,loan_0354/face_signing.jpg,LN2024000354,SG_295,1,,吴强,男,汉族,1961-02-18,广东省深圳市南山区 龙腾盛世 19栋4单元1524室,440305196102185251,南山区公安局南山区分局,1979.02.14-1989.02.11,木叶村消费金融,607299.54,60,购房首付,等额本金
IMG_00651,loan_0355/face_signing.jpg,LN2024000355,SG_296,1,,胡子涵,男,汉族,1975-07-28,江西省南昌市东湖区 融创壹号院 17栋1单元2144室,360102197507288499,东湖区公安局东湖区分局,1993.07.23-2003.07.21,潘多拉普惠金融,57955.33,3,购买新能源汽车,先息后本
IMG_00652,loan_0356/face_signing.jpg,LN2024000356,SG_297,1,,罗浩,女,汉族,1980-12-02,北京市北京市东城区 龙腾盛世 20栋6单元1039室,110101198012026501,东城区公安局东城区分局,1998.11.28-2008.11.25,霍格沃茨魔法银行,404080.31,60,购房首付,等额本息
IMG_00653,loan_0357/face_signing.jpg,LN2024000357,SG_298,1,,郭超,男,汉族,1974-11-10,广东省广州市荔湾区 星河湾畔 10栋3单元536室,440103197411101374,荔湾区公安局荔湾区分局,1992.11.05-2002.11.03,琅琊商业银行,409899.08,60,扩大生产,按月付息，到期还本
IMG_00654,loan_0358/face_signing.jpg,LN2024000358,SG_299,1,,周燕,女,汉族,2006-03-14,贵州省贵阳市云岩区 融创壹号院 4栋1单元1398室,520103200603144760,云岩区公安局云岩区分局,2024.03.09-2034.03.07,哥谭市小额贷款中心,148897.65,6,购买燃油车,一次性还本付息
IMG_00655,loan_0359/face_signing.jpg,LN2024000359,SG_300,1,,王静,女,汉族,1969-03-25,陕西省西安市新城区 威尼斯水城 11栋5单元1843室,610102196903255688,新城区公安局新城区分局,1987.03.21-1997.03.18,木叶村消费金融,691992.97,60,扩大生产,按月付息，到期还本
IMG_00656,loan_0360/face_signing.jpg,LN2024000360,SG_301,1,,朱慧,女,汉族,1997-04-18,浙江省宁波市海曙区 东方曼哈顿 20栋5单元1698室,33020319970418714X,海曙区公安局海曙区分局,2015.04.14-2025.04.11,阿卡姆消费金融,174676.84,24,购买燃油车,等额本息
IMG_00657,loan_0361/face_signing.jpg,LN2024000361,SG_302,1,,刘军,男,汉族,1979-05-14,山东省青岛市崂山区 悦海名邸 14栋2单元2176室,370212197905148790,崂山区公安局崂山区分局,1997.05.09-2007.05.07,琅琊商业银行,2006355.67,120,企业流动资金,等额本金
IMG_00658,loan_0362/face_signing.jpg,LN2024000362,SG_303,1,,孙磊,男,汉族,1979-07-23,上海市上海市黄浦区 普罗旺斯 19栋1单元641室,310101197907239471,黄浦区公安局黄浦区分局,1997.07.18-2007.07.16,新亚特兰蒂斯商业银行,70321.18,60,房屋装修,按月付息，到期还本
IMG_00659,loan_0363/face_signing.jpg,LN2024000363,SG_304,1,,李华,男,汉族,1981-02-06,湖北省武汉市武昌区 绿地新江湾 12栋5单元376室,420106198102064493,武昌区公安局武昌区分局,1999.02.02-2009.01.30,瓦坎达信贷中心,110943.59,3,购买新能源汽车,先息后本
IMG_00660,loan_0364/face_signing.jpg,LN2024000364,SG_305,1,,罗志强,男,汉族,1999-12-08,云南省昆明市五华区 普罗旺斯 4栋3单元1874室,53010219991208225X,五华区公安局五华区分局,2017.12.03-2027.12.01,九又四分之三信贷中心,502736.37,240,企业流动资金,按月付息，到期还本
IMG_00661,loan_0365/face_signing.jpg,LN2024000365,SG_306,1,,胡强,男,汉族,1971-05-15,山东省济南市历下区 碧水云天 17栋5单元814室,370102197105155812,历下区公安局历下区分局,1989.05.10-1999.05.08,阿卡姆消费金融,124215.41,3,购买燃油车,一次性还本付息
IMG_00662,loan_0366/face_signing.jpg,LN2024000366,SG_307,1,,何志强,男,汉族,1972-10-02,广东省广州市天河区 融创壹号院 13栋4单元886室,440106197210021799,天河区公安局天河区分局,1990.09.28-2000.09.25,哥谭市小额贷款中心,101885.45,12,购买新能源汽车,等额本息
IMG_00663,loan_0367/face_signing.jpg,LN2024000367,SG_308,1,,赵志强,男,汉族,1968-09-29,山东省济南市历下区 枫林晚居 9栋4单元184室,370102196809297873,历下区公安局历下区分局,1986.09.25-1996.09.22,霍格沃茨魔法银行,3350505.5,360,购房首付,按月付息，到期还本
IMG_00664,loan_0368/face_signing.jpg,LN2024000368,SG_309,1,,王芳,女,汉族,2004-07-14,四川省成都市武侯区 紫金华府 14栋5单元394室,510107200407146906,武侯区公安局武侯区分局,2022.07.10-2032.07.07,九又四分之三信贷中心,4980002.34,120,企业流动资金,按月付息，到期还本
IMG_00665,loan_0369/face_signing.jpg,LN2024000369,SG_310,1,,高梓轩,男,汉族,1967-11-29,浙江省杭州市西湖区 锦绣华庭 8栋3单元1551室,330106196711290778,西湖区公安局西湖区分局,1985.11.24-1995.11.22,夏尔农业信贷,42481.92,3,购买家电,先息后本
IMG_00666,loan_0370/face_signing.jpg,LN2024000370,SG_311,1,,陈宇,男,汉族,2004-04-11,江苏省无锡市新吴区 普罗旺斯 9栋4单元1771室,320214200404112675,新吴区公安局新吴区分局,2022.04.07-2032.04.04,九又四分之三信贷中心,4860263.39,240,企业流动资金,等额本金
IMG_00667,loan_0371/face_signing.jpg,LN2024000371,SG_312,1,,罗晨,女,汉族,1989-08-15,海南省海口市龙华区 龙腾盛世 10栋3单元295室,460106198908159405,龙华区公安局龙华区分局,2007.08.11-2017.08.08,阿卡姆消费金融,240308.22,36,房屋装修,按月付息，到期还本
IMG_00668,loan_0372/face_signing.jpg,LN2024000372,SG_313,1,,胡华,女,汉族,1967-02-02,上海市上海市黄浦区 紫金华府 19栋1单元392室,310101196702024683,黄浦区公安局黄浦区分局,1985.01.28-1995.01.26,哥谭市小额贷款中心,413962.07,60,企业流动资金,等额本息
IMG_00669,loan_0373/face_signing.jpg,LN2024000373,SG_314,1,,林浩,女,汉族,1971-02-23,上海市上海市浦东新区 威尼斯水城 13栋4单元1465室,310115197102233820,浦东新区公安局浦东新区分局,1989.02.18-1999.02.16,新亚特兰蒂斯商业银行,196437.85,24,购买新能源汽车,等额本金
IMG_00670,loan_0374/face_signing.jpg,LN2024000374,SG_315,1,,马燕,女,汉族,1984-02-03,山东省青岛市崂山区 碧水云天 12栋1单元745室,370212198402037567,崂山区公安局崂山区分局,2002.01.29-2012.01.27,琅琊商业银行,132725.06,6,房屋装修,先息后本
IMG_00671,loan_0375/face_signing.jpg,LN2024000375,SG_316,1,,王梓轩,女,汉族,1972-02-13,江苏省苏州市虎丘区 香榭丽舍 20栋6单元942室,320505197202132024,虎丘区公安局虎丘区分局,1990.02.08-2000.02.06,新亚特兰蒂斯商业银行,2851145.69,240,企业流动资金,等额本息
IMG_00672,loan_0376/face_signing.jpg,LN2024000376,SG_317,1,,高华,男,汉族,1983-07-29,安徽省合肥市庐阳区 紫金华府 12栋3单元912室,340103198307298817,庐阳区公安局庐阳区分局,2001.07.24-2011.07.22,新亚特兰蒂斯商业银行,644505.98,60,购房首付,按月付息，到期还本
IMG_00673,loan_0377/face_signing.jpg,LN2024000377,SG_318,1,,刘宇,男,汉族,1980-02-06,海南省海口市龙华区 悦海名邸 11栋6单元2203室,460106198002064151,龙华区公安局龙华区分局,1998.02.01-2008.01.30,艾泽拉斯数字科技,154275.73,6,婚庆,一次性还本付息
IMG_00674,loan_0378/face_signing.jpg,LN2024000378,SG_319,1,,杨宇,男,汉族,1961-03-14,湖北省武汉市江岸区 绿地新江湾 7栋1单元1407室,42010219610314671X,江岸区公安局江岸区分局,1979.03.10-1989.03.07,提瓦特小额贷款,3466391.1,120,购房首付,等额本金
IMG_00675,loan_0379/face_signing.jpg,LN2024000379,SG_320,1,,陈芳,女,汉族,1982-02-14,江苏省苏州市虎丘区 香榭丽舍 9栋6单元1904室,320505198202146447,虎丘区公安局虎丘区分局,2000.02.10-2010.02.07,霍格沃茨魔法银行,4551188.49,120,企业流动资金,等额本息
IMG_00676,loan_0380/face_signing.jpg,LN2024000380,SG_321,1,,黄文,女,汉族,1961-02-07,浙江省杭州市西湖区 香榭丽舍 7栋2单元1244室,330106196102074703,西湖区公安局西湖区分局,1979.02.03-1989.01.31,新亚特兰蒂斯商业银行,147196.88,12,购买新能源汽车,等额本息
IMG_00677,loan_0381/face_signing.jpg,LN2024000381,SG_322,1,,马晨,男,汉族,1969-01-09,江苏省无锡市新吴区 锦绣家园 15栋2单元2055室,320214196901093533,新吴区公安局新吴区分局,1987.01.05-1997.01.02,霍格沃茨魔法银行,2201534.39,120,购房首付,按月付息，到期还本
IMG_00678,loan_0382/face_signing.jpg,LN2024000382,SG_323,1,,李娜,女,汉族,1968-08-22,江苏省南京市鼓楼区 香榭丽舍 20栋6单元2114室,320106196808229568,鼓楼区公安局鼓楼区分局,1986.08.18-1996.08.15,星火基地普惠金融,166406.72,12,购买新能源汽车,按月付息，到期还本
IMG_00679,loan_0383/face_signing.jpg,LN2024000383,SG_324,1,,徐军,男,汉族,1987-01-19,福建省厦门市思明区 普罗旺斯 4栋3单元1753室,35020319870119831X,思明区公安局思明区分局,2005.01.14-2015.01.12,九又四分之三信贷中心,301721.57,24,企业流动资金,按月付息，到期还本
IMG_00680,loan_0384/face_signing.jpg,LN2024000384,SG_325,1,,徐子涵,女,汉族,1994-05-28,陕西省西安市新城区 普罗旺斯 10栋5单元1055室,610102199405281086,新城区公安局新城区分局,2012.05.23-2022.05.21,琅琊商业银行,119483.76,3,婚庆,先息后本
IMG_00681,loan_0385/face_signing.jpg,LN2024000385,SG_326,1,,刘建国,男,汉族,1986-02-15,四川省成都市锦江区 绿地新江湾 1栋4单元269室,51010419860215657X,锦江区公安局锦江区分局,2004.02.11-2014.02.08,瓦坎达信贷中心,312278.81,36,企业流动资金,等额本金
IMG_00682,loan_0386/face_signing.jpg,LN2024000386,SG_327,1,,马婷,女,汉族,1971-04-28,新疆维吾尔自治区乌鲁木齐市天山区 融创壹号院 13栋1单元434室,650102197104287343,天山区公安局天山区分局,1989.04.23-1999.04.21,瓦坎达信贷中心,113078.46,12,购买燃油车,等额本息
IMG_00683,loan_0387/face_signing.jpg,LN2024000387,SG_328,1,,罗平,女,汉族,2000-11-06,上海市上海市浦东新区 紫金华府 7栋4单元1500室,310115200011068561,浦东新区公安局浦东新区分局,2018.11.02-2028.10.30,昆仑数字科技有限公司,3647880.86,360,企业流动资金,等额本息
IMG_00684,loan_0388/face_signing.jpg,LN2024000388,SG_329,1,,李子涵,男,汉族,2008-01-04,天津市天津市东丽区 东方曼哈顿 12栋2单元1872室,12011020080104791X,东丽区公安局东丽区分局,2025.12.30-2035.12.28,阿卡姆消费金融,169559.13,12,婚庆,等额本金
IMG_00685,loan_0389/face_signing.jpg,LN2024000389,SG_330,1,,吴子涵,女,汉族,1966-03-20,安徽省合肥市庐阳区 阳光100 8栋3单元707室,340103196603205428,庐阳区公安局庐阳区分局,1984.03.15-1994.03.13,艾泽拉斯数字科技,650871.2,24,二手房交易,按月付息，到期还本
IMG_00686,loan_0390/face_signing.jpg,LN2024000390,SG_331,1,,高平,男,汉族,1985-01-15,广东省广州市荔湾区 龙腾盛世 11栋3单元1957室,440103198501155290,荔湾区公安局荔湾区分局,2003.01.11-2013.01.08,瓦坎达信贷中心,1991575.27,360,二手房交易,等额本金
IMG_00687,loan_0391/face_signing.jpg,LN2024000391,SG_332,1,,朱浩,男,汉族,1961-03-05,云南省昆明市五华区 绿地新江湾 13栋1单元711室,53010219610305137X,五华区公安局五华区分局,1979.03.01-1989.02.26,新亚特兰蒂斯商业银行,109758.18,3,购买新能源汽车,先息后本
IMG_00688,loan_0392/face_signing.jpg,LN2024000392,SG_333,1,,周华,女,汉族,1989-01-05,北京市北京市海淀区 阳光100 17栋5单元1068室,110108198901052480,海淀区公安局海淀区分局,2007.01.01-2016.12.29,昆仑数字科技有限公司,163552.39,6,房屋装修,一次性还本付息
IMG_00689,loan_0393/face_signing.jpg,LN2024000393,SG_334,1,,王燕,女,汉族,1986-03-11,北京市北京市海淀区 御景半岛 20栋1单元1878室,110108198603116546,海淀区公安局海淀区分局,2004.03.06-2014.03.04,潘多拉普惠金融,562009.92,24,企业流动资金,等额本金
IMG_00690,loan_0394/face_signing.jpg,LN2024000394,SG_335,1,,朱杰,男,汉族,1972-11-06,北京市北京市朝阳区 威尼斯水城 2栋6单元1931室,110105197211065715,朝阳区公安局朝阳区分局,1990.11.02-2000.10.30,赛博城消费金融有限公司,181638.23,6,房屋装修,一次性还本付息
IMG_00691,loan_0395/face_signing.jpg,LN2024000395,SG_336,1,,陈建,男,汉族,1982-11-21,江苏省苏州市虎丘区 翠湖雅苑 1栋5单元2479室,320505198211214536,虎丘区公安局虎丘区分局,2000.11.16-2010.11.14,提瓦特小额贷款,878597.55,36,扩大生产,等额本息
IMG_00692,loan_0396/face_signing.jpg,LN2024000396,SG_337,1,,徐佳,女,汉族,1983-12-21,陕西省西安市新城区 香榭丽舍 19栋6单元1612室,610102198312214883,新城区公安局新城区分局,2001.12.16-2011.12.14,瓦坎达信贷中心,191313.04,3,房屋装修,先息后本
IMG_00693,loan_0397/face_signing.jpg,LN2024000397,SG_338,1,,胡娜,女,汉族,1997-01-19,湖南省长沙市岳麓区 枫林晚居 20栋1单元1792室,430104199701197267,岳麓区公安局岳麓区分局,2015.01.15-2025.01.12,赛博城消费金融有限公司,2673790.34,360,购房首付,按月付息，到期还本
IMG_00694,loan_0398/face_signing.jpg,LN2024000398,SG_339,1,,高宇,女,汉族,1968-09-09,陕西省西安市雁塔区 锦绣家园 10栋3单元1165室,610113196809096683,雁塔区公安局雁塔区分局,1986.09.05-1996.09.02,木叶村消费金融,196168.89,12,购买燃油车,等额本息
IMG_00695,loan_0399/face_signing.jpg,LN2024000399,SG_340,1,,高晨,女,汉族,1981-06-27,河南省郑州市金水区 普罗旺斯 16栋3单元1020室,410105198106271045,金水区公安局金水区分局,1999.06.23-2009.06.20,木叶村消费金融,253428.63,24,婚庆,等额本金
IMG_00696,loan_0400/face_signing.jpg,LN2024000400,SG_341,1,,黄静,女,汉族,1972-03-27,河南省郑州市金水区 龙腾盛世 4栋4单元2094室,410105197203276740,金水区公安局金水区分局,1990.03.23-2000.03.20,霍格沃茨魔法银行,137758.47,3,房屋装修,先息后本
IMG_00697,loan_0401/face_signing.jpg,LN2024000401,SG_342,1,,高超,男,藏族,1993-05-16,湖南省长沙市岳麓区 绿地新江湾 1栋5单元396室,430104199305166012,岳麓区公安局岳麓区分局,2011.05.12-2021.05.09,星火基地普惠金融,291001.34,24,房屋装修,等额本金
IMG_00698,loan_0402/face_signing.jpg,LN2024000402,SG_343,1,,赵雪,女,汉族,1991-07-20,天津市天津市东丽区 碧水云天 18栋5单元2064室,120110199107202128,东丽区公安局东丽区分局,2009.07.15-2019.07.13,阿卡姆消费金融,173448.94,60,购买新能源汽车,等额本息
IMG_00699,loan_0403/face_signing.jpg,LN2024000403,SG_344,1,,陈华,女,汉族,1965-04-07,江苏省南京市鼓楼区 碧水云天 3栋3单元1650室,320106196504073461,鼓楼区公安局鼓楼区分局,1983.04.03-1993.03.31,星火基地普惠金融,178836.08,60,婚庆,等额本息
IMG_00700,loan_0404/face_signing.jpg,LN2024000404,SG_345,1,,马平,男,汉族,1978-11-10,江苏省南京市鼓楼区 香榭丽舍 1栋1单元214室,320106197811102570,鼓楼区公安局鼓楼区分局,1996.11.05-2006.11.03,赛博城消费金融有限公司,2504507.14,360,购房首付,等额本金
IMG_00701,loan_0405/face_signing.jpg,LN2024000405,SG_346,1,,朱敏,女,汉族,2004-12-05,江苏省南京市玄武区 香榭丽舍 2栋2单元1237室,320102200412050282,玄武区公安局玄武区分局,2022.12.01-2032.11.28,木叶村消费金融,974822.19,60,购房首付,等额本息
IMG_00702,loan_0406/face_signing.jpg,LN2024000406,SG_347,1,,赵建国,男,汉族,1987-06-21,天津市天津市东丽区 绿地新江湾 8栋2单元313室,120110198706215014,东丽区公安局东丽区分局,2005.06.16-2015.06.14,星火基地普惠金融,187252.19,12,购买燃油车,等额本金
IMG_00703,loan_0407/face_signing.jpg,LN2024000407,SG_348,1,,朱丽,女,汉族,1994-07-30,河南省郑州市金水区 普罗旺斯 19栋1单元1999室,410105199407300123,金水区公安局金水区分局,2012.07.25-2022.07.23,琅琊商业银行,2006601.81,120,购房首付,等额本金
IMG_00704,loan_0408/face_signing.jpg,LN2024000408,SG_349,1,,王浩,女,回族,1998-05-25,广东省深圳市南山区 龙腾盛世 18栋4单元1945室,440305199805253066,南山区公安局南山区分局,2016.05.20-2026.05.18,木叶村消费金融,567278.76,60,购房首付,等额本息
IMG_00705,loan_0409/face_signing.jpg,LN2024000409,SG_350,1,,郭伟,男,汉族,2005-02-14,江苏省无锡市新吴区 枫林晚居 5栋5单元447室,320214200502145112,新吴区公安局新吴区分局,2023.02.10-2033.02.07,霍格沃茨魔法银行,164972.27,12,婚庆,等额本息
IMG_00706,loan_0410/face_signing.jpg,LN2024000410,SG_351,1,,林晨,女,壮族,1982-11-30,陕西省西安市雁塔区 锦绣华庭 3栋1单元1026室,610113198211301602,雁塔区公安局雁塔区分局,2000.11.25-2010.11.23,阿卡姆消费金融,963918.1,60,扩大生产,等额本金
IMG_00707,loan_0411/face_signing.jpg,LN2024000411,SG_352,1,,周宇,男,汉族,1997-08-22,贵州省贵阳市云岩区 紫金华府 15栋5单元1165室,52010319970822055X,云岩区公安局云岩区分局,2015.08.18-2025.08.15,阿卡姆消费金融,967986.16,24,扩大生产,等额本金
IMG_00708,loan_0412/face_signing.jpg,LN2024000412,SG_353,1,,罗杰,男,汉族,1987-04-17,广东省广州市天河区 东方曼哈顿 3栋4单元780室,440106198704172954,天河区公安局天河区分局,2005.04.12-2015.04.10,哥谭市小额贷款中心,362489.82,60,二手房交易,等额本息
IMG_00709,loan_0413/face_signing.jpg,LN2024000413,SG_354,1,,刘勇,男,回族,1989-04-06,四川省成都市武侯区 东方曼哈顿 18栋3单元646室,510107198904069059,武侯区公安局武侯区分局,2007.04.02-2017.03.30,夏尔农业信贷,447067.44,60,二手房交易,按月付息，到期还本
IMG_00710,loan_0414/face_signing.jpg,LN2024000414,SG_355,1,,朱强,男,汉族,1972-07-29,湖南省长沙市芙蓉区 紫金华府 3栋1单元120室,430102197207299792,芙蓉区公安局芙蓉区分局,1990.07.25-2000.07.22,赛博城消费金融有限公司,850805.93,24,购房首付,按月付息，到期还本
IMG_00711,loan_0415/face_signing.jpg,LN2024000415,SG_356,1,,赵娜,女,满族,1978-10-26,四川省成都市锦江区 翠湖雅苑 18栋3单元1896室,510104197810265004,锦江区公安局锦江区分局,1996.10.21-2006.10.19,瓦坎达信贷中心,630333.17,60,购房首付,按月付息，到期还本
IMG_00712,loan_0416/face_signing.jpg,LN2024000416,SG_357,1,,郭军,男,汉族,1985-08-03,重庆市重庆市渝中区 翠湖雅苑 5栋3单元341室,500103198508031756,渝中区公安局渝中区分局,2003.07.30-2013.07.27,夏尔农业信贷,1097581.26,360,二手房交易,按月付息，到期还本
IMG_00713,loan_0417/face_signing.jpg,LN2024000417,SG_358,1,,何华,男,汉族,1998-10-23,四川省成都市武侯区 龙腾盛世 9栋5单元2433室,510107199810231515,武侯区公安局武侯区分局,2016.10.18-2026.10.16,九又四分之三信贷中心,75254.84,6,房屋装修,一次性还本付息
IMG_00714,loan_0418/face_signing.jpg,LN2024000418,SG_359,1,,陈明,男,汉族,1975-10-30,北京市北京市海淀区 御景半岛 4栋1单元311室,11010819751030691X,海淀区公安局海淀区分局,1993.10.25-2003.10.23,星火基地普惠金融,375388.84,60,二手房交易,按月付息，到期还本
IMG_00715,loan_0419/face_signing.jpg,LN2024000419,SG_360,1,,杨慧,女,汉族,1979-04-13,福建省福州市鼓楼区 锦绣华庭 3栋3单元167室,350102197904139321,鼓楼区公安局鼓楼区分局,1997.04.08-2007.04.06,阿卡姆消费金融,50103.6,36,房屋装修,按月付息，到期还本
IMG_00716,loan_0420/face_signing.jpg,LN2024000420,SG_361,1,,赵芳,女,汉族,2001-01-30,贵州省贵阳市云岩区 御景半岛 4栋2单元1565室,520103200101306029,云岩区公安局云岩区分局,2019.01.26-2029.01.23,霍格沃茨魔法银行,1299631.44,120,购房首付,等额本金
IMG_00717,loan_0421/face_signing.jpg,LN2024000421,SG_362,1,,何涛,男,汉族,1972-08-26,上海市上海市黄浦区 普罗旺斯 11栋5单元1418室,310101197208268935,黄浦区公安局黄浦区分局,1990.08.22-2000.08.19,潘多拉普惠金融,114589.21,6,购买新能源汽车,一次性还本付息
IMG_00718,loan_0422/face_signing.jpg,LN2024000422,SG_363,1,,郭雪,女,汉族,1971-05-02,广东省广州市荔湾区 紫金华府 20栋2单元978室,44010319710502514X,荔湾区公安局荔湾区分局,1989.04.27-1999.04.25,阿卡姆消费金融,73680.06,6,婚庆,一次性还本付息
IMG_00719,loan_0423/face_signing.jpg,LN2024000423,SG_364,1,,林伟,男,汉族,2008-02-02,广东省深圳市南山区 东方曼哈顿 2栋1单元1335室,440305200802026373,南山区公安局南山区分局,2026.01.28-2036.01.26,提瓦特小额贷款,4503316.94,240,二手房交易,按月付息，到期还本
IMG_00720,loan_0424/face_signing.jpg,LN2024000424,SG_365,1,,胡梓轩,女,汉族,1998-06-16,福建省厦门市思明区 威尼斯水城 16栋5单元212室,350203199806163468,思明区公安局思明区分局,2016.06.11-2026.06.09,提瓦特小额贷款,461389.76,36,企业流动资金,等额本息
IMG_00721,loan_0425/face_signing.jpg,LN2024000425,SG_366,1,,罗勇,男,壮族,1964-12-15,新疆维吾尔自治区乌鲁木齐市天山区 碧水云天 15栋2单元1941室,650102196412153633,天山区公安局天山区分局,1982.12.11-1992.12.08,夏尔农业信贷,518858.15,24,购房首付,等额本金
IMG_00722,loan_0426/face_signing.jpg,LN2024000426,SG_367,1,,周文,男,汉族,1970-04-13,江苏省苏州市虎丘区 香榭丽舍 5栋4单元875室,32050519700413781X,虎丘区公安局虎丘区分局,1988.04.08-1998.04.06,霍格沃茨魔法银行,945574.08,60,扩大生产,按月付息，到期还本
IMG_00723,loan_0427/face_signing.jpg,LN2024000427,SG_368,1,,马建国,男,汉族,1988-08-26,北京市北京市海淀区 翠湖雅苑 17栋6单元393室,110108198808260939,海淀区公安局海淀区分局,2006.08.22-2016.08.19,昆仑数字科技有限公司,229271.17,24,购买新能源汽车,等额本金
IMG_00724,loan_0428/face_signing.jpg,LN2024000428,SG_369,1,,林子涵,男,汉族,1964-05-07,上海市上海市黄浦区 威尼斯水城 4栋3单元234室,310101196405070616,黄浦区公安局黄浦区分局,1982.05.03-1992.04.30,霍格沃茨魔法银行,4681611.39,240,企业流动资金,等额本息
IMG_00725,loan_0429/face_signing.jpg,LN2024000429,SG_370,1,,孙慧,女,汉族,1962-07-30,山东省济南市历下区 融创壹号院 9栋2单元570室,370102196207306808,历下区公安局历下区分局,1980.07.25-1990.07.23,瓦坎达信贷中心,176150.39,3,购买新能源汽车,先息后本
IMG_00726,loan_0430/face_signing.jpg,LN2024000430,SG_371,1,,高芳,女,汉族,2003-03-15,海南省海口市龙华区 中央公园 15栋1单元1885室,460106200303152446,龙华区公安局龙华区分局,2021.03.10-2031.03.08,夏尔农业信贷,973620.22,36,企业流动资金,按月付息，到期还本
IMG_00727,loan_0431/face_signing.jpg,LN2024000431,SG_372,1,,杨子涵,女,汉族,2006-02-14,天津市天津市东丽区 翠湖雅苑 6栋6单元2002室,120110200602141188,东丽区公安局东丽区分局,2024.02.10-2034.02.07,夏尔农业信贷,463041.57,60,购房首付,等额本金
IMG_00728,loan_0432/face_signing.jpg,LN2024000432,SG_373,1,,何文,女,汉族,2000-06-15,湖北省武汉市江岸区 威尼斯水城 9栋5单元1325室,420102200006158865,江岸区公安局江岸区分局,2018.06.11-2028.06.08,潘多拉普惠金融,2455137.8,240,购房首付,等额本息
IMG_00729,loan_0433/face_signing.jpg,LN2024000433,SG_374,1,,郭娟,女,汉族,1983-02-24,贵州省贵阳市云岩区 悦海名邸 15栋5单元1432室,520103198302242068,云岩区公安局云岩区分局,2001.02.19-2011.02.17,九又四分之三信贷中心,171648.32,6,购买燃油车,先息后本
IMG_00730,loan_0434/face_signing.jpg,LN2024000434,SG_375,1,,孙慧,女,汉族,1977-04-10,江西省南昌市东湖区 绿地新江湾 20栋4单元2015室,360102197704104660,东湖区公安局东湖区分局,1995.04.06-2005.04.03,九又四分之三信贷中心,1447940.15,240,企业流动资金,按月付息，到期还本
IMG_00731,loan_0435/face_signing.jpg,LN2024000435,SG_376,1,,何平,男,汉族,2003-09-23,北京市北京市朝阳区 中央公园 6栋4单元1912室,110105200309239992,朝阳区公安局朝阳区分局,2021.09.18-2031.09.16,赛博城消费金融有限公司,3922099.13,120,二手房交易,按月付息，到期还本
IMG_00732,loan_0436/face_signing.jpg,LN2024000436,SG_377,1,,何军,男,汉族,1992-08-09,湖南省长沙市芙蓉区 翠湖雅苑 16栋3单元240室,430102199208092813,芙蓉区公安局芙蓉区分局,2010.08.05-2020.08.02,提瓦特小额贷款,1391117.96,360,企业流动资金,等额本金
IMG_00733,loan_0437/face_signing.jpg,LN2024000437,SG_378,1,,高宇,女,汉族,1994-02-25,天津市天津市东丽区 龙腾盛世 9栋2单元1848室,120110199402254908,东丽区公安局东丽区分局,2012.02.21-2022.02.18,夏尔农业信贷,644462.46,24,企业流动资金,等额本息
IMG_00734,loan_0438/face_signing.jpg,LN2024000438,SG_379,1,,吴文,女,汉族,2007-07-16,江苏省南京市鼓楼区 御景半岛 7栋4单元1272室,320106200707161663,鼓楼区公安局鼓楼区分局,2025.07.11-2035.07.09,星火基地普惠金融,21047.64,3,日常消费,先息后本
IMG_00735,loan_0439/face_signing.jpg,LN2024000439,SG_380,1,,李娜,女,汉族,1963-10-06,浙江省杭州市西湖区 东方曼哈顿 7栋5单元336室,330106196310060146,西湖区公安局西湖区分局,1981.10.01-1991.09.29,霍格沃茨魔法银行,21566.74,12,旅游,按月付息，到期还本
IMG_00736,loan_0440/face_signing.jpg,LN2024000440,SG_381,1,,徐建国,男,汉族,1976-03-08,天津市天津市东丽区 普罗旺斯 1栋3单元382室,120110197603085654,东丽区公安局东丽区分局,1994.03.04-2004.03.01,星火基地普惠金融,760889.42,240,扩大生产,等额本金
IMG_00737,loan_0441/face_signing.jpg,LN2024000441,SG_382,1,,胡佳,女,汉族,1997-01-02,广东省广州市天河区 东方曼哈顿 13栋2单元1212室,440106199701022840,天河区公安局天河区分局,2014.12.29-2024.12.26,九又四分之三信贷中心,84282.51,3,房屋装修,先息后本
IMG_00738,loan_0442/face_signing.jpg,LN2024000442,SG_383,1,,胡浩,男,汉族,1966-10-29,江苏省无锡市新吴区 星河湾畔 20栋5单元2367室,320214196610296656,新吴区公安局新吴区分局,1984.10.24-1994.10.22,提瓦特小额贷款,93778.04,12,购买新能源汽车,等额本息
IMG_00739,loan_0443/face_signing.jpg,LN2024000443,SG_384,1,,王宇,女,汉族,1967-04-01,广东省广州市荔湾区 翠湖雅苑 15栋1单元522室,440103196704015504,荔湾区公安局荔湾区分局,1985.03.27-1995.03.25,霍格沃茨魔法银行,578855.3,24,二手房交易,按月付息，到期还本
IMG_00740,loan_0444/face_signing.jpg,LN2024000444,SG_385,1,,郭浩,女,汉族,1977-02-26,浙江省杭州市上城区 锦绣家园 17栋6单元1600室,330102197702262723,上城区公安局上城区分局,1995.02.22-2005.02.19,霍格沃茨魔法银行,869254.63,60,扩大生产,按月付息，到期还本
IMG_00741,loan_0445/face_signing.jpg,LN2024000445,SG_386,1,,张文,男,汉族,2005-07-08,天津市天津市东丽区 普罗旺斯 20栋3单元1939室,120110200507086870,东丽区公安局东丽区分局,2023.07.04-2033.07.01,新亚特兰蒂斯商业银行,56007.51,3,购买燃油车,先息后本
IMG_00742,loan_0446/face_signing.jpg,LN2024000446,SG_387,1,,赵晨,女,汉族,1973-08-02,福建省福州市鼓楼区 紫金华府 6栋2单元582室,350102197308028561,鼓楼区公安局鼓楼区分局,1991.07.29-2001.07.26,阿卡姆消费金融,3649356.96,120,企业流动资金,按月付息，到期还本
IMG_00743,loan_0447/face_signing.jpg,LN2024000447,SG_388,1,,高晨,男,汉族,1976-02-25,北京市北京市海淀区 绿地新江湾 3栋3单元809室,110108197602258759,海淀区公安局海淀区分局,1994.02.20-2004.02.18,潘多拉普惠金融,242819.19,60,婚庆,按月付息，到期还本
IMG_00744,loan_0448/face_signing.jpg,LN2024000448,SG_389,1,,黄静,女,汉族,1973-06-20,江苏省南京市鼓楼区 星河湾畔 19栋5单元239室,320106197306201340,鼓楼区公安局鼓楼区分局,1991.06.16-2001.06.13,琅琊商业银行,1733548.65,120,二手房交易,等额本金
IMG_00745,loan_0449/face_signing.jpg,LN2024000449,SG_390,1,,赵磊,男,汉族,1976-03-07,重庆市重庆市九龙坡区 东方曼哈顿 20栋6单元1777室,500107197603074536,九龙坡区公安局九龙坡区分局,1994.03.03-2004.02.29,新亚特兰蒂斯商业银行,10192.77,6,日常消费,一次性还本付息
IMG_00746,loan_0450/face_signing.jpg,LN2024000450,SG_391,1,,何平,女,汉族,1988-03-04,江西省南昌市东湖区 香榭丽舍 12栋4单元1102室,360102198803043220,东湖区公安局东湖区分局,2006.02.28-2016.02.26,霍格沃茨魔法银行,2004973.93,360,二手房交易,等额本金
IMG_00747,loan_0451/face_signing.jpg,LN2024000451,SG_392,1,,朱伟,男,汉族,1962-11-03,江苏省南京市鼓楼区 普罗旺斯 15栋1单元145室,320106196211030556,鼓楼区公安局鼓楼区分局,1980.10.29-1990.10.27,瓦坎达信贷中心,3435794.54,120,二手房交易,等额本金
IMG_00748,loan_0452/face_signing.jpg,LN2024000452,SG_393,1,,周晨,女,汉族,2007-07-03,江西省南昌市东湖区 威尼斯水城 3栋4单元1960室,360102200707031262,东湖区公安局东湖区分局,2025.06.28-2035.06.26,昆仑数字科技有限公司,3683974.72,240,企业流动资金,等额本金
IMG_00749,loan_0453/face_signing.jpg,LN2024000453,SG_394,1,,刘婷,女,汉族,1979-07-04,陕西省西安市新城区 融创壹号院 18栋6单元2259室,610102197907043169,新城区公安局新城区分局,1997.06.29-2007.06.27,九又四分之三信贷中心,3425751.13,240,企业流动资金,按月付息，到期还本
IMG_00750,loan_0454/face_signing.jpg,LN2024000454,SG_395,1,,杨涛,男,汉族,1974-04-26,安徽省合肥市庐阳区 锦绣家园 5栋1单元2110室,340103197404260314,庐阳区公安局庐阳区分局,1992.04.21-2002.04.19,夏尔农业信贷,100240.01,3,购买燃油车,先息后本
IMG_00751,loan_0455/face_signing.jpg,LN2024000455,SG_396,1,,高晨,女,汉族,1973-07-21,重庆市重庆市渝中区 阳光100 11栋5单元1836室,500103197307213049,渝中区公安局渝中区分局,1991.07.17-2001.07.14,潘多拉普惠金融,4020795.0,240,企业流动资金,按月付息，到期还本
IMG_00752,loan_0456/face_signing.jpg,LN2024000456,SG_397,1,,罗志强,男,汉族,2005-03-21,湖南省长沙市岳麓区 枫林晚居 4栋1单元912室,430104200503214957,岳麓区公安局岳麓区分局,2023.03.17-2033.03.14,霍格沃茨魔法银行,1932995.7,360,企业流动资金,等额本金
IMG_00753,loan_0457/face_signing.jpg,LN2024000457,SG_398,1,,张文,女,汉族,1999-06-15,天津市天津市和平区 阳光100 1栋3单元250室,120101199906150129,和平区公安局和平区分局,2017.06.10-2027.06.08,新亚特兰蒂斯商业银行,75996.19,3,婚庆,一次性还本付息
IMG_00754,loan_0458/face_signing.jpg,LN2024000458,SG_399,1,,黄宇,男,汉族,1976-06-12,上海市上海市浦东新区 东方曼哈顿 4栋6单元2411室,310115197606127116,浦东新区公安局浦东新区分局,1994.06.08-2004.06.05,哥谭市小额贷款中心,2700847.32,120,企业流动资金,按月付息，到期还本
IMG_00755,loan_0459/face_signing.jpg,LN2024000459,SG_400,1,,马丽,女,汉族,1994-09-07,浙江省宁波市海曙区 融创壹号院 8栋1单元2110室,330203199409078303,海曙区公安局海曙区分局,2012.09.02-2022.08.31,霍格沃茨魔法银行,146883.9,3,房屋装修,先息后本
IMG_00756,loan_0460/face_signing.jpg,LN2024000460,SG_401,1,,李宇,女,汉族,1968-04-08,江苏省苏州市虎丘区 枫林晚居 16栋5单元807室,320505196804085427,虎丘区公安局虎丘区分局,1986.04.04-1996.04.01,艾泽拉斯数字科技,3377399.74,240,企业流动资金,按月付息，到期还本
IMG_00757,loan_0461/face_signing.jpg,LN2024000461,SG_402,1,,郭丽,女,汉族,1966-10-26,四川省成都市武侯区 碧水云天 12栋6单元1904室,510107196610266605,武侯区公安局武侯区分局,1984.10.21-1994.10.19,九又四分之三信贷中心,621043.32,24,企业流动资金,按月付息，到期还本
IMG_00758,loan_0462/face_signing.jpg,LN2024000462,SG_403,1,,李梓轩,女,汉族,1961-03-22,江西省南昌市东湖区 碧水云天 5栋4单元1467室,360102196103222528,东湖区公安局东湖区分局,1979.03.18-1989.03.15,哥谭市小额贷款中心,117848.83,60,购买燃油车,等额本息
IMG_00759,loan_0463/face_signing.jpg,LN2024000463,SG_404,1,,朱燕,女,汉族,1974-04-21,湖南省长沙市芙蓉区 威尼斯水城 13栋4单元1586室,430102197404214284,芙蓉区公安局芙蓉区分局,1992.04.16-2002.04.14,木叶村消费金融,106951.29,6,房屋装修,一次性还本付息
IMG_00760,loan_0464/face_signing.jpg,LN2024000464,SG_405,1,,陈强,男,汉族,1995-08-08,山东省济南市历下区 翠湖雅苑 18栋2单元1406室,370102199508081570,历下区公安局历下区分局,2013.08.03-2023.08.01,新亚特兰蒂斯商业银行,1897450.9,120,企业流动资金,按月付息，到期还本
IMG_00761,loan_0465/face_signing.jpg,LN2024000465,SG_406,1,,赵娟,女,汉族,1967-12-28,山东省青岛市崂山区 融创壹号院 8栋2单元2402室,370212196712286981,崂山区公安局崂山区分局,1985.12.23-1995.12.21,阿卡姆消费金融,410354.92,24,扩大生产,等额本息
IMG_00762,loan_0466/face_signing.jpg,LN2024000466,SG_407,1,,王娜,女,壮族,2004-01-18,湖北省武汉市武昌区 龙腾盛世 15栋3单元732室,420106200401186589,武昌区公安局武昌区分局,2022.01.13-2032.01.11,昆仑数字科技有限公司,3958844.33,240,购房首付,等额本息
IMG_00763,loan_0467/face_signing.jpg,LN2024000467,SG_408,1,,周娜,女,汉族,1964-09-09,湖南省长沙市芙蓉区 锦绣家园 5栋5单元644室,430102196409095128,芙蓉区公安局芙蓉区分局,1982.09.05-1992.09.02,瓦坎达信贷中心,520944.2,360,企业流动资金,按月付息，到期还本
IMG_00764,loan_0468/face_signing.jpg,LN2024000468,SG_409,1,,林平,男,汉族,1976-12-11,云南省昆明市五华区 锦绣家园 15栋5单元864室,53010219761211189X,五华区公安局五华区分局,1994.12.07-2004.12.04,星火基地普惠金融,4202701.49,360,二手房交易,等额本金
IMG_00765,loan_0469/face_signing.jpg,LN2024000469,SG_410,1,,周芳,女,汉族,1980-12-28,四川省成都市锦江区 锦绣华庭 10栋5单元2105室,510104198012288003,锦江区公安局锦江区分局,1998.12.24-2008.12.21,新亚特兰蒂斯商业银行,1702742.22,360,企业流动资金,按月付息，到期还本
IMG_00766,loan_0470/face_signing.jpg,LN2024000470,SG_411,1,,杨建,男,汉族,2001-11-08,广东省深圳市福田区 阳光100 15栋6单元742室,440304200111087090,福田区公安局福田区分局,2019.11.04-2029.11.01,潘多拉普惠金融,144322.57,3,购买燃油车,一次性还本付息
IMG_00767,loan_0471/face_signing.jpg,LN2024000471,SG_412,1,,李秀,女,汉族,1968-09-29,浙江省杭州市西湖区 碧水云天 1栋1单元440室,33010619680929614X,西湖区公安局西湖区分局,1986.09.25-1996.09.22,昆仑数字科技有限公司,2427412.73,360,二手房交易,按月付息，到期还本
IMG_00768,loan_0472/face_signing.jpg,LN2024000472,SG_413,1,,杨平,男,汉族,1995-06-14,江苏省无锡市新吴区 威尼斯水城 7栋5单元2434室,320214199506141375,新吴区公安局新吴区分局,2013.06.09-2023.06.07,瓦坎达信贷中心,27966.24,6,旅游,先息后本
IMG_00769,loan_0473/face_signing.jpg,LN2024000473,SG_414,1,,马浩,男,汉族,1978-01-13,北京市北京市海淀区 碧水云天 11栋6单元2047室,110108197801130694,海淀区公安局海淀区分局,1996.01.09-2006.01.06,赛博城消费金融有限公司,65325.63,36,购买燃油车,等额本息
IMG_00770,loan_0474/face_signing.jpg,LN2024000474,SG_415,1,,周磊,男,汉族,1973-02-19,陕西省西安市雁塔区 融创壹号院 6栋2单元199室,610113197302192590,雁塔区公安局雁塔区分局,1991.02.15-2001.02.12,新亚特兰蒂斯商业银行,514688.84,120,二手房交易,按月付息，到期还本
IMG_00771,loan_0475/face_signing.jpg,LN2024000475,SG_416,1,,何梓轩,男,汉族,1982-09-14,山东省青岛市崂山区 锦绣华庭 3栋5单元2498室,370212198209146892,崂山区公安局崂山区分局,2000.09.09-2010.09.07,琅琊商业银行,8838.32,3,购买家电,先息后本
IMG_00772,loan_0476/face_signing.jpg,LN2024000476,SG_417,1,,罗平,男,汉族,1988-08-14,北京市北京市东城区 阳光100 1栋1单元983室,11010119880814583X,东城区公安局东城区分局,2006.08.10-2016.08.07,阿卡姆消费金融,957815.24,36,企业流动资金,等额本息
IMG_00773,loan_0477/face_signing.jpg,LN2024000477,SG_418,1,,林建,女,汉族,1998-07-08,天津市天津市东丽区 星河湾畔 5栋6单元2321室,120110199807089103,东丽区公安局东丽区分局,2016.07.03-2026.07.01,琅琊商业银行,3878112.25,360,购房首付,等额本金
IMG_00774,loan_0478/face_signing.jpg,LN2024000478,SG_419,1,,郭娟,女,汉族,1967-08-06,北京市北京市朝阳区 融创壹号院 17栋4单元1885室,110105196708064342,朝阳区公安局朝阳区分局,1985.08.01-1995.07.30,星火基地普惠金融,3774093.59,360,购房首付,等额本金
IMG_00775,loan_0479/face_signing.jpg,LN2024000479,SG_420,1,,罗晨,女,汉族,1982-06-03,山东省济南市历下区 香榭丽舍 14栋1单元697室,370102198206035662,历下区公安局历下区分局,2000.05.29-2010.05.27,提瓦特小额贷款,569534.09,24,扩大生产,等额本金
IMG_00776,loan_0480/face_signing.jpg,LN2024000480,SG_421,1,,刘浩,女,汉族,2003-02-24,河南省郑州市金水区 枫林晚居 13栋1单元2006室,410105200302248846,金水区公安局金水区分局,2021.02.19-2031.02.17,瓦坎达信贷中心,147274.7,36,房屋装修,等额本金
IMG_00777,loan_0481/face_signing.jpg,LN2024000481,SG_422,1,,周建,女,汉族,1992-02-02,北京市北京市朝阳区 中央公园 16栋6单元221室,110105199202024080,朝阳区公安局朝阳区分局,2010.01.28-2020.01.26,琅琊商业银行,1692778.16,120,购房首付,按月付息，到期还本
IMG_00778,loan_0482/face_signing.jpg,LN2024000482,SG_423,1,,张杰,男,汉族,1962-03-20,陕西省西安市雁塔区 紫金华府 12栋5单元1510室,610113196203207633,雁塔区公安局雁塔区分局,1980.03.15-1990.03.13,瓦坎达信贷中心,560592.14,36,二手房交易,等额本息
IMG_00779,loan_0483/face_signing.jpg,LN2024000483,SG_424,1,,胡强,男,汉族,1998-11-18,江苏省苏州市虎丘区 融创壹号院 18栋3单元824室,320505199811182819,虎丘区公安局虎丘区分局,2016.11.13-2026.11.11,木叶村消费金融,1725957.26,360,二手房交易,等额本息
IMG_00780,loan_0484/face_signing.jpg,LN2024000484,SG_425,1,,陈慧,女,汉族,1993-04-20,浙江省宁波市海曙区 龙腾盛世 6栋3单元258室,330203199304202048,海曙区公安局海曙区分局,2011.04.16-2021.04.13,夏尔农业信贷,3804980.04,360,二手房交易,按月付息，到期还本
IMG_00781,loan_0485/face_signing.jpg,LN2024000485,SG_426,1,,陈晨,男,汉族,1967-09-30,广东省深圳市南山区 普罗旺斯 11栋1单元1205室,440305196709304974,南山区公安局南山区分局,1985.09.25-1995.09.23,艾泽拉斯数字科技,7073.09,12,教育进修,等额本息
IMG_00782,loan_0486/face_signing.jpg,LN2024000486,SG_427,1,,何宇,女,汉族,1978-04-24,福建省厦门市思明区 龙腾盛世 8栋4单元2419室,350203197804240328,思明区公安局思明区分局,1996.04.19-2006.04.17,赛博城消费金融有限公司,42211.92,6,教育进修,一次性还本付息
IMG_00783,loan_0487/face_signing.jpg,LN2024000487,SG_428,1,,何平,女,汉族,1977-08-26,江苏省南京市玄武区 东方曼哈顿 13栋2单元584室,320102197708264760,玄武区公安局玄武区分局,1995.08.22-2005.08.19,提瓦特小额贷款,2646453.32,120,二手房交易,按月付息，到期还本
IMG_00784,loan_0488/face_signing.jpg,LN2024000488,SG_429,1,,赵华,女,土家族,1997-06-19,河南省郑州市金水区 普罗旺斯 3栋6单元1298室,410105199706197920,金水区公安局金水区分局,2015.06.15-2025.06.12,夏尔农业信贷,985257.97,120,二手房交易,等额本金
IMG_00785,loan_0489/face_signing.jpg,LN2024000489,SG_430,1,,高平,女,壮族,1998-08-29,湖南省长沙市芙蓉区 东方曼哈顿 19栋3单元1494室,43010219980829550X,芙蓉区公安局芙蓉区分局,2016.08.24-2026.08.22,阿卡姆消费金融,4709942.31,120,企业流动资金,等额本金
IMG_00786,loan_0490/face_signing.jpg,LN2024000490,SG_431,1,,何丽,女,汉族,1995-06-15,新疆维吾尔自治区乌鲁木齐市天山区 御景半岛 3栋5单元162室,650102199506152686,天山区公安局天山区分局,2013.06.10-2023.06.08,琅琊商业银行,4802702.45,360,购房首付,等额本息
IMG_00787,loan_0491/face_signing.jpg,LN2024000491,SG_432,1,,郭子涵,女,汉族,1996-11-23,海南省海口市龙华区 普罗旺斯 10栋1单元184室,460106199611230682,龙华区公安局龙华区分局,2014.11.19-2024.11.16,哥谭市小额贷款中心,4560301.4,360,企业流动资金,按月付息，到期还本
IMG_00788,loan_0492/face_signing.jpg,LN2024000492,SG_433,1,,刘平,女,汉族,1962-05-10,河南省郑州市金水区 锦绣华庭 6栋5单元164室,410105196205101763,金水区公安局金水区分局,1980.05.05-1990.05.03,阿卡姆消费金融,484624.08,36,扩大生产,按月付息，到期还本
IMG_00789,loan_0493/face_signing.jpg,LN2024000493,SG_434,1,,罗军,男,汉族,1973-12-05,福建省福州市鼓楼区 龙腾盛世 9栋4单元1561室,350102197312052855,鼓楼区公安局鼓楼区分局,1991.12.01-2001.11.28,星火基地普惠金融,4651454.96,240,购房首付,等额本金
IMG_00790,loan_0494/face_signing.jpg,LN2024000494,SG_435,1,,郭宇,男,汉族,1999-08-05,山东省青岛市崂山区 香榭丽舍 15栋4单元1268室,370212199908058538,崂山区公安局崂山区分局,2017.07.31-2027.07.29,艾泽拉斯数字科技,101921.8,12,购买新能源汽车,按月付息，到期还本
IMG_00791,loan_0495/face_signing.jpg,LN2024000495,SG_436,1,,徐文,男,汉族,1961-07-22,浙江省杭州市上城区 紫金华府 9栋3单元2001室,330102196107223194,上城区公安局上城区分局,1979.07.18-1989.07.15,霍格沃茨魔法银行,1110699.92,360,二手房交易,按月付息，到期还本
IMG_00792,loan_0496/face_signing.jpg,LN2024000496,SG_437,1,,何华,女,汉族,1968-07-12,安徽省合肥市庐阳区 碧水云天 7栋4单元261室,340103196807120581,庐阳区公安局庐阳区分局,1986.07.08-1996.07.05,星火基地普惠金融,26261.58,12,医疗,按月付息，到期还本
IMG_00793,loan_0497/face_signing.jpg,LN2024000497,SG_438,1,,周敏,女,汉族,1960-07-27,天津市天津市和平区 香榭丽舍 12栋4单元2159室,120101196007270684,和平区公安局和平区分局,1978.07.23-1988.07.20,艾泽拉斯数字科技,470421.65,36,企业流动资金,等额本息
IMG_00794,loan_0498/face_signing.jpg,LN2024000498,SG_439,1,,林建,男,汉族,2004-03-17,江西省南昌市东湖区 御景半岛 12栋2单元1366室,360102200403172357,东湖区公安局东湖区分局,2022.03.13-2032.03.10,哥谭市小额贷款中心,122633.87,12,购买燃油车,等额本金
IMG_00795,loan_0499/face_signing.jpg,LN2024000499,SG_440,1,,郭燕,女,汉族,1986-10-06,河南省郑州市金水区 御景半岛 10栋1单元2102室,410105198610067422,金水区公安局金水区分局,2004.10.01-2014.09.29,夏尔农业信贷,1445525.02,240,购房首付,等额本息
IMG_00796,loan_0500/face_signing.jpg,LN2024000500,SG_441,1,,刘子涵,女,汉族,1994-03-16,安徽省合肥市庐阳区 悦海名邸 4栋4单元1778室,340103199403168646,庐阳区公安局庐阳区分局,2012.03.11-2022.03.09,艾泽拉斯数字科技,112955.67,12,婚庆,等额本金
IMG_00797,loan_0501/face_signing.jpg,LN2024000501,SG_442,1,,孙静,女,汉族,1977-01-19,重庆市重庆市九龙坡区 阳光100 9栋1单元638室,50010719770119534X,九龙坡区公安局九龙坡区分局,1995.01.15-2005.01.12,新亚特兰蒂斯商业银行,3371007.71,360,二手房交易,等额本金
IMG_00798,loan_0502/face_signing.jpg,LN2024000502,SG_443,1,,吴志强,男,汉族,1988-10-23,湖南省长沙市芙蓉区 紫金华府 14栋1单元1855室,430102198810239131,芙蓉区公安局芙蓉区分局,2006.10.19-2016.10.16,昆仑数字科技有限公司,507996.71,24,购房首付,按月付息，到期还本
IMG_00799,loan_0503/face_signing.jpg,LN2024000503,SG_444,1,,罗伟,男,汉族,1991-02-18,海南省海口市龙华区 锦绣家园 15栋4单元1987室,460106199102180437,龙华区公安局龙华区分局,2009.02.13-2019.02.11,赛博城消费金融有限公司,84793.11,24,婚庆,等额本息
IMG_00800,loan_0504/face_signing.jpg,LN2024000504,SG_445,1,,王燕,女,汉族,1971-07-22,北京市北京市朝阳区 锦绣华庭 2栋3单元1017室,110105197107223242,朝阳区公安局朝阳区分局,1989.07.17-1999.07.15,昆仑数字科技有限公司,1161376.23,120,购房首付,等额本金
IMG_00801,loan_0505/face_signing.jpg,LN2024000505,SG_446,1,,赵文,女,汉族,2003-01-31,山东省济南市历下区 翠湖雅苑 4栋1单元1754室,37010220030131212X,历下区公安局历下区分局,2021.01.26-2031.01.24,木叶村消费金融,1514813.87,360,企业流动资金,按月付息，到期还本
IMG_00802,loan_0506/face_signing.jpg,LN2024000506,SG_447,1,,胡超,男,汉族,1971-02-17,海南省海口市龙华区 锦绣华庭 10栋3单元913室,460106197102176631,龙华区公安局龙华区分局,1989.02.12-1999.02.10,九又四分之三信贷中心,428869.36,36,购房首付,按月付息，到期还本
IMG_00803,loan_0507/face_signing.jpg,LN2024000507,SG_448,1,,王子涵,女,苗族,1998-11-13,上海市上海市黄浦区 威尼斯水城 16栋1单元184室,310101199811134148,黄浦区公安局黄浦区分局,2016.11.08-2026.11.06,九又四分之三信贷中心,415664.95,24,企业流动资金,等额本息
IMG_00804,loan_0508/face_signing.jpg,LN2024000508,SG_449,1,,马丽,女,汉族,2002-01-27,浙江省宁波市海曙区 威尼斯水城 20栋3单元1621室,330203200201274343,海曙区公安局海曙区分局,2020.01.23-2030.01.20,昆仑数字科技有限公司,1189464.44,120,购房首付,按月付息，到期还本
IMG_00805,loan_0509/face_signing.jpg,LN2024000509,SG_450,1,,王建,男,汉族,1966-02-13,湖南省长沙市芙蓉区 紫金华府 2栋3单元489室,43010219660213255X,芙蓉区公安局芙蓉区分局,1984.02.09-1994.02.06,哥谭市小额贷款中心,167421.33,12,购买新能源汽车,按月付息，到期还本
IMG_00806,loan_0510/face_signing.jpg,LN2024000510,SG_451,1,,刘婷,女,汉族,2007-09-29,广东省广州市荔湾区 翠湖雅苑 16栋6单元1689室,440103200709293908,荔湾区公安局荔湾区分局,2025.09.24-2035.09.22,琅琊商业银行,4832002.36,360,购房首付,等额本金
IMG_00807,loan_0511/face_signing.jpg,LN2024000511,SG_452,1,,孙静,女,汉族,1980-05-16,四川省成都市锦江区 星河湾畔 11栋4单元972室,510104198005169209,锦江区公安局锦江区分局,1998.05.12-2008.05.09,瓦坎达信贷中心,4548509.28,360,企业流动资金,等额本息
IMG_00808,loan_0512/face_signing.jpg,LN2024000512,SG_453,1,,杨雪,女,汉族,1986-01-18,湖北省武汉市江岸区 龙腾盛世 17栋1单元120室,420102198601183109,江岸区公安局江岸区分局,2004.01.14-2014.01.11,艾泽拉斯数字科技,806392.03,60,企业流动资金,按月付息，到期还本
IMG_00809,loan_0513/face_signing.jpg,LN2024000513,SG_454,1,,李浩,女,汉族,1992-12-09,四川省成都市锦江区 锦绣家园 4栋2单元1545室,510104199212091621,锦江区公安局锦江区分局,2010.12.05-2020.12.02,昆仑数字科技有限公司,704483.06,24,购房首付,等额本金
IMG_00810,loan_0514/face_signing.jpg,LN2024000514,SG_455,1,,张燕,女,汉族,1972-06-21,上海市上海市浦东新区 碧水云天 20栋1单元1515室,310115197206211060,浦东新区公安局浦东新区分局,1990.06.17-2000.06.14,昆仑数字科技有限公司,363729.01,60,购房首付,等额本金
IMG_00811,loan_0515/face_signing.jpg,LN2024000515,SG_456,1,,罗志强,男,汉族,1992-05-08,湖北省武汉市江岸区 香榭丽舍 2栋1单元1270室,420102199205083995,江岸区公安局江岸区分局,2010.05.04-2020.05.01,星火基地普惠金融,68068.73,3,购买燃油车,一次性还本付息
IMG_00812,loan_0516/face_signing.jpg,LN2024000516,SG_457,1,,李磊,男,汉族,1967-07-16,湖南省长沙市芙蓉区 悦海名邸 10栋1单元632室,430102196707165534,芙蓉区公安局芙蓉区分局,1985.07.11-1995.07.09,赛博城消费金融有限公司,594614.39,24,企业流动资金,等额本息
IMG_00813,loan_0517/face_signing.jpg,LN2024000517,SG_458,1,,徐磊,男,汉族,1982-08-08,安徽省合肥市庐阳区 香榭丽舍 5栋2单元1627室,340103198208085250,庐阳区公安局庐阳区分局,2000.08.03-2010.08.01,提瓦特小额贷款,4921354.44,360,企业流动资金,按月付息，到期还本
IMG_00814,loan_0518/face_signing.jpg,LN2024000518,SG_459,1,,马强,男,汉族,1972-08-17,广东省广州市荔湾区 翠湖雅苑 14栋5单元1583室,440103197208176194,荔湾区公安局荔湾区分局,1990.08.13-2000.08.10,哥谭市小额贷款中心,1378575.44,240,购房首付,等额本金
IMG_00815,loan_0519/face_signing.jpg,LN2024000519,SG_460,1,,吴子涵,男,汉族,1966-06-17,浙江省杭州市上城区 锦绣家园 13栋6单元484室,330102196606172678,上城区公安局上城区分局,1984.06.12-1994.06.10,木叶村消费金融,123989.48,3,房屋装修,先息后本
IMG_00816,loan_0520/face_signing.jpg,LN2024000520,SG_461,1,,赵建,男,汉族,1983-09-24,上海市上海市浦东新区 碧水云天 9栋4单元2477室,310115198309245292,浦东新区公安局浦东新区分局,2001.09.19-2011.09.17,潘多拉普惠金融,23307.54,12,医疗,等额本息
IMG_00817,loan_0521/face_signing.jpg,LN2024000521,SG_462,1,,郭梓轩,男,汉族,1976-01-12,广东省深圳市南山区 悦海名邸 9栋5单元1737室,440305197601126533,南山区公安局南山区分局,1994.01.07-2004.01.05,琅琊商业银行,88334.63,6,购买燃油车,先息后本
IMG_00818,loan_0522/face_signing.jpg,LN2024000522,SG_463,1,,刘伟,男,汉族,1995-10-05,广东省深圳市南山区 枫林晚居 16栋1单元486室,440305199510057797,南山区公安局南山区分局,2013.09.30-2023.09.28,星火基地普惠金融,155668.41,36,购买燃油车,等额本金
IMG_00819,loan_0523/face_signing.jpg,LN2024000523,SG_464,1,,孙平,男,满族,1981-10-19,江苏省无锡市新吴区 绿地新江湾 14栋2单元993室,320214198110193430,新吴区公安局新吴区分局,1999.10.15-2009.10.12,夏尔农业信贷,40387.74,6,教育进修,先息后本
IMG_00820,loan_0524/face_signing.jpg,LN2024000524,SG_465,1,,何静,女,汉族,1966-08-08,云南省昆明市五华区 碧水云天 10栋4单元2280室,530102196608082868,五华区公安局五华区分局,1984.08.03-1994.08.01,艾泽拉斯数字科技,991767.05,36,二手房交易,按月付息，到期还本
IMG_00821,loan_0525/face_signing.jpg,LN2024000525,SG_466,1,,刘子涵,男,汉族,1993-02-22,广东省深圳市南山区 龙腾盛世 14栋1单元1671室,440305199302225098,南山区公安局南山区分局,2011.02.18-2021.02.15,赛博城消费金融有限公司,84682.88,12,房屋装修,等额本金
IMG_00822,loan_0526/face_signing.jpg,LN2024000526,SG_467,1,,陈秀,女,汉族,2001-03-05,上海市上海市浦东新区 锦绣华庭 12栋6单元2141室,310115200103056728,浦东新区公安局浦东新区分局,2019.03.01-2029.02.26,九又四分之三信贷中心,2748054.38,360,二手房交易,按月付息，到期还本
IMG_00823,loan_0527/face_signing.jpg,LN2024000527,SG_468,1,,李建国,男,汉族,1975-07-15,北京市北京市海淀区 翠湖雅苑 3栋5单元936室,110108197507151179,海淀区公安局海淀区分局,1993.07.10-2003.07.08,夏尔农业信贷,863033.52,360,二手房交易,按月付息，到期还本
IMG_00824,loan_0528/face_signing.jpg,LN2024000528,SG_469,1,,张军,男,汉族,1981-02-24,上海市上海市黄浦区 碧水云天 12栋1单元1005室,310101198102241990,黄浦区公安局黄浦区分局,1999.02.20-2009.02.17,提瓦特小额贷款,642510.45,24,企业流动资金,等额本金
IMG_00825,loan_0529/face_signing.jpg,LN2024000529,SG_470,1,,李敏,女,汉族,1961-01-18,上海市上海市黄浦区 锦绣华庭 9栋4单元401室,310101196101181827,黄浦区公安局黄浦区分局,1979.01.14-1989.01.11,星火基地普惠金融,855524.21,60,企业流动资金,按月付息，到期还本
IMG_00826,loan_0530/face_signing.jpg,LN2024000530,SG_471,1,,高宇,男,汉族,1977-06-14,江苏省无锡市新吴区 龙腾盛世 10栋3单元2009室,320214197706140810,新吴区公安局新吴区分局,1995.06.10-2005.06.07,星火基地普惠金融,199977.45,60,婚庆,按月付息，到期还本
IMG_00827,loan_0531/face_signing.jpg,LN2024000531,SG_472,1,,杨燕,女,汉族,1977-07-23,四川省成都市武侯区 悦海名邸 2栋3单元1846室,51010719770723732X,武侯区公安局武侯区分局,1995.07.19-2005.07.16,艾泽拉斯数字科技,4569244.61,360,企业流动资金,按月付息，到期还本
IMG_00828,loan_0532/face_signing.jpg,LN2024000532,SG_473,1,,何慧,女,汉族,1977-10-15,湖南省长沙市芙蓉区 锦绣华庭 18栋6单元1106室,430102197710158284,芙蓉区公安局芙蓉区分局,1995.10.11-2005.10.08,九又四分之三信贷中心,139266.85,3,购买燃油车,一次性还本付息
IMG_00829,loan_0533/face_signing.jpg,LN2024000533,SG_474,1,,张建国,男,汉族,1969-11-26,海南省海口市龙华区 碧水云天 14栋4单元1791室,460106196911265453,龙华区公安局龙华区分局,1987.11.22-1997.11.19,艾泽拉斯数字科技,4550522.63,120,二手房交易,等额本息
IMG_00830,loan_0534/face_signing.jpg,LN2024000534,SG_475,1,,张静,女,汉族,1983-11-15,四川省成都市锦江区 龙腾盛世 4栋3单元505室,510104198311151605,锦江区公安局锦江区分局,2001.11.10-2011.11.08,阿卡姆消费金融,4136670.09,360,购房首付,等额本金
IMG_00831,loan_0535/face_signing.jpg,LN2024000535,SG_476,1,,刘军,男,汉族,1973-01-09,广东省广州市荔湾区 翠湖雅苑 20栋6单元2278室,440103197301097458,荔湾区公安局荔湾区分局,1991.01.05-2001.01.02,艾泽拉斯数字科技,632862.01,60,购房首付,按月付息，到期还本
IMG_00832,loan_0536/face_signing.jpg,LN2024000536,SG_477,1,,孙秀,女,汉族,1996-07-11,北京市北京市海淀区 星河湾畔 14栋4单元2249室,110108199607117540,海淀区公安局海淀区分局,2014.07.07-2024.07.04,潘多拉普惠金融,193094.93,3,婚庆,一次性还本付息
IMG_00833,loan_0537/face_signing.jpg,LN2024000537,SG_478,1,,赵静,女,汉族,2001-10-14,云南省昆明市五华区 融创壹号院 14栋4单元1438室,530102200110143060,五华区公安局五华区分局,2019.10.10-2029.10.07,赛博城消费金融有限公司,3730409.08,120,二手房交易,按月付息，到期还本
IMG_00834,loan_0538/face_signing.jpg,LN2024000538,SG_479,1,,高梓轩,男,维吾尔族,1992-10-11,重庆市重庆市渝中区 枫林晚居 4栋1单元2490室,500103199210118255,渝中区公安局渝中区分局,2010.10.07-2020.10.04,艾泽拉斯数字科技,431326.43,60,企业流动资金,按月付息，到期还本
IMG_00835,loan_0539/face_signing.jpg,LN2024000539,SG_480,1,,赵静,女,汉族,1976-10-18,安徽省合肥市庐阳区 中央公园 3栋2单元1078室,340103197610181086,庐阳区公安局庐阳区分局,1994.10.14-2004.10.11,哥谭市小额贷款中心,317505.56,60,购房首付,等额本息
IMG_00836,loan_0540/face_signing.jpg,LN2024000540,SG_481,1,,陈平,女,回族,1966-08-25,天津市天津市和平区 普罗旺斯 2栋1单元1729室,120101196608256861,和平区公安局和平区分局,1984.08.20-1994.08.18,赛博城消费金融有限公司,500765.86,36,二手房交易,等额本金
IMG_00837,loan_0541/face_signing.jpg,LN2024000541,SG_482,1,,李燕,女,汉族,1973-08-21,福建省福州市鼓楼区 中央公园 9栋5单元2488室,350102197308215105,鼓楼区公安局鼓楼区分局,1991.08.17-2001.08.14,木叶村消费金融,134073.17,12,购买新能源汽车,按月付息，到期还本
IMG_00838,loan_0542/face_signing.jpg,LN2024000542,SG_483,1,,李宇,男,汉族,1973-08-07,江苏省苏州市虎丘区 普罗旺斯 11栋4单元435室,320505197308075136,虎丘区公安局虎丘区分局,1991.08.03-2001.07.31,赛博城消费金融有限公司,779667.4,24,二手房交易,按月付息，到期还本
IMG_00839,loan_0543/face_signing.jpg,LN2024000543,SG_484,1,,王子涵,男,汉族,1991-05-29,浙江省杭州市西湖区 锦绣华庭 12栋4单元319室,330106199105296911,西湖区公安局西湖区分局,2009.05.24-2019.05.22,星火基地普惠金融,867822.31,24,企业流动资金,等额本金
IMG_00840,loan_0544/face_signing.jpg,LN2024000544,SG_485,1,,朱晨,男,汉族,1985-09-21,浙江省宁波市海曙区 普罗旺斯 10栋2单元1002室,330203198509211971,海曙区公安局海曙区分局,2003.09.17-2013.09.14,赛博城消费金融有限公司,195181.84,60,房屋装修,按月付息，到期还本
IMG_00841,loan_0545/face_signing.jpg,LN2024000545,SG_486,1,,黄娟,女,汉族,1969-11-22,河南省郑州市金水区 悦海名邸 9栋3单元219室,41010519691122850X,金水区公安局金水区分局,1987.11.18-1997.11.15,哥谭市小额贷款中心,9180.28,12,购买家电,按月付息，到期还本
IMG_00842,loan_0546/face_signing.jpg,LN2024000546,SG_487,1,,何平,男,汉族,2007-09-26,陕西省西安市新城区 中央公园 16栋2单元1659室,610102200709268652,新城区公安局新城区分局,2025.09.21-2035.09.19,赛博城消费金融有限公司,98003.94,60,婚庆,按月付息，到期还本
IMG_00843,loan_0547/face_signing.jpg,LN2024000547,SG_488,1,,黄杰,男,彝族,1970-01-18,四川省成都市锦江区 阳光100 15栋3单元1029室,510104197001184036,锦江区公安局锦江区分局,1988.01.14-1998.01.11,瓦坎达信贷中心,81401.01,3,房屋装修,一次性还本付息
IMG_00844,loan_0548/face_signing.jpg,LN2024000548,SG_489,1,,赵子涵,男,彝族,1999-04-12,广东省广州市天河区 绿地新江湾 3栋1单元1888室,440106199904124812,天河区公安局天河区分局,2017.04.07-2027.04.05,哥谭市小额贷款中心,7858.82,3,购买家电,先息后本
IMG_00845,loan_0549/face_signing.jpg,LN2024000549,SG_490,1,,刘涛,男,汉族,2007-05-23,山东省青岛市崂山区 香榭丽舍 17栋1单元1587室,370212200705236539,崂山区公安局崂山区分局,2025.05.18-2035.05.16,夏尔农业信贷,3915846.84,240,企业流动资金,等额本息
IMG_00846,loan_0550/face_signing.jpg,LN2024000550,SG_491,1,,何浩,男,汉族,1985-06-14,江苏省南京市玄武区 紫金华府 1栋1单元1241室,320102198506148694,玄武区公安局玄武区分局,2003.06.10-2013.06.07,赛博城消费金融有限公司,123791.17,12,购买燃油车,等额本息
IMG_00847,loan_0551/face_signing.jpg,LN2024000551,SG_492,1,,张建国,男,汉族,1989-08-25,福建省厦门市思明区 枫林晚居 7栋1单元2365室,350203198908250154,思明区公安局思明区分局,2007.08.21-2017.08.18,哥谭市小额贷款中心,453005.46,24,扩大生产,等额本息
IMG_00848,loan_0552/face_signing.jpg,LN2024000552,SG_493,1,,徐梓轩,男,彝族,1989-11-06,江苏省南京市玄武区 翠湖雅苑 16栋4单元1676室,320102198911062755,玄武区公安局玄武区分局,2007.11.02-2017.10.30,九又四分之三信贷中心,591787.45,60,二手房交易,按月付息，到期还本
IMG_00849,loan_0553/face_signing.jpg,LN2024000553,SG_494,1,,杨建国,男,汉族,1966-10-23,陕西省西安市新城区 中央公园 1栋5单元1417室,610102196610232730,新城区公安局新城区分局,1984.10.18-1994.10.16,新亚特兰蒂斯商业银行,52245.05,6,婚庆,先息后本
IMG_00850,loan_0554/face_signing.jpg,LN2024000554,SG_495,1,,刘涛,男,彝族,1983-12-15,陕西省西安市雁塔区 威尼斯水城 11栋6单元1693室,610113198312156176,雁塔区公安局雁塔区分局,2001.12.10-2011.12.08,哥谭市小额贷款中心,686391.84,24,购房首付,按月付息，到期还本
IMG_00851,loan_0555/face_signing.jpg,LN2024000555,SG_496,1,,李晨,男,汉族,1986-09-21,重庆市重庆市九龙坡区 香榭丽舍 12栋3单元1304室,500107198609217950,九龙坡区公安局九龙坡区分局,2004.09.16-2014.09.14,霍格沃茨魔法银行,650713.97,36,企业流动资金,等额本金
IMG_00852,loan_0556/face_signing.jpg,LN2024000556,SG_497,1,,胡娟,女,汉族,1994-03-04,海南省海口市龙华区 锦绣华庭 5栋6单元848室,460106199403049029,龙华区公安局龙华区分局,2012.02.28-2022.02.25,赛博城消费金融有限公司,165542.84,12,婚庆,等额本金
IMG_00853,loan_0557/face_signing.jpg,LN2024000557,SG_498,1,,高超,男,汉族,1990-12-16,江苏省苏州市虎丘区 星河湾畔 1栋6单元1695室,320505199012165430,虎丘区公安局虎丘区分局,2008.12.11-2018.12.09,艾泽拉斯数字科技,42713.64,6,教育进修,一次性还本付息
IMG_00854,loan_0558/face_signing.jpg,LN2024000558,SG_499,1,,李静,女,汉族,1978-04-22,上海市上海市浦东新区 中央公园 12栋1单元965室,310115197804225665,浦东新区公安局浦东新区分局,1996.04.17-2006.04.15,霍格沃茨魔法银行,181619.79,24,婚庆,按月付息，到期还本
IMG_00855,loan_0559/face_signing.jpg,LN2024000559,SG_500,1,,吴子涵,男,汉族,1991-06-14,浙江省宁波市海曙区 紫金华府 4栋4单元2039室,330203199106140915,海曙区公安局海曙区分局,2009.06.09-2019.06.07,哥谭市小额贷款中心,17811.05,12,医疗,按月付息，到期还本
IMG_00856,loan_0560/face_signing.jpg,LN2024000560,SG_501,1,,李梓轩,女,苗族,1995-10-18,新疆维吾尔自治区乌鲁木齐市天山区 香榭丽舍 1栋2单元1562室,65010219951018826X,天山区公安局天山区分局,2013.10.13-2023.10.11,潘多拉普惠金融,21412.93,12,旅游,等额本金
IMG_00857,loan_0561/face_signing.jpg,LN2024000561,SG_502,1,,周梓轩,女,汉族,1972-01-31,浙江省杭州市上城区 紫金华府 13栋5单元1501室,330102197201316228,上城区公安局上城区分局,1990.01.26-2000.01.24,霍格沃茨魔法银行,2518548.79,240,二手房交易,按月付息，到期还本
IMG_00858,loan_0562/face_signing.jpg,LN2024000562,SG_503,1,,吴宇,男,维吾尔族,1999-03-29,陕西省西安市雁塔区 绿地新江湾 3栋3单元243室,610113199903293599,雁塔区公安局雁塔区分局,2017.03.24-2027.03.22,赛博城消费金融有限公司,156981.9,12,购买新能源汽车,按月付息，到期还本
IMG_00859,loan_0563/face_signing.jpg,LN2024000563,SG_504,1,,黄梓轩,男,汉族,1962-04-07,浙江省宁波市海曙区 威尼斯水城 19栋3单元968室,330203196204074057,海曙区公安局海曙区分局,1980.04.02-1990.03.31,琅琊商业银行,447742.39,36,购房首付,等额本息
IMG_00860,loan_0564/face_signing.jpg,LN2024000564,SG_505,1,,周婷,女,汉族,1962-09-30,上海市上海市黄浦区 御景半岛 6栋6单元450室,310101196209309386,黄浦区公安局黄浦区分局,1980.09.25-1990.09.23,赛博城消费金融有限公司,592600.65,36,扩大生产,等额本息
IMG_00861,loan_0565/face_signing.jpg,LN2024000565,SG_506,1,,张雪,女,汉族,1978-10-27,广东省广州市荔湾区 星河湾畔 11栋3单元809室,440103197810275443,荔湾区公安局荔湾区分局,1996.10.22-2006.10.20,新亚特兰蒂斯商业银行,2516272.44,240,购房首付,等额本金
IMG_00862,loan_0566/face_signing.jpg,LN2024000566,SG_507,1,,林浩,女,汉族,1977-10-03,北京市北京市海淀区 香榭丽舍 3栋6单元554室,110108197710031068,海淀区公安局海淀区分局,1995.09.29-2005.09.26,潘多拉普惠金融,78668.46,6,房屋装修,一次性还本付息
IMG_00863,loan_0567/face_signing.jpg,LN2024000567,SG_508,1,,吴伟,男,汉族,1978-06-13,安徽省合肥市庐阳区 东方曼哈顿 13栋2单元2414室,34010319780613517X,庐阳区公安局庐阳区分局,1996.06.08-2006.06.06,潘多拉普惠金融,118701.02,3,购买燃油车,先息后本
IMG_00864,loan_0568/face_signing.jpg,LN2024000568,SG_509,1,,杨文,男,汉族,1971-09-25,四川省成都市锦江区 悦海名邸 12栋2单元521室,510104197109251296,锦江区公安局锦江区分局,1989.09.20-1999.09.18,哥谭市小额贷款中心,17338.96,6,旅游,先息后本
IMG_00865,loan_0569/face_signing.jpg,LN2024000569,SG_510,1,,郭强,男,汉族,1998-08-18,海南省海口市龙华区 普罗旺斯 7栋5单元2138室,460106199808182872,龙华区公安局龙华区分局,2016.08.13-2026.08.11,哥谭市小额贷款中心,82352.64,12,购买燃油车,等额本金
IMG_00866,loan_0570/face_signing.jpg,LN2024000570,SG_511,1,,陈丽,女,藏族,1995-11-12,陕西省西安市雁塔区 翠湖雅苑 9栋6单元2315室,610113199511123187,雁塔区公安局雁塔区分局,2013.11.07-2023.11.05,琅琊商业银行,496247.35,60,二手房交易,等额本息
IMG_00867,loan_0571/face_signing.jpg,LN2024000571,SG_512,1,,马华,男,汉族,1977-12-16,上海市上海市浦东新区 御景半岛 5栋3单元2266室,310115197712167090,浦东新区公安局浦东新区分局,1995.12.12-2005.12.09,潘多拉普惠金融,68449.99,12,购买燃油车,按月付息，到期还本
IMG_00868,loan_0572/face_signing.jpg,LN2024000572,SG_513,1,,马宇,男,汉族,2006-09-10,湖南省长沙市芙蓉区 翠湖雅苑 8栋3单元1544室,430102200609107196,芙蓉区公安局芙蓉区分局,2024.09.05-2034.09.03,九又四分之三信贷中心,656650.53,240,扩大生产,等额本金
IMG_00869,loan_0573/face_signing.jpg,LN2024000573,SG_514,1,,王芳,女,汉族,2005-04-07,广东省深圳市南山区 威尼斯水城 8栋1单元472室,44030520050407190X,南山区公安局南山区分局,2023.04.03-2033.03.31,艾泽拉斯数字科技,944976.4,24,购房首付,等额本息
IMG_00870,loan_0574/face_signing.jpg,LN2024000574,SG_515,1,,高明,男,汉族,1997-04-11,新疆维吾尔自治区乌鲁木齐市天山区 普罗旺斯 4栋5单元898室,650102199704116512,天山区公安局天山区分局,2015.04.07-2025.04.04,昆仑数字科技有限公司,122470.03,3,购买新能源汽车,一次性还本付息
IMG_00871,loan_0575/face_signing.jpg,LN2024000575,SG_516,1,,徐志强,男,回族,1997-01-16,北京市北京市朝阳区 悦海名邸 8栋1单元209室,110105199701162293,朝阳区公安局朝阳区分局,2015.01.12-2025.01.09,潘多拉普惠金融,575831.53,36,扩大生产,等额本息
IMG_00872,loan_0576/face_signing.jpg,LN2024000576,SG_517,1,,周梓轩,男,汉族,2004-05-27,山东省青岛市崂山区 悦海名邸 15栋5单元823室,370212200405277937,崂山区公安局崂山区分局,2022.05.23-2032.05.20,木叶村消费金融,4006105.1,360,二手房交易,等额本金
IMG_00873,loan_0577/face_signing.jpg,LN2024000577,SG_518,1,,马婷,女,汉族,1983-06-15,广东省深圳市福田区 威尼斯水城 8栋4单元1414室,44030419830615664X,福田区公安局福田区分局,2001.06.10-2011.06.08,琅琊商业银行,374822.37,36,扩大生产,等额本金
IMG_00874,loan_0578/face_signing.jpg,LN2024000578,SG_519,1,,高军,男,汉族,1967-05-17,福建省福州市鼓楼区 悦海名邸 15栋6单元683室,350102196705177670,鼓楼区公安局鼓楼区分局,1985.05.12-1995.05.10,赛博城消费金融有限公司,198185.32,36,购买新能源汽车,等额本息
IMG_00875,loan_0579/face_signing.jpg,LN2024000579,SG_520,1,,胡华,男,汉族,1983-03-01,江西省南昌市东湖区 碧水云天 14栋4单元107室,360102198303014079,东湖区公安局东湖区分局,2001.02.24-2011.02.22,九又四分之三信贷中心,198432.14,3,购买燃油车,先息后本
IMG_00876,loan_0580/face_signing.jpg,LN2024000580,SG_521,1,,孙磊,男,汉族,1999-06-29,重庆市重庆市渝中区 龙腾盛世 16栋2单元1128室,500103199906295911,渝中区公安局渝中区分局,2017.06.24-2027.06.22,提瓦特小额贷款,488090.98,36,企业流动资金,等额本息
IMG_00877,loan_0581/face_signing.jpg,LN2024000581,SG_522,1,,黄浩,女,汉族,1997-12-11,北京市北京市海淀区 阳光100 9栋3单元1307室,110108199712118545,海淀区公安局海淀区分局,2015.12.07-2025.12.04,星火基地普惠金融,615182.29,36,购房首付,等额本金
IMG_00878,loan_0582/face_signing.jpg,LN2024000582,SG_523,1,,赵宇,女,汉族,1979-07-08,天津市天津市东丽区 星河湾畔 13栋4单元1336室,120110197907089646,东丽区公安局东丽区分局,1997.07.03-2007.07.01,琅琊商业银行,761249.37,24,二手房交易,按月付息，到期还本
IMG_00879,loan_0583/face_signing.jpg,LN2024000583,SG_524,1,,胡晨,男,汉族,2003-08-03,湖北省武汉市江岸区 中央公园 14栋5单元632室,420102200308038359,江岸区公安局江岸区分局,2021.07.29-2031.07.27,昆仑数字科技有限公司,27704.18,3,旅游,一次性还本付息
IMG_00880,loan_0584/face_signing.jpg,LN2024000584,SG_525,1,,徐晨,男,汉族,1980-02-09,山东省青岛市崂山区 紫金华府 17栋4单元2013室,370212198002090676,崂山区公安局崂山区分局,1998.02.04-2008.02.02,哥谭市小额贷款中心,78690.45,6,购买燃油车,一次性还本付息
IMG_00881,loan_0585/face_signing.jpg,LN2024000585,SG_526,1,,吴宇,男,汉族,1966-08-16,山东省青岛市崂山区 悦海名邸 18栋6单元2001室,370212196608163957,崂山区公安局崂山区分局,1984.08.11-1994.08.09,提瓦特小额贷款,862576.6,60,购房首付,等额本息
IMG_00882,loan_0586/face_signing.jpg,LN2024000586,SG_527,1,,孙秀,女,汉族,1989-01-29,浙江省宁波市海曙区 普罗旺斯 17栋3单元2237室,33020319890129592X,海曙区公安局海曙区分局,2007.01.25-2017.01.22,新亚特兰蒂斯商业银行,2601522.82,120,企业流动资金,按月付息，到期还本
IMG_00883,loan_0587/face_signing.jpg,LN2024000587,SG_528,1,,吴静,女,汉族,1990-05-24,江苏省南京市玄武区 东方曼哈顿 4栋2单元1996室,320102199005247269,玄武区公安局玄武区分局,2008.05.19-2018.05.17,瓦坎达信贷中心,82397.73,12,房屋装修,等额本息
IMG_00884,loan_0588/face_signing.jpg,LN2024000588,SG_529,1,,吴强,男,汉族,1970-11-08,浙江省杭州市上城区 阳光100 14栋5单元2194室,33010219701108493X,上城区公安局上城区分局,1988.11.03-1998.11.01,提瓦特小额贷款,400494.99,36,企业流动资金,等额本金
IMG_00885,loan_0589/face_signing.jpg,LN2024000589,SG_530,1,,胡慧,女,汉族,1999-11-17,江苏省南京市鼓楼区 香榭丽舍 20栋4单元2184室,32010619991117284X,鼓楼区公安局鼓楼区分局,2017.11.12-2027.11.10,赛博城消费金融有限公司,122837.57,12,购买新能源汽车,等额本金
IMG_00886,loan_0590/face_signing.jpg,LN2024000590,SG_531,1,,朱梓轩,男,彝族,1997-02-21,上海市上海市浦东新区 融创壹号院 11栋3单元2371室,310115199702216994,浦东新区公安局浦东新区分局,2015.02.17-2025.02.14,木叶村消费金融,572905.81,24,扩大生产,等额本金
IMG_00887,loan_0591/face_signing.jpg,LN2024000591,SG_532,1,,杨勇,男,汉族,1962-04-16,江苏省南京市玄武区 东方曼哈顿 15栋2单元341室,320102196204161894,玄武区公安局玄武区分局,1980.04.11-1990.04.09,霍格沃茨魔法银行,113246.02,12,购买新能源汽车,等额本金
IMG_00888,loan_0592/face_signing.jpg,LN2024000592,SG_533,1,,李杰,男,汉族,1976-05-03,福建省厦门市思明区 香榭丽舍 7栋2单元1565室,350203197605030993,思明区公安局思明区分局,1994.04.29-2004.04.26,提瓦特小额贷款,3334392.67,120,企业流动资金,按月付息，到期还本
IMG_00889,loan_0593/face_signing.jpg,LN2024000593,SG_534,1,,林娜,女,汉族,1981-11-02,上海市上海市浦东新区 普罗旺斯 13栋1单元377室,31011519811102382X,浦东新区公安局浦东新区分局,1999.10.29-2009.10.26,霍格沃茨魔法银行,55689.01,12,婚庆,按月付息，到期还本
IMG_00890,loan_0594/face_signing.jpg,LN2024000594,SG_535,1,,胡平,女,汉族,1967-06-24,山东省济南市历下区 普罗旺斯 19栋6单元1963室,370102196706241084,历下区公安局历下区分局,1985.06.19-1995.06.17,木叶村消费金融,152984.1,36,购买燃油车,等额本息
IMG_00891,loan_0595/face_signing.jpg,LN2024000595,SG_536,1,,罗华,女,汉族,1980-05-06,山东省青岛市崂山区 龙腾盛世 12栋3单元949室,370212198005063243,崂山区公安局崂山区分局,1998.05.02-2008.04.29,提瓦特小额贷款,2574215.4,240,企业流动资金,等额本息
IMG_00892,loan_0596/face_signing.jpg,LN2024000596,SG_537,1,,何娜,女,汉族,1986-06-17,湖南省长沙市芙蓉区 枫林晚居 5栋4单元866室,430102198606178861,芙蓉区公安局芙蓉区分局,2004.06.12-2014.06.10,昆仑数字科技有限公司,3954666.07,240,购房首付,等额本息
IMG_00893,loan_0597/face_signing.jpg,LN2024000597,SG_538,1,,徐梓轩,男,汉族,1990-07-08,江苏省南京市玄武区 龙腾盛世 7栋4单元2418室,320102199007080378,玄武区公安局玄武区分局,2008.07.03-2018.07.01,新亚特兰蒂斯商业银行,2455172.56,360,企业流动资金,按月付息，到期还本
IMG_00894,loan_0598/face_signing.jpg,LN2024000598,SG_539,1,,刘涛,男,汉族,1962-01-07,重庆市重庆市九龙坡区 翠湖雅苑 3栋2单元386室,500107196201070191,九龙坡区公安局九龙坡区分局,1980.01.03-1989.12.31,琅琊商业银行,939783.75,60,扩大生产,等额本金
IMG_00895,loan_0599/face_signing.jpg,LN2024000599,SG_540,1,,罗超,男,汉族,1997-12-29,四川省成都市武侯区 锦绣华庭 9栋3单元1710室,510107199712298695,武侯区公安局武侯区分局,2015.12.25-2025.12.22,艾泽拉斯数字科技,710064.0,24,企业流动资金,按月付息，到期还本
IMG_00896,loan_0600/face_signing.jpg,LN2024000600,SG_541,1,,黄华,男,彝族,1993-05-19,河南省郑州市金水区 融创壹号院 20栋2单元453室,410105199305195932,金水区公安局金水区分局,2011.05.15-2021.05.12,九又四分之三信贷中心,517352.63,36,企业流动资金,等额本金
IMG_00897,loan_0601/face_signing.jpg,LN2024000601,SG_542,1,,徐梓轩,女,汉族,1981-02-21,云南省昆明市五华区 威尼斯水城 20栋6单元954室,53010219810221376X,五华区公安局五华区分局,1999.02.17-2009.02.14,潘多拉普惠金融,126075.15,3,婚庆,一次性还本付息
IMG_00898,loan_0602/face_signing.jpg,LN2024000602,SG_543,1,,周宇,男,汉族,1960-08-08,浙江省杭州市西湖区 威尼斯水城 7栋2单元1743室,330106196008089714,西湖区公安局西湖区分局,1978.08.04-1988.08.01,阿卡姆消费金融,4094160.58,240,企业流动资金,按月付息，到期还本
IMG_00899,loan_0603/face_signing.jpg,LN2024000603,SG_544,1,,陈建,男,汉族,2005-09-14,上海市上海市黄浦区 紫金华府 3栋1单元2170室,310101200509148931,黄浦区公安局黄浦区分局,2023.09.10-2033.09.07,霍格沃茨魔法银行,131826.45,3,婚庆,先息后本
IMG_00900,loan_0604/face_signing.jpg,LN2024000604,SG_545,1,,张宇,女,汉族,2000-04-09,北京市北京市海淀区 威尼斯水城 1栋2单元1866室,110108200004095181,海淀区公安局海淀区分局,2018.04.05-2028.04.02,夏尔农业信贷,2658036.09,120,二手房交易,按月付息，到期还本
IMG_00901,loan_0605/face_signing.jpg,LN2024000605,SG_546,1,,胡伟,男,汉族,1971-01-17,广东省广州市天河区 碧水云天 2栋3单元1780室,440106197101177436,天河区公安局天河区分局,1989.01.12-1999.01.10,赛博城消费金融有限公司,866404.64,24,购房首付,按月付息，到期还本
IMG_00902,loan_0606/face_signing.jpg,LN2024000606,SG_547,1,,陈晨,男,汉族,1967-05-26,安徽省合肥市庐阳区 碧水云天 9栋4单元1160室,340103196705267435,庐阳区公安局庐阳区分局,1985.05.21-1995.05.19,九又四分之三信贷中心,1940647.27,120,购房首付,按月付息，到期还本
IMG_00903,loan_0607/face_signing.jpg,LN2024000607,SG_548,1,,吴晨,女,汉族,1981-10-28,福建省厦门市思明区 普罗旺斯 7栋3单元1491室,350203198110283483,思明区公安局思明区分局,1999.10.24-2009.10.21,星火基地普惠金融,501716.96,24,扩大生产,等额本金
IMG_00904,loan_0608/face_signing.jpg,LN2024000608,SG_549,1,,陈建,男,汉族,1993-04-15,安徽省合肥市庐阳区 锦绣家园 16栋6单元2253室,340103199304157095,庐阳区公安局庐阳区分局,2011.04.11-2021.04.08,艾泽拉斯数字科技,1347915.63,120,购房首付,等额本息
IMG_00905,loan_0609/face_signing.jpg,LN2024000609,SG_550,1,,郭燕,女,苗族,1960-09-19,山东省济南市历下区 绿地新江湾 13栋2单元706室,370102196009195406,历下区公安局历下区分局,1978.09.15-1988.09.12,夏尔农业信贷,129618.78,3,购买燃油车,一次性还本付息
IMG_00906,loan_0610/face_signing.jpg,LN2024000610,SG_551,1,,赵浩,女,汉族,1978-09-18,江苏省苏州市虎丘区 绿地新江湾 3栋2单元578室,320505197809189123,虎丘区公安局虎丘区分局,1996.09.13-2006.09.11,瓦坎达信贷中心,91234.45,3,婚庆,一次性还本付息
IMG_00907,loan_0611/face_signing.jpg,LN2024000611,SG_552,1,,陈磊,男,汉族,2003-05-21,上海市上海市黄浦区 御景半岛 10栋3单元1346室,310101200305213973,黄浦区公安局黄浦区分局,2021.05.16-2031.05.14,星火基地普惠金融,483164.93,60,扩大生产,等额本金
IMG_00908,loan_0612/face_signing.jpg,LN2024000612,SG_553,1,,赵梓轩,女,汉族,1989-04-26,安徽省合肥市庐阳区 锦绣家园 7栋4单元412室,340103198904269002,庐阳区公安局庐阳区分局,2007.04.22-2017.04.19,瓦坎达信贷中心,13747.28,3,教育进修,先息后本
IMG_00909,loan_0613/face_signing.jpg,LN2024000613,SG_554,1,,何丽,女,汉族,1966-08-13,海南省海口市龙华区 御景半岛 16栋1单元2114室,460106196608138347,龙华区公安局龙华区分局,1984.08.08-1994.08.06,阿卡姆消费金融,105051.06,12,购买燃油车,等额本息
IMG_00910,loan_0614/face_signing.jpg,LN2024000614,SG_555,1,,周文,女,汉族,1968-10-23,福建省厦门市思明区 融创壹号院 2栋5单元1169室,350203196810236443,思明区公安局思明区分局,1986.10.19-1996.10.16,哥谭市小额贷款中心,2114459.05,360,二手房交易,等额本金
IMG_00911,loan_0615/face_signing.jpg,LN2024000615,SG_556,1,,高华,女,汉族,1987-07-19,四川省成都市武侯区 锦绣家园 20栋1单元844室,510107198707191987,武侯区公安局武侯区分局,2005.07.14-2015.07.12,木叶村消费金融,2203954.82,120,企业流动资金,等额本金
IMG_00912,loan_0616/face_signing.jpg,LN2024000616,SG_557,1,,吴娟,女,汉族,1987-12-28,上海市上海市黄浦区 紫金华府 2栋3单元814室,310101198712286168,黄浦区公安局黄浦区分局,2005.12.23-2015.12.21,霍格沃茨魔法银行,4042091.88,240,二手房交易,按月付息，到期还本
IMG_00913,loan_0617/face_signing.jpg,LN2024000617,SG_558,1,,张丽,女,汉族,1984-01-17,福建省厦门市思明区 紫金华府 15栋4单元1615室,350203198401170083,思明区公安局思明区分局,2002.01.12-2012.01.10,昆仑数字科技有限公司,199468.48,12,购买燃油车,等额本金
IMG_00914,loan_0618/face_signing.jpg,LN2024000618,SG_559,1,,胡佳,女,汉族,1969-06-27,山东省青岛市崂山区 阳光100 15栋4单元1559室,370212196906278349,崂山区公安局崂山区分局,1987.06.23-1997.06.20,瓦坎达信贷中心,19092.71,3,旅游,一次性还本付息
IMG_00915,loan_0619/face_signing.jpg,LN2024000619,SG_560,1,,高超,男,汉族,1969-09-11,海南省海口市龙华区 龙腾盛世 12栋6单元662室,460106196909118374,龙华区公安局龙华区分局,1987.09.07-1997.09.04,提瓦特小额贷款,3570400.25,240,购房首付,等额本息
IMG_00916,loan_0620/face_signing.jpg,LN2024000620,SG_561,1,,杨晨,男,汉族,1999-02-21,安徽省合肥市庐阳区 枫林晚居 4栋4单元1307室,340103199902213253,庐阳区公安局庐阳区分局,2017.02.16-2027.02.14,赛博城消费金融有限公司,3718118.4,360,购房首付,等额本息
IMG_00917,loan_0621/face_signing.jpg,LN2024000621,SG_562,1,,陈晨,女,汉族,1964-10-31,湖北省武汉市武昌区 威尼斯水城 17栋4单元2192室,420106196410318847,武昌区公安局武昌区分局,1982.10.27-1992.10.24,阿卡姆消费金融,790649.66,60,企业流动资金,按月付息，到期还本
IMG_00918,loan_0622/face_signing.jpg,LN2024000622,SG_563,1,,赵芳,女,汉族,1977-05-21,上海市上海市浦东新区 香榭丽舍 1栋3单元1993室,310115197705213941,浦东新区公安局浦东新区分局,1995.05.17-2005.05.14,琅琊商业银行,35850.59,12,日常消费,按月付息，到期还本
IMG_00919,loan_0623/face_signing.jpg,LN2024000623,SG_564,1,,周芳,女,汉族,1999-08-09,四川省成都市锦江区 龙腾盛世 4栋5单元2101室,510104199908090141,锦江区公安局锦江区分局,2017.08.04-2027.08.02,昆仑数字科技有限公司,117303.67,6,购买燃油车,一次性还本付息
IMG_00920,loan_0624/face_signing.jpg,LN2024000624,SG_565,1,,高建,女,汉族,2000-09-06,广东省深圳市南山区 星河湾畔 5栋4单元792室,440305200009061288,南山区公安局南山区分局,2018.09.02-2028.08.30,阿卡姆消费金融,805228.38,240,扩大生产,按月付息，到期还本
IMG_00921,loan_0625/face_signing.jpg,LN2024000625,SG_566,1,,何梓轩,女,汉族,1975-01-14,贵州省贵阳市云岩区 阳光100 15栋3单元2046室,520103197501142102,云岩区公安局云岩区分局,1993.01.09-2003.01.07,昆仑数字科技有限公司,37881.6,6,购买家电,一次性还本付息
IMG_00922,loan_0626/face_signing.jpg,LN2024000626,SG_567,1,,高勇,男,汉族,1969-10-16,陕西省西安市雁塔区 龙腾盛世 11栋1单元1158室,610113196910166172,雁塔区公安局雁塔区分局,1987.10.12-1997.10.09,赛博城消费金融有限公司,3106276.27,120,企业流动资金,等额本金
IMG_00923,loan_0627/face_signing.jpg,LN2024000627,SG_568,1,,吴志强,男,汉族,1969-01-31,上海市上海市黄浦区 紫金华府 9栋2单元1555室,310101196901316056,黄浦区公安局黄浦区分局,1987.01.27-1997.01.24,阿卡姆消费金融,1226717.64,120,购房首付,等额本金
IMG_00924,loan_0628/face_signing.jpg,LN2024000628,SG_569,1,,高晨,女,汉族,1983-01-13,上海市上海市浦东新区 锦绣家园 14栋2单元1605室,310115198301133261,浦东新区公安局浦东新区分局,2001.01.08-2011.01.06,星火基地普惠金融,51888.56,24,购买燃油车,等额本息
IMG_00925,loan_0629/face_signing.jpg,LN2024000629,SG_570,1,,林建,女,汉族,2003-03-08,北京市北京市朝阳区 碧水云天 17栋1单元2052室,110105200303087086,朝阳区公安局朝阳区分局,2021.03.03-2031.03.01,赛博城消费金融有限公司,78902.43,12,购买新能源汽车,等额本金
IMG_00926,loan_0630/face_signing.jpg,LN2024000630,SG_571,1,,孙子涵,男,汉族,1973-03-10,湖北省武汉市武昌区 东方曼哈顿 7栋6单元1425室,420106197303104493,武昌区公安局武昌区分局,1991.03.06-2001.03.03,艾泽拉斯数字科技,2998224.45,120,二手房交易,等额本息
IMG_00927,loan_0631/face_signing.jpg,LN2024000631,SG_572,1,,王平,男,汉族,1965-11-12,海南省海口市龙华区 东方曼哈顿 2栋3单元2440室,460106196511120976,龙华区公安局龙华区分局,1983.11.08-1993.11.05,九又四分之三信贷中心,2387543.85,240,二手房交易,等额本息
IMG_00928,loan_0632/face_signing.jpg,LN2024000632,SG_573,1,,李雪,女,汉族,1960-10-01,天津市天津市东丽区 龙腾盛世 6栋5单元845室,120110196010013183,东丽区公安局东丽区分局,1978.09.27-1988.09.24,赛博城消费金融有限公司,67851.26,3,婚庆,先息后本
IMG_00929,loan_0633/face_signing.jpg,LN2024000633,SG_574,1,,罗子涵,女,汉族,1977-05-19,北京市北京市东城区 锦绣家园 14栋4单元2442室,110101197705195346,东城区公安局东城区分局,1995.05.15-2005.05.12,新亚特兰蒂斯商业银行,56809.07,12,房屋装修,按月付息，到期还本
IMG_00930,loan_0634/face_signing.jpg,LN2024000634,SG_575,1,,郭子涵,女,汉族,2001-06-17,上海市上海市浦东新区 普罗旺斯 4栋1单元1394室,310115200106174543,浦东新区公安局浦东新区分局,2019.06.13-2029.06.10,阿卡姆消费金融,185057.95,6,购买新能源汽车,一次性还本付息
IMG_00931,loan_0635/face_signing.jpg,LN2024000635,SG_576,1,,郭磊,男,汉族,1971-07-28,四川省成都市锦江区 香榭丽舍 5栋5单元1775室,510104197107284457,锦江区公安局锦江区分局,1989.07.23-1999.07.21,潘多拉普惠金融,1739095.08,360,购房首付,等额本息
IMG_00932,loan_0636/face_signing.jpg,LN2024000636,SG_16,1,C,罗宇,女,汉族,1978-07-11,广东省深圳市福田区 锦绣华庭 17栋1单元1591室,440304197807118807,福田区公安局福田区分局,1996.07.06-2006.07.04,瓦坎达信贷中心,300406.89,60,企业流动资金,等额本息
IMG_00933,loan_0637/face_signing.jpg,LN2024000637,SG_17,1,C,朱涛,男,汉族,1970-07-18,重庆市重庆市九龙坡区 御景半岛 3栋4单元1335室,500107197007182450,九龙坡区公安局九龙坡区分局,1988.07.13-1998.07.11,新亚特兰蒂斯商业银行,76712.73,6,房屋装修,一次性还本付息
IMG_00934,loan_0638/face_signing.jpg,LN2024000638,SG_18,1,C,杨敏,女,汉族,1974-04-20,河南省郑州市金水区 绿地新江湾 12栋1单元2237室,410105197404209800,金水区公安局金水区分局,1992.04.15-2002.04.13,哥谭市小额贷款中心,73287.79,12,婚庆,按月付息，到期还本
IMG_00935,loan_0639/face_signing.jpg,LN2024000639,SG_19,1,C,马梓轩,女,汉族,1975-05-17,云南省昆明市五华区 御景半岛 11栋4单元441室,53010219750517828X,五华区公安局五华区分局,1993.05.12-2003.05.10,星火基地普惠金融,43624.99,12,日常消费,等额本息
IMG_00936,loan_0640/face_signing.jpg,LN2024000640,SG_20,1,C,李娟,女,汉族,1972-08-12,上海市上海市黄浦区 龙腾盛世 10栋2单元2468室,310101197208128983,黄浦区公安局黄浦区分局,1990.08.08-2000.08.05,哥谭市小额贷款中心,1896690.9,240,企业流动资金,等额本金
IMG_00937,loan_0641/face_signing.jpg,LN2024000641,SG_21,1,C,周燕,女,汉族,1970-02-08,广东省深圳市南山区 绿地新江湾 1栋5单元2158室,440305197002088520,南山区公安局南山区分局,1988.02.04-1998.02.01,星火基地普惠金融,188352.21,6,房屋装修,一次性还本付息
IMG_00938,loan_0642/face_signing.jpg,LN2024000642,SG_22,1,C,杨华,女,汉族,1984-08-29,广东省广州市荔湾区 香榭丽舍 13栋5单元2006室,440103198408292960,荔湾区公安局荔湾区分局,2002.08.25-2012.08.22,星火基地普惠金融,38136.17,12,医疗,按月付息，到期还本
IMG_00939,loan_0643/face_signing.jpg,LN2024000643,SG_23,1,C,林燕,女,汉族,1967-12-16,云南省昆明市五华区 御景半岛 8栋6单元2295室,530102196712167749,五华区公安局五华区分局,1985.12.11-1995.12.09,星火基地普惠金融,4856489.56,360,购房首付,按月付息，到期还本
IMG_00940,loan_0644/face_signing.jpg,LN2024000644,SG_24,1,C,林文,女,汉族,1971-05-16,江苏省苏州市虎丘区 绿地新江湾 2栋4单元1218室,32050519710516362X,虎丘区公安局虎丘区分局,1989.05.11-1999.05.09,霍格沃茨魔法银行,1250222.74,120,企业流动资金,等额本金
IMG_00941,loan_0645/face_signing.jpg,LN2024000645,SG_25,1,C,刘梓轩,男,壮族,2006-03-29,湖南省长沙市岳麓区 中央公园 1栋6单元2304室,430104200603298852,岳麓区公安局岳麓区分局,2024.03.24-2034.03.22,哥谭市小额贷款中心,133049.8,6,婚庆,先息后本
IMG_00942,loan_0646/face_signing.jpg,LN2024000646,SG_26,1,C,李雪,女,汉族,1992-11-09,天津市天津市东丽区 星河湾畔 4栋2单元846室,120110199211099941,东丽区公安局东丽区分局,2010.11.05-2020.11.02,赛博城消费金融有限公司,135225.51,3,购买燃油车,先息后本
IMG_00943,loan_0647/face_signing.jpg,LN2024000647,SG_27,1,C,林涛,男,汉族,1980-09-11,山东省青岛市崂山区 香榭丽舍 18栋4单元642室,370212198009111193,崂山区公安局崂山区分局,1998.09.07-2008.09.04,艾泽拉斯数字科技,2357370.33,240,购房首付,按月付息，到期还本
IMG_00944,loan_0648/face_signing.jpg,LN2024000648,SG_28,1,C,郭雪,女,汉族,1979-01-15,北京市北京市东城区 锦绣家园 10栋5单元143室,110101197901157849,东城区公安局东城区分局,1997.01.10-2007.01.08,昆仑数字科技有限公司,109194.77,12,购买新能源汽车,等额本金
IMG_00945,loan_0649/face_signing.jpg,LN2024000649,SG_29,1,C,黄雪,女,汉族,2006-02-04,海南省海口市龙华区 香榭丽舍 16栋5单元1847室,460106200602049246,龙华区公安局龙华区分局,2024.01.31-2034.01.28,艾泽拉斯数字科技,196738.33,24,购买燃油车,按月付息，到期还本
IMG_00946,loan_0650/face_signing.jpg,LN2024000650,SG_30,1,C,孙秀,女,汉族,1970-12-19,山东省青岛市崂山区 枫林晚居 20栋6单元204室,370212197012194220,崂山区公安局崂山区分局,1988.12.14-1998.12.12,赛博城消费金融有限公司,53957.25,3,购买燃油车,一次性还本付息
IMG_00947,loan_0651/face_signing.jpg,LN2024000651,SG_31,1,C,杨磊,男,汉族,1986-11-17,浙江省杭州市西湖区 紫金华府 11栋4单元165室,330106198611176299,西湖区公安局西湖区分局,2004.11.12-2014.11.10,霍格沃茨魔法银行,189756.39,3,购买新能源汽车,先息后本
IMG_00948,loan_0652/face_signing.jpg,LN2024000652,SG_32,1,C,何建国,男,汉族,1969-12-04,新疆维吾尔自治区乌鲁木齐市天山区 锦绣华庭 8栋4单元1153室,65010219691204023X,天山区公安局天山区分局,1987.11.30-1997.11.27,艾泽拉斯数字科技,3251860.59,120,购房首付,按月付息，到期还本
IMG_00949,loan_0653/face_signing.jpg,LN2024000653,SG_33,1,C,胡华,女,汉族,1970-09-29,湖南省长沙市芙蓉区 御景半岛 13栋5单元357室,430102197009295387,芙蓉区公安局芙蓉区分局,1988.09.24-1998.09.22,九又四分之三信贷中心,104149.41,3,婚庆,一次性还本付息
IMG_00950,loan_0654/face_signing.jpg,LN2024000654,SG_34,1,C,黄梓轩,女,汉族,1965-05-30,北京市北京市东城区 紫金华府 5栋4单元1010室,110101196505309164,东城区公安局东城区分局,1983.05.26-1993.05.23,哥谭市小额贷款中心,28552.27,3,日常消费,先息后本
IMG_00951,loan_0655/face_signing.jpg,LN2024000655,SG_35,1,C,李子涵,女,汉族,1985-02-26,福建省厦门市思明区 普罗旺斯 15栋2单元595室,350203198502269808,思明区公安局思明区分局,2003.02.22-2013.02.19,哥谭市小额贷款中心,898798.53,60,购房首付,按月付息，到期还本
IMG_00952,loan_0656/face_signing.jpg,LN2024000656,SG_36,1,C,孙建,男,汉族,1989-07-21,山东省青岛市崂山区 锦绣华庭 10栋3单元1686室,370212198907212412,崂山区公安局崂山区分局,2007.07.17-2017.07.14,艾泽拉斯数字科技,43450.61,12,日常消费,等额本金
IMG_00953,loan_0657/face_signing.jpg,LN2024000657,SG_37,1,C,林杰,男,汉族,1999-11-15,云南省昆明市五华区 锦绣华庭 20栋6单元1874室,530102199911150193,五华区公安局五华区分局,2017.11.10-2027.11.08,木叶村消费金融,1442466.99,240,二手房交易,按月付息，到期还本
IMG_00954,loan_0658/face_signing.jpg,LN2024000658,SG_38,1,C,黄伟,男,汉族,1981-05-02,新疆维吾尔自治区乌鲁木齐市天山区 翠湖雅苑 8栋3单元930室,650102198105023512,天山区公安局天山区分局,1999.04.28-2009.04.25,霍格沃茨魔法银行,1048809.99,360,企业流动资金,等额本金
IMG_00955,loan_0659/face_signing.jpg,LN2024000659,SG_39,1,C,郭伟,男,汉族,2004-02-18,重庆市重庆市九龙坡区 东方曼哈顿 17栋6单元1805室,500107200402186499,九龙坡区公安局九龙坡区分局,2022.02.13-2032.02.11,昆仑数字科技有限公司,489474.82,24,购房首付,按月付息，到期还本
IMG_00956,loan_0660/face_signing.jpg,LN2024000660,SG_40,1,C,李婷,女,汉族,1966-06-20,四川省成都市武侯区 锦绣华庭 3栋1单元2276室,510107196606208461,武侯区公安局武侯区分局,1984.06.15-1994.06.13,昆仑数字科技有限公司,742654.94,24,扩大生产,等额本息
IMG_00957,loan_0661/face_signing.jpg,LN2024000661,SG_41,1,C,吴敏,女,汉族,1960-11-07,安徽省合肥市庐阳区 阳光100 8栋5单元281室,340103196011078445,庐阳区公安局庐阳区分局,1978.11.03-1988.10.31,木叶村消费金融,151742.62,12,婚庆,按月付息，到期还本
IMG_00958,loan_0662/face_signing.jpg,LN2024000662,SG_42,1,C,刘晨,女,汉族,1994-06-07,广东省广州市天河区 御景半岛 14栋5单元2294室,440106199406078403,天河区公安局天河区分局,2012.06.02-2022.05.31,木叶村消费金融,2380999.69,240,购房首付,等额本息
IMG_00959,loan_0663/face_signing.jpg,LN2024000663,SG_43,1,C,李平,女,满族,1975-09-11,新疆维吾尔自治区乌鲁木齐市天山区 普罗旺斯 20栋3单元1902室,650102197509110968,天山区公安局天山区分局,1993.09.06-2003.09.04,提瓦特小额贷款,769950.9,24,购房首付,按月付息，到期还本
IMG_00960,loan_0664/face_signing.jpg,LN2024000664,SG_44,1,C,李晨,女,彝族,1983-06-25,广东省广州市天河区 融创壹号院 10栋5单元1390室,440106198306255500,天河区公安局天河区分局,2001.06.20-2011.06.18,新亚特兰蒂斯商业银行,116255.89,6,房屋装修,一次性还本付息
IMG_00961,loan_0665/face_signing.jpg,LN2024000665,SG_45,1,C,马华,男,汉族,1979-08-29,四川省成都市锦江区 枫林晚居 11栋4单元1470室,510104197908294276,锦江区公安局锦江区分局,1997.08.24-2007.08.22,昆仑数字科技有限公司,3414193.17,240,企业流动资金,等额本息
IMG_00962,loan_0666/face_signing.jpg,LN2024000666,SG_46,1,C,高磊,男,彝族,1991-09-15,山东省济南市历下区 锦绣家园 18栋2单元187室,370102199109152597,历下区公安局历下区分局,2009.09.10-2019.09.08,星火基地普惠金融,4423813.62,360,二手房交易,等额本息
IMG_00963,loan_0667/face_signing.jpg,LN2024000667,SG_47,1,C,吴平,女,汉族,1984-07-30,江苏省南京市鼓楼区 碧水云天 9栋6单元797室,320106198407300529,鼓楼区公安局鼓楼区分局,2002.07.26-2012.07.23,九又四分之三信贷中心,132774.67,60,购买新能源汽车,按月付息，到期还本
IMG_00964,loan_0668/face_signing.jpg,LN2024000668,SG_48,1,C,孙明,男,汉族,2002-05-02,浙江省宁波市海曙区 翠湖雅苑 3栋5单元1395室,330203200205022653,海曙区公安局海曙区分局,2020.04.27-2030.04.25,琅琊商业银行,500837.12,24,扩大生产,等额本金
IMG_00965,loan_0669/face_signing.jpg,LN2024000669,SG_49,1,C,何磊,男,汉族,1964-09-23,广东省深圳市福田区 悦海名邸 13栋6单元1816室,440304196409234613,福田区公安局福田区分局,1982.09.19-1992.09.16,阿卡姆消费金融,3810540.03,240,二手房交易,等额本息
IMG_00966,loan_0670/face_signing.jpg,LN2024000670,SG_50,1,C,林文,女,汉族,1977-05-02,江西省南昌市东湖区 威尼斯水城 7栋4单元1063室,360102197705024005,东湖区公安局东湖区分局,1995.04.28-2005.04.25,新亚特兰蒂斯商业银行,3478663.32,360,企业流动资金,等额本金
IMG_00967,loan_0671/face_signing.jpg,LN2024000671,SG_51,1,C,徐文,女,汉族,1994-12-08,江苏省苏州市虎丘区 香榭丽舍 20栋4单元641室,320505199412087961,虎丘区公安局虎丘区分局,2012.12.03-2022.12.01,木叶村消费金融,837976.24,36,购房首付,按月付息，到期还本
IMG_00968,loan_0672/face_signing.jpg,LN2024000672,SG_52,1,C,李志强,男,汉族,1983-05-24,新疆维吾尔自治区乌鲁木齐市天山区 碧水云天 3栋1单元110室,650102198305245136,天山区公安局天山区分局,2001.05.19-2011.05.17,瓦坎达信贷中心,106005.05,36,购买燃油车,等额本息
IMG_00969,loan_0673/face_signing.jpg,LN2024000673,SG_53,1,C,孙晨,男,汉族,1970-01-06,浙江省杭州市上城区 悦海名邸 9栋3单元2037室,330102197001067036,上城区公安局上城区分局,1988.01.02-1997.12.30,潘多拉普惠金融,390477.54,24,企业流动资金,等额本金
IMG_00970,loan_0674/face_signing.jpg,LN2024000674,SG_54,1,C,胡梓轩,男,汉族,1984-11-19,北京市北京市朝阳区 枫林晚居 20栋4单元1871室,110105198411195818,朝阳区公安局朝阳区分局,2002.11.15-2012.11.12,木叶村消费金融,1915676.93,240,企业流动资金,等额本金
IMG_00971,loan_0675/face_signing.jpg,LN2024000675,SG_55,1,C,马宇,男,汉族,1990-01-19,江苏省苏州市虎丘区 悦海名邸 9栋5单元2329室,320505199001197779,虎丘区公安局虎丘区分局,2008.01.15-2018.01.12,霍格沃茨魔法银行,3920620.58,360,购房首付,按月付息，到期还本
IMG_00972,loan_0676/face_signing.jpg,LN2024000676,SG_56,1,C,高杰,男,汉族,1989-06-08,新疆维吾尔自治区乌鲁木齐市天山区 普罗旺斯 17栋3单元1747室,650102198906081253,天山区公安局天山区分局,2007.06.04-2017.06.01,提瓦特小额贷款,3595392.53,120,二手房交易,等额本金
IMG_00973,loan_0677/face_signing.jpg,LN2024000677,SG_57,1,C,朱强,男,汉族,1976-01-02,广东省广州市天河区 枫林晚居 1栋5单元473室,44010619760102505X,天河区公安局天河区分局,1993.12.28-2003.12.26,星火基地普惠金融,188818.37,3,婚庆,先息后本
IMG_00974,loan_0678/face_signing.jpg,LN2024000678,SG_58,1,C,胡佳,女,汉族,1973-12-22,贵州省贵阳市云岩区 东方曼哈顿 15栋4单元1142室,520103197312226403,云岩区公安局云岩区分局,1991.12.18-2001.12.15,星火基地普惠金融,474918.53,36,扩大生产,等额本金
IMG_00975,loan_0679/face_signing.jpg,LN2024000679,SG_59,1,C,林燕,女,汉族,1967-07-27,湖南省长沙市芙蓉区 锦绣家园 19栋3单元926室,430102196707279881,芙蓉区公安局芙蓉区分局,1985.07.22-1995.07.20,木叶村消费金融,98092.14,12,购买燃油车,按月付息，到期还本
IMG_00976,loan_0680/face_signing.jpg,LN2024000680,SG_60,1,C,郭勇,男,汉族,1983-11-19,新疆维吾尔自治区乌鲁木齐市天山区 枫林晚居 14栋1单元1703室,650102198311198110,天山区公安局天山区分局,2001.11.14-2011.11.12,霍格沃茨魔法银行,950071.3,24,企业流动资金,等额本金
IMG_00977,loan_0681/face_signing.jpg,LN2024000681,SG_61,1,C,何秀,女,汉族,2006-10-05,天津市天津市和平区 威尼斯水城 2栋2单元818室,12010120061005132X,和平区公安局和平区分局,2024.09.30-2034.09.28,琅琊商业银行,600813.12,60,扩大生产,等额本息
IMG_00978,loan_0682/face_signing.jpg,LN2024000682,SG_62,1,C,张建,女,汉族,1963-01-04,陕西省西安市雁塔区 星河湾畔 5栋1单元1960室,610113196301041964,雁塔区公安局雁塔区分局,1980.12.30-1990.12.28,瓦坎达信贷中心,1544779.11,360,企业流动资金,等额本息
IMG_00979,loan_0683/face_signing.jpg,LN2024000683,SG_63,1,C,郭子涵,女,苗族,1970-02-05,浙江省杭州市上城区 绿地新江湾 8栋3单元335室,330102197002050826,上城区公安局上城区分局,1988.02.01-1998.01.29,九又四分之三信贷中心,90207.51,6,房屋装修,一次性还本付息
IMG_00980,loan_0684/face_signing.jpg,LN2024000684,SG_64,1,C,徐平,男,汉族,1973-11-01,上海市上海市黄浦区 悦海名邸 6栋1单元2303室,310101197311016832,黄浦区公安局黄浦区分局,1991.10.28-2001.10.25,提瓦特小额贷款,179481.46,36,房屋装修,等额本息
IMG_00981,loan_0685/face_signing.jpg,LN2024000685,SG_65,1,C,张平,女,回族,1983-07-14,江苏省苏州市虎丘区 星河湾畔 17栋3单元2267室,320505198307143146,虎丘区公安局虎丘区分局,2001.07.09-2011.07.07,霍格沃茨魔法银行,44389.94,12,日常消费,按月付息，到期还本
IMG_00982,loan_0686/face_signing.jpg,LN2024000686,SG_66,1,C,周建国,男,汉族,1981-02-10,福建省福州市鼓楼区 悦海名邸 4栋3单元868室,350102198102105378,鼓楼区公安局鼓楼区分局,1999.02.06-2009.02.03,木叶村消费金融,1003452.29,360,企业流动资金,等额本金
IMG_00983,loan_0687/face_signing.jpg,LN2024000687,SG_67,1,C,刘华,男,汉族,2006-05-08,贵州省贵阳市云岩区 悦海名邸 5栋1单元1858室,520103200605088336,云岩区公安局云岩区分局,2024.05.03-2034.05.01,夏尔农业信贷,3485550.86,240,二手房交易,等额本金
IMG_00984,loan_0688/face_signing.jpg,LN2024000688,SG_68,1,C,朱伟,男,汉族,2002-10-27,湖南省长沙市芙蓉区 融创壹号院 12栋3单元139室,43010220021027139X,芙蓉区公安局芙蓉区分局,2020.10.22-2030.10.20,霍格沃茨魔法银行,33692.79,12,购买家电,等额本息
IMG_00985,loan_0689/face_signing.jpg,LN2024000689,SG_69,1,C,杨浩,女,汉族,1963-01-01,新疆维吾尔自治区乌鲁木齐市天山区 锦绣华庭 18栋3单元151室,650102196301018084,天山区公安局天山区分局,1980.12.27-1990.12.25,潘多拉普惠金融,996761.06,36,购房首付,等额本息
IMG_00986,loan_0690/face_signing.jpg,LN2024000690,SG_70,1,C,李子涵,女,汉族,1996-11-03,江苏省南京市鼓楼区 碧水云天 8栋1单元656室,320106199611030161,鼓楼区公安局鼓楼区分局,2014.10.30-2024.10.27,哥谭市小额贷款中心,11341.09,3,购买家电,一次性还本付息
IMG_00987,loan_0691/face_signing.jpg,LN2024000691,SG_71,1,C,周浩,男,汉族,2006-04-15,湖南省长沙市岳麓区 锦绣华庭 18栋4单元1236室,430104200604152951,岳麓区公安局岳麓区分局,2024.04.10-2034.04.08,赛博城消费金融有限公司,35142.06,6,旅游,一次性还本付息
IMG_00988,loan_0692/face_signing.jpg,LN2024000692,SG_72,1,C,胡佳,女,汉族,1997-01-28,四川省成都市锦江区 锦绣家园 19栋3单元221室,510104199701288628,锦江区公安局锦江区分局,2015.01.24-2025.01.21,星火基地普惠金融,2820886.31,360,二手房交易,按月付息，到期还本
IMG_00989,loan_0693/face_signing.jpg,LN2024000693,SG_73,1,C,马静,女,汉族,1971-10-26,天津市天津市东丽区 锦绣华庭 7栋6单元1064室,120110197110269009,东丽区公安局东丽区分局,1989.10.21-1999.10.19,瓦坎达信贷中心,1409674.71,120,企业流动资金,等额本金
IMG_00990,loan_0694/face_signing.jpg,LN2024000694,SG_74,1,C,张超,男,汉族,1990-08-24,重庆市重庆市渝中区 阳光100 13栋6单元1952室,500103199008242172,渝中区公安局渝中区分局,2008.08.19-2018.08.17,潘多拉普惠金融,140476.26,12,购买新能源汽车,等额本金
IMG_00991,loan_0695/face_signing.jpg,LN2024000695,SG_75,1,C,朱涛,男,汉族,2001-01-16,陕西省西安市新城区 龙腾盛世 17栋1单元989室,610102200101167116,新城区公安局新城区分局,2019.01.12-2029.01.09,提瓦特小额贷款,728964.58,60,购房首付,等额本金
IMG_00992,loan_0696/face_signing.jpg,LN2024000696,SG_76,1,C,徐静,女,汉族,1970-03-13,安徽省合肥市庐阳区 翠湖雅苑 2栋4单元1965室,340103197003137008,庐阳区公安局庐阳区分局,1988.03.08-1998.03.06,昆仑数字科技有限公司,182754.2,6,购买燃油车,先息后本
IMG_00993,loan_0697/face_signing.jpg,LN2024000697,SG_77,1,C,胡建国,男,汉族,1990-09-29,江西省南昌市东湖区 龙腾盛世 5栋4单元318室,360102199009295935,东湖区公安局东湖区分局,2008.09.24-2018.09.22,赛博城消费金融有限公司,518759.32,36,扩大生产,等额本息
IMG_00994,loan_0698/face_signing.jpg,LN2024000698,SG_78,1,C,何伟,男,汉族,2000-07-18,广东省广州市天河区 阳光100 12栋2单元1700室,440106200007188475,天河区公安局天河区分局,2018.07.14-2028.07.11,昆仑数字科技有限公司,1632202.78,120,购房首付,等额本息
IMG_00995,loan_0699/face_signing.jpg,LN2024000699,SG_79,1,C,高宇,男,汉族,1984-02-12,江苏省南京市鼓楼区 绿地新江湾 5栋6单元346室,320106198402121214,鼓楼区公安局鼓楼区分局,2002.02.07-2012.02.05,艾泽拉斯数字科技,535522.78,36,企业流动资金,按月付息，到期还本
IMG_00996,loan_0700/face_signing.jpg,LN2024000700,SG_80,1,C,朱浩,男,汉族,1995-04-28,上海市上海市黄浦区 御景半岛 7栋3单元1148室,310101199504280356,黄浦区公安局黄浦区分局,2013.04.23-2023.04.21,星火基地普惠金融,4019474.67,120,购房首付,等额本息
IMG_00997,loan_0701/face_signing.jpg,LN2024000701,SG_81,1,C,马晨,男,汉族,1974-08-07,浙江省宁波市海曙区 星河湾畔 13栋4单元1185室,330203197408073771,海曙区公安局海曙区分局,1992.08.02-2002.07.31,木叶村消费金融,769228.14,36,二手房交易,按月付息，到期还本
IMG_00998,loan_0702/face_signing.jpg,LN2024000702,SG_82,1,C,周燕,女,汉族,1974-10-29,浙江省宁波市海曙区 锦绣家园 12栋5单元2266室,330203197410293984,海曙区公安局海曙区分局,1992.10.24-2002.10.22,艾泽拉斯数字科技,4968170.85,360,购房首付,等额本息
IMG_00999,loan_0703/face_signing.jpg,LN2024000703,SG_83,1,C,吴晨,女,汉族,1999-11-11,江苏省苏州市虎丘区 绿地新江湾 18栋6单元200室,320505199911111081,虎丘区公安局虎丘区分局,2017.11.06-2027.11.04,新亚特兰蒂斯商业银行,68567.56,3,婚庆,先息后本
IMG_01000,loan_0704/face_signing.jpg,LN2024000704,SG_84,1,C,刘杰,男,汉族,1987-01-20,山东省青岛市崂山区 御景半岛 13栋4单元1526室,370212198701206690,崂山区公安局崂山区分局,2005.01.15-2015.01.13,昆仑数字科技有限公司,1425726.85,360,购房首付,等额本息
IMG_01001,loan_0705/face_signing.jpg,LN2024000705,SG_85,1,C,胡华,女,汉族,1976-06-26,陕西省西安市新城区 中央公园 11栋3单元1925室,610102197606261306,新城区公安局新城区分局,1994.06.22-2004.06.19,星火基地普惠金融,448407.32,36,企业流动资金,等额本息
IMG_01002,loan_0706/face_signing.jpg,LN2024000706,SG_86,1,C,张文,男,汉族,1970-05-08,广东省广州市荔湾区 普罗旺斯 17栋3单元110室,440103197005082497,荔湾区公安局荔湾区分局,1988.05.03-1998.05.01,琅琊商业银行,38074.56,12,日常消费,等额本息
IMG_01003,loan_0707/face_signing.jpg,LN2024000707,SG_87,1,C,杨建国,男,汉族,1981-09-25,江西省南昌市东湖区 翠湖雅苑 15栋5单元2358室,360102198109258715,东湖区公安局东湖区分局,1999.09.21-2009.09.18,瓦坎达信贷中心,381764.69,36,扩大生产,等额本息
IMG_01004,loan_0708/face_signing.jpg,LN2024000708,SG_88,1,C,高建国,男,汉族,2006-01-02,山东省济南市历下区 枫林晚居 4栋3单元2252室,370102200601021236,历下区公安局历下区分局,2023.12.29-2033.12.26,提瓦特小额贷款,839965.84,36,购房首付,等额本息
IMG_01005,loan_0709/face_signing.jpg,LN2024000709,SG_89,1,C,赵静,女,汉族,1994-09-25,江苏省苏州市虎丘区 锦绣华庭 14栋6单元1349室,320505199409250684,虎丘区公安局虎丘区分局,2012.09.20-2022.09.18,艾泽拉斯数字科技,172898.32,3,房屋装修,先息后本
IMG_01006,loan_0710/face_signing.jpg,LN2024000710,SG_90,1,C,张文,女,汉族,1980-05-29,广东省深圳市福田区 龙腾盛世 12栋3单元1511室,440304198005294264,福田区公安局福田区分局,1998.05.25-2008.05.22,木叶村消费金融,563077.91,36,企业流动资金,按月付息，到期还本
IMG_01007,loan_0711/face_signing.jpg,LN2024000711,SG_91,1,C,张伟,男,维吾尔族,1984-06-12,云南省昆明市五华区 龙腾盛世 8栋6单元695室,53010219840612239X,五华区公安局五华区分局,2002.06.08-2012.06.05,九又四分之三信贷中心,760991.84,36,二手房交易,等额本金
IMG_01008,loan_0712/face_signing.jpg,LN2024000712,SG_92,1,C,李静,女,汉族,1988-11-05,四川省成都市锦江区 阳光100 3栋3单元2145室,510104198811056946,锦江区公安局锦江区分局,2006.11.01-2016.10.29,星火基地普惠金融,31673.21,12,日常消费,按月付息，到期还本
IMG_01009,loan_0713/face_signing.jpg,LN2024000713,SG_93,1,C,高慧,女,汉族,2001-04-19,湖南省长沙市芙蓉区 悦海名邸 10栋1单元503室,430102200104197261,芙蓉区公安局芙蓉区分局,2019.04.15-2029.04.12,阿卡姆消费金融,3361969.16,240,企业流动资金,等额本金
IMG_01010,loan_0714/face_signing.jpg,LN2024000714,SG_94,1,C,李杰,男,汉族,1996-04-24,浙江省杭州市西湖区 紫金华府 5栋3单元358室,330106199604249757,西湖区公安局西湖区分局,2014.04.20-2024.04.17,赛博城消费金融有限公司,39949.72,3,旅游,一次性还本付息
IMG_01011,loan_0715/face_signing.jpg,LN2024000715,SG_95,1,C,林浩,男,汉族,1982-08-04,湖北省武汉市江岸区 东方曼哈顿 20栋4单元2355室,420102198208044516,江岸区公安局江岸区分局,2000.07.30-2010.07.28,星火基地普惠金融,574237.28,60,购房首付,按月付息，到期还本
IMG_01012,loan_0716/face_signing.jpg,LN2024000716,SG_96,1,C,朱宇,女,汉族,1987-04-17,贵州省贵阳市云岩区 碧水云天 10栋1单元783室,520103198704178361,云岩区公安局云岩区分局,2005.04.12-2015.04.10,夏尔农业信贷,4394354.98,360,二手房交易,等额本金
IMG_01013,loan_0717/face_signing.jpg,LN2024000717,SG_97,1,C,黄华,女,汉族,1977-01-15,湖北省武汉市江岸区 香榭丽舍 12栋6单元523室,420102197701155784,江岸区公安局江岸区分局,1995.01.11-2005.01.08,艾泽拉斯数字科技,32198.7,6,教育进修,先息后本
IMG_01014,loan_0718/face_signing.jpg,LN2024000718,SG_98,1,C,罗浩,女,汉族,2001-12-31,浙江省宁波市海曙区 香榭丽舍 4栋5单元1159室,330203200112318682,海曙区公安局海曙区分局,2019.12.27-2029.12.24,阿卡姆消费金融,3211268.94,240,二手房交易,等额本金
IMG_01015,loan_0719/face_signing.jpg,LN2024000719,SG_99,1,C,马华,女,彝族,1983-09-04,浙江省杭州市上城区 阳光100 18栋4单元802室,330102198309044986,上城区公安局上城区分局,2001.08.30-2011.08.28,艾泽拉斯数字科技,2095057.28,240,企业流动资金,按月付息，到期还本
IMG_01016,loan_0720/face_signing.jpg,LN2024000720,SG_100,1,C,林建,男,汉族,1960-09-01,福建省福州市鼓楼区 东方曼哈顿 1栋4单元1912室,350102196009016873,鼓楼区公安局鼓楼区分局,1978.08.28-1988.08.25,昆仑数字科技有限公司,2106528.91,120,企业流动资金,等额本息
IMG_01017,loan_0721/face_signing.jpg,LN2024000721,SG_101,1,C,吴娟,女,汉族,1989-05-07,江苏省南京市玄武区 翠湖雅苑 18栋6单元2257室,320102198905076085,玄武区公安局玄武区分局,2007.05.03-2017.04.30,木叶村消费金融,157797.93,3,购买燃油车,一次性还本付息
IMG_01018,loan_0722/face_signing.jpg,LN2024000722,SG_102,1,C,胡明,男,汉族,1998-04-17,云南省昆明市五华区 碧水云天 11栋4单元635室,530102199804176216,五华区公安局五华区分局,2016.04.12-2026.04.10,夏尔农业信贷,304647.29,60,购房首付,等额本息
IMG_01019,loan_0723/face_signing.jpg,LN2024000723,SG_103,1,C,王晨,男,汉族,1992-05-21,陕西省西安市雁塔区 普罗旺斯 3栋1单元2298室,610113199205215278,雁塔区公安局雁塔区分局,2010.05.17-2020.05.14,星火基地普惠金融,717097.22,60,二手房交易,按月付息，到期还本
IMG_01020,loan_0724/face_signing.jpg,LN2024000724,SG_104,1,C,徐慧,女,汉族,1966-11-19,河南省郑州市金水区 碧水云天 13栋2单元334室,410105196611192568,金水区公安局金水区分局,1984.11.14-1994.11.12,霍格沃茨魔法银行,791608.17,60,二手房交易,等额本金
IMG_01021,loan_0725/face_signing.jpg,LN2024000725,SG_105,1,C,赵佳,女,汉族,1987-01-15,湖南省长沙市岳麓区 绿地新江湾 16栋1单元2154室,430104198701153665,岳麓区公安局岳麓区分局,2005.01.10-2015.01.08,瓦坎达信贷中心,201184.78,36,购买新能源汽车,按月付息，到期还本
IMG_01022,loan_0726/face_signing.jpg,LN2024000726,SG_106,1,C,周丽,女,汉族,2008-04-26,北京市北京市海淀区 碧水云天 7栋1单元1479室,110108200804268829,海淀区公安局海淀区分局,2026.04.22-2036.04.19,琅琊商业银行,184937.05,12,婚庆,等额本金
IMG_01023,loan_0727/face_signing.jpg,LN2024000727,SG_107,1,C,孙婷,女,汉族,1963-08-14,山东省济南市历下区 阳光100 1栋4单元1310室,370102196308140560,历下区公安局历下区分局,1981.08.09-1991.08.07,潘多拉普惠金融,293834.7,24,购买燃油车,按月付息，到期还本
IMG_01024,loan_0728/face_signing.jpg,LN2024000728,SG_108,1,C,杨磊,男,汉族,2005-03-30,湖北省武汉市江岸区 锦绣华庭 2栋3单元1798室,420102200503300498,江岸区公安局江岸区分局,2023.03.26-2033.03.23,夏尔农业信贷,818477.5,24,企业流动资金,等额本息
IMG_01025,loan_0729/face_signing.jpg,LN2024000729,SG_109,1,C,孙文,女,汉族,1967-01-23,陕西省西安市雁塔区 碧水云天 2栋4单元2404室,61011319670123858X,雁塔区公安局雁塔区分局,1985.01.18-1995.01.16,九又四分之三信贷中心,24037.56,6,教育进修,先息后本
IMG_01026,loan_0730/face_signing.jpg,LN2024000730,SG_110,1,C,杨浩,女,汉族,1988-02-11,广东省深圳市南山区 紫金华府 17栋5单元1063室,440305198802115544,南山区公安局南山区分局,2006.02.06-2016.02.04,艾泽拉斯数字科技,73332.61,6,购买燃油车,一次性还本付息
IMG_01027,loan_0731/face_signing.jpg,LN2024000731,SG_111,1,C,周静,女,汉族,1966-08-06,天津市天津市和平区 香榭丽舍 13栋2单元1731室,120101196608065846,和平区公安局和平区分局,1984.08.01-1994.07.30,瓦坎达信贷中心,66809.74,12,婚庆,等额本息
IMG_01028,loan_0732/face_signing.jpg,LN2024000732,SG_112,1,C,吴勇,男,汉族,1995-05-11,江苏省苏州市虎丘区 御景半岛 3栋3单元1821室,320505199505114471,虎丘区公安局虎丘区分局,2013.05.06-2023.05.04,潘多拉普惠金融,3232908.49,120,购房首付,按月付息，到期还本
IMG_01029,loan_0733/face_signing.jpg,LN2024000733,SG_113,1,C,赵子涵,女,汉族,1982-02-02,海南省海口市龙华区 悦海名邸 11栋2单元2213室,46010619820202316X,龙华区公安局龙华区分局,2000.01.29-2010.01.26,潘多拉普惠金融,316377.02,24,购房首付,等额本息
IMG_01030,loan_0734/face_signing.jpg,LN2024000734,SG_114,1,C,黄子涵,女,汉族,1985-12-26,北京市北京市海淀区 威尼斯水城 11栋4单元1560室,110108198512264260,海淀区公安局海淀区分局,2003.12.22-2013.12.19,霍格沃茨魔法银行,529818.69,60,二手房交易,按月付息，到期还本
IMG_01031,loan_0735/face_signing.jpg,LN2024000735,SG_115,1,C,王宇,男,汉族,1995-02-06,上海市上海市浦东新区 东方曼哈顿 2栋5单元599室,310115199502069395,浦东新区公安局浦东新区分局,2013.02.01-2023.01.30,提瓦特小额贷款,1659226.1,120,二手房交易,按月付息，到期还本
IMG_01032,loan_0736/face_signing.jpg,LN2024000736,SG_116,1,C,赵梓轩,女,汉族,1970-07-11,四川省成都市锦江区 御景半岛 13栋5单元645室,510104197007117125,锦江区公安局锦江区分局,1988.07.06-1998.07.04,九又四分之三信贷中心,178867.23,6,房屋装修,一次性还本付息
IMG_01033,loan_0737/face_signing.jpg,LN2024000737,SG_117,1,C,高平,男,汉族,1988-10-04,上海市上海市浦东新区 普罗旺斯 12栋4单元1898室,310115198810042632,浦东新区公安局浦东新区分局,2006.09.30-2016.09.27,木叶村消费金融,19878.85,12,购买家电,等额本息
IMG_01034,loan_0738/face_signing.jpg,LN2024000738,SG_118,1,C,林宇,男,汉族,1966-04-29,福建省厦门市思明区 龙腾盛世 12栋3单元465室,350203196604290094,思明区公安局思明区分局,1984.04.24-1994.04.22,星火基地普惠金融,119866.0,12,购买新能源汽车,等额本金
IMG_01035,loan_0739/face_signing.jpg,LN2024000739,SG_119,1,C,赵子涵,男,汉族,1970-05-24,北京市北京市朝阳区 锦绣华庭 12栋5单元1906室,110105197005247913,朝阳区公安局朝阳区分局,1988.05.19-1998.05.17,艾泽拉斯数字科技,52910.72,3,购买新能源汽车,一次性还本付息
IMG_01036,loan_0740/face_signing.jpg,LN2024000740,SG_120,1,C,高娜,女,汉族,1995-02-01,广东省深圳市南山区 御景半岛 8栋2单元1242室,440305199502018368,南山区公安局南山区分局,2013.01.27-2023.01.25,新亚特兰蒂斯商业银行,128389.5,6,房屋装修,先息后本
IMG_01037,loan_0741/face_signing.jpg,LN2024000741,SG_121,1,C,周磊,男,汉族,1968-09-05,河南省郑州市金水区 锦绣家园 3栋1单元1595室,410105196809053379,金水区公安局金水区分局,1986.09.01-1996.08.29,九又四分之三信贷中心,259806.51,36,婚庆,等额本金
IMG_01038,loan_0742/face_signing.jpg,LN2024000742,SG_122,1,C,马超,男,汉族,1963-08-04,广东省广州市天河区 锦绣华庭 20栋1单元901室,440106196308049170,天河区公安局天河区分局,1981.07.30-1991.07.28,九又四分之三信贷中心,914301.02,60,二手房交易,按月付息，到期还本
IMG_01039,loan_0743/face_signing.jpg,LN2024000743,SG_123,1,C,马梓轩,女,汉族,1974-02-03,江苏省南京市玄武区 龙腾盛世 15栋5单元195室,32010219740203230X,玄武区公安局玄武区分局,1992.01.30-2002.01.27,星火基地普惠金融,325539.41,60,扩大生产,按月付息，到期还本
IMG_01040,loan_0744/face_signing.jpg,LN2024000744,SG_124,1,C,孙文,女,汉族,1974-02-17,广东省广州市天河区 御景半岛 11栋3单元269室,440106197402177923,天河区公安局天河区分局,1992.02.13-2002.02.10,潘多拉普惠金融,749088.38,60,扩大生产,按月付息，到期还本
IMG_01041,loan_0745/face_signing.jpg,LN2024000745,SG_125,1,C,周晨,女,汉族,1999-09-08,天津市天津市和平区 阳光100 12栋2单元790室,120101199909086388,和平区公安局和平区分局,2017.09.03-2027.09.01,琅琊商业银行,327483.29,36,二手房交易,等额本金
IMG_01042,loan_0746/face_signing.jpg,LN2024000746,SG_126,1,C,胡宇,男,汉族,1985-06-09,上海市上海市黄浦区 星河湾畔 17栋5单元1525室,310101198506092311,黄浦区公安局黄浦区分局,2003.06.05-2013.06.02,赛博城消费金融有限公司,897588.88,120,二手房交易,按月付息，到期还本
IMG_01043,loan_0747/face_signing.jpg,LN2024000747,SG_127,1,C,陈晨,女,汉族,2005-07-06,江苏省南京市鼓楼区 香榭丽舍 14栋3单元490室,32010620050706974X,鼓楼区公安局鼓楼区分局,2023.07.02-2033.06.29,霍格沃茨魔法银行,987266.68,120,扩大生产,按月付息，到期还本
IMG_01044,loan_0748/face_signing.jpg,LN2024000748,SG_128,1,C,李勇,男,汉族,1997-08-09,北京市北京市东城区 碧水云天 10栋2单元785室,110101199708099252,东城区公安局东城区分局,2015.08.05-2025.08.02,艾泽拉斯数字科技,2116832.18,240,购房首付,等额本金
IMG_01045,loan_0749/face_signing.jpg,LN2024000749,SG_129,1,C,高建,女,汉族,2003-12-01,天津市天津市和平区 锦绣家园 9栋6单元997室,120101200312014184,和平区公安局和平区分局,2021.11.26-2031.11.24,昆仑数字科技有限公司,5123.66,6,教育进修,一次性还本付息
IMG_01046,loan_0750/face_signing.jpg,LN2024000750,SG_130,1,C,朱婷,女,汉族,1997-11-10,山东省济南市历下区 香榭丽舍 10栋1单元1714室,37010219971110626X,历下区公安局历下区分局,2015.11.06-2025.11.03,阿卡姆消费金融,820415.34,24,购房首付,等额本金
IMG_01047,loan_0751/face_signing.jpg,LN2024000751,SG_131,1,C,徐丽,女,汉族,1961-09-13,广东省深圳市南山区 锦绣家园 4栋4单元1832室,440305196109133307,南山区公安局南山区分局,1979.09.09-1989.09.06,昆仑数字科技有限公司,4557657.72,240,企业流动资金,按月付息，到期还本
IMG_01048,loan_0752/face_signing.jpg,LN2024000752,SG_132,1,C,高建,女,汉族,1968-10-26,北京市北京市朝阳区 锦绣家园 6栋3单元393室,110105196810265001,朝阳区公安局朝阳区分局,1986.10.22-1996.10.19,赛博城消费金融有限公司,81846.05,6,房屋装修,先息后本
IMG_01049,loan_0753/face_signing.jpg,LN2024000753,SG_133,1,C,徐婷,女,汉族,2006-03-27,湖北省武汉市武昌区 绿地新江湾 19栋2单元279室,420106200603275889,武昌区公安局武昌区分局,2024.03.22-2034.03.20,星火基地普惠金融,990775.23,60,购房首付,按月付息，到期还本
IMG_01050,loan_0754/face_signing.jpg,LN2024000754,SG_134,1,C,李梓轩,女,汉族,1978-05-14,广东省广州市天河区 普罗旺斯 7栋3单元885室,440106197805145862,天河区公安局天河区分局,1996.05.09-2006.05.07,艾泽拉斯数字科技,196036.93,6,房屋装修,一次性还本付息
IMG_01051,loan_0755/face_signing.jpg,LN2024000755,SG_135,1,C,吴子涵,女,汉族,2005-12-16,陕西省西安市雁塔区 中央公园 17栋5单元129室,610113200512167988,雁塔区公安局雁塔区分局,2023.12.12-2033.12.09,提瓦特小额贷款,90882.78,3,购买新能源汽车,一次性还本付息
IMG_01052,loan_0756/face_signing.jpg,LN2024000756,SG_136,1,C,郭华,女,汉族,1979-12-14,湖北省武汉市江岸区 紫金华府 7栋1单元385室,420102197912144786,江岸区公安局江岸区分局,1997.12.09-2007.12.07,昆仑数字科技有限公司,968724.29,36,购房首付,等额本息
IMG_01053,loan_0757/face_signing.jpg,LN2024000757,SG_137,1,C,罗梓轩,女,汉族,1989-06-02,四川省成都市锦江区 紫金华府 20栋3单元1660室,510104198906023709,锦江区公安局锦江区分局,2007.05.29-2017.05.26,琅琊商业银行,301836.18,60,二手房交易,等额本金
IMG_01054,loan_0758/face_signing.jpg,LN2024000758,SG_138,1,C,郭磊,男,汉族,1978-12-08,云南省昆明市五华区 锦绣家园 9栋2单元385室,530102197812088815,五华区公安局五华区分局,1996.12.03-2006.12.01,夏尔农业信贷,499339.25,60,购房首付,等额本息
IMG_01055,loan_0759/face_signing.jpg,LN2024000759,SG_139,1,C,王华,女,汉族,1972-05-01,河南省郑州市金水区 中央公园 20栋5单元2419室,410105197205019561,金水区公安局金水区分局,1990.04.27-2000.04.24,霍格沃茨魔法银行,724727.6,24,企业流动资金,等额本金
IMG_01056,loan_0760/face_signing.jpg,LN2024000760,SG_140,1,C,林超,男,汉族,1983-08-07,新疆维吾尔自治区乌鲁木齐市天山区 中央公园 16栋2单元1724室,650102198308075937,天山区公安局天山区分局,2001.08.02-2011.07.31,潘多拉普惠金融,168212.35,24,房屋装修,等额本息
IMG_01057,loan_0761/face_signing.jpg,LN2024000761,SG_141,1,C,何勇,男,汉族,1994-01-10,江西省南昌市东湖区 紫金华府 2栋5单元567室,360102199401100899,东湖区公安局东湖区分局,2012.01.06-2022.01.03,昆仑数字科技有限公司,2512123.51,360,企业流动资金,按月付息，到期还本
IMG_01058,loan_0762/face_signing.jpg,LN2024000762,SG_142,1,C,杨文,女,汉族,1963-04-28,江苏省苏州市虎丘区 悦海名邸 3栋2单元1971室,32050519630428274X,虎丘区公安局虎丘区分局,1981.04.23-1991.04.21,九又四分之三信贷中心,97948.38,60,房屋装修,按月付息，到期还本
IMG_01059,loan_0763/face_signing.jpg,LN2024000763,SG_143,1,C,罗佳,女,汉族,1977-11-30,江苏省南京市鼓楼区 御景半岛 6栋4单元1953室,320106197711304669,鼓楼区公安局鼓楼区分局,1995.11.26-2005.11.23,潘多拉普惠金融,2176902.54,120,企业流动资金,按月付息，到期还本
IMG_01060,loan_0764/face_signing.jpg,LN2024000764,SG_144,1,C,朱明,男,汉族,1978-12-05,安徽省合肥市庐阳区 绿地新江湾 1栋3单元1572室,340103197812058932,庐阳区公安局庐阳区分局,1996.11.30-2006.11.28,夏尔农业信贷,2382690.05,120,二手房交易,等额本金
IMG_01061,loan_0765/face_signing.jpg,LN2024000765,SG_145,1,C,李平,男,汉族,2003-11-29,上海市上海市黄浦区 阳光100 6栋5单元749室,310101200311290991,黄浦区公安局黄浦区分局,2021.11.24-2031.11.22,星火基地普惠金融,728402.91,60,企业流动资金,等额本息
IMG_01062,loan_0766/face_signing.jpg,LN2024000766,SG_146,1,C,张娟,女,苗族,1978-01-07,上海市上海市黄浦区 绿地新江湾 6栋5单元952室,310101197801070145,黄浦区公安局黄浦区分局,1996.01.03-2005.12.31,赛博城消费金融有限公司,177605.21,24,购买燃油车,等额本息
IMG_01063,loan_0767/face_signing.jpg,LN2024000767,SG_147,1,C,吴明,男,汉族,1988-04-04,云南省昆明市五华区 碧水云天 18栋6单元1143室,530102198804041333,五华区公安局五华区分局,2006.03.31-2016.03.28,新亚特兰蒂斯商业银行,902504.17,24,企业流动资金,等额本金
IMG_01064,loan_0768/face_signing.jpg,LN2024000768,SG_148,1,C,郭宇,男,汉族,1980-02-15,新疆维吾尔自治区乌鲁木齐市天山区 翠湖雅苑 9栋1单元2263室,650102198002153955,天山区公安局天山区分局,1998.02.10-2008.02.08,阿卡姆消费金融,137880.25,6,购买燃油车,一次性还本付息
IMG_01065,loan_0769/face_signing.jpg,LN2024000769,SG_149,1,C,吴浩,女,汉族,1994-01-19,湖北省武汉市江岸区 阳光100 15栋3单元1681室,420102199401198423,江岸区公安局江岸区分局,2012.01.15-2022.01.12,霍格沃茨魔法银行,942824.85,24,二手房交易,按月付息，到期还本
IMG_01066,loan_0770/face_signing.jpg,LN2024000770,SG_150,1,C,王静,女,汉族,1982-03-27,河南省郑州市金水区 香榭丽舍 3栋1单元766室,410105198203275881,金水区公安局金水区分局,2000.03.22-2010.03.20,提瓦特小额贷款,91774.74,3,购买燃油车,一次性还本付息
IMG_01067,loan_0771/face_signing.jpg,LN2024000771,SG_151,1,C,李子涵,男,汉族,1973-10-12,北京市北京市东城区 锦绣家园 12栋6单元2452室,110101197310126856,东城区公安局东城区分局,1991.10.08-2001.10.05,哥谭市小额贷款中心,293822.61,24,婚庆,等额本息
IMG_01068,loan_0772/face_signing.jpg,LN2024000772,SG_152,1,C,何平,女,回族,1998-07-24,陕西省西安市新城区 绿地新江湾 19栋2单元2326室,610102199807248123,新城区公安局新城区分局,2016.07.19-2026.07.17,哥谭市小额贷款中心,86874.05,3,婚庆,一次性还本付息
IMG_01069,loan_0773/face_signing.jpg,LN2024000773,SG_153,1,C,杨雪,女,汉族,1971-03-06,江苏省南京市鼓楼区 阳光100 1栋6单元1903室,320106197103066222,鼓楼区公安局鼓楼区分局,1989.03.01-1999.02.27,哥谭市小额贷款中心,1470830.22,360,购房首付,等额本金
IMG_01070,loan_0774/face_signing.jpg,LN2024000774,SG_154,1,C,周浩,男,汉族,2008-03-20,广东省广州市荔湾区 中央公园 11栋3单元1295室,440103200803204334,荔湾区公安局荔湾区分局,2026.03.16-2036.03.13,提瓦特小额贷款,505131.47,24,扩大生产,等额本金
IMG_01071,loan_0775/face_signing.jpg,LN2024000775,SG_155,1,C,林晨,女,汉族,1990-11-12,贵州省贵阳市云岩区 绿地新江湾 19栋5单元1837室,520103199011123725,云岩区公安局云岩区分局,2008.11.07-2018.11.05,提瓦特小额贷款,158995.78,60,房屋装修,等额本金
IMG_01072,loan_0776/face_signing.jpg,LN2024000776,SG_156,1,C,郭丽,女,汉族,1974-09-11,浙江省杭州市西湖区 龙腾盛世 1栋5单元2310室,330106197409116765,西湖区公安局西湖区分局,1992.09.06-2002.09.04,艾泽拉斯数字科技,977459.51,24,扩大生产,等额本金
IMG_01073,loan_0777/face_signing.jpg,LN2024000777,SG_157,1,C,罗宇,男,汉族,2002-12-17,广东省深圳市福田区 悦海名邸 18栋5单元1542室,440304200212176295,福田区公安局福田区分局,2020.12.12-2030.12.10,木叶村消费金融,971279.31,24,购房首付,等额本金
IMG_01074,loan_0778/face_signing.jpg,LN2024000778,SG_158,1,C,胡建国,男,汉族,1980-08-08,重庆市重庆市渝中区 绿地新江湾 19栋5单元2287室,500103198008086072,渝中区公安局渝中区分局,1998.08.04-2008.08.01,夏尔农业信贷,2121054.52,360,购房首付,等额本息
IMG_01075,loan_0779/face_signing.jpg,LN2024000779,SG_159,1,C,郭秀,女,汉族,1989-12-21,江苏省苏州市虎丘区 翠湖雅苑 1栋1单元236室,320505198912216905,虎丘区公安局虎丘区分局,2007.12.17-2017.12.14,霍格沃茨魔法银行,1992131.65,240,购房首付,等额本息
IMG_01076,loan_0780/face_signing.jpg,LN2024000780,SG_160,1,C,黄娟,女,汉族,1975-06-15,云南省昆明市五华区 锦绣华庭 2栋3单元174室,530102197506154984,五华区公安局五华区分局,1993.06.10-2003.06.08,艾泽拉斯数字科技,677556.39,60,企业流动资金,等额本息
IMG_01077,loan_0781/face_signing.jpg,LN2024000781,SG_161,1,C,罗晨,男,汉族,1963-11-15,湖北省武汉市武昌区 绿地新江湾 6栋5单元125室,420106196311151754,武昌区公安局武昌区分局,1981.11.10-1991.11.08,星火基地普惠金融,898138.48,36,购房首付,等额本金
IMG_01078,loan_0782/face_signing.jpg,LN2024000782,SG_162,1,C,马明,男,汉族,1980-04-23,湖北省武汉市武昌区 枫林晚居 17栋2单元1162室,420106198004236474,武昌区公安局武昌区分局,1998.04.19-2008.04.16,潘多拉普惠金融,653419.67,36,二手房交易,按月付息，到期还本
IMG_01079,loan_0783/face_signing.jpg,LN2024000783,SG_163,1,C,胡慧,女,满族,2008-06-04,湖北省武汉市江岸区 威尼斯水城 13栋3单元1558室,420102200806045383,江岸区公安局江岸区分局,2026.05.31-2036.05.28,阿卡姆消费金融,246523.85,60,房屋装修,等额本金
IMG_01080,loan_0784/face_signing.jpg,LN2024000784,SG_164,1,C,孙平,男,汉族,1971-12-24,四川省成都市武侯区 御景半岛 12栋4单元1052室,510107197112249954,武侯区公安局武侯区分局,1989.12.19-1999.12.17,霍格沃茨魔法银行,897115.28,360,二手房交易,按月付息，到期还本
IMG_01081,loan_0785/face_signing.jpg,LN2024000785,SG_165,1,C,高建国,男,汉族,1972-07-19,四川省成都市锦江区 锦绣华庭 3栋2单元2417室,510104197207192656,锦江区公安局锦江区分局,1990.07.15-2000.07.12,星火基地普惠金融,602192.78,240,购房首付,等额本息
IMG_01082,loan_0786/face_signing.jpg,LN2024000786,SG_166,1,C,孙宇,女,汉族,1979-06-30,陕西省西安市雁塔区 枫林晚居 10栋3单元2019室,610113197906306229,雁塔区公安局雁塔区分局,1997.06.25-2007.06.23,阿卡姆消费金融,3007991.82,120,企业流动资金,等额本息
IMG_01083,loan_0787/face_signing.jpg,LN2024000787,SG_167,1,C,王宇,男,汉族,1991-07-17,陕西省西安市新城区 枫林晚居 6栋3单元1461室,610102199107170038,新城区公安局新城区分局,2009.07.12-2019.07.10,星火基地普惠金融,2052358.99,360,二手房交易,等额本息
IMG_01084,loan_0788/face_signing.jpg,LN2024000788,SG_168,1,C,吴宇,男,土家族,1969-12-03,四川省成都市武侯区 融创壹号院 1栋4单元1452室,510107196912030657,武侯区公安局武侯区分局,1987.11.29-1997.11.26,九又四分之三信贷中心,227005.28,36,房屋装修,等额本金
IMG_01085,loan_0789/face_signing.jpg,LN2024000789,SG_169,1,C,吴勇,男,苗族,1961-12-05,江苏省南京市鼓楼区 碧水云天 4栋1单元431室,32010619611205769X,鼓楼区公安局鼓楼区分局,1979.12.01-1989.11.28,昆仑数字科技有限公司,1837990.22,240,二手房交易,等额本金
IMG_01086,loan_0790/face_signing.jpg,LN2024000790,SG_170,1,C,黄宇,女,汉族,1973-08-28,四川省成都市锦江区 中央公园 15栋5单元956室,510104197308282087,锦江区公安局锦江区分局,1991.08.24-2001.08.21,阿卡姆消费金融,1159493.05,240,购房首付,按月付息，到期还本
IMG_01087,loan_0791/face_signing.jpg,LN2024000791,SG_171,1,C,胡子涵,男,汉族,1974-02-23,北京市北京市朝阳区 融创壹号院 7栋5单元1351室,110105197402231456,朝阳区公安局朝阳区分局,1992.02.19-2002.02.16,九又四分之三信贷中心,745039.74,24,扩大生产,等额本金
IMG_01088,loan_0792/face_signing.jpg,LN2024000792,SG_172,1,C,李建国,男,壮族,1980-09-16,河南省郑州市金水区 阳光100 19栋4单元2212室,410105198009161995,金水区公安局金水区分局,1998.09.12-2008.09.09,琅琊商业银行,728408.4,60,购房首付,等额本金
IMG_01089,loan_0793/face_signing.jpg,LN2024000793,SG_173,1,C,黄平,男,汉族,1976-01-08,福建省福州市鼓楼区 碧水云天 14栋4单元1056室,350102197601081599,鼓楼区公安局鼓楼区分局,1994.01.03-2004.01.01,赛博城消费金融有限公司,4777979.91,240,二手房交易,等额本息
IMG_01090,loan_0794/face_signing.jpg,LN2024000794,SG_174,1,C,马浩,女,壮族,2002-11-28,上海市上海市黄浦区 绿地新江湾 19栋2单元383室,310101200211288747,黄浦区公安局黄浦区分局,2020.11.23-2030.11.21,阿卡姆消费金融,126311.77,6,购买燃油车,一次性还本付息
IMG_01091,loan_0795/face_signing.jpg,LN2024000795,SG_175,1,C,杨晨,女,汉族,2001-01-08,福建省厦门市思明区 普罗旺斯 20栋6单元603室,350203200101081900,思明区公安局思明区分局,2019.01.04-2029.01.01,瓦坎达信贷中心,3296579.05,120,企业流动资金,按月付息，到期还本
IMG_01092,loan_0796/face_signing.jpg,LN2024000796,SG_176,1,C,朱梓轩,男,汉族,1960-10-09,天津市天津市和平区 威尼斯水城 8栋5单元2450室,120101196010091759,和平区公安局和平区分局,1978.10.05-1988.10.02,琅琊商业银行,125857.99,12,购买燃油车,按月付息，到期还本
IMG_01093,loan_0797/face_signing.jpg,LN2024000797,SG_177,1,C,马磊,男,壮族,1965-02-18,山东省青岛市崂山区 威尼斯水城 19栋3单元2146室,370212196502184696,崂山区公安局崂山区分局,1983.02.14-1993.02.11,赛博城消费金融有限公司,344244.15,24,购房首付,按月付息，到期还本
IMG_01094,loan_0798/face_signing.jpg,LN2024000798,SG_178,1,C,高敏,女,汉族,2005-05-12,湖南省长沙市芙蓉区 普罗旺斯 20栋1单元1163室,430102200505124442,芙蓉区公安局芙蓉区分局,2023.05.08-2033.05.05,木叶村消费金融,130926.93,3,婚庆,一次性还本付息
IMG_01095,loan_0799/face_signing.jpg,LN2024000799,SG_179,1,C,杨平,女,汉族,1989-01-25,湖南省长沙市芙蓉区 翠湖雅苑 16栋2单元1956室,430102198901259568,芙蓉区公安局芙蓉区分局,2007.01.21-2017.01.18,艾泽拉斯数字科技,190780.92,6,房屋装修,一次性还本付息
IMG_01096,loan_0800/face_signing.jpg,LN2024000800,SG_180,1,C,赵华,男,汉族,1980-12-22,北京市北京市朝阳区 龙腾盛世 15栋4单元1015室,110105198012221572,朝阳区公安局朝阳区分局,1998.12.18-2008.12.15,琅琊商业银行,4274000.71,120,购房首付,等额本息
IMG_01097,loan_0801/face_signing.jpg,LN2024000801,SG_181,1,C,何杰,男,汉族,1988-06-30,重庆市重庆市渝中区 威尼斯水城 9栋1单元894室,500103198806306738,渝中区公安局渝中区分局,2006.06.26-2016.06.23,昆仑数字科技有限公司,491624.91,60,二手房交易,按月付息，到期还本
IMG_01098,loan_0802/face_signing.jpg,LN2024000802,SG_182,1,C,胡娟,女,汉族,1983-03-08,江苏省南京市玄武区 枫林晚居 1栋6单元1934室,320102198303086606,玄武区公安局玄武区分局,2001.03.03-2011.03.01,霍格沃茨魔法银行,521385.65,60,企业流动资金,等额本金
IMG_01099,loan_0803/face_signing.jpg,LN2024000803,SG_183,1,C,孙子涵,女,汉族,1967-04-03,贵州省贵阳市云岩区 绿地新江湾 1栋2单元1418室,520103196704035345,云岩区公安局云岩区分局,1985.03.29-1995.03.27,瓦坎达信贷中心,724355.24,24,扩大生产,等额本金
IMG_01100,loan_0804/face_signing.jpg,LN2024000804,SG_184,1,C,赵建,男,回族,1961-09-26,广东省深圳市福田区 融创壹号院 15栋3单元983室,440304196109266138,福田区公安局福田区分局,1979.09.22-1989.09.19,九又四分之三信贷中心,73329.22,12,婚庆,按月付息，到期还本
IMG_01101,loan_0805/face_signing.jpg,LN2024000805,SG_185,1,C,刘娜,女,汉族,1979-03-28,福建省厦门市思明区 悦海名邸 12栋6单元1941室,35020319790328318X,思明区公安局思明区分局,1997.03.23-2007.03.21,昆仑数字科技有限公司,2641183.85,120,企业流动资金,等额本金
IMG_01102,loan_0806/face_signing.jpg,LN2024000806,SG_186,1,C,黄子涵,女,汉族,1961-06-07,北京市北京市朝阳区 枫林晚居 7栋1单元761室,110105196106071481,朝阳区公安局朝阳区分局,1979.06.03-1989.05.31,瓦坎达信贷中心,4528652.63,360,购房首付,等额本息
IMG_01103,loan_0807/face_signing.jpg,LN2024000807,SG_187,1,C,朱子涵,男,汉族,1985-12-18,山东省济南市历下区 普罗旺斯 13栋5单元1041室,370102198512186071,历下区公安局历下区分局,2003.12.14-2013.12.11,木叶村消费金融,1964071.41,120,购房首付,等额本息
IMG_01104,loan_0808/face_signing.jpg,LN2024000808,SG_188,1,C,林娜,女,汉族,2004-10-31,广东省广州市荔湾区 锦绣家园 9栋2单元2120室,440103200410316642,荔湾区公安局荔湾区分局,2022.10.27-2032.10.24,昆仑数字科技有限公司,944994.2,60,二手房交易,按月付息，到期还本
IMG_01105,loan_0809/face_signing.jpg,LN2024000809,SG_189,1,C,郭明,男,汉族,1961-07-16,江苏省苏州市虎丘区 融创壹号院 18栋3单元2500室,320505196107167494,虎丘区公安局虎丘区分局,1979.07.12-1989.07.09,木叶村消费金融,499404.16,60,二手房交易,等额本息
IMG_01106,loan_0810/face_signing.jpg,LN2024000810,SG_190,1,C,林浩,男,汉族,1977-05-12,河南省郑州市金水区 枫林晚居 2栋3单元1748室,410105197705120252,金水区公安局金水区分局,1995.05.08-2005.05.05,琅琊商业银行,705697.79,24,二手房交易,等额本息
IMG_01107,loan_0811/face_signing.jpg,LN2024000811,SG_191,1,C,黄建,男,汉族,1964-06-25,湖北省武汉市江岸区 紫金华府 12栋3单元1342室,420102196406256051,江岸区公安局江岸区分局,1982.06.21-1992.06.18,木叶村消费金融,952728.34,60,购房首付,等额本金
IMG_01108,loan_0812/face_signing.jpg,LN2024000812,SG_192,1,C,陈文,女,汉族,2007-05-16,山东省济南市历下区 东方曼哈顿 9栋3单元1855室,370102200705164602,历下区公安局历下区分局,2025.05.11-2035.05.09,赛博城消费金融有限公司,446849.62,24,购房首付,等额本金
IMG_01109,loan_0813/face_signing.jpg,LN2024000813,SG_193,1,C,胡涛,男,汉族,1971-08-24,福建省福州市鼓楼区 枫林晚居 14栋1单元2202室,350102197108244016,鼓楼区公安局鼓楼区分局,1989.08.19-1999.08.17,赛博城消费金融有限公司,152098.57,6,婚庆,一次性还本付息
IMG_01110,loan_0814/face_signing.jpg,LN2024000814,SG_194,1,C,朱勇,男,汉族,2000-08-22,重庆市重庆市渝中区 翠湖雅苑 15栋4单元1863室,500103200008229715,渝中区公安局渝中区分局,2018.08.18-2028.08.15,哥谭市小额贷款中心,188761.04,36,婚庆,等额本息
IMG_01111,loan_0815/face_signing.jpg,LN2024000815,SG_195,1,C,赵敏,女,汉族,1976-11-07,云南省昆明市五华区 锦绣华庭 4栋1单元2388室,530102197611075081,五华区公安局五华区分局,1994.11.03-2004.10.31,艾泽拉斯数字科技,118524.99,12,房屋装修,等额本息
IMG_01112,loan_0816/face_signing.jpg,LN2024000816,SG_196,1,C,高强,男,汉族,1961-06-01,浙江省杭州市西湖区 御景半岛 4栋6单元2291室,330106196106012593,西湖区公安局西湖区分局,1979.05.28-1989.05.25,夏尔农业信贷,3361380.25,360,二手房交易,按月付息，到期还本
IMG_01113,loan_0817/face_signing.jpg,LN2024000817,SG_197,1,C,何超,男,回族,2008-07-13,湖南省长沙市芙蓉区 普罗旺斯 12栋6单元1653室,430102200807134216,芙蓉区公安局芙蓉区分局,2026.07.09-2036.07.06,星火基地普惠金融,3671237.04,120,二手房交易,按月付息，到期还本
IMG_01114,loan_0818/face_signing.jpg,LN2024000818,SG_198,1,C,徐志强,男,汉族,1996-03-05,江苏省苏州市虎丘区 绿地新江湾 19栋6单元1817室,320505199603052454,虎丘区公安局虎丘区分局,2014.03.01-2024.02.27,潘多拉普惠金融,73995.91,12,购买燃油车,按月付息，到期还本
IMG_01115,loan_0819/face_signing.jpg,LN2024000819,SG_199,1,C,李秀,女,汉族,1972-11-24,上海市上海市浦东新区 融创壹号院 7栋6单元1198室,310115197211242208,浦东新区公安局浦东新区分局,1990.11.20-2000.11.17,哥谭市小额贷款中心,644926.84,60,扩大生产,等额本金
IMG_01116,loan_0820/face_signing.jpg,LN2024000820,SG_200,1,C,李浩,男,汉族,1988-09-16,江苏省无锡市新吴区 悦海名邸 19栋6单元1049室,320214198809161635,新吴区公安局新吴区分局,2006.09.12-2016.09.09,九又四分之三信贷中心,119042.88,12,房屋装修,按月付息，到期还本
IMG_01117,loan_0821/face_signing.jpg,LN2024000821,SG_201,1,C,朱丽,女,汉族,1971-05-05,陕西省西安市雁塔区 融创壹号院 2栋5单元1590室,610113197105050825,雁塔区公安局雁塔区分局,1989.04.30-1999.04.28,星火基地普惠金融,953034.01,60,购房首付,等额本息
IMG_01118,loan_0822/face_signing.jpg,LN2024000822,SG_202,1,C,徐军,男,汉族,1979-08-09,重庆市重庆市渝中区 碧水云天 10栋3单元676室,500103197908095957,渝中区公安局渝中区分局,1997.08.04-2007.08.02,哥谭市小额贷款中心,3033253.61,360,二手房交易,按月付息，到期还本
IMG_01119,loan_0823/face_signing.jpg,LN2024000823,SG_203,1,C,吴平,男,汉族,1975-12-27,天津市天津市和平区 枫林晚居 17栋5单元750室,120101197512272298,和平区公安局和平区分局,1993.12.22-2003.12.20,昆仑数字科技有限公司,874331.5,240,购房首付,等额本金
IMG_01120,loan_0824/face_signing.jpg,LN2024000824,SG_204,1,C,徐子涵,女,汉族,2006-02-13,安徽省合肥市庐阳区 枫林晚居 19栋4单元216室,340103200602135447,庐阳区公安局庐阳区分局,2024.02.09-2034.02.06,九又四分之三信贷中心,809682.49,120,企业流动资金,等额本金
IMG_01121,loan_0825/face_signing.jpg,LN2024000825,SG_205,1,C,杨超,男,汉族,1986-08-17,福建省厦门市思明区 悦海名邸 20栋2单元1415室,350203198608177338,思明区公安局思明区分局,2004.08.12-2014.08.10,霍格沃茨魔法银行,4457611.99,360,二手房交易,等额本息
IMG_01122,loan_0826/face_signing.jpg,LN2024000826,SG_206,1,C,徐宇,女,汉族,1999-07-15,北京市北京市海淀区 东方曼哈顿 2栋3单元521室,11010819990715372X,海淀区公安局海淀区分局,2017.07.10-2027.07.08,夏尔农业信贷,4634718.49,360,二手房交易,等额本金
IMG_01123,loan_0827/face_signing.jpg,LN2024000827,SG_207,1,C,高秀,女,汉族,2002-10-21,湖北省武汉市江岸区 翠湖雅苑 6栋1单元1048室,420102200210216380,江岸区公安局江岸区分局,2020.10.16-2030.10.14,艾泽拉斯数字科技,127798.86,3,购买新能源汽车,一次性还本付息
IMG_01124,loan_0828/face_signing.jpg,LN2024000828,SG_208,1,C,朱芳,女,汉族,1987-01-11,浙江省杭州市西湖区 紫金华府 9栋4单元2487室,330106198701116185,西湖区公安局西湖区分局,2005.01.06-2015.01.04,霍格沃茨魔法银行,2579642.56,240,二手房交易,等额本息
IMG_01125,loan_0829/face_signing.jpg,LN2024000829,SG_209,1,C,郭浩,男,汉族,1989-11-14,天津市天津市东丽区 融创壹号院 1栋3单元1281室,12011019891114741X,东丽区公安局东丽区分局,2007.11.10-2017.11.07,九又四分之三信贷中心,27027.42,12,旅游,按月付息，到期还本
IMG_01126,loan_0830/face_signing.jpg,LN2024000830,SG_210,1,C,王明,男,汉族,1986-10-12,湖北省武汉市江岸区 悦海名邸 1栋2单元1618室,420102198610126712,江岸区公安局江岸区分局,2004.10.07-2014.10.05,木叶村消费金融,367108.88,24,购房首付,等额本金
IMG_01127,loan_0831/face_signing.jpg,LN2024000831,SG_211,1,C,马文,女,汉族,1998-03-24,福建省厦门市思明区 翠湖雅苑 20栋4单元108室,350203199803249389,思明区公安局思明区分局,2016.03.19-2026.03.17,瓦坎达信贷中心,586603.46,36,二手房交易,等额本息
IMG_01128,loan_0832/face_signing.jpg,LN2024000832,SG_212,1,C,黄平,女,汉族,1976-05-07,河南省郑州市金水区 绿地新江湾 6栋6单元1395室,410105197605077322,金水区公安局金水区分局,1994.05.03-2004.04.30,阿卡姆消费金融,2414982.42,360,购房首付,等额本息
IMG_01129,loan_0833/face_signing.jpg,LN2024000833,SG_213,1,C,陈娟,女,汉族,2004-10-17,广东省深圳市福田区 普罗旺斯 13栋1单元346室,440304200410174362,福田区公安局福田区分局,2022.10.13-2032.10.10,昆仑数字科技有限公司,139775.26,6,婚庆,一次性还本付息
IMG_01130,loan_0834/face_signing.jpg,LN2024000834,SG_214,1,C,高婷,女,汉族,1979-07-22,福建省厦门市思明区 御景半岛 17栋3单元2251室,350203197907229762,思明区公安局思明区分局,1997.07.17-2007.07.15,夏尔农业信贷,2531304.07,360,二手房交易,等额本金
IMG_01131,loan_0835/face_signing.jpg,LN2024000835,SG_215,1,C,吴梓轩,女,汉族,1993-04-03,江苏省南京市玄武区 威尼斯水城 10栋1单元1611室,320102199304033025,玄武区公安局玄武区分局,2011.03.30-2021.03.27,霍格沃茨魔法银行,88870.92,6,婚庆,一次性还本付息
IMG_01132,loan_0836/face_signing.jpg,LN2024000836,SG_216,1,C,马丽,女,汉族,1981-06-07,陕西省西安市雁塔区 中央公园 4栋2单元914室,610113198106075981,雁塔区公安局雁塔区分局,1999.06.03-2009.05.31,潘多拉普惠金融,1557005.1,240,购房首付,等额本息
IMG_01133,loan_0837/face_signing.jpg,LN2024000837,SG_217,1,C,张建国,男,汉族,1968-03-05,上海市上海市浦东新区 绿地新江湾 17栋1单元945室,310115196803050555,浦东新区公安局浦东新区分局,1986.03.01-1996.02.27,琅琊商业银行,188683.59,6,购买燃油车,一次性还本付息
IMG_01134,loan_0838/face_signing.jpg,LN2024000838,SG_218,1,C,周建,女,汉族,1985-08-31,湖南省长沙市岳麓区 碧水云天 17栋4单元1072室,430104198508311844,岳麓区公安局岳麓区分局,2003.08.27-2013.08.24,星火基地普惠金融,118137.37,3,购买新能源汽车,先息后本
IMG_01135,loan_0839/face_signing.jpg,LN2024000839,SG_219,1,C,朱燕,女,汉族,2007-03-20,福建省福州市鼓楼区 锦绣华庭 9栋3单元1114室,350102200703208647,鼓楼区公安局鼓楼区分局,2025.03.15-2035.03.13,阿卡姆消费金融,426380.4,24,二手房交易,按月付息，到期还本
IMG_01136,loan_0840/face_signing.jpg,LN2024000840,SG_220,1,C,朱强,男,汉族,1984-02-22,湖北省武汉市江岸区 威尼斯水城 8栋1单元263室,420102198402225214,江岸区公安局江岸区分局,2002.02.17-2012.02.15,夏尔农业信贷,91900.17,60,购买燃油车,按月付息，到期还本
IMG_01137,loan_0841/face_signing.jpg,LN2024000841,SG_221,1,C,高宇,男,汉族,1998-05-23,贵州省贵阳市云岩区 悦海名邸 15栋2单元2039室,520103199805235593,云岩区公安局云岩区分局,2016.05.18-2026.05.16,星火基地普惠金融,104023.07,24,婚庆,等额本息
IMG_01138,loan_0842/face_signing.jpg,LN2024000842,SG_222,1,C,高婷,女,汉族,1993-02-26,江苏省南京市玄武区 中央公园 5栋4单元2241室,32010219930226572X,玄武区公安局玄武区分局,2011.02.22-2021.02.19,赛博城消费金融有限公司,155237.39,24,婚庆,按月付息，到期还本
IMG_01139,loan_0843/face_signing.jpg,LN2024000843,SG_223,1,C,郭超,男,汉族,1969-12-05,福建省厦门市思明区 紫金华府 8栋1单元1880室,350203196912053437,思明区公安局思明区分局,1987.12.01-1997.11.28,阿卡姆消费金融,3965444.89,360,二手房交易,按月付息，到期还本
IMG_01140,loan_0844/face_signing.jpg,LN2024000844,SG_224,1,C,李晨,男,汉族,1986-12-28,广东省广州市天河区 枫林晚居 6栋2单元1471室,440106198612288052,天河区公安局天河区分局,2004.12.23-2014.12.21,阿卡姆消费金融,148052.78,6,房屋装修,一次性还本付息
IMG_01141,loan_0845/face_signing.jpg,LN2024000845,SG_225,1,C,何军,男,汉族,1998-06-23,广东省深圳市福田区 阳光100 14栋5单元523室,440304199806239171,福田区公安局福田区分局,2016.06.18-2026.06.16,昆仑数字科技有限公司,990749.31,36,购房首付,等额本息
IMG_01142,loan_0846/face_signing.jpg,LN2024000846,SG_226,1,C,吴磊,男,汉族,1972-09-19,山东省青岛市崂山区 碧水云天 4栋2单元2397室,370212197209195219,崂山区公安局崂山区分局,1990.09.15-2000.09.12,木叶村消费金融,111839.31,12,房屋装修,等额本息
IMG_01143,loan_0847/face_signing.jpg,LN2024000847,SG_227,1,C,何文,女,汉族,2005-06-23,广东省广州市天河区 阳光100 10栋4单元2504室,440106200506231300,天河区公安局天河区分局,2023.06.19-2033.06.16,提瓦特小额贷款,181805.82,3,婚庆,一次性还本付息
IMG_01144,loan_0848/face_signing.jpg,LN2024000848,SG_228,1,C,陈宇,男,汉族,1988-03-28,北京市北京市朝阳区 融创壹号院 18栋5单元660室,110105198803280755,朝阳区公安局朝阳区分局,2006.03.24-2016.03.21,哥谭市小额贷款中心,4996270.12,120,企业流动资金,等额本息
IMG_01145,loan_0849/face_signing.jpg,LN2024000849,SG_229,1,C,何磊,男,汉族,1996-09-16,湖北省武汉市武昌区 碧水云天 11栋4单元1105室,420106199609164834,武昌区公安局武昌区分局,2014.09.12-2024.09.09,霍格沃茨魔法银行,169714.4,3,购买燃油车,先息后本
IMG_01146,loan_0850/face_signing.jpg,LN2024000850,SG_230,1,C,胡伟,男,汉族,1998-08-15,重庆市重庆市九龙坡区 星河湾畔 19栋6单元1578室,500107199808150116,九龙坡区公安局九龙坡区分局,2016.08.10-2026.08.08,赛博城消费金融有限公司,191711.3,6,房屋装修,先息后本
IMG_01147,loan_0851/face_signing.jpg,LN2024000851,SG_231,1,C,马丽,女,汉族,1963-05-24,北京市北京市海淀区 阳光100 3栋3单元570室,110108196305245383,海淀区公安局海淀区分局,1981.05.19-1991.05.17,提瓦特小额贷款,1619248.94,360,企业流动资金,等额本息
IMG_01148,loan_0852/face_signing.jpg,LN2024000852,SG_232,1,C,黄文,女,汉族,1963-02-09,上海市上海市浦东新区 威尼斯水城 10栋1单元261室,310115196302098403,浦东新区公安局浦东新区分局,1981.02.04-1991.02.02,星火基地普惠金融,73136.69,12,房屋装修,等额本息
IMG_01149,loan_0853/face_signing.jpg,LN2024000853,SG_233,1,C,高梓轩,男,汉族,1977-12-05,云南省昆明市五华区 龙腾盛世 14栋3单元1094室,53010219771205743X,五华区公安局五华区分局,1995.12.01-2005.11.28,新亚特兰蒂斯商业银行,4181539.89,240,购房首付,等额本金
IMG_01150,loan_0854/face_signing.jpg,LN2024000854,SG_234,1,C,周浩,女,汉族,1976-03-02,河南省郑州市金水区 威尼斯水城 3栋6单元1201室,41010519760302346X,金水区公安局金水区分局,1994.02.26-2004.02.24,夏尔农业信贷,843603.86,36,扩大生产,按月付息，到期还本
IMG_01151,loan_0855/face_signing.jpg,LN2024000855,SG_235,1,C,徐宇,女,壮族,1977-10-18,江西省南昌市东湖区 锦绣华庭 3栋6单元1126室,360102197710186949,东湖区公安局东湖区分局,1995.10.14-2005.10.11,赛博城消费金融有限公司,61379.87,6,购买新能源汽车,先息后本
IMG_01152,loan_0856/face_signing.jpg,LN2024000856,SG_236,1,C,周超,男,汉族,1998-06-16,北京市北京市东城区 锦绣家园 20栋5单元497室,110101199806162876,东城区公安局东城区分局,2016.06.11-2026.06.09,潘多拉普惠金融,180874.85,12,购买新能源汽车,等额本息
IMG_01153,loan_0857/face_signing.jpg,LN2024000857,SG_16,1,T,罗宇,女,汉族,1978-07-11,广东省深圳市福田区 锦绣华庭 17栋1单元1591室,440304197807118807,福田区公安局福田区分局,1996.07.06-2006.07.04,九又四分之三信贷中心,32143.5,3,旅游,一次性还本付息
IMG_01154,loan_0858/face_signing.jpg,LN2024000858,SG_17,1,T,朱涛,男,汉族,1970-07-18,重庆市重庆市九龙坡区 御景半岛 3栋4单元1335室,500107197007182450,九龙坡区公安局九龙坡区分局,1988.07.13-1998.07.11,阿卡姆消费金融,400752.23,36,二手房交易,按月付息，到期还本
IMG_01155,loan_0859/face_signing.jpg,LN2024000859,SG_18,1,T,杨敏,女,汉族,1974-04-20,河南省郑州市金水区 绿地新江湾 12栋1单元2237室,410105197404209800,金水区公安局金水区分局,1992.04.15-2002.04.13,哥谭市小额贷款中心,91342.61,3,婚庆,先息后本
IMG_01156,loan_0860/face_signing.jpg,LN2024000860,SG_19,1,T,马梓轩,女,汉族,1975-05-17,云南省昆明市五华区 御景半岛 11栋4单元441室,53010219750517828X,五华区公安局五华区分局,1993.05.12-2003.05.10,艾泽拉斯数字科技,618248.15,60,购房首付,等额本息
IMG_01157,loan_0861/face_signing.jpg,LN2024000861,SG_20,1,T,李娟,女,汉族,1972-08-12,上海市上海市黄浦区 龙腾盛世 10栋2单元2468室,310101197208128983,黄浦区公安局黄浦区分局,1990.08.08-2000.08.05,星火基地普惠金融,552003.72,60,企业流动资金,按月付息，到期还本
IMG_01158,loan_0862/face_signing.jpg,LN2024000862,SG_21,1,T,周燕,女,汉族,1970-02-08,广东省深圳市南山区 绿地新江湾 1栋5单元2158室,440305197002088520,南山区公安局南山区分局,1988.02.04-1998.02.01,木叶村消费金融,951535.41,60,购房首付,等额本息
IMG_01159,loan_0863/face_signing.jpg,LN2024000863,SG_22,1,T,杨华,女,汉族,1984-08-29,广东省广州市荔湾区 香榭丽舍 13栋5单元2006室,440103198408292960,荔湾区公安局荔湾区分局,2002.08.25-2012.08.22,瓦坎达信贷中心,956177.84,24,购房首付,按月付息，到期还本
IMG_01160,loan_0864/face_signing.jpg,LN2024000864,SG_23,1,T,林燕,女,汉族,1967-12-16,云南省昆明市五华区 御景半岛 8栋6单元2295室,530102196712167749,五华区公安局五华区分局,1985.12.11-1995.12.09,提瓦特小额贷款,18275.11,3,教育进修,先息后本
IMG_01161,loan_0865/face_signing.jpg,LN2024000865,SG_24,1,T,林文,女,汉族,1971-05-16,江苏省苏州市虎丘区 绿地新江湾 2栋4单元1218室,32050519710516362X,虎丘区公安局虎丘区分局,1989.05.11-1999.05.09,艾泽拉斯数字科技,189490.44,3,婚庆,一次性还本付息
IMG_01162,loan_0866/face_signing.jpg,LN2024000866,SG_25,1,T,刘梓轩,男,壮族,2006-03-29,湖南省长沙市岳麓区 中央公园 1栋6单元2304室,430104200603298852,岳麓区公安局岳麓区分局,2024.03.24-2034.03.22,提瓦特小额贷款,177433.99,12,购买燃油车,等额本息
IMG_01163,loan_0867/face_signing.jpg,LN2024000867,SG_26,1,T,李雪,女,汉族,1992-11-09,天津市天津市东丽区 星河湾畔 4栋2单元846室,120110199211099941,东丽区公安局东丽区分局,2010.11.05-2020.11.02,阿卡姆消费金融,4027911.11,120,购房首付,按月付息，到期还本
IMG_01164,loan_0868/face_signing.jpg,LN2024000868,SG_27,1,T,林涛,男,汉族,1980-09-11,山东省青岛市崂山区 香榭丽舍 18栋4单元642室,370212198009111193,崂山区公安局崂山区分局,1998.09.07-2008.09.04,潘多拉普惠金融,541329.22,60,购房首付,按月付息，到期还本
IMG_01165,loan_0869/face_signing.jpg,LN2024000869,SG_28,1,T,郭雪,女,汉族,1979-01-15,北京市北京市东城区 锦绣家园 10栋5单元143室,110101197901157849,东城区公安局东城区分局,1997.01.10-2007.01.08,昆仑数字科技有限公司,961749.82,240,扩大生产,等额本金
IMG_01166,loan_0870/face_signing.jpg,LN2024000870,SG_29,1,T,黄雪,女,汉族,2006-02-04,海南省海口市龙华区 香榭丽舍 16栋5单元1847室,460106200602049246,龙华区公安局龙华区分局,2024.01.31-2034.01.28,阿卡姆消费金融,1023403.93,120,企业流动资金,等额本息
IMG_01167,loan_0871/face_signing.jpg,LN2024000871,SG_30,1,T,孙秀,女,汉族,1970-12-19,山东省青岛市崂山区 枫林晚居 20栋6单元204室,370212197012194220,崂山区公安局崂山区分局,1988.12.14-1998.12.12,提瓦特小额贷款,741693.96,36,扩大生产,等额本金
IMG_01168,loan_0872/face_signing.jpg,LN2024000872,SG_31,1,T,杨磊,男,汉族,1986-11-17,浙江省杭州市西湖区 紫金华府 11栋4单元165室,330106198611176299,西湖区公安局西湖区分局,2004.11.12-2014.11.10,赛博城消费金融有限公司,4360392.12,240,购房首付,等额本金
IMG_01169,loan_0873/face_signing.jpg,LN2024000873,SG_32,1,T,何建国,男,汉族,1969-12-04,新疆维吾尔自治区乌鲁木齐市天山区 锦绣华庭 8栋4单元1153室,65010219691204023X,天山区公安局天山区分局,1987.11.30-1997.11.27,赛博城消费金融有限公司,548706.29,60,购房首付,等额本金
IMG_01170,loan_0874/face_signing.jpg,LN2024000874,SG_33,1,T,胡华,女,汉族,1970-09-29,湖南省长沙市芙蓉区 御景半岛 13栋5单元357室,430102197009295387,芙蓉区公安局芙蓉区分局,1988.09.24-1998.09.22,木叶村消费金融,4069903.98,360,二手房交易,等额本金
IMG_01171,loan_0875/face_signing.jpg,LN2024000875,SG_34,1,T,黄梓轩,女,汉族,1965-05-30,北京市北京市东城区 紫金华府 5栋4单元1010室,110101196505309164,东城区公安局东城区分局,1983.05.26-1993.05.23,潘多拉普惠金融,50315.6,36,购买新能源汽车,等额本金
IMG_01172,loan_0876/face_signing.jpg,LN2024000876,SG_35,1,T,李子涵,女,汉族,1985-02-26,福建省厦门市思明区 普罗旺斯 15栋2单元595室,350203198502269808,思明区公安局思明区分局,2003.02.22-2013.02.19,夏尔农业信贷,611034.88,36,二手房交易,等额本金
IMG_01173,loan_0877/face_signing.jpg,LN2024000877,SG_36,1,T,孙建,男,汉族,1989-07-21,山东省青岛市崂山区 锦绣华庭 10栋3单元1686室,370212198907212412,崂山区公安局崂山区分局,2007.07.17-2017.07.14,霍格沃茨魔法银行,767603.39,36,购房首付,等额本金
IMG_01174,loan_0878/face_signing.jpg,LN2024000878,SG_37,1,T,林杰,男,汉族,1999-11-15,云南省昆明市五华区 锦绣华庭 20栋6单元1874室,530102199911150193,五华区公安局五华区分局,2017.11.10-2027.11.08,阿卡姆消费金融,3924916.9,240,购房首付,按月付息，到期还本
IMG_01175,loan_0879/face_signing.jpg,LN2024000879,SG_38,1,T,黄伟,男,汉族,1981-05-02,新疆维吾尔自治区乌鲁木齐市天山区 翠湖雅苑 8栋3单元930室,650102198105023512,天山区公安局天山区分局,1999.04.28-2009.04.25,哥谭市小额贷款中心,681914.26,240,二手房交易,等额本金
IMG_01176,loan_0880/face_signing.jpg,LN2024000880,SG_39,1,T,郭伟,男,汉族,2004-02-18,重庆市重庆市九龙坡区 东方曼哈顿 17栋6单元1805室,500107200402186499,九龙坡区公安局九龙坡区分局,2022.02.13-2032.02.11,新亚特兰蒂斯商业银行,134100.34,3,房屋装修,一次性还本付息
IMG_01177,loan_0881/face_signing.jpg,LN2024000881,SG_40,1,T,李婷,女,汉族,1966-06-20,四川省成都市武侯区 锦绣华庭 3栋1单元2276室,510107196606208461,武侯区公安局武侯区分局,1984.06.15-1994.06.13,瓦坎达信贷中心,97871.92,6,购买新能源汽车,先息后本
IMG_01178,loan_0882/face_signing.jpg,LN2024000882,SG_41,1,T,吴敏,女,汉族,1960-11-07,安徽省合肥市庐阳区 阳光100 8栋5单元281室,340103196011078445,庐阳区公安局庐阳区分局,1978.11.03-1988.10.31,霍格沃茨魔法银行,82210.93,6,购买新能源汽车,一次性还本付息
IMG_01179,loan_0883/face_signing.jpg,LN2024000883,SG_42,1,T,刘晨,女,汉族,1994-06-07,广东省广州市天河区 御景半岛 14栋5单元2294室,440106199406078403,天河区公安局天河区分局,2012.06.02-2022.05.31,提瓦特小额贷款,573895.06,60,企业流动资金,等额本金
IMG_01180,loan_0884/face_signing.jpg,LN2024000884,SG_43,1,T,李平,女,满族,1975-09-11,新疆维吾尔自治区乌鲁木齐市天山区 普罗旺斯 20栋3单元1902室,650102197509110968,天山区公安局天山区分局,1993.09.06-2003.09.04,琅琊商业银行,73646.75,3,购买新能源汽车,先息后本
IMG_01181,loan_0885/face_signing.jpg,LN2024000885,SG_44,1,T,李晨,女,彝族,1983-06-25,广东省广州市天河区 融创壹号院 10栋5单元1390室,440106198306255500,天河区公安局天河区分局,2001.06.20-2011.06.18,提瓦特小额贷款,854479.08,36,企业流动资金,按月付息，到期还本
IMG_01182,loan_0886/face_signing.jpg,LN2024000886,SG_45,1,T,马华,男,汉族,1979-08-29,四川省成都市锦江区 枫林晚居 11栋4单元1470室,510104197908294276,锦江区公安局锦江区分局,1997.08.24-2007.08.22,昆仑数字科技有限公司,2236471.73,240,企业流动资金,按月付息，到期还本
IMG_01183,loan_0887/face_signing.jpg,LN2024000887,SG_46,1,T,高磊,男,彝族,1991-09-15,山东省济南市历下区 锦绣家园 18栋2单元187室,370102199109152597,历下区公安局历下区分局,2009.09.10-2019.09.08,九又四分之三信贷中心,2119176.59,240,企业流动资金,等额本金
IMG_01184,loan_0888/face_signing.jpg,LN2024000888,SG_47,1,T,吴平,女,汉族,1984-07-30,江苏省南京市鼓楼区 碧水云天 9栋6单元797室,320106198407300529,鼓楼区公安局鼓楼区分局,2002.07.26-2012.07.23,夏尔农业信贷,117580.09,36,购买燃油车,等额本息
IMG_01185,loan_0889/face_signing.jpg,LN2024000889,SG_48,1,T,孙明,男,汉族,2002-05-02,浙江省宁波市海曙区 翠湖雅苑 3栋5单元1395室,330203200205022653,海曙区公安局海曙区分局,2020.04.27-2030.04.25,琅琊商业银行,225673.73,60,婚庆,等额本息
IMG_01186,loan_0890/face_signing.jpg,LN2024000890,SG_49,1,T,何磊,男,汉族,1964-09-23,广东省深圳市福田区 悦海名邸 13栋6单元1816室,440304196409234613,福田区公安局福田区分局,1982.09.19-1992.09.16,夏尔农业信贷,54293.66,60,房屋装修,等额本息
IMG_01187,loan_0891/face_signing.jpg,LN2024000891,SG_50,1,T,林文,女,汉族,1977-05-02,江西省南昌市东湖区 威尼斯水城 7栋4单元1063室,360102197705024005,东湖区公安局东湖区分局,1995.04.28-2005.04.25,赛博城消费金融有限公司,230850.38,36,房屋装修,等额本息
IMG_01188,loan_0892/face_signing.jpg,LN2024000892,SG_51,1,T,徐文,女,汉族,1994-12-08,江苏省苏州市虎丘区 香榭丽舍 20栋4单元641室,320505199412087961,虎丘区公安局虎丘区分局,2012.12.03-2022.12.01,艾泽拉斯数字科技,121135.84,3,婚庆,先息后本
IMG_01189,loan_0893/face_signing.jpg,LN2024000893,SG_52,1,T,李志强,男,汉族,1983-05-24,新疆维吾尔自治区乌鲁木齐市天山区 碧水云天 3栋1单元110室,650102198305245136,天山区公安局天山区分局,2001.05.19-2011.05.17,阿卡姆消费金融,90243.95,6,房屋装修,一次性还本付息
IMG_01190,loan_0894/face_signing.jpg,LN2024000894,SG_53,1,T,孙晨,男,汉族,1970-01-06,浙江省杭州市上城区 悦海名邸 9栋3单元2037室,330102197001067036,上城区公安局上城区分局,1988.01.02-1997.12.30,琅琊商业银行,4516026.04,240,企业流动资金,等额本息
IMG_01191,loan_0895/face_signing.jpg,LN2024000895,SG_54,1,T,胡梓轩,男,汉族,1984-11-19,北京市北京市朝阳区 枫林晚居 20栋4单元1871室,110105198411195818,朝阳区公安局朝阳区分局,2002.11.15-2012.11.12,木叶村消费金融,2185529.39,240,购房首付,按月付息，到期还本
IMG_01192,loan_0896/face_signing.jpg,LN2024000896,SG_55,1,T,马宇,男,汉族,1990-01-19,江苏省苏州市虎丘区 悦海名邸 9栋5单元2329室,320505199001197779,虎丘区公安局虎丘区分局,2008.01.15-2018.01.12,新亚特兰蒂斯商业银行,97261.91,6,婚庆,一次性还本付息
IMG_01193,loan_0897/face_signing.jpg,LN2024000897,SG_56,1,T,高杰,男,汉族,1989-06-08,新疆维吾尔自治区乌鲁木齐市天山区 普罗旺斯 17栋3单元1747室,650102198906081253,天山区公安局天山区分局,2007.06.04-2017.06.01,昆仑数字科技有限公司,930264.75,24,二手房交易,等额本金
IMG_01194,loan_0898/face_signing.jpg,LN2024000898,SG_57,1,T,朱强,男,汉族,1976-01-02,广东省广州市天河区 枫林晚居 1栋5单元473室,44010619760102505X,天河区公安局天河区分局,1993.12.28-2003.12.26,夏尔农业信贷,888364.39,36,扩大生产,按月付息，到期还本
IMG_01195,loan_0899/face_signing.jpg,LN2024000899,SG_58,1,T,胡佳,女,汉族,1973-12-22,贵州省贵阳市云岩区 东方曼哈顿 15栋4单元1142室,520103197312226403,云岩区公安局云岩区分局,1991.12.18-2001.12.15,赛博城消费金融有限公司,125429.32,12,购买新能源汽车,按月付息，到期还本
IMG_01196,loan_0900/face_signing.jpg,LN2024000900,SG_59,1,T,林燕,女,汉族,1967-07-27,湖南省长沙市芙蓉区 锦绣家园 19栋3单元926室,430102196707279881,芙蓉区公安局芙蓉区分局,1985.07.22-1995.07.20,琅琊商业银行,263227.94,60,房屋装修,等额本息
IMG_01197,loan_0901/face_signing.jpg,LN2024000901,SG_60,1,T,郭勇,男,汉族,1983-11-19,新疆维吾尔自治区乌鲁木齐市天山区 枫林晚居 14栋1单元1703室,650102198311198110,天山区公安局天山区分局,2001.11.14-2011.11.12,星火基地普惠金融,172747.92,3,房屋装修,先息后本
IMG_01198,loan_0902/face_signing.jpg,LN2024000902,SG_61,1,T,何秀,女,汉族,2006-10-05,天津市天津市和平区 威尼斯水城 2栋2单元818室,12010120061005132X,和平区公安局和平区分局,2024.09.30-2034.09.28,霍格沃茨魔法银行,171906.42,3,购买新能源汽车,先息后本
IMG_01199,loan_0903/face_signing.jpg,LN2024000903,SG_62,1,T,张建,女,汉族,1963-01-04,陕西省西安市雁塔区 星河湾畔 5栋1单元1960室,610113196301041964,雁塔区公安局雁塔区分局,1980.12.30-1990.12.28,哥谭市小额贷款中心,390414.88,24,二手房交易,按月付息，到期还本
IMG_01200,loan_0904/face_signing.jpg,LN2024000904,SG_63,1,T,郭子涵,女,苗族,1970-02-05,浙江省杭州市上城区 绿地新江湾 8栋3单元335室,330102197002050826,上城区公安局上城区分局,1988.02.01-1998.01.29,提瓦特小额贷款,132817.25,12,购买新能源汽车,等额本金
IMG_01201,loan_0905/face_signing.jpg,LN2024000905,SG_64,1,T,徐平,男,汉族,1973-11-01,上海市上海市黄浦区 悦海名邸 6栋1单元2303室,310101197311016832,黄浦区公安局黄浦区分局,1991.10.28-2001.10.25,新亚特兰蒂斯商业银行,69907.56,6,购买燃油车,一次性还本付息
IMG_01202,loan_0906/face_signing.jpg,LN2024000906,SG_65,1,T,张平,女,回族,1983-07-14,江苏省苏州市虎丘区 星河湾畔 17栋3单元2267室,320505198307143146,虎丘区公安局虎丘区分局,2001.07.09-2011.07.07,夏尔农业信贷,84396.76,6,婚庆,一次性还本付息
IMG_01203,loan_0907/face_signing.jpg,LN2024000907,SG_66,1,T,周建国,男,汉族,1981-02-10,福建省福州市鼓楼区 悦海名邸 4栋3单元868室,350102198102105378,鼓楼区公安局鼓楼区分局,1999.02.06-2009.02.03,星火基地普惠金融,918548.25,24,扩大生产,等额本息
IMG_01204,loan_0908/face_signing.jpg,LN2024000908,SG_67,1,T,刘华,男,汉族,2006-05-08,贵州省贵阳市云岩区 悦海名邸 5栋1单元1858室,520103200605088336,云岩区公安局云岩区分局,2024.05.03-2034.05.01,木叶村消费金融,57763.22,12,购买燃油车,等额本金
IMG_01205,loan_0909/face_signing.jpg,LN2024000909,SG_68,1,T,朱伟,男,汉族,2002-10-27,湖南省长沙市芙蓉区 融创壹号院 12栋3单元139室,43010220021027139X,芙蓉区公安局芙蓉区分局,2020.10.22-2030.10.20,霍格沃茨魔法银行,591510.73,120,企业流动资金,等额本金
IMG_01206,loan_0910/face_signing.jpg,LN2024000910,SG_69,1,T,杨浩,女,汉族,1963-01-01,新疆维吾尔自治区乌鲁木齐市天山区 锦绣华庭 18栋3单元151室,650102196301018084,天山区公安局天山区分局,1980.12.27-1990.12.25,瓦坎达信贷中心,3928238.07,120,企业流动资金,按月付息，到期还本
IMG_01207,loan_0911/face_signing.jpg,LN2024000911,SG_70,1,T,李子涵,女,汉族,1996-11-03,江苏省南京市鼓楼区 碧水云天 8栋1单元656室,320106199611030161,鼓楼区公安局鼓楼区分局,2014.10.30-2024.10.27,新亚特兰蒂斯商业银行,12874.05,12,购买家电,按月付息，到期还本
IMG_01208,loan_0912/face_signing.jpg,LN2024000912,SG_71,1,T,周浩,男,汉族,2006-04-15,湖南省长沙市岳麓区 锦绣华庭 18栋4单元1236室,430104200604152951,岳麓区公安局岳麓区分局,2024.04.10-2034.04.08,九又四分之三信贷中心,308721.55,60,扩大生产,等额本息
IMG_01209,loan_0913/face_signing.jpg,LN2024000913,SG_72,1,T,胡佳,女,汉族,1997-01-28,四川省成都市锦江区 锦绣家园 19栋3单元221室,510104199701288628,锦江区公安局锦江区分局,2015.01.24-2025.01.21,木叶村消费金融,68667.41,12,购买新能源汽车,等额本金
IMG_01210,loan_0914/face_signing.jpg,LN2024000914,SG_73,1,T,马静,女,汉族,1971-10-26,天津市天津市东丽区 锦绣华庭 7栋6单元1064室,120110197110269009,东丽区公安局东丽区分局,1989.10.21-1999.10.19,九又四分之三信贷中心,54263.94,12,房屋装修,按月付息，到期还本
IMG_01211,loan_0915/face_signing.jpg,LN2024000915,SG_74,1,T,张超,男,汉族,1990-08-24,重庆市重庆市渝中区 阳光100 13栋6单元1952室,500103199008242172,渝中区公安局渝中区分局,2008.08.19-2018.08.17,夏尔农业信贷,3345061.2,360,二手房交易,等额本金
IMG_01212,loan_0916/face_signing.jpg,LN2024000916,SG_75,1,T,朱涛,男,汉族,2001-01-16,陕西省西安市新城区 龙腾盛世 17栋1单元989室,610102200101167116,新城区公安局新城区分局,2019.01.12-2029.01.09,霍格沃茨魔法银行,14946.54,12,旅游,等额本息
IMG_01213,loan_0917/face_signing.jpg,LN2024000917,SG_76,1,T,徐静,女,汉族,1970-03-13,安徽省合肥市庐阳区 翠湖雅苑 2栋4单元1965室,340103197003137008,庐阳区公安局庐阳区分局,1988.03.08-1998.03.06,九又四分之三信贷中心,2179345.65,240,购房首付,等额本息
IMG_01214,loan_0918/face_signing.jpg,LN2024000918,SG_77,1,T,胡建国,男,汉族,1990-09-29,江西省南昌市东湖区 龙腾盛世 5栋4单元318室,360102199009295935,东湖区公安局东湖区分局,2008.09.24-2018.09.22,哥谭市小额贷款中心,681315.3,24,企业流动资金,等额本金
IMG_01215,loan_0919/face_signing.jpg,LN2024000919,SG_78,1,T,何伟,男,汉族,2000-07-18,广东省广州市天河区 阳光100 12栋2单元1700室,440106200007188475,天河区公安局天河区分局,2018.07.14-2028.07.11,潘多拉普惠金融,1017861.95,360,二手房交易,按月付息，到期还本
IMG_01216,loan_0920/face_signing.jpg,LN2024000920,SG_79,1,T,高宇,男,汉族,1984-02-12,江苏省南京市鼓楼区 绿地新江湾 5栋6单元346室,320106198402121214,鼓楼区公安局鼓楼区分局,2002.02.07-2012.02.05,艾泽拉斯数字科技,54968.05,12,婚庆,等额本金
IMG_01217,loan_0921/face_signing.jpg,LN2024000921,SG_80,1,T,朱浩,男,汉族,1995-04-28,上海市上海市黄浦区 御景半岛 7栋3单元1148室,310101199504280356,黄浦区公安局黄浦区分局,2013.04.23-2023.04.21,赛博城消费金融有限公司,197191.68,12,婚庆,按月付息，到期还本
IMG_01218,loan_0922/face_signing.jpg,LN2024000922,SG_81,1,T,马晨,男,汉族,1974-08-07,浙江省宁波市海曙区 星河湾畔 13栋4单元1185室,330203197408073771,海曙区公安局海曙区分局,1992.08.02-2002.07.31,艾泽拉斯数字科技,3343875.52,240,二手房交易,等额本金
IMG_01219,loan_0923/face_signing.jpg,LN2024000923,SG_82,1,T,周燕,女,汉族,1974-10-29,浙江省宁波市海曙区 锦绣家园 12栋5单元2266室,330203197410293984,海曙区公安局海曙区分局,1992.10.24-2002.10.22,琅琊商业银行,733930.05,60,企业流动资金,等额本息
IMG_01220,loan_0924/face_signing.jpg,LN2024000924,SG_83,1,T,吴晨,女,汉族,1999-11-11,江苏省苏州市虎丘区 绿地新江湾 18栋6单元200室,320505199911111081,虎丘区公安局虎丘区分局,2017.11.06-2027.11.04,艾泽拉斯数字科技,151918.31,3,婚庆,先息后本
IMG_01221,loan_0925/face_signing.jpg,LN2024000925,SG_84,1,T,刘杰,男,汉族,1987-01-20,山东省青岛市崂山区 御景半岛 13栋4单元1526室,370212198701206690,崂山区公安局崂山区分局,2005.01.15-2015.01.13,昆仑数字科技有限公司,1161155.31,120,二手房交易,按月付息，到期还本
IMG_01222,loan_0926/face_signing.jpg,LN2024000926,SG_85,1,T,胡华,女,汉族,1976-06-26,陕西省西安市新城区 中央公园 11栋3单元1925室,610102197606261306,新城区公安局新城区分局,1994.06.22-2004.06.19,九又四分之三信贷中心,134063.51,12,婚庆,按月付息，到期还本
IMG_01223,loan_0927/face_signing.jpg,LN2024000927,SG_86,1,T,张文,男,汉族,1970-05-08,广东省广州市荔湾区 普罗旺斯 17栋3单元110室,440103197005082497,荔湾区公安局荔湾区分局,1988.05.03-1998.05.01,艾泽拉斯数字科技,4878629.64,240,二手房交易,按月付息，到期还本
IMG_01224,loan_0928/face_signing.jpg,LN2024000928,SG_87,1,T,杨建国,男,汉族,1981-09-25,江西省南昌市东湖区 翠湖雅苑 15栋5单元2358室,360102198109258715,东湖区公安局东湖区分局,1999.09.21-2009.09.18,霍格沃茨魔法银行,1778973.15,360,企业流动资金,等额本息
IMG_01225,loan_0929/face_signing.jpg,LN2024000929,SG_88,1,T,高建国,男,汉族,2006-01-02,山东省济南市历下区 枫林晚居 4栋3单元2252室,370102200601021236,历下区公安局历下区分局,2023.12.29-2033.12.26,九又四分之三信贷中心,76843.65,12,购买新能源汽车,按月付息，到期还本
IMG_01226,loan_0930/face_signing.jpg,LN2024000930,SG_89,1,T,赵静,女,汉族,1994-09-25,江苏省苏州市虎丘区 锦绣华庭 14栋6单元1349室,320505199409250684,虎丘区公安局虎丘区分局,2012.09.20-2022.09.18,潘多拉普惠金融,137831.05,12,房屋装修,等额本息
IMG_01227,loan_0931/face_signing.jpg,LN2024000931,SG_90,1,T,张文,女,汉族,1980-05-29,广东省深圳市福田区 龙腾盛世 12栋3单元1511室,440304198005294264,福田区公安局福田区分局,1998.05.25-2008.05.22,哥谭市小额贷款中心,778090.74,24,扩大生产,按月付息，到期还本
IMG_01228,loan_0932/face_signing.jpg,LN2024000932,SG_91,1,T,张伟,男,维吾尔族,1984-06-12,云南省昆明市五华区 龙腾盛世 8栋6单元695室,53010219840612239X,五华区公安局五华区分局,2002.06.08-2012.06.05,夏尔农业信贷,143732.23,3,房屋装修,一次性还本付息
IMG_01229,loan_0933/face_signing.jpg,LN2024000933,SG_92,1,T,李静,女,汉族,1988-11-05,四川省成都市锦江区 阳光100 3栋3单元2145室,510104198811056946,锦江区公安局锦江区分局,2006.11.01-2016.10.29,赛博城消费金融有限公司,759872.16,360,扩大生产,按月付息，到期还本
IMG_01230,loan_0934/face_signing.jpg,LN2024000934,SG_93,1,T,高慧,女,汉族,2001-04-19,湖南省长沙市芙蓉区 悦海名邸 10栋1单元503室,430102200104197261,芙蓉区公安局芙蓉区分局,2019.04.15-2029.04.12,瓦坎达信贷中心,814830.76,60,扩大生产,等额本息
IMG_01231,loan_0935/face_signing.jpg,LN2024000935,SG_94,1,T,李杰,男,汉族,1996-04-24,浙江省杭州市西湖区 紫金华府 5栋3单元358室,330106199604249757,西湖区公安局西湖区分局,2014.04.20-2024.04.17,瓦坎达信贷中心,895113.29,60,企业流动资金,按月付息，到期还本
IMG_01232,loan_0936/face_signing.jpg,LN2024000936,SG_95,1,T,林浩,男,汉族,1982-08-04,湖北省武汉市江岸区 东方曼哈顿 20栋4单元2355室,420102198208044516,江岸区公安局江岸区分局,2000.07.30-2010.07.28,霍格沃茨魔法银行,2786880.15,240,二手房交易,按月付息，到期还本
IMG_01233,loan_0937/face_signing.jpg,LN2024000937,SG_96,1,T,朱宇,女,汉族,1987-04-17,贵州省贵阳市云岩区 碧水云天 10栋1单元783室,520103198704178361,云岩区公安局云岩区分局,2005.04.12-2015.04.10,艾泽拉斯数字科技,156981.12,24,购买新能源汽车,等额本金
IMG_01234,loan_0938/face_signing.jpg,LN2024000938,SG_97,1,T,黄华,女,汉族,1977-01-15,湖北省武汉市江岸区 香榭丽舍 12栋6单元523室,420102197701155784,江岸区公安局江岸区分局,1995.01.11-2005.01.08,琅琊商业银行,1793505.97,360,购房首付,等额本金
IMG_01235,loan_0939/face_signing.jpg,LN2024000939,SG_98,1,T,罗浩,女,汉族,2001-12-31,浙江省宁波市海曙区 香榭丽舍 4栋5单元1159室,330203200112318682,海曙区公安局海曙区分局,2019.12.27-2029.12.24,潘多拉普惠金融,858803.08,60,购房首付,等额本息
IMG_01236,loan_0940/face_signing.jpg,LN2024000940,SG_99,1,T,马华,女,彝族,1983-09-04,浙江省杭州市上城区 阳光100 18栋4单元802室,330102198309044986,上城区公安局上城区分局,2001.08.30-2011.08.28,琅琊商业银行,97357.83,60,房屋装修,按月付息，到期还本
IMG_01237,loan_0941/face_signing.jpg,LN2024000941,SG_100,1,T,林建,男,汉族,1960-09-01,福建省福州市鼓楼区 东方曼哈顿 1栋4单元1912室,350102196009016873,鼓楼区公安局鼓楼区分局,1978.08.28-1988.08.25,哥谭市小额贷款中心,838088.02,120,扩大生产,等额本金
IMG_01238,loan_0942/face_signing.jpg,LN2024000942,SG_101,1,T,吴娟,女,汉族,1989-05-07,江苏省南京市玄武区 翠湖雅苑 18栋6单元2257室,320102198905076085,玄武区公安局玄武区分局,2007.05.03-2017.04.30,艾泽拉斯数字科技,51116.34,6,购买燃油车,一次性还本付息
IMG_01239,loan_0943/face_signing.jpg,LN2024000943,SG_102,1,T,胡明,男,汉族,1998-04-17,云南省昆明市五华区 碧水云天 11栋4单元635室,530102199804176216,五华区公安局五华区分局,2016.04.12-2026.04.10,昆仑数字科技有限公司,122300.55,12,购买新能源汽车,等额本息
IMG_01240,loan_0944/face_signing.jpg,LN2024000944,SG_103,1,T,王晨,男,汉族,1992-05-21,陕西省西安市雁塔区 普罗旺斯 3栋1单元2298室,610113199205215278,雁塔区公安局雁塔区分局,2010.05.17-2020.05.14,九又四分之三信贷中心,72132.16,6,房屋装修,一次性还本付息
IMG_01241,loan_0945/face_signing.jpg,LN2024000945,SG_104,1,T,徐慧,女,汉族,1966-11-19,河南省郑州市金水区 碧水云天 13栋2单元334室,410105196611192568,金水区公安局金水区分局,1984.11.14-1994.11.12,潘多拉普惠金融,75788.85,12,购买燃油车,等额本金
IMG_01242,loan_0946/face_signing.jpg,LN2024000946,SG_105,1,T,赵佳,女,汉族,1987-01-15,湖南省长沙市岳麓区 绿地新江湾 16栋1单元2154室,430104198701153665,岳麓区公安局岳麓区分局,2005.01.10-2015.01.08,琅琊商业银行,146325.54,6,购买燃油车,先息后本
IMG_01243,loan_0947/face_signing.jpg,LN2024000947,SG_106,1,T,周丽,女,汉族,2008-04-26,北京市北京市海淀区 碧水云天 7栋1单元1479室,110108200804268829,海淀区公安局海淀区分局,2026.04.22-2036.04.19,木叶村消费金融,15631.57,3,日常消费,先息后本
IMG_01244,loan_0948/face_signing.jpg,LN2024000948,SG_107,1,T,孙婷,女,汉族,1963-08-14,山东省济南市历下区 阳光100 1栋4单元1310室,370102196308140560,历下区公安局历下区分局,1981.08.09-1991.08.07,提瓦特小额贷款,953834.52,360,购房首付,按月付息，到期还本
IMG_01245,loan_0949/face_signing.jpg,LN2024000949,SG_108,1,T,杨磊,男,汉族,2005-03-30,湖北省武汉市江岸区 锦绣华庭 2栋3单元1798室,420102200503300498,江岸区公安局江岸区分局,2023.03.26-2033.03.23,琅琊商业银行,912497.84,60,二手房交易,等额本金
IMG_01246,loan_0950/face_signing.jpg,LN2024000950,SG_109,1,T,孙文,女,汉族,1967-01-23,陕西省西安市雁塔区 碧水云天 2栋4单元2404室,61011319670123858X,雁塔区公安局雁塔区分局,1985.01.18-1995.01.16,夏尔农业信贷,975713.56,120,购房首付,等额本息
IMG_01247,loan_0951/face_signing.jpg,LN2024000951,SG_110,1,T,杨浩,女,汉族,1988-02-11,广东省深圳市南山区 紫金华府 17栋5单元1063室,440305198802115544,南山区公安局南山区分局,2006.02.06-2016.02.04,霍格沃茨魔法银行,2277845.58,360,二手房交易,等额本金
IMG_01248,loan_0952/face_signing.jpg,LN2024000952,SG_111,1,T,周静,女,汉族,1966-08-06,天津市天津市和平区 香榭丽舍 13栋2单元1731室,120101196608065846,和平区公安局和平区分局,1984.08.01-1994.07.30,星火基地普惠金融,55073.01,36,婚庆,等额本金
IMG_01249,loan_0953/face_signing.jpg,LN2024000953,SG_112,1,T,吴勇,男,汉族,1995-05-11,江苏省苏州市虎丘区 御景半岛 3栋3单元1821室,320505199505114471,虎丘区公安局虎丘区分局,2013.05.06-2023.05.04,潘多拉普惠金融,1003571.68,120,二手房交易,等额本金
IMG_01250,loan_0954/face_signing.jpg,LN2024000954,SG_113,1,T,赵子涵,女,汉族,1982-02-02,海南省海口市龙华区 悦海名邸 11栋2单元2213室,46010619820202316X,龙华区公安局龙华区分局,2000.01.29-2010.01.26,九又四分之三信贷中心,930906.69,24,购房首付,等额本金
IMG_01251,loan_0955/face_signing.jpg,LN2024000955,SG_114,1,T,黄子涵,女,汉族,1985-12-26,北京市北京市海淀区 威尼斯水城 11栋4单元1560室,110108198512264260,海淀区公安局海淀区分局,2003.12.22-2013.12.19,九又四分之三信贷中心,133016.09,12,购买新能源汽车,等额本息
IMG_01252,loan_0956/face_signing.jpg,LN2024000956,SG_115,1,T,王宇,男,汉族,1995-02-06,上海市上海市浦东新区 东方曼哈顿 2栋5单元599室,310115199502069395,浦东新区公安局浦东新区分局,2013.02.01-2023.01.30,夏尔农业信贷,73688.73,6,房屋装修,先息后本
IMG_01253,loan_0957/face_signing.jpg,LN2024000957,SG_116,1,T,赵梓轩,女,汉族,1970-07-11,四川省成都市锦江区 御景半岛 13栋5单元645室,510104197007117125,锦江区公安局锦江区分局,1988.07.06-1998.07.04,哥谭市小额贷款中心,125497.7,3,购买新能源汽车,一次性还本付息
IMG_01254,loan_0958/face_signing.jpg,LN2024000958,SG_117,1,T,高平,男,汉族,1988-10-04,上海市上海市浦东新区 普罗旺斯 12栋4单元1898室,310115198810042632,浦东新区公安局浦东新区分局,2006.09.30-2016.09.27,琅琊商业银行,4133633.41,120,二手房交易,等额本息
IMG_01255,loan_0959/face_signing.jpg,LN2024000959,SG_118,1,T,林宇,男,汉族,1966-04-29,福建省厦门市思明区 龙腾盛世 12栋3单元465室,350203196604290094,思明区公安局思明区分局,1984.04.24-1994.04.22,夏尔农业信贷,4737608.32,360,购房首付,等额本息
IMG_01256,loan_0960/face_signing.jpg,LN2024000960,SG_119,1,T,赵子涵,男,汉族,1970-05-24,北京市北京市朝阳区 锦绣华庭 12栋5单元1906室,110105197005247913,朝阳区公安局朝阳区分局,1988.05.19-1998.05.17,霍格沃茨魔法银行,1180268.52,120,企业流动资金,等额本息
IMG_01257,loan_0961/face_signing.jpg,LN2024000961,SG_120,1,T,高娜,女,汉族,1995-02-01,广东省深圳市南山区 御景半岛 8栋2单元1242室,440305199502018368,南山区公安局南山区分局,2013.01.27-2023.01.25,琅琊商业银行,597013.17,60,二手房交易,等额本息
IMG_01258,loan_0962/face_signing.jpg,LN2024000962,SG_121,1,T,周磊,男,汉族,1968-09-05,河南省郑州市金水区 锦绣家园 3栋1单元1595室,410105196809053379,金水区公安局金水区分局,1986.09.01-1996.08.29,潘多拉普惠金融,3474906.5,120,购房首付,按月付息，到期还本
IMG_01259,loan_0963/face_signing.jpg,LN2024000963,SG_122,1,T,马超,男,汉族,1963-08-04,广东省广州市天河区 锦绣华庭 20栋1单元901室,440106196308049170,天河区公安局天河区分局,1981.07.30-1991.07.28,昆仑数字科技有限公司,71446.84,24,购买新能源汽车,按月付息，到期还本
IMG_01260,loan_0964/face_signing.jpg,LN2024000964,SG_123,1,T,马梓轩,女,汉族,1974-02-03,江苏省南京市玄武区 龙腾盛世 15栋5单元195室,32010219740203230X,玄武区公安局玄武区分局,1992.01.30-2002.01.27,木叶村消费金融,2279628.98,240,二手房交易,等额本金
IMG_01261,loan_0965/face_signing.jpg,LN2024000965,SG_124,1,T,孙文,女,汉族,1974-02-17,广东省广州市天河区 御景半岛 11栋3单元269室,440106197402177923,天河区公安局天河区分局,1992.02.13-2002.02.10,阿卡姆消费金融,702492.71,60,企业流动资金,等额本金
IMG_01262,loan_0966/face_signing.jpg,LN2024000966,SG_125,1,T,周晨,女,汉族,1999-09-08,天津市天津市和平区 阳光100 12栋2单元790室,120101199909086388,和平区公安局和平区分局,2017.09.03-2027.09.01,哥谭市小额贷款中心,23582.93,3,日常消费,一次性还本付息
IMG_01263,loan_0967/face_signing.jpg,LN2024000967,SG_126,1,T,胡宇,男,汉族,1985-06-09,上海市上海市黄浦区 星河湾畔 17栋5单元1525室,310101198506092311,黄浦区公安局黄浦区分局,2003.06.05-2013.06.02,九又四分之三信贷中心,524644.75,36,二手房交易,等额本息
IMG_01264,loan_0968/face_signing.jpg,LN2024000968,SG_127,1,T,陈晨,女,汉族,2005-07-06,江苏省南京市鼓楼区 香榭丽舍 14栋3单元490室,32010620050706974X,鼓楼区公安局鼓楼区分局,2023.07.02-2033.06.29,夏尔农业信贷,3007414.32,240,二手房交易,等额本金
IMG_01265,loan_0969/face_signing.jpg,LN2024000969,SG_128,1,T,李勇,男,汉族,1997-08-09,北京市北京市东城区 碧水云天 10栋2单元785室,110101199708099252,东城区公安局东城区分局,2015.08.05-2025.08.02,艾泽拉斯数字科技,170664.87,3,房屋装修,一次性还本付息
IMG_01266,loan_0970/face_signing.jpg,LN2024000970,SG_129,1,T,高建,女,汉族,2003-12-01,天津市天津市和平区 锦绣家园 9栋6单元997室,120101200312014184,和平区公安局和平区分局,2021.11.26-2031.11.24,艾泽拉斯数字科技,973483.43,360,扩大生产,等额本息
IMG_01267,loan_0971/face_signing.jpg,LN2024000971,SG_130,1,T,朱婷,女,汉族,1997-11-10,山东省济南市历下区 香榭丽舍 10栋1单元1714室,37010219971110626X,历下区公安局历下区分局,2015.11.06-2025.11.03,新亚特兰蒂斯商业银行,1733560.68,240,企业流动资金,等额本金
IMG_01268,loan_0972/face_signing.jpg,LN2024000972,SG_131,1,T,徐丽,女,汉族,1961-09-13,广东省深圳市南山区 锦绣家园 4栋4单元1832室,440305196109133307,南山区公安局南山区分局,1979.09.09-1989.09.06,霍格沃茨魔法银行,2874375.98,360,二手房交易,按月付息，到期还本
IMG_01269,loan_0973/face_signing.jpg,LN2024000973,SG_132,1,T,高建,女,汉族,1968-10-26,北京市北京市朝阳区 锦绣家园 6栋3单元393室,110105196810265001,朝阳区公安局朝阳区分局,1986.10.22-1996.10.19,昆仑数字科技有限公司,563385.42,120,扩大生产,等额本金
IMG_01270,loan_0974/face_signing.jpg,LN2024000974,SG_133,1,T,徐婷,女,汉族,2006-03-27,湖北省武汉市武昌区 绿地新江湾 19栋2单元279室,420106200603275889,武昌区公安局武昌区分局,2024.03.22-2034.03.20,昆仑数字科技有限公司,46239.06,3,旅游,一次性还本付息
IMG_01271,loan_0975/face_signing.jpg,LN2024000975,SG_134,1,T,李梓轩,女,汉族,1978-05-14,广东省广州市天河区 普罗旺斯 7栋3单元885室,440106197805145862,天河区公安局天河区分局,1996.05.09-2006.05.07,哥谭市小额贷款中心,135548.44,3,购买新能源汽车,一次性还本付息
IMG_01272,loan_0976/face_signing.jpg,LN2024000976,SG_135,1,T,吴子涵,女,汉族,2005-12-16,陕西省西安市雁塔区 中央公园 17栋5单元129室,610113200512167988,雁塔区公安局雁塔区分局,2023.12.12-2033.12.09,哥谭市小额贷款中心,2273239.41,240,二手房交易,按月付息，到期还本
IMG_01273,loan_0977/face_signing.jpg,LN2024000977,SG_136,1,T,郭华,女,汉族,1979-12-14,湖北省武汉市江岸区 紫金华府 7栋1单元385室,420102197912144786,江岸区公安局江岸区分局,1997.12.09-2007.12.07,夏尔农业信贷,2609392.76,240,二手房交易,按月付息，到期还本
IMG_01274,loan_0978/face_signing.jpg,LN2024000978,SG_137,1,T,罗梓轩,女,汉族,1989-06-02,四川省成都市锦江区 紫金华府 20栋3单元1660室,510104198906023709,锦江区公安局锦江区分局,2007.05.29-2017.05.26,阿卡姆消费金融,130524.09,12,购买新能源汽车,按月付息，到期还本
IMG_01275,loan_0979/face_signing.jpg,LN2024000979,SG_138,1,T,郭磊,男,汉族,1978-12-08,云南省昆明市五华区 锦绣家园 9栋2单元385室,530102197812088815,五华区公安局五华区分局,1996.12.03-2006.12.01,赛博城消费金融有限公司,305681.85,24,企业流动资金,等额本金
IMG_01276,loan_0980/face_signing.jpg,LN2024000980,SG_139,1,T,王华,女,汉族,1972-05-01,河南省郑州市金水区 中央公园 20栋5单元2419室,410105197205019561,金水区公安局金水区分局,1990.04.27-2000.04.24,潘多拉普惠金融,500192.09,60,二手房交易,按月付息，到期还本
IMG_01277,loan_0981/face_signing.jpg,LN2024000981,SG_140,1,T,林超,男,汉族,1983-08-07,新疆维吾尔自治区乌鲁木齐市天山区 中央公园 16栋2单元1724室,650102198308075937,天山区公安局天山区分局,2001.08.02-2011.07.31,九又四分之三信贷中心,586239.67,24,扩大生产,等额本息
IMG_01278,loan_0982/face_signing.jpg,LN2024000982,SG_141,1,T,何勇,男,汉族,1994-01-10,江西省南昌市东湖区 紫金华府 2栋5单元567室,360102199401100899,东湖区公安局东湖区分局,2012.01.06-2022.01.03,夏尔农业信贷,499123.94,36,扩大生产,等额本息
IMG_01279,loan_0983/face_signing.jpg,LN2024000983,SG_142,1,T,杨文,女,汉族,1963-04-28,江苏省苏州市虎丘区 悦海名邸 3栋2单元1971室,32050519630428274X,虎丘区公安局虎丘区分局,1981.04.23-1991.04.21,艾泽拉斯数字科技,786132.8,24,企业流动资金,等额本金
IMG_01280,loan_0984/face_signing.jpg,LN2024000984,SG_143,1,T,罗佳,女,汉族,1977-11-30,江苏省南京市鼓楼区 御景半岛 6栋4单元1953室,320106197711304669,鼓楼区公安局鼓楼区分局,1995.11.26-2005.11.23,哥谭市小额贷款中心,37754.51,12,日常消费,按月付息，到期还本
IMG_01281,loan_0985/face_signing.jpg,LN2024000985,SG_144,1,T,朱明,男,汉族,1978-12-05,安徽省合肥市庐阳区 绿地新江湾 1栋3单元1572室,340103197812058932,庐阳区公安局庐阳区分局,1996.11.30-2006.11.28,赛博城消费金融有限公司,894525.62,120,企业流动资金,按月付息，到期还本
IMG_01282,loan_0986/face_signing.jpg,LN2024000986,SG_145,1,T,李平,男,汉族,2003-11-29,上海市上海市黄浦区 阳光100 6栋5单元749室,310101200311290991,黄浦区公安局黄浦区分局,2021.11.24-2031.11.22,星火基地普惠金融,1004978.88,240,企业流动资金,等额本金
IMG_01283,loan_0987/face_signing.jpg,LN2024000987,SG_146,1,T,张娟,女,苗族,1978-01-07,上海市上海市黄浦区 绿地新江湾 6栋5单元952室,310101197801070145,黄浦区公安局黄浦区分局,1996.01.03-2005.12.31,九又四分之三信贷中心,788765.58,36,二手房交易,等额本金
IMG_01284,loan_0988/face_signing.jpg,LN2024000988,SG_147,1,T,吴明,男,汉族,1988-04-04,云南省昆明市五华区 碧水云天 18栋6单元1143室,530102198804041333,五华区公安局五华区分局,2006.03.31-2016.03.28,九又四分之三信贷中心,162485.03,12,购买新能源汽车,等额本金
IMG_01285,loan_0989/face_signing.jpg,LN2024000989,SG_148,1,T,郭宇,男,汉族,1980-02-15,新疆维吾尔自治区乌鲁木齐市天山区 翠湖雅苑 9栋1单元2263室,650102198002153955,天山区公安局天山区分局,1998.02.10-2008.02.08,新亚特兰蒂斯商业银行,88733.1,6,房屋装修,一次性还本付息
IMG_01286,loan_0990/face_signing.jpg,LN2024000990,SG_149,1,T,吴浩,女,汉族,1994-01-19,湖北省武汉市江岸区 阳光100 15栋3单元1681室,420102199401198423,江岸区公安局江岸区分局,2012.01.15-2022.01.12,哥谭市小额贷款中心,834866.54,60,二手房交易,按月付息，到期还本
IMG_01287,loan_0991/face_signing.jpg,LN2024000991,SG_150,1,T,王静,女,汉族,1982-03-27,河南省郑州市金水区 香榭丽舍 3栋1单元766室,410105198203275881,金水区公安局金水区分局,2000.03.22-2010.03.20,提瓦特小额贷款,15214.48,3,医疗,先息后本
IMG_01288,loan_0992/face_signing.jpg,LN2024000992,SG_151,1,T,李子涵,男,汉族,1973-10-12,北京市北京市东城区 锦绣家园 12栋6单元2452室,110101197310126856,东城区公安局东城区分局,1991.10.08-2001.10.05,琅琊商业银行,2432552.97,360,企业流动资金,等额本金
IMG_01289,loan_0993/face_signing.jpg,LN2024000993,SG_152,1,T,何平,女,回族,1998-07-24,陕西省西安市新城区 绿地新江湾 19栋2单元2326室,610102199807248123,新城区公安局新城区分局,2016.07.19-2026.07.17,木叶村消费金融,4823176.19,240,企业流动资金,等额本金
IMG_01290,loan_0994/face_signing.jpg,LN2024000994,SG_153,1,T,杨雪,女,汉族,1971-03-06,江苏省南京市鼓楼区 阳光100 1栋6单元1903室,320106197103066222,鼓楼区公安局鼓楼区分局,1989.03.01-1999.02.27,潘多拉普惠金融,2974334.91,240,购房首付,等额本金
IMG_01291,loan_0995/face_signing.jpg,LN2024000995,SG_154,1,T,周浩,男,汉族,2008-03-20,广东省广州市荔湾区 中央公园 11栋3单元1295室,440103200803204334,荔湾区公安局荔湾区分局,2026.03.16-2036.03.13,琅琊商业银行,491749.31,36,购房首付,等额本息
IMG_01292,loan_0996/face_signing.jpg,LN2024000996,SG_155,1,T,林晨,女,汉族,1990-11-12,贵州省贵阳市云岩区 绿地新江湾 19栋5单元1837室,520103199011123725,云岩区公安局云岩区分局,2008.11.07-2018.11.05,星火基地普惠金融,1422140.81,120,二手房交易,按月付息，到期还本
IMG_01293,loan_0997/face_signing.jpg,LN2024000997,SG_156,1,T,郭丽,女,汉族,1974-09-11,浙江省杭州市西湖区 龙腾盛世 1栋5单元2310室,330106197409116765,西湖区公安局西湖区分局,1992.09.06-2002.09.04,星火基地普惠金融,1719808.92,120,企业流动资金,等额本金
IMG_01294,loan_0998/face_signing.jpg,LN2024000998,SG_157,1,T,罗宇,男,汉族,2002-12-17,广东省深圳市福田区 悦海名邸 18栋5单元1542室,440304200212176295,福田区公安局福田区分局,2020.12.12-2030.12.10,赛博城消费金融有限公司,113972.5,6,购买新能源汽车,一次性还本付息
IMG_01295,loan_0999/face_signing.jpg,LN2024000999,SG_158,1,T,胡建国,男,汉族,1980-08-08,重庆市重庆市渝中区 绿地新江湾 19栋5单元2287室,500103198008086072,渝中区公安局渝中区分局,1998.08.04-2008.08.01,艾泽拉斯数字科技,373648.29,36,购房首付,等额本金
IMG_01296,loan_1000/face_signing.jpg,LN2024001000,SG_159,1,T,郭秀,女,汉族,1989-12-21,江苏省苏州市虎丘区 翠湖雅苑 1栋1单元236室,320505198912216905,虎丘区公安局虎丘区分局,2007.12.17-2017.12.14,阿卡姆消费金融,106551.01,24,购买新能源汽车,按月付息，到期还本
IMG_01297,loan_1001/face_signing.jpg,LN2024001001,SG_160,1,T,黄娟,女,汉族,1975-06-15,云南省昆明市五华区 锦绣华庭 2栋3单元174室,530102197506154984,五华区公安局五华区分局,1993.06.10-2003.06.08,瓦坎达信贷中心,354403.01,24,二手房交易,等额本金
IMG_01298,loan_1002/face_signing.jpg,LN2024001002,SG_161,1,T,罗晨,男,汉族,1963-11-15,湖北省武汉市武昌区 绿地新江湾 6栋5单元125室,420106196311151754,武昌区公安局武昌区分局,1981.11.10-1991.11.08,哥谭市小额贷款中心,165977.32,12,购买燃油车,按月付息，到期还本
IMG_01299,loan_1003/face_signing.jpg,LN2024001003,SG_162,1,T,马明,男,汉族,1980-04-23,湖北省武汉市武昌区 枫林晚居 17栋2单元1162室,420106198004236474,武昌区公安局武昌区分局,1998.04.19-2008.04.16,艾泽拉斯数字科技,2873429.73,240,企业流动资金,按月付息，到期还本
IMG_01300,loan_1004/face_signing.jpg,LN2024001004,SG_163,1,T,胡慧,女,满族,2008-06-04,湖北省武汉市江岸区 威尼斯水城 13栋3单元1558室,420102200806045383,江岸区公安局江岸区分局,2026.05.31-2036.05.28,瓦坎达信贷中心,2877854.35,360,二手房交易,等额本息
IMG_01301,loan_1005/face_signing.jpg,LN2024001005,SG_164,1,T,孙平,男,汉族,1971-12-24,四川省成都市武侯区 御景半岛 12栋4单元1052室,510107197112249954,武侯区公安局武侯区分局,1989.12.19-1999.12.17,霍格沃茨魔法银行,2032291.7,360,企业流动资金,等额本金
IMG_01302,loan_1006/face_signing.jpg,LN2024001006,SG_165,1,T,高建国,男,汉族,1972-07-19,四川省成都市锦江区 锦绣华庭 3栋2单元2417室,510104197207192656,锦江区公安局锦江区分局,1990.07.15-2000.07.12,琅琊商业银行,581838.68,24,购房首付,等额本金
IMG_01303,loan_1007/face_signing.jpg,LN2024001007,SG_166,1,T,孙宇,女,汉族,1979-06-30,陕西省西安市雁塔区 枫林晚居 10栋3单元2019室,610113197906306229,雁塔区公安局雁塔区分局,1997.06.25-2007.06.23,赛博城消费金融有限公司,172015.56,12,购买燃油车,按月付息，到期还本
IMG_01304,loan_1008/face_signing.jpg,LN2024001008,SG_167,1,T,王宇,男,汉族,1991-07-17,陕西省西安市新城区 枫林晚居 6栋3单元1461室,610102199107170038,新城区公安局新城区分局,2009.07.12-2019.07.10,木叶村消费金融,163575.13,3,房屋装修,先息后本
IMG_01305,loan_1009/face_signing.jpg,LN2024001009,SG_168,1,T,吴宇,男,土家族,1969-12-03,四川省成都市武侯区 融创壹号院 1栋4单元1452室,510107196912030657,武侯区公安局武侯区分局,1987.11.29-1997.11.26,星火基地普惠金融,45783.0,6,购买家电,一次性还本付息
IMG_01306,loan_1010/face_signing.jpg,LN2024001010,SG_169,1,T,吴勇,男,苗族,1961-12-05,江苏省南京市鼓楼区 碧水云天 4栋1单元431室,32010619611205769X,鼓楼区公安局鼓楼区分局,1979.12.01-1989.11.28,霍格沃茨魔法银行,97393.01,3,婚庆,先息后本
IMG_01307,loan_1011/face_signing.jpg,LN2024001011,SG_170,1,T,黄宇,女,汉族,1973-08-28,四川省成都市锦江区 中央公园 15栋5单元956室,510104197308282087,锦江区公安局锦江区分局,1991.08.24-2001.08.21,阿卡姆消费金融,627000.59,24,购房首付,等额本金
IMG_01308,loan_1012/face_signing.jpg,LN2024001012,SG_171,1,T,胡子涵,男,汉族,1974-02-23,北京市北京市朝阳区 融创壹号院 7栋5单元1351室,110105197402231456,朝阳区公安局朝阳区分局,1992.02.19-2002.02.16,新亚特兰蒂斯商业银行,381380.16,60,扩大生产,等额本金
IMG_01309,loan_1013/face_signing.jpg,LN2024001013,SG_172,1,T,李建国,男,壮族,1980-09-16,河南省郑州市金水区 阳光100 19栋4单元2212室,410105198009161995,金水区公安局金水区分局,1998.09.12-2008.09.09,提瓦特小额贷款,616936.37,60,二手房交易,等额本息
IMG_01310,loan_1014/face_signing.jpg,LN2024001014,SG_173,1,T,黄平,男,汉族,1976-01-08,福建省福州市鼓楼区 碧水云天 14栋4单元1056室,350102197601081599,鼓楼区公安局鼓楼区分局,1994.01.03-2004.01.01,瓦坎达信贷中心,25882.38,12,旅游,等额本金
IMG_01311,loan_1015/face_signing.jpg,LN2024001015,SG_174,1,T,马浩,女,壮族,2002-11-28,上海市上海市黄浦区 绿地新江湾 19栋2单元383室,310101200211288747,黄浦区公安局黄浦区分局,2020.11.23-2030.11.21,琅琊商业银行,522535.89,120,企业流动资金,等额本息
IMG_01312,loan_1016/face_signing.jpg,LN2024001016,SG_175,1,T,杨晨,女,汉族,2001-01-08,福建省厦门市思明区 普罗旺斯 20栋6单元603室,350203200101081900,思明区公安局思明区分局,2019.01.04-2029.01.01,艾泽拉斯数字科技,623361.2,60,二手房交易,等额本金
IMG_01313,loan_1017/face_signing.jpg,LN2024001017,SG_176,1,T,朱梓轩,男,汉族,1960-10-09,天津市天津市和平区 威尼斯水城 8栋5单元2450室,120101196010091759,和平区公安局和平区分局,1978.10.05-1988.10.02,霍格沃茨魔法银行,1980526.99,360,二手房交易,等额本息
IMG_01314,loan_1018/face_signing.jpg,LN2024001018,SG_177,1,T,马磊,男,壮族,1965-02-18,山东省青岛市崂山区 威尼斯水城 19栋3单元2146室,370212196502184696,崂山区公安局崂山区分局,1983.02.14-1993.02.11,昆仑数字科技有限公司,243318.07,60,婚庆,等额本金
IMG_01315,loan_1019/face_signing.jpg,LN2024001019,SG_178,1,T,高敏,女,汉族,2005-05-12,湖南省长沙市芙蓉区 普罗旺斯 20栋1单元1163室,430102200505124442,芙蓉区公安局芙蓉区分局,2023.05.08-2033.05.05,新亚特兰蒂斯商业银行,179365.26,6,购买燃油车,一次性还本付息
IMG_01316,loan_1020/face_signing.jpg,LN2024001020,SG_179,1,T,杨平,女,汉族,1989-01-25,湖南省长沙市芙蓉区 翠湖雅苑 16栋2单元1956室,430102198901259568,芙蓉区公安局芙蓉区分局,2007.01.21-2017.01.18,木叶村消费金融,552671.56,60,购房首付,等额本息
IMG_01317,loan_1021/face_signing.jpg,LN2024001021,SG_180,1,T,赵华,男,汉族,1980-12-22,北京市北京市朝阳区 龙腾盛世 15栋4单元1015室,110105198012221572,朝阳区公安局朝阳区分局,1998.12.18-2008.12.15,星火基地普惠金融,598270.81,36,扩大生产,等额本息
IMG_01318,loan_1022/face_signing.jpg,LN2024001022,SG_181,1,T,何杰,男,汉族,1988-06-30,重庆市重庆市渝中区 威尼斯水城 9栋1单元894室,500103198806306738,渝中区公安局渝中区分局,2006.06.26-2016.06.23,阿卡姆消费金融,69451.89,12,婚庆,等额本息
IMG_01319,loan_1023/face_signing.jpg,LN2024001023,SG_182,1,T,胡娟,女,汉族,1983-03-08,江苏省南京市玄武区 枫林晚居 1栋6单元1934室,320102198303086606,玄武区公安局玄武区分局,2001.03.03-2011.03.01,艾泽拉斯数字科技,935992.04,60,购房首付,等额本金
IMG_01320,loan_1024/face_signing.jpg,LN2024001024,SG_183,1,T,孙子涵,女,汉族,1967-04-03,贵州省贵阳市云岩区 绿地新江湾 1栋2单元1418室,520103196704035345,云岩区公安局云岩区分局,1985.03.29-1995.03.27,潘多拉普惠金融,561689.18,36,企业流动资金,按月付息，到期还本
IMG_01321,loan_1025/face_signing.jpg,LN2024001025,SG_184,1,T,赵建,男,回族,1961-09-26,广东省深圳市福田区 融创壹号院 15栋3单元983室,440304196109266138,福田区公安局福田区分局,1979.09.22-1989.09.19,星火基地普惠金融,11306.67,3,日常消费,先息后本
IMG_01322,loan_1026/face_signing.jpg,LN2024001026,SG_185,1,T,刘娜,女,汉族,1979-03-28,福建省厦门市思明区 悦海名邸 12栋6单元1941室,35020319790328318X,思明区公安局思明区分局,1997.03.23-2007.03.21,瓦坎达信贷中心,96434.26,6,购买燃油车,先息后本
IMG_01323,loan_1027/face_signing.jpg,LN2024001027,SG_186,1,T,黄子涵,女,汉族,1961-06-07,北京市北京市朝阳区 枫林晚居 7栋1单元761室,110105196106071481,朝阳区公安局朝阳区分局,1979.06.03-1989.05.31,阿卡姆消费金融,1066062.63,120,二手房交易,等额本息
IMG_01324,loan_1028/face_signing.jpg,LN2024001028,SG_187,1,T,朱子涵,男,汉族,1985-12-18,山东省济南市历下区 普罗旺斯 13栋5单元1041室,370102198512186071,历下区公安局历下区分局,2003.12.14-2013.12.11,提瓦特小额贷款,1781503.86,360,企业流动资金,等额本金
IMG_01325,loan_1029/face_signing.jpg,LN2024001029,SG_188,1,T,林娜,女,汉族,2004-10-31,广东省广州市荔湾区 锦绣家园 9栋2单元2120室,440103200410316642,荔湾区公安局荔湾区分局,2022.10.27-2032.10.24,九又四分之三信贷中心,185864.12,6,购买新能源汽车,先息后本
IMG_01326,loan_1030/face_signing.jpg,LN2024001030,SG_189,1,T,郭明,男,汉族,1961-07-16,江苏省苏州市虎丘区 融创壹号院 18栋3单元2500室,320505196107167494,虎丘区公安局虎丘区分局,1979.07.12-1989.07.09,潘多拉普惠金融,1821774.91,360,企业流动资金,按月付息，到期还本
IMG_01327,loan_1031/face_signing.jpg,LN2024001031,SG_190,1,T,林浩,男,汉族,1977-05-12,河南省郑州市金水区 枫林晚居 2栋3单元1748室,410105197705120252,金水区公安局金水区分局,1995.05.08-2005.05.05,提瓦特小额贷款,154113.75,12,房屋装修,等额本金
IMG_01328,loan_1032/face_signing.jpg,LN2024001032,SG_191,1,T,黄建,男,汉族,1964-06-25,湖北省武汉市江岸区 紫金华府 12栋3单元1342室,420102196406256051,江岸区公安局江岸区分局,1982.06.21-1992.06.18,赛博城消费金融有限公司,4184021.77,120,企业流动资金,按月付息，到期还本
IMG_01329,loan_1033/face_signing.jpg,LN2024001033,SG_192,1,T,陈文,女,汉族,2007-05-16,山东省济南市历下区 东方曼哈顿 9栋3单元1855室,370102200705164602,历下区公安局历下区分局,2025.05.11-2035.05.09,星火基地普惠金融,845574.46,240,二手房交易,按月付息，到期还本
IMG_01330,loan_1034/face_signing.jpg,LN2024001034,SG_193,1,T,胡涛,男,汉族,1971-08-24,福建省福州市鼓楼区 枫林晚居 14栋1单元2202室,350102197108244016,鼓楼区公安局鼓楼区分局,1989.08.19-1999.08.17,星火基地普惠金融,754915.19,60,企业流动资金,等额本息
IMG_01331,loan_1035/face_signing.jpg,LN2024001035,SG_194,1,T,朱勇,男,汉族,2000-08-22,重庆市重庆市渝中区 翠湖雅苑 15栋4单元1863室,500103200008229715,渝中区公安局渝中区分局,2018.08.18-2028.08.15,琅琊商业银行,73419.01,12,购买新能源汽车,按月付息，到期还本
IMG_01332,loan_1036/face_signing.jpg,LN2024001036,SG_195,1,T,赵敏,女,汉族,1976-11-07,云南省昆明市五华区 锦绣华庭 4栋1单元2388室,530102197611075081,五华区公安局五华区分局,1994.11.03-2004.10.31,潘多拉普惠金融,1502986.76,120,企业流动资金,按月付息，到期还本
IMG_01333,loan_1037/face_signing.jpg,LN2024001037,SG_196,1,T,高强,男,汉族,1961-06-01,浙江省杭州市西湖区 御景半岛 4栋6单元2291室,330106196106012593,西湖区公安局西湖区分局,1979.05.28-1989.05.25,阿卡姆消费金融,72836.98,3,婚庆,先息后本
IMG_01334,loan_1038/face_signing.jpg,LN2024001038,SG_197,1,T,何超,男,回族,2008-07-13,湖南省长沙市芙蓉区 普罗旺斯 12栋6单元1653室,430102200807134216,芙蓉区公安局芙蓉区分局,2026.07.09-2036.07.06,昆仑数字科技有限公司,764603.15,60,扩大生产,等额本息
IMG_01335,loan_1039/face_signing.jpg,LN2024001039,SG_198,1,T,徐志强,男,汉族,1996-03-05,江苏省苏州市虎丘区 绿地新江湾 19栋6单元1817室,320505199603052454,虎丘区公安局虎丘区分局,2014.03.01-2024.02.27,赛博城消费金融有限公司,54155.31,36,婚庆,等额本金
IMG_01336,loan_1040/face_signing.jpg,LN2024001040,SG_199,1,T,李秀,女,汉族,1972-11-24,上海市上海市浦东新区 融创壹号院 7栋6单元1198室,310115197211242208,浦东新区公安局浦东新区分局,1990.11.20-2000.11.17,阿卡姆消费金融,261048.42,36,购买燃油车,按月付息，到期还本
IMG_01337,loan_1041/face_signing.jpg,LN2024001041,SG_200,1,T,李浩,男,汉族,1988-09-16,江苏省无锡市新吴区 悦海名邸 19栋6单元1049室,320214198809161635,新吴区公安局新吴区分局,2006.09.12-2016.09.09,昆仑数字科技有限公司,940554.14,24,企业流动资金,按月付息，到期还本
IMG_01338,loan_1042/face_signing.jpg,LN2024001042,SG_201,1,T,朱丽,女,汉族,1971-05-05,陕西省西安市雁塔区 融创壹号院 2栋5单元1590室,610113197105050825,雁塔区公安局雁塔区分局,1989.04.30-1999.04.28,昆仑数字科技有限公司,118430.86,3,购买燃油车,先息后本
IMG_01339,loan_1043/face_signing.jpg,LN2024001043,SG_202,1,T,徐军,男,汉族,1979-08-09,重庆市重庆市渝中区 碧水云天 10栋3单元676室,500103197908095957,渝中区公安局渝中区分局,1997.08.04-2007.08.02,昆仑数字科技有限公司,185834.64,12,购买燃油车,按月付息，到期还本
IMG_01340,loan_1044/face_signing.jpg,LN2024001044,SG_203,1,T,吴平,男,汉族,1975-12-27,天津市天津市和平区 枫林晚居 17栋5单元750室,120101197512272298,和平区公安局和平区分局,1993.12.22-2003.12.20,琅琊商业银行,823825.22,60,企业流动资金,等额本金
IMG_01341,loan_1045/face_signing.jpg,LN2024001045,SG_204,1,T,徐子涵,女,汉族,2006-02-13,安徽省合肥市庐阳区 枫林晚居 19栋4单元216室,340103200602135447,庐阳区公安局庐阳区分局,2024.02.09-2034.02.06,夏尔农业信贷,50214.57,3,房屋装修,一次性还本付息
IMG_01342,loan_1046/face_signing.jpg,LN2024001046,SG_205,1,T,杨超,男,汉族,1986-08-17,福建省厦门市思明区 悦海名邸 20栋2单元1415室,350203198608177338,思明区公安局思明区分局,2004.08.12-2014.08.10,夏尔农业信贷,45586.96,12,医疗,等额本金
IMG_01343,loan_1047/face_signing.jpg,LN2024001047,SG_206,1,T,徐宇,女,汉族,1999-07-15,北京市北京市海淀区 东方曼哈顿 2栋3单元521室,11010819990715372X,海淀区公安局海淀区分局,2017.07.10-2027.07.08,提瓦特小额贷款,70063.27,6,婚庆,一次性还本付息
IMG_01344,loan_1048/face_signing.jpg,LN2024001048,SG_207,1,T,高秀,女,汉族,2002-10-21,湖北省武汉市江岸区 翠湖雅苑 6栋1单元1048室,420102200210216380,江岸区公安局江岸区分局,2020.10.16-2030.10.14,琅琊商业银行,999650.14,36,购房首付,等额本金
IMG_01345,loan_1049/face_signing.jpg,LN2024001049,SG_208,1,T,朱芳,女,汉族,1987-01-11,浙江省杭州市西湖区 紫金华府 9栋4单元2487室,330106198701116185,西湖区公安局西湖区分局,2005.01.06-2015.01.04,赛博城消费金融有限公司,81788.79,6,购买燃油车,先息后本
IMG_01346,loan_1050/face_signing.jpg,LN2024001050,SG_209,1,T,郭浩,男,汉族,1989-11-14,天津市天津市东丽区 融创壹号院 1栋3单元1281室,12011019891114741X,东丽区公安局东丽区分局,2007.11.10-2017.11.07,琅琊商业银行,631752.95,60,扩大生产,等额本金
IMG_01347,loan_1051/face_signing.jpg,LN2024001051,SG_210,1,T,王明,男,汉族,1986-10-12,湖北省武汉市江岸区 悦海名邸 1栋2单元1618室,420102198610126712,江岸区公安局江岸区分局,2004.10.07-2014.10.05,星火基地普惠金融,363129.32,60,企业流动资金,等额本金
IMG_01348,loan_1052/face_signing.jpg,LN2024001052,SG_211,1,T,马文,女,汉族,1998-03-24,福建省厦门市思明区 翠湖雅苑 20栋4单元108室,350203199803249389,思明区公安局思明区分局,2016.03.19-2026.03.17,九又四分之三信贷中心,64874.09,12,婚庆,等额本金
IMG_01349,loan_1053/face_signing.jpg,LN2024001053,SG_212,1,T,黄平,女,汉族,1976-05-07,河南省郑州市金水区 绿地新江湾 6栋6单元1395室,410105197605077322,金水区公安局金水区分局,1994.05.03-2004.04.30,夏尔农业信贷,501833.52,60,二手房交易,等额本息
IMG_01350,loan_1054/face_signing.jpg,LN2024001054,SG_213,1,T,陈娟,女,汉族,2004-10-17,广东省深圳市福田区 普罗旺斯 13栋1单元346室,440304200410174362,福田区公安局福田区分局,2022.10.13-2032.10.10,夏尔农业信贷,189489.04,6,婚庆,先息后本
IMG_01351,loan_1055/face_signing.jpg,LN2024001055,SG_214,1,T,高婷,女,汉族,1979-07-22,福建省厦门市思明区 御景半岛 17栋3单元2251室,350203197907229762,思明区公安局思明区分局,1997.07.17-2007.07.15,瓦坎达信贷中心,501368.67,120,企业流动资金,等额本息
IMG_01352,loan_1056/face_signing.jpg,LN2024001056,SG_215,1,T,吴梓轩,女,汉族,1993-04-03,江苏省南京市玄武区 威尼斯水城 10栋1单元1611室,320102199304033025,玄武区公安局玄武区分局,2011.03.30-2021.03.27,琅琊商业银行,4458872.58,120,购房首付,等额本息
IMG_01353,loan_1057/face_signing.jpg,LN2024001057,SG_216,1,T,马丽,女,汉族,1981-06-07,陕西省西安市雁塔区 中央公园 4栋2单元914室,610113198106075981,雁塔区公安局雁塔区分局,1999.06.03-2009.05.31,瓦坎达信贷中心,657727.24,36,扩大生产,等额本息
IMG_01354,loan_1058/face_signing.jpg,LN2024001058,SG_217,1,T,张建国,男,汉族,1968-03-05,上海市上海市浦东新区 绿地新江湾 17栋1单元945室,310115196803050555,浦东新区公安局浦东新区分局,1986.03.01-1996.02.27,哥谭市小额贷款中心,1428998.85,240,二手房交易,等额本金
IMG_01355,loan_1059/face_signing.jpg,LN2024001059,SG_218,1,T,周建,女,汉族,1985-08-31,湖南省长沙市岳麓区 碧水云天 17栋4单元1072室,430104198508311844,岳麓区公安局岳麓区分局,2003.08.27-2013.08.24,新亚特兰蒂斯商业银行,1766982.12,360,二手房交易,按月付息，到期还本
IMG_01356,loan_1060/face_signing.jpg,LN2024001060,SG_219,1,T,朱燕,女,汉族,2007-03-20,福建省福州市鼓楼区 锦绣华庭 9栋3单元1114室,350102200703208647,鼓楼区公安局鼓楼区分局,2025.03.15-2035.03.13,赛博城消费金融有限公司,163083.3,6,房屋装修,先息后本
IMG_01357,loan_1061/face_signing.jpg,LN2024001061,SG_220,1,T,朱强,男,汉族,1984-02-22,湖北省武汉市江岸区 威尼斯水城 8栋1单元263室,420102198402225214,江岸区公安局江岸区分局,2002.02.17-2012.02.15,新亚特兰蒂斯商业银行,973554.01,36,扩大生产,等额本金
IMG_01358,loan_1062/face_signing.jpg,LN2024001062,SG_221,1,T,高宇,男,汉族,1998-05-23,贵州省贵阳市云岩区 悦海名邸 15栋2单元2039室,520103199805235593,云岩区公安局云岩区分局,2016.05.18-2026.05.16,昆仑数字科技有限公司,88504.06,3,婚庆,一次性还本付息
IMG_01359,loan_1063/face_signing.jpg,LN2024001063,SG_222,1,T,高婷,女,汉族,1993-02-26,江苏省南京市玄武区 中央公园 5栋4单元2241室,32010219930226572X,玄武区公安局玄武区分局,2011.02.22-2021.02.19,潘多拉普惠金融,647948.96,36,扩大生产,等额本息
IMG_01360,loan_1064/face_signing.jpg,LN2024001064,SG_223,1,T,郭超,男,汉族,1969-12-05,福建省厦门市思明区 紫金华府 8栋1单元1880室,350203196912053437,思明区公安局思明区分局,1987.12.01-1997.11.28,瓦坎达信贷中心,315607.68,60,购房首付,按月付息，到期还本
IMG_01361,loan_1065/face_signing.jpg,LN2024001065,SG_224,1,T,李晨,男,汉族,1986-12-28,广东省广州市天河区 枫林晚居 6栋2单元1471室,440106198612288052,天河区公安局天河区分局,2004.12.23-2014.12.21,瓦坎达信贷中心,161016.64,60,购买新能源汽车,等额本金
IMG_01362,loan_1066/face_signing.jpg,LN2024001066,SG_225,1,T,何军,男,汉族,1998-06-23,广东省深圳市福田区 阳光100 14栋5单元523室,440304199806239171,福田区公安局福田区分局,2016.06.18-2026.06.16,哥谭市小额贷款中心,638908.98,24,企业流动资金,按月付息，到期还本
IMG_01363,loan_1067/face_signing.jpg,LN2024001067,SG_226,1,T,吴磊,男,汉族,1972-09-19,山东省青岛市崂山区 碧水云天 4栋2单元2397室,370212197209195219,崂山区公安局崂山区分局,1990.09.15-2000.09.12,夏尔农业信贷,683874.37,24,购房首付,等额本金
IMG_01364,loan_1068/face_signing.jpg,LN2024001068,SG_227,1,T,何文,女,汉族,2005-06-23,广东省广州市天河区 阳光100 10栋4单元2504室,440106200506231300,天河区公安局天河区分局,2023.06.19-2033.06.16,琅琊商业银行,4286677.8,240,二手房交易,等额本金
IMG_01365,loan_1069/face_signing.jpg,LN2024001069,SG_228,1,T,陈宇,男,汉族,1988-03-28,北京市北京市朝阳区 融创壹号院 18栋5单元660室,110105198803280755,朝阳区公安局朝阳区分局,2006.03.24-2016.03.21,昆仑数字科技有限公司,4334107.52,240,企业流动资金,等额本息
IMG_01366,loan_1070/face_signing.jpg,LN2024001070,SG_229,1,T,何磊,男,汉族,1996-09-16,湖北省武汉市武昌区 碧水云天 11栋4单元1105室,420106199609164834,武昌区公安局武昌区分局,2014.09.12-2024.09.09,琅琊商业银行,769182.2,240,企业流动资金,等额本金
IMG_01367,loan_1071/face_signing.jpg,LN2024001071,SG_230,1,T,胡伟,男,汉族,1998-08-15,重庆市重庆市九龙坡区 星河湾畔 19栋6单元1578室,500107199808150116,九龙坡区公安局九龙坡区分局,2016.08.10-2026.08.08,九又四分之三信贷中心,20903.69,12,日常消费,按月付息，到期还本
IMG_01368,loan_1072/face_signing.jpg,LN2024001072,SG_231,1,T,马丽,女,汉族,1963-05-24,北京市北京市海淀区 阳光100 3栋3单元570室,110108196305245383,海淀区公安局海淀区分局,1981.05.19-1991.05.17,昆仑数字科技有限公司,115940.97,3,婚庆,一次性还本付息
IMG_01369,loan_1073/face_signing.jpg,LN2024001073,SG_232,1,T,黄文,女,汉族,1963-02-09,上海市上海市浦东新区 威尼斯水城 10栋1单元261室,310115196302098403,浦东新区公安局浦东新区分局,1981.02.04-1991.02.02,琅琊商业银行,2036512.25,360,企业流动资金,等额本息
IMG_01370,loan_1074/face_signing.jpg,LN2024001074,SG_233,1,T,高梓轩,男,汉族,1977-12-05,云南省昆明市五华区 龙腾盛世 14栋3单元1094室,53010219771205743X,五华区公安局五华区分局,1995.12.01-2005.11.28,星火基地普惠金融,386876.4,36,扩大生产,按月付息，到期还本
IMG_01371,loan_1075/face_signing.jpg,LN2024001075,SG_234,1,T,周浩,女,汉族,1976-03-02,河南省郑州市金水区 威尼斯水城 3栋6单元1201室,41010519760302346X,金水区公安局金水区分局,1994.02.26-2004.02.24,提瓦特小额贷款,20309.24,3,旅游,先息后本
IMG_01372,loan_1076/face_signing.jpg,LN2024001076,SG_235,1,T,徐宇,女,壮族,1977-10-18,江西省南昌市东湖区 锦绣华庭 3栋6单元1126室,360102197710186949,东湖区公安局东湖区分局,1995.10.14-2005.10.11,夏尔农业信贷,175553.43,6,房屋装修,先息后本
IMG_01373,loan_1077/face_signing.jpg,LN2024001077,SG_236,1,T,周超,男,汉族,1998-06-16,北京市北京市东城区 锦绣家园 20栋5单元497室,110101199806162876,东城区公安局东城区分局,2016.06.11-2026.06.09,哥谭市小额贷款中心,887588.51,60,购房首付,等额本金
IMG_01374,loan_1078/face_signing.jpg,LN2024001078,SG_16,1,T,罗宇,女,汉族,1978-07-11,广东省深圳市福田区 锦绣华庭 17栋1单元1591室,440304197807118807,福田区公安局福田区分局,1996.07.06-2006.07.04,昆仑数字科技有限公司,154205.86,24,购买燃油车,等额本息
IMG_01375,loan_1079/face_signing.jpg,LN2024001079,SG_17,1,T,朱涛,男,汉族,1970-07-18,重庆市重庆市九龙坡区 御景半岛 3栋4单元1335室,500107197007182450,九龙坡区公安局九龙坡区分局,1988.07.13-1998.07.11,提瓦特小额贷款,4722165.82,240,企业流动资金,等额本金
IMG_01376,loan_1080/face_signing.jpg,LN2024001080,SG_18,1,T,杨敏,女,汉族,1974-04-20,河南省郑州市金水区 绿地新江湾 12栋1单元2237室,410105197404209800,金水区公安局金水区分局,1992.04.15-2002.04.13,潘多拉普惠金融,823956.48,60,二手房交易,等额本金
IMG_01377,loan_1081/face_signing.jpg,LN2024001081,SG_19,1,T,马梓轩,女,汉族,1975-05-17,云南省昆明市五华区 御景半岛 11栋4单元441室,53010219750517828X,五华区公安局五华区分局,1993.05.12-2003.05.10,提瓦特小额贷款,678972.19,36,扩大生产,等额本息
IMG_01378,loan_1082/face_signing.jpg,LN2024001082,SG_20,1,T,李娟,女,汉族,1972-08-12,上海市上海市黄浦区 龙腾盛世 10栋2单元2468室,310101197208128983,黄浦区公安局黄浦区分局,1990.08.08-2000.08.05,夏尔农业信贷,140221.61,6,婚庆,一次性还本付息
IMG_01379,loan_1083/face_signing.jpg,LN2024001083,SG_21,1,T,周燕,女,汉族,1970-02-08,广东省深圳市南山区 绿地新江湾 1栋5单元2158室,440305197002088520,南山区公安局南山区分局,1988.02.04-1998.02.01,赛博城消费金融有限公司,2037083.05,360,企业流动资金,等额本息
IMG_01380,loan_1084/face_signing.jpg,LN2024001084,SG_22,1,T,杨华,女,汉族,1984-08-29,广东省广州市荔湾区 香榭丽舍 13栋5单元2006室,440103198408292960,荔湾区公安局荔湾区分局,2002.08.25-2012.08.22,提瓦特小额贷款,164253.85,24,购买燃油车,等额本金
IMG_01381,loan_1085/face_signing.jpg,LN2024001085,SG_23,1,T,林燕,女,汉族,1967-12-16,云南省昆明市五华区 御景半岛 8栋6单元2295室,530102196712167749,五华区公安局五华区分局,1985.12.11-1995.12.09,星火基地普惠金融,4844323.59,360,购房首付,等额本金
IMG_01382,loan_1086/face_signing.jpg,LN2024001086,SG_24,1,T,林文,女,汉族,1971-05-16,江苏省苏州市虎丘区 绿地新江湾 2栋4单元1218室,32050519710516362X,虎丘区公安局虎丘区分局,1989.05.11-1999.05.09,潘多拉普惠金融,1420837.74,240,购房首付,等额本金
IMG_01383,loan_1087/face_signing.jpg,LN2024001087,SG_25,1,T,刘梓轩,男,壮族,2006-03-29,湖南省长沙市岳麓区 中央公园 1栋6单元2304室,430104200603298852,岳麓区公安局岳麓区分局,2024.03.24-2034.03.22,琅琊商业银行,120911.21,3,购买燃油车,一次性还本付息
IMG_01384,loan_1088/face_signing.jpg,LN2024001088,SG_26,1,T,李雪,女,汉族,1992-11-09,天津市天津市东丽区 星河湾畔 4栋2单元846室,120110199211099941,东丽区公安局东丽区分局,2010.11.05-2020.11.02,琅琊商业银行,610207.27,36,企业流动资金,等额本息
IMG_01385,loan_1089/face_signing.jpg,LN2024001089,SG_27,1,T,林涛,男,汉族,1980-09-11,山东省青岛市崂山区 香榭丽舍 18栋4单元642室,370212198009111193,崂山区公安局崂山区分局,1998.09.07-2008.09.04,阿卡姆消费金融,359166.06,36,扩大生产,等额本金
IMG_01386,loan_1090/face_signing.jpg,LN2024001090,SG_28,1,T,郭雪,女,汉族,1979-01-15,北京市北京市东城区 锦绣家园 10栋5单元143室,110101197901157849,东城区公安局东城区分局,1997.01.10-2007.01.08,潘多拉普惠金融,327428.5,60,购房首付,等额本金
IMG_01387,loan_1091/face_signing.jpg,LN2024001091,SG_29,1,T,黄雪,女,汉族,2006-02-04,海南省海口市龙华区 香榭丽舍 16栋5单元1847室,460106200602049246,龙华区公安局龙华区分局,2024.01.31-2034.01.28,新亚特兰蒂斯商业银行,940663.99,24,企业流动资金,按月付息，到期还本
IMG_01388,loan_1092/face_signing.jpg,LN2024001092,SG_30,1,T,孙秀,女,汉族,1970-12-19,山东省青岛市崂山区 枫林晚居 20栋6单元204室,370212197012194220,崂山区公安局崂山区分局,1988.12.14-1998.12.12,提瓦特小额贷款,170156.61,12,房屋装修,按月付息，到期还本
IMG_01389,loan_1093/face_signing.jpg,LN2024001093,SG_31,1,T,杨磊,男,汉族,1986-11-17,浙江省杭州市西湖区 紫金华府 11栋4单元165室,330106198611176299,西湖区公安局西湖区分局,2004.11.12-2014.11.10,提瓦特小额贷款,79625.47,6,购买燃油车,一次性还本付息
IMG_01390,loan_1094/face_signing.jpg,LN2024001094,SG_32,1,T,何建国,男,汉族,1969-12-04,新疆维吾尔自治区乌鲁木齐市天山区 锦绣华庭 8栋4单元1153室,65010219691204023X,天山区公安局天山区分局,1987.11.30-1997.11.27,霍格沃茨魔法银行,725125.84,120,购房首付,等额本息
IMG_01391,loan_1095/face_signing.jpg,LN2024001095,SG_33,1,T,胡华,女,汉族,1970-09-29,湖南省长沙市芙蓉区 御景半岛 13栋5单元357室,430102197009295387,芙蓉区公安局芙蓉区分局,1988.09.24-1998.09.22,新亚特兰蒂斯商业银行,1773499.18,120,二手房交易,等额本息
IMG_01392,loan_1096/face_signing.jpg,LN2024001096,SG_34,1,T,黄梓轩,女,汉族,1965-05-30,北京市北京市东城区 紫金华府 5栋4单元1010室,110101196505309164,东城区公安局东城区分局,1983.05.26-1993.05.23,霍格沃茨魔法银行,185719.46,12,房屋装修,按月付息，到期还本
IMG_01393,loan_1097/face_signing.jpg,LN2024001097,SG_35,1,T,李子涵,女,汉族,1985-02-26,福建省厦门市思明区 普罗旺斯 15栋2单元595室,350203198502269808,思明区公安局思明区分局,2003.02.22-2013.02.19,琅琊商业银行,216463.74,24,婚庆,按月付息，到期还本
IMG_01394,loan_1098/face_signing.jpg,LN2024001098,SG_36,1,T,孙建,男,汉族,1989-07-21,山东省青岛市崂山区 锦绣华庭 10栋3单元1686室,370212198907212412,崂山区公安局崂山区分局,2007.07.17-2017.07.14,霍格沃茨魔法银行,185862.76,3,房屋装修,先息后本
IMG_01395,loan_1099/face_signing.jpg,LN2024001099,SG_37,1,T,林杰,男,汉族,1999-11-15,云南省昆明市五华区 锦绣华庭 20栋6单元1874室,530102199911150193,五华区公安局五华区分局,2017.11.10-2027.11.08,琅琊商业银行,4825846.12,240,二手房交易,等额本息
IMG_01396,loan_1100/face_signing.jpg,LN2024001100,SG_38,1,T,黄伟,男,汉族,1981-05-02,新疆维吾尔自治区乌鲁木齐市天山区 翠湖雅苑 8栋3单元930室,650102198105023512,天山区公安局天山区分局,1999.04.28-2009.04.25,艾泽拉斯数字科技,52406.0,60,房屋装修,按月付息，到期还本
IMG_01397,loan_1101/face_signing.jpg,LN2024001101,SG_39,1,T,郭伟,男,汉族,2004-02-18,重庆市重庆市九龙坡区 东方曼哈顿 17栋6单元1805室,500107200402186499,九龙坡区公安局九龙坡区分局,2022.02.13-2032.02.11,新亚特兰蒂斯商业银行,163775.49,60,购买燃油车,等额本金
IMG_01398,loan_1102/face_signing.jpg,LN2024001102,SG_40,1,T,李婷,女,汉族,1966-06-20,四川省成都市武侯区 锦绣华庭 3栋1单元2276室,510107196606208461,武侯区公安局武侯区分局,1984.06.15-1994.06.13,艾泽拉斯数字科技,455554.02,24,二手房交易,等额本金
IMG_01399,loan_1103/face_signing.jpg,LN2024001103,SG_41,1,T,吴敏,女,汉族,1960-11-07,安徽省合肥市庐阳区 阳光100 8栋5单元281室,340103196011078445,庐阳区公安局庐阳区分局,1978.11.03-1988.10.31,哥谭市小额贷款中心,128475.95,6,婚庆,先息后本
IMG_01400,loan_1104/face_signing.jpg,LN2024001104,SG_42,1,T,刘晨,女,汉族,1994-06-07,广东省广州市天河区 御景半岛 14栋5单元2294室,440106199406078403,天河区公安局天河区分局,2012.06.02-2022.05.31,新亚特兰蒂斯商业银行,1673466.09,240,企业流动资金,按月付息，到期还本
IMG_01401,loan_1105/face_signing.jpg,LN2024001105,SG_43,1,T,李平,女,满族,1975-09-11,新疆维吾尔自治区乌鲁木齐市天山区 普罗旺斯 20栋3单元1902室,650102197509110968,天山区公安局天山区分局,1993.09.06-2003.09.04,木叶村消费金融,2919245.53,360,企业流动资金,等额本金
IMG_01402,loan_1106/face_signing.jpg,LN2024001106,SG_44,1,T,李晨,女,彝族,1983-06-25,广东省广州市天河区 融创壹号院 10栋5单元1390室,440106198306255500,天河区公安局天河区分局,2001.06.20-2011.06.18,瓦坎达信贷中心,129401.71,3,购买燃油车,先息后本
IMG_01403,loan_1107/face_signing.jpg,LN2024001107,SG_45,1,T,马华,男,汉族,1979-08-29,四川省成都市锦江区 枫林晚居 11栋4单元1470室,510104197908294276,锦江区公安局锦江区分局,1997.08.24-2007.08.22,新亚特兰蒂斯商业银行,669176.16,24,二手房交易,等额本息
IMG_01404,loan_1108/face_signing.jpg,LN2024001108,SG_46,1,T,高磊,男,彝族,1991-09-15,山东省济南市历下区 锦绣家园 18栋2单元187室,370102199109152597,历下区公安局历下区分局,2009.09.10-2019.09.08,赛博城消费金融有限公司,1983458.6,240,二手房交易,等额本息
IMG_01405,loan_1109/face_signing.jpg,LN2024001109,SG_47,1,T,吴平,女,汉族,1984-07-30,江苏省南京市鼓楼区 碧水云天 9栋6单元797室,320106198407300529,鼓楼区公安局鼓楼区分局,2002.07.26-2012.07.23,艾泽拉斯数字科技,164594.38,12,购买燃油车,等额本金
IMG_01406,loan_1110/face_signing.jpg,LN2024001110,SG_48,1,T,孙明,男,汉族,2002-05-02,浙江省宁波市海曙区 翠湖雅苑 3栋5单元1395室,330203200205022653,海曙区公安局海曙区分局,2020.04.27-2030.04.25,琅琊商业银行,2458582.1,240,购房首付,等额本息
IMG_01407,loan_1111/face_signing.jpg,LN2024001111,SG_49,1,T,何磊,男,汉族,1964-09-23,广东省深圳市福田区 悦海名邸 13栋6单元1816室,440304196409234613,福田区公安局福田区分局,1982.09.19-1992.09.16,哥谭市小额贷款中心,4987216.39,360,二手房交易,等额本金
IMG_01408,loan_1112/face_signing.jpg,LN2024001112,SG_50,1,T,林文,女,汉族,1977-05-02,江西省南昌市东湖区 威尼斯水城 7栋4单元1063室,360102197705024005,东湖区公安局东湖区分局,1995.04.28-2005.04.25,阿卡姆消费金融,929592.93,24,购房首付,按月付息，到期还本
IMG_01409,loan_1113/face_signing.jpg,LN2024001113,SG_51,1,T,徐文,女,汉族,1994-12-08,江苏省苏州市虎丘区 香榭丽舍 20栋4单元641室,320505199412087961,虎丘区公安局虎丘区分局,2012.12.03-2022.12.01,赛博城消费金融有限公司,90494.58,3,购买燃油车,先息后本
IMG_01410,loan_1114/face_signing.jpg,LN2024001114,SG_52,1,T,李志强,男,汉族,1983-05-24,新疆维吾尔自治区乌鲁木齐市天山区 碧水云天 3栋1单元110室,650102198305245136,天山区公安局天山区分局,2001.05.19-2011.05.17,提瓦特小额贷款,1752935.29,240,企业流动资金,等额本金
IMG_01411,loan_1115/face_signing.jpg,LN2024001115,SG_53,1,T,孙晨,男,汉族,1970-01-06,浙江省杭州市上城区 悦海名邸 9栋3单元2037室,330102197001067036,上城区公安局上城区分局,1988.01.02-1997.12.30,琅琊商业银行,829166.95,36,购房首付,等额本息
IMG_01412,loan_1116/face_signing.jpg,LN2024001116,SG_54,1,T,胡梓轩,男,汉族,1984-11-19,北京市北京市朝阳区 枫林晚居 20栋4单元1871室,110105198411195818,朝阳区公安局朝阳区分局,2002.11.15-2012.11.12,提瓦特小额贷款,977242.93,60,扩大生产,等额本金
IMG_01413,loan_1117/face_signing.jpg,LN2024001117,SG_55,1,T,马宇,男,汉族,1990-01-19,江苏省苏州市虎丘区 悦海名邸 9栋5单元2329室,320505199001197779,虎丘区公安局虎丘区分局,2008.01.15-2018.01.12,瓦坎达信贷中心,129642.98,24,购买新能源汽车,等额本金
IMG_01414,loan_1118/face_signing.jpg,LN2024001118,SG_56,1,T,高杰,男,汉族,1989-06-08,新疆维吾尔自治区乌鲁木齐市天山区 普罗旺斯 17栋3单元1747室,650102198906081253,天山区公安局天山区分局,2007.06.04-2017.06.01,哥谭市小额贷款中心,869607.35,60,购房首付,等额本息
IMG_01415,loan_1119/face_signing.jpg,LN2024001119,SG_57,1,T,朱强,男,汉族,1976-01-02,广东省广州市天河区 枫林晚居 1栋5单元473室,44010619760102505X,天河区公安局天河区分局,1993.12.28-2003.12.26,艾泽拉斯数字科技,3683526.92,240,购房首付,等额本息
IMG_01416,loan_1120/face_signing.jpg,LN2024001120,SG_58,1,T,胡佳,女,汉族,1973-12-22,贵州省贵阳市云岩区 东方曼哈顿 15栋4单元1142室,520103197312226403,云岩区公安局云岩区分局,1991.12.18-2001.12.15,星火基地普惠金融,4005377.32,360,购房首付,等额本金
IMG_01417,loan_1121/face_signing.jpg,LN2024001121,SG_59,1,T,林燕,女,汉族,1967-07-27,湖南省长沙市芙蓉区 锦绣家园 19栋3单元926室,430102196707279881,芙蓉区公安局芙蓉区分局,1985.07.22-1995.07.20,哥谭市小额贷款中心,553946.8,24,扩大生产,等额本息
IMG_01418,loan_1122/face_signing.jpg,LN2024001122,SG_60,1,T,郭勇,男,汉族,1983-11-19,新疆维吾尔自治区乌鲁木齐市天山区 枫林晚居 14栋1单元1703室,650102198311198110,天山区公安局天山区分局,2001.11.14-2011.11.12,星火基地普惠金融,62459.98,6,购买燃油车,一次性还本付息
IMG_01419,loan_1123/face_signing.jpg,LN2024001123,SG_61,1,T,何秀,女,汉族,2006-10-05,天津市天津市和平区 威尼斯水城 2栋2单元818室,12010120061005132X,和平区公安局和平区分局,2024.09.30-2034.09.28,潘多拉普惠金融,1189428.39,240,购房首付,等额本金
IMG_01420,loan_1124/face_signing.jpg,LN2024001124,SG_62,1,T,张建,女,汉族,1963-01-04,陕西省西安市雁塔区 星河湾畔 5栋1单元1960室,610113196301041964,雁塔区公安局雁塔区分局,1980.12.30-1990.12.28,艾泽拉斯数字科技,277206.96,24,购买新能源汽车,按月付息，到期还本
IMG_01421,loan_1125/face_signing.jpg,LN2024001125,SG_63,1,T,郭子涵,女,苗族,1970-02-05,浙江省杭州市上城区 绿地新江湾 8栋3单元335室,330102197002050826,上城区公安局上城区分局,1988.02.01-1998.01.29,琅琊商业银行,776860.01,24,企业流动资金,按月付息，到期还本
IMG_01422,loan_1126/face_signing.jpg,LN2024001126,SG_64,1,T,徐平,男,汉族,1973-11-01,上海市上海市黄浦区 悦海名邸 6栋1单元2303室,310101197311016832,黄浦区公安局黄浦区分局,1991.10.28-2001.10.25,星火基地普惠金融,2501179.61,360,购房首付,等额本息
IMG_01423,loan_1127/face_signing.jpg,LN2024001127,SG_65,1,T,张平,女,回族,1983-07-14,江苏省苏州市虎丘区 星河湾畔 17栋3单元2267室,320505198307143146,虎丘区公安局虎丘区分局,2001.07.09-2011.07.07,新亚特兰蒂斯商业银行,197592.02,12,婚庆,等额本金
IMG_01424,loan_1128/face_signing.jpg,LN2024001128,SG_66,1,T,周建国,男,汉族,1981-02-10,福建省福州市鼓楼区 悦海名邸 4栋3单元868室,350102198102105378,鼓楼区公安局鼓楼区分局,1999.02.06-2009.02.03,阿卡姆消费金融,184518.48,6,购买燃油车,先息后本
IMG_01425,loan_1129/face_signing.jpg,LN2024001129,SG_67,1,T,刘华,男,汉族,2006-05-08,贵州省贵阳市云岩区 悦海名邸 5栋1单元1858室,520103200605088336,云岩区公安局云岩区分局,2024.05.03-2034.05.01,昆仑数字科技有限公司,441362.6,60,扩大生产,等额本金
IMG_01426,loan_1130/face_signing.jpg,LN2024001130,SG_68,1,T,朱伟,男,汉族,2002-10-27,湖南省长沙市芙蓉区 融创壹号院 12栋3单元139室,43010220021027139X,芙蓉区公安局芙蓉区分局,2020.10.22-2030.10.20,阿卡姆消费金融,736612.2,36,扩大生产,等额本息
IMG_01427,loan_1131/face_signing.jpg,LN2024001131,SG_69,1,T,杨浩,女,汉族,1963-01-01,新疆维吾尔自治区乌鲁木齐市天山区 锦绣华庭 18栋3单元151室,650102196301018084,天山区公安局天山区分局,1980.12.27-1990.12.25,哥谭市小额贷款中心,181521.74,60,购买新能源汽车,按月付息，到期还本
IMG_01428,loan_1132/face_signing.jpg,LN2024001132,SG_70,1,T,李子涵,女,汉族,1996-11-03,江苏省南京市鼓楼区 碧水云天 8栋1单元656室,320106199611030161,鼓楼区公安局鼓楼区分局,2014.10.30-2024.10.27,琅琊商业银行,219362.63,24,婚庆,等额本金
IMG_01429,loan_1133/face_signing.jpg,LN2024001133,SG_71,1,T,周浩,男,汉族,2006-04-15,湖南省长沙市岳麓区 锦绣华庭 18栋4单元1236室,430104200604152951,岳麓区公安局岳麓区分局,2024.04.10-2034.04.08,九又四分之三信贷中心,137160.16,3,婚庆,一次性还本付息
IMG_01430,loan_1134/face_signing.jpg,LN2024001134,SG_72,1,T,胡佳,女,汉族,1997-01-28,四川省成都市锦江区 锦绣家园 19栋3单元221室,510104199701288628,锦江区公安局锦江区分局,2015.01.24-2025.01.21,阿卡姆消费金融,933409.61,36,购房首付,等额本息
IMG_01431,loan_1135/face_signing.jpg,LN2024001135,SG_73,1,T,马静,女,汉族,1971-10-26,天津市天津市东丽区 锦绣华庭 7栋6单元1064室,120110197110269009,东丽区公安局东丽区分局,1989.10.21-1999.10.19,艾泽拉斯数字科技,223772.94,60,房屋装修,等额本息
IMG_01432,loan_1136/face_signing.jpg,LN2024001136,SG_74,1,T,张超,男,汉族,1990-08-24,重庆市重庆市渝中区 阳光100 13栋6单元1952室,500103199008242172,渝中区公安局渝中区分局,2008.08.19-2018.08.17,霍格沃茨魔法银行,2502038.78,360,购房首付,等额本金
IMG_01433,loan_1137/face_signing.jpg,LN2024001137,SG_75,1,T,朱涛,男,汉族,2001-01-16,陕西省西安市新城区 龙腾盛世 17栋1单元989室,610102200101167116,新城区公安局新城区分局,2019.01.12-2029.01.09,艾泽拉斯数字科技,790004.82,24,企业流动资金,按月付息，到期还本
IMG_01434,loan_1138/face_signing.jpg,LN2024001138,SG_76,1,T,徐静,女,汉族,1970-03-13,安徽省合肥市庐阳区 翠湖雅苑 2栋4单元1965室,340103197003137008,庐阳区公安局庐阳区分局,1988.03.08-1998.03.06,夏尔农业信贷,1567031.27,120,购房首付,按月付息，到期还本
IMG_01435,loan_1139/face_signing.jpg,LN2024001139,SG_77,1,T,胡建国,男,汉族,1990-09-29,江西省南昌市东湖区 龙腾盛世 5栋4单元318室,360102199009295935,东湖区公安局东湖区分局,2008.09.24-2018.09.22,新亚特兰蒂斯商业银行,819539.1,60,购房首付,按月付息，到期还本
IMG_01436,loan_1140/face_signing.jpg,LN2024001140,SG_78,1,T,何伟,男,汉族,2000-07-18,广东省广州市天河区 阳光100 12栋2单元1700室,440106200007188475,天河区公安局天河区分局,2018.07.14-2028.07.11,九又四分之三信贷中心,794364.93,36,企业流动资金,按月付息，到期还本
IMG_01437,loan_1141/face_signing.jpg,LN2024001141,SG_79,1,T,高宇,男,汉族,1984-02-12,江苏省南京市鼓楼区 绿地新江湾 5栋6单元346室,320106198402121214,鼓楼区公安局鼓楼区分局,2002.02.07-2012.02.05,星火基地普惠金融,425116.63,60,二手房交易,按月付息，到期还本
IMG_01438,loan_1142/face_signing.jpg,LN2024001142,SG_80,1,T,朱浩,男,汉族,1995-04-28,上海市上海市黄浦区 御景半岛 7栋3单元1148室,310101199504280356,黄浦区公安局黄浦区分局,2013.04.23-2023.04.21,瓦坎达信贷中心,192107.64,12,房屋装修,等额本息
IMG_01439,loan_1143/face_signing.jpg,LN2024001143,SG_81,1,T,马晨,男,汉族,1974-08-07,浙江省宁波市海曙区 星河湾畔 13栋4单元1185室,330203197408073771,海曙区公安局海曙区分局,1992.08.02-2002.07.31,星火基地普惠金融,170071.21,6,婚庆,先息后本
IMG_01440,loan_1144/face_signing.jpg,LN2024001144,SG_82,1,T,周燕,女,汉族,1974-10-29,浙江省宁波市海曙区 锦绣家园 12栋5单元2266室,330203197410293984,海曙区公安局海曙区分局,1992.10.24-2002.10.22,霍格沃茨魔法银行,61712.08,12,购买燃油车,等额本息
IMG_01441,loan_1145/face_signing.jpg,LN2024001145,SG_83,1,T,吴晨,女,汉族,1999-11-11,江苏省苏州市虎丘区 绿地新江湾 18栋6单元200室,320505199911111081,虎丘区公安局虎丘区分局,2017.11.06-2027.11.04,瓦坎达信贷中心,172865.26,12,婚庆,等额本息
IMG_01442,loan_1146/face_signing.jpg,LN2024001146,SG_84,1,T,刘杰,男,汉族,1987-01-20,山东省青岛市崂山区 御景半岛 13栋4单元1526室,370212198701206690,崂山区公安局崂山区分局,2005.01.15-2015.01.13,夏尔农业信贷,88012.43,3,购买燃油车,一次性还本付息
IMG_01443,loan_1147/face_signing.jpg,LN2024001147,SG_85,1,T,胡华,女,汉族,1976-06-26,陕西省西安市新城区 中央公园 11栋3单元1925室,610102197606261306,新城区公安局新城区分局,1994.06.22-2004.06.19,赛博城消费金融有限公司,834948.05,360,扩大生产,等额本息
IMG_01444,loan_1148/face_signing.jpg,LN2024001148,SG_86,1,T,张文,男,汉族,1970-05-08,广东省广州市荔湾区 普罗旺斯 17栋3单元110室,440103197005082497,荔湾区公安局荔湾区分局,1988.05.03-1998.05.01,提瓦特小额贷款,248072.37,60,购买新能源汽车,等额本息
IMG_01445,loan_1149/face_signing.jpg,LN2024001149,SG_87,1,T,杨建国,男,汉族,1981-09-25,江西省南昌市东湖区 翠湖雅苑 15栋5单元2358室,360102198109258715,东湖区公安局东湖区分局,1999.09.21-2009.09.18,木叶村消费金融,52641.74,12,婚庆,等额本金
IMG_01446,loan_1150/face_signing.jpg,LN2024001150,SG_88,1,T,高建国,男,汉族,2006-01-02,山东省济南市历下区 枫林晚居 4栋3单元2252室,370102200601021236,历下区公安局历下区分局,2023.12.29-2033.12.26,昆仑数字科技有限公司,20081.49,12,日常消费,等额本金
IMG_01447,loan_1151/face_signing.jpg,LN2024001151,SG_89,1,T,赵静,女,汉族,1994-09-25,江苏省苏州市虎丘区 锦绣华庭 14栋6单元1349室,320505199409250684,虎丘区公安局虎丘区分局,2012.09.20-2022.09.18,提瓦特小额贷款,927580.8,24,扩大生产,按月付息，到期还本
IMG_01448,loan_1152/face_signing.jpg,LN2024001152,SG_90,1,T,张文,女,汉族,1980-05-29,广东省深圳市福田区 龙腾盛世 12栋3单元1511室,440304198005294264,福田区公安局福田区分局,1998.05.25-2008.05.22,哥谭市小额贷款中心,2098370.09,240,购房首付,等额本金
IMG_01449,loan_1153/face_signing.jpg,LN2024001153,SG_91,1,T,张伟,男,维吾尔族,1984-06-12,云南省昆明市五华区 龙腾盛世 8栋6单元695室,53010219840612239X,五华区公安局五华区分局,2002.06.08-2012.06.05,九又四分之三信贷中心,3700817.31,360,二手房交易,等额本息
IMG_01450,loan_1154/face_signing.jpg,LN2024001154,SG_92,1,T,李静,女,汉族,1988-11-05,四川省成都市锦江区 阳光100 3栋3单元2145室,510104198811056946,锦江区公安局锦江区分局,2006.11.01-2016.10.29,霍格沃茨魔法银行,163611.79,3,房屋装修,一次性还本付息
IMG_01451,loan_1155/face_signing.jpg,LN2024001155,SG_93,1,T,高慧,女,汉族,2001-04-19,湖南省长沙市芙蓉区 悦海名邸 10栋1单元503室,430102200104197261,芙蓉区公安局芙蓉区分局,2019.04.15-2029.04.12,九又四分之三信贷中心,523240.63,360,企业流动资金,等额本金
IMG_01452,loan_1156/face_signing.jpg,LN2024001156,SG_94,1,T,李杰,男,汉族,1996-04-24,浙江省杭州市西湖区 紫金华府 5栋3单元358室,330106199604249757,西湖区公安局西湖区分局,2014.04.20-2024.04.17,星火基地普惠金融,257065.07,60,房屋装修,按月付息，到期还本
IMG_01453,loan_1157/face_signing.jpg,LN2024001157,SG_95,1,T,林浩,男,汉族,1982-08-04,湖北省武汉市江岸区 东方曼哈顿 20栋4单元2355室,420102198208044516,江岸区公安局江岸区分局,2000.07.30-2010.07.28,星火基地普惠金融,103165.32,12,婚庆,等额本金
IMG_01454,loan_1158/face_signing.jpg,LN2024001158,SG_96,1,T,朱宇,女,汉族,1987-04-17,贵州省贵阳市云岩区 碧水云天 10栋1单元783室,520103198704178361,云岩区公安局云岩区分局,2005.04.12-2015.04.10,艾泽拉斯数字科技,4026461.81,240,二手房交易,按月付息，到期还本
IMG_01455,loan_1159/face_signing.jpg,LN2024001159,SG_97,1,T,黄华,女,汉族,1977-01-15,湖北省武汉市江岸区 香榭丽舍 12栋6单元523室,420102197701155784,江岸区公安局江岸区分局,1995.01.11-2005.01.08,艾泽拉斯数字科技,665621.74,36,二手房交易,等额本息
IMG_01456,loan_1160/face_signing.jpg,LN2024001160,SG_98,1,T,罗浩,女,汉族,2001-12-31,浙江省宁波市海曙区 香榭丽舍 4栋5单元1159室,330203200112318682,海曙区公安局海曙区分局,2019.12.27-2029.12.24,星火基地普惠金融,205517.64,24,购买新能源汽车,等额本息
IMG_01457,loan_1161/face_signing.jpg,LN2024001161,SG_99,1,T,马华,女,彝族,1983-09-04,浙江省杭州市上城区 阳光100 18栋4单元802室,330102198309044986,上城区公安局上城区分局,2001.08.30-2011.08.28,哥谭市小额贷款中心,153451.85,6,购买新能源汽车,先息后本
IMG_01458,loan_1162/face_signing.jpg,LN2024001162,SG_100,1,T,林建,男,汉族,1960-09-01,福建省福州市鼓楼区 东方曼哈顿 1栋4单元1912室,350102196009016873,鼓楼区公安局鼓楼区分局,1978.08.28-1988.08.25,琅琊商业银行,2812367.77,120,购房首付,按月付息，到期还本
IMG_01459,loan_1163/face_signing.jpg,LN2024001163,SG_101,1,T,吴娟,女,汉族,1989-05-07,江苏省南京市玄武区 翠湖雅苑 18栋6单元2257室,320102198905076085,玄武区公安局玄武区分局,2007.05.03-2017.04.30,琅琊商业银行,796877.77,36,二手房交易,等额本金
IMG_01460,loan_1164/face_signing.jpg,LN2024001164,SG_102,1,T,胡明,男,汉族,1998-04-17,云南省昆明市五华区 碧水云天 11栋4单元635室,530102199804176216,五华区公安局五华区分局,2016.04.12-2026.04.10,星火基地普惠金融,951335.01,24,扩大生产,等额本息
IMG_01461,loan_1165/face_signing.jpg,LN2024001165,SG_103,1,T,王晨,男,汉族,1992-05-21,陕西省西安市雁塔区 普罗旺斯 3栋1单元2298室,610113199205215278,雁塔区公安局雁塔区分局,2010.05.17-2020.05.14,木叶村消费金融,2183690.94,240,二手房交易,等额本金
IMG_01462,loan_1166/face_signing.jpg,LN2024001166,SG_104,1,T,徐慧,女,汉族,1966-11-19,河南省郑州市金水区 碧水云天 13栋2单元334室,410105196611192568,金水区公安局金水区分局,1984.11.14-1994.11.12,霍格沃茨魔法银行,170282.18,6,房屋装修,先息后本
IMG_01463,loan_1167/face_signing.jpg,LN2024001167,SG_105,1,T,赵佳,女,汉族,1987-01-15,湖南省长沙市岳麓区 绿地新江湾 16栋1单元2154室,430104198701153665,岳麓区公安局岳麓区分局,2005.01.10-2015.01.08,瓦坎达信贷中心,179712.46,6,婚庆,一次性还本付息
IMG_01464,loan_1168/face_signing.jpg,LN2024001168,SG_106,1,T,周丽,女,汉族,2008-04-26,北京市北京市海淀区 碧水云天 7栋1单元1479室,110108200804268829,海淀区公安局海淀区分局,2026.04.22-2036.04.19,九又四分之三信贷中心,404584.3,36,购房首付,按月付息，到期还本
IMG_01465,loan_1169/face_signing.jpg,LN2024001169,SG_107,1,T,孙婷,女,汉族,1963-08-14,山东省济南市历下区 阳光100 1栋4单元1310室,370102196308140560,历下区公安局历下区分局,1981.08.09-1991.08.07,霍格沃茨魔法银行,155065.14,36,房屋装修,等额本息
IMG_01466,loan_1170/face_signing.jpg,LN2024001170,SG_108,1,T,杨磊,男,汉族,2005-03-30,湖北省武汉市江岸区 锦绣华庭 2栋3单元1798室,420102200503300498,江岸区公安局江岸区分局,2023.03.26-2033.03.23,昆仑数字科技有限公司,2815643.93,240,二手房交易,按月付息，到期还本
IMG_01467,loan_1171/face_signing.jpg,LN2024001171,SG_109,1,T,孙文,女,汉族,1967-01-23,陕西省西安市雁塔区 碧水云天 2栋4单元2404室,61011319670123858X,雁塔区公安局雁塔区分局,1985.01.18-1995.01.16,阿卡姆消费金融,2476558.14,240,购房首付,等额本金
IMG_01468,loan_1172/face_signing.jpg,LN2024001172,SG_110,1,T,杨浩,女,汉族,1988-02-11,广东省深圳市南山区 紫金华府 17栋5单元1063室,440305198802115544,南山区公安局南山区分局,2006.02.06-2016.02.04,艾泽拉斯数字科技,288922.26,60,婚庆,按月付息，到期还本
IMG_01469,loan_1173/face_signing.jpg,LN2024001173,SG_111,1,T,周静,女,汉族,1966-08-06,天津市天津市和平区 香榭丽舍 13栋2单元1731室,120101196608065846,和平区公安局和平区分局,1984.08.01-1994.07.30,赛博城消费金融有限公司,121583.47,6,购买新能源汽车,一次性还本付息
IMG_01470,loan_1174/face_signing.jpg,LN2024001174,SG_112,1,T,吴勇,男,汉族,1995-05-11,江苏省苏州市虎丘区 御景半岛 3栋3单元1821室,320505199505114471,虎丘区公安局虎丘区分局,2013.05.06-2023.05.04,昆仑数字科技有限公司,507392.46,24,二手房交易,按月付息，到期还本
IMG_01471,loan_1175/face_signing.jpg,LN2024001175,SG_113,1,T,赵子涵,女,汉族,1982-02-02,海南省海口市龙华区 悦海名邸 11栋2单元2213室,46010619820202316X,龙华区公安局龙华区分局,2000.01.29-2010.01.26,哥谭市小额贷款中心,119776.58,6,购买燃油车,先息后本
IMG_01472,loan_1176/face_signing.jpg,LN2024001176,SG_114,1,T,黄子涵,女,汉族,1985-12-26,北京市北京市海淀区 威尼斯水城 11栋4单元1560室,110108198512264260,海淀区公安局海淀区分局,2003.12.22-2013.12.19,艾泽拉斯数字科技,354429.41,24,扩大生产,按月付息，到期还本
IMG_01473,loan_1177/face_signing.jpg,LN2024001177,SG_115,1,T,王宇,男,汉族,1995-02-06,上海市上海市浦东新区 东方曼哈顿 2栋5单元599室,310115199502069395,浦东新区公安局浦东新区分局,2013.02.01-2023.01.30,琅琊商业银行,145680.29,3,房屋装修,先息后本
IMG_01474,loan_1178/face_signing.jpg,LN2024001178,SG_116,1,T,赵梓轩,女,汉族,1970-07-11,四川省成都市锦江区 御景半岛 13栋5单元645室,510104197007117125,锦江区公安局锦江区分局,1988.07.06-1998.07.04,九又四分之三信贷中心,156492.34,12,婚庆,等额本息
IMG_01475,loan_1179/face_signing.jpg,LN2024001179,SG_117,1,T,高平,男,汉族,1988-10-04,上海市上海市浦东新区 普罗旺斯 12栋4单元1898室,310115198810042632,浦东新区公安局浦东新区分局,2006.09.30-2016.09.27,琅琊商业银行,179923.93,6,购买新能源汽车,先息后本
IMG_01476,loan_1180/face_signing.jpg,LN2024001180,SG_118,1,T,林宇,男,汉族,1966-04-29,福建省厦门市思明区 龙腾盛世 12栋3单元465室,350203196604290094,思明区公安局思明区分局,1984.04.24-1994.04.22,星火基地普惠金融,53277.61,3,婚庆,先息后本
IMG_01477,loan_1181/face_signing.jpg,LN2024001181,SG_119,1,T,赵子涵,男,汉族,1970-05-24,北京市北京市朝阳区 锦绣华庭 12栋5单元1906室,110105197005247913,朝阳区公安局朝阳区分局,1988.05.19-1998.05.17,琅琊商业银行,188139.86,12,房屋装修,按月付息，到期还本
IMG_01478,loan_1182/face_signing.jpg,LN2024001182,SG_120,1,T,高娜,女,汉族,1995-02-01,广东省深圳市南山区 御景半岛 8栋2单元1242室,440305199502018368,南山区公安局南山区分局,2013.01.27-2023.01.25,瓦坎达信贷中心,3305748.51,360,二手房交易,按月付息，到期还本
IMG_01479,loan_1183/face_signing.jpg,LN2024001183,SG_121,1,T,周磊,男,汉族,1968-09-05,河南省郑州市金水区 锦绣家园 3栋1单元1595室,410105196809053379,金水区公安局金水区分局,1986.09.01-1996.08.29,赛博城消费金融有限公司,1357975.41,120,企业流动资金,按月付息，到期还本
IMG_01480,loan_1184/face_signing.jpg,LN2024001184,SG_122,1,T,马超,男,汉族,1963-08-04,广东省广州市天河区 锦绣华庭 20栋1单元901室,440106196308049170,天河区公安局天河区分局,1981.07.30-1991.07.28,新亚特兰蒂斯商业银行,2165906.73,360,购房首付,等额本息
IMG_01481,loan_1185/face_signing.jpg,LN2024001185,SG_123,1,T,马梓轩,女,汉族,1974-02-03,江苏省南京市玄武区 龙腾盛世 15栋5单元195室,32010219740203230X,玄武区公安局玄武区分局,1992.01.30-2002.01.27,琅琊商业银行,362831.35,36,企业流动资金,等额本息
IMG_01482,loan_1186/face_signing.jpg,LN2024001186,SG_124,1,T,孙文,女,汉族,1974-02-17,广东省广州市天河区 御景半岛 11栋3单元269室,440106197402177923,天河区公安局天河区分局,1992.02.13-2002.02.10,提瓦特小额贷款,76226.37,12,购买新能源汽车,等额本息
IMG_01483,loan_1187/face_signing.jpg,LN2024001187,SG_125,1,T,周晨,女,汉族,1999-09-08,天津市天津市和平区 阳光100 12栋2单元790室,120101199909086388,和平区公安局和平区分局,2017.09.03-2027.09.01,潘多拉普惠金融,395369.65,36,二手房交易,等额本金
IMG_01484,loan_1188/face_signing.jpg,LN2024001188,SG_126,1,T,胡宇,男,汉族,1985-06-09,上海市上海市黄浦区 星河湾畔 17栋5单元1525室,310101198506092311,黄浦区公安局黄浦区分局,2003.06.05-2013.06.02,哥谭市小额贷款中心,648925.76,24,二手房交易,等额本金
IMG_01485,loan_1189/face_signing.jpg,LN2024001189,SG_127,1,T,陈晨,女,汉族,2005-07-06,江苏省南京市鼓楼区 香榭丽舍 14栋3单元490室,32010620050706974X,鼓楼区公安局鼓楼区分局,2023.07.02-2033.06.29,新亚特兰蒂斯商业银行,816418.16,24,购房首付,等额本金
IMG_01486,loan_1190/face_signing.jpg,LN2024001190,SG_128,1,T,李勇,男,汉族,1997-08-09,北京市北京市东城区 碧水云天 10栋2单元785室,110101199708099252,东城区公安局东城区分局,2015.08.05-2025.08.02,阿卡姆消费金融,413015.98,24,购房首付,按月付息，到期还本
IMG_01487,loan_1191/face_signing.jpg,LN2024001191,SG_129,1,T,高建,女,汉族,2003-12-01,天津市天津市和平区 锦绣家园 9栋6单元997室,120101200312014184,和平区公安局和平区分局,2021.11.26-2031.11.24,夏尔农业信贷,2498710.71,120,企业流动资金,等额本金
IMG_01488,loan_1192/face_signing.jpg,LN2024001192,SG_130,1,T,朱婷,女,汉族,1997-11-10,山东省济南市历下区 香榭丽舍 10栋1单元1714室,37010219971110626X,历下区公安局历下区分局,2015.11.06-2025.11.03,琅琊商业银行,120065.61,3,购买燃油车,一次性还本付息
IMG_01489,loan_1193/face_signing.jpg,LN2024001193,SG_131,1,T,徐丽,女,汉族,1961-09-13,广东省深圳市南山区 锦绣家园 4栋4单元1832室,440305196109133307,南山区公安局南山区分局,1979.09.09-1989.09.06,潘多拉普惠金融,2030553.06,240,企业流动资金,等额本金
IMG_01490,loan_1194/face_signing.jpg,LN2024001194,SG_132,1,T,高建,女,汉族,1968-10-26,北京市北京市朝阳区 锦绣家园 6栋3单元393室,110105196810265001,朝阳区公安局朝阳区分局,1986.10.22-1996.10.19,艾泽拉斯数字科技,2902237.66,360,二手房交易,等额本息
IMG_01491,loan_1195/face_signing.jpg,LN2024001195,SG_133,1,T,徐婷,女,汉族,2006-03-27,湖北省武汉市武昌区 绿地新江湾 19栋2单元279室,420106200603275889,武昌区公安局武昌区分局,2024.03.22-2034.03.20,九又四分之三信贷中心,4775103.45,120,企业流动资金,等额本息
IMG_01492,loan_1196/face_signing.jpg,LN2024001196,SG_134,1,T,李梓轩,女,汉族,1978-05-14,广东省广州市天河区 普罗旺斯 7栋3单元885室,440106197805145862,天河区公安局天河区分局,1996.05.09-2006.05.07,夏尔农业信贷,724337.27,240,扩大生产,等额本金
IMG_01493,loan_1197/face_signing.jpg,LN2024001197,SG_135,1,T,吴子涵,女,汉族,2005-12-16,陕西省西安市雁塔区 中央公园 17栋5单元129室,610113200512167988,雁塔区公安局雁塔区分局,2023.12.12-2033.12.09,昆仑数字科技有限公司,111736.37,6,婚庆,一次性还本付息
IMG_01494,loan_1198/face_signing.jpg,LN2024001198,SG_136,1,T,郭华,女,汉族,1979-12-14,湖北省武汉市江岸区 紫金华府 7栋1单元385室,420102197912144786,江岸区公安局江岸区分局,1997.12.09-2007.12.07,新亚特兰蒂斯商业银行,51529.46,6,购买新能源汽车,先息后本
IMG_01495,loan_1199/face_signing.jpg,LN2024001199,SG_137,1,T,罗梓轩,女,汉族,1989-06-02,四川省成都市锦江区 紫金华府 20栋3单元1660室,510104198906023709,锦江区公安局锦江区分局,2007.05.29-2017.05.26,九又四分之三信贷中心,71475.28,3,婚庆,一次性还本付息
IMG_01496,loan_1200/face_signing.jpg,LN2024001200,SG_138,1,T,郭磊,男,汉族,1978-12-08,云南省昆明市五华区 锦绣家园 9栋2单元385室,530102197812088815,五华区公安局五华区分局,1996.12.03-2006.12.01,瓦坎达信贷中心,3248783.96,240,企业流动资金,按月付息，到期还本
IMG_01497,loan_1201/face_signing.jpg,LN2024001201,SG_139,1,T,王华,女,汉族,1972-05-01,河南省郑州市金水区 中央公园 20栋5单元2419室,410105197205019561,金水区公安局金水区分局,1990.04.27-2000.04.24,星火基地普惠金融,4544131.97,120,企业流动资金,等额本金
IMG_01498,loan_1202/face_signing.jpg,LN2024001202,SG_140,1,T,林超,男,汉族,1983-08-07,新疆维吾尔自治区乌鲁木齐市天山区 中央公园 16栋2单元1724室,650102198308075937,天山区公安局天山区分局,2001.08.02-2011.07.31,瓦坎达信贷中心,606104.53,120,扩大生产,等额本金
IMG_01499,loan_1203/face_signing.jpg,LN2024001203,SG_141,1,T,何勇,男,汉族,1994-01-10,江西省南昌市东湖区 紫金华府 2栋5单元567室,360102199401100899,东湖区公安局东湖区分局,2012.01.06-2022.01.03,新亚特兰蒂斯商业银行,324545.1,24,企业流动资金,按月付息，到期还本
IMG_01500,loan_1204/face_signing.jpg,LN2024001204,SG_142,1,T,杨文,女,汉族,1963-04-28,江苏省苏州市虎丘区 悦海名邸 3栋2单元1971室,32050519630428274X,虎丘区公安局虎丘区分局,1981.04.23-1991.04.21,瓦坎达信贷中心,700461.29,36,二手房交易,等额本息
IMG_01501,loan_1205/face_signing.jpg,LN2024001205,SG_143,1,T,罗佳,女,汉族,1977-11-30,江苏省南京市鼓楼区 御景半岛 6栋4单元1953室,320106197711304669,鼓楼区公安局鼓楼区分局,1995.11.26-2005.11.23,瓦坎达信贷中心,2487609.2,240,二手房交易,等额本金
IMG_01502,loan_1206/face_signing.jpg,LN2024001206,SG_144,1,T,朱明,男,汉族,1978-12-05,安徽省合肥市庐阳区 绿地新江湾 1栋3单元1572室,340103197812058932,庐阳区公安局庐阳区分局,1996.11.30-2006.11.28,潘多拉普惠金融,3113057.33,240,企业流动资金,等额本息
IMG_01503,loan_1207/face_signing.jpg,LN2024001207,SG_145,1,T,李平,男,汉族,2003-11-29,上海市上海市黄浦区 阳光100 6栋5单元749室,310101200311290991,黄浦区公安局黄浦区分局,2021.11.24-2031.11.22,木叶村消费金融,100724.88,60,购买燃油车,等额本金
IMG_01504,loan_1208/face_signing.jpg,LN2024001208,SG_146,1,T,张娟,女,苗族,1978-01-07,上海市上海市黄浦区 绿地新江湾 6栋5单元952室,310101197801070145,黄浦区公安局黄浦区分局,1996.01.03-2005.12.31,阿卡姆消费金融,120112.16,24,购买燃油车,按月付息，到期还本
IMG_01505,loan_1209/face_signing.jpg,LN2024001209,SG_147,1,T,吴明,男,汉族,1988-04-04,云南省昆明市五华区 碧水云天 18栋6单元1143室,530102198804041333,五华区公安局五华区分局,2006.03.31-2016.03.28,哥谭市小额贷款中心,19749.65,12,教育进修,按月付息，到期还本
IMG_01506,loan_1210/face_signing.jpg,LN2024001210,SG_148,1,T,郭宇,男,汉族,1980-02-15,新疆维吾尔自治区乌鲁木齐市天山区 翠湖雅苑 9栋1单元2263室,650102198002153955,天山区公安局天山区分局,1998.02.10-2008.02.08,潘多拉普惠金融,101692.8,6,房屋装修,一次性还本付息
IMG_01507,loan_1211/face_signing.jpg,LN2024001211,SG_149,1,T,吴浩,女,汉族,1994-01-19,湖北省武汉市江岸区 阳光100 15栋3单元1681室,420102199401198423,江岸区公安局江岸区分局,2012.01.15-2022.01.12,夏尔农业信贷,834258.64,120,购房首付,等额本息
IMG_01508,loan_1212/face_signing.jpg,LN2024001212,SG_150,1,T,王静,女,汉族,1982-03-27,河南省郑州市金水区 香榭丽舍 3栋1单元766室,410105198203275881,金水区公安局金水区分局,2000.03.22-2010.03.20,霍格沃茨魔法银行,845880.62,24,购房首付,按月付息，到期还本
IMG_01509,loan_1213/face_signing.jpg,LN2024001213,SG_151,1,T,李子涵,男,汉族,1973-10-12,北京市北京市东城区 锦绣家园 12栋6单元2452室,110101197310126856,东城区公安局东城区分局,1991.10.08-2001.10.05,赛博城消费金融有限公司,314641.93,60,购房首付,等额本金
IMG_01510,loan_1214/face_signing.jpg,LN2024001214,SG_152,1,T,何平,女,回族,1998-07-24,陕西省西安市新城区 绿地新江湾 19栋2单元2326室,610102199807248123,新城区公安局新城区分局,2016.07.19-2026.07.17,霍格沃茨魔法银行,91257.2,3,婚庆,先息后本
IMG_01511,loan_1215/face_signing.jpg,LN2024001215,SG_153,1,T,杨雪,女,汉族,1971-03-06,江苏省南京市鼓楼区 阳光100 1栋6单元1903室,320106197103066222,鼓楼区公安局鼓楼区分局,1989.03.01-1999.02.27,潘多拉普惠金融,411721.21,36,扩大生产,等额本息
IMG_01512,loan_1216/face_signing.jpg,LN2024001216,SG_154,1,T,周浩,男,汉族,2008-03-20,广东省广州市荔湾区 中央公园 11栋3单元1295室,440103200803204334,荔湾区公安局荔湾区分局,2026.03.16-2036.03.13,新亚特兰蒂斯商业银行,110377.49,3,购买燃油车,先息后本
IMG_01513,loan_1217/face_signing.jpg,LN2024001217,SG_155,1,T,林晨,女,汉族,1990-11-12,贵州省贵阳市云岩区 绿地新江湾 19栋5单元1837室,520103199011123725,云岩区公安局云岩区分局,2008.11.07-2018.11.05,琅琊商业银行,130853.49,3,购买燃油车,一次性还本付息
IMG_01514,loan_1218/face_signing.jpg,LN2024001218,SG_156,1,T,郭丽,女,汉族,1974-09-11,浙江省杭州市西湖区 龙腾盛世 1栋5单元2310室,330106197409116765,西湖区公安局西湖区分局,1992.09.06-2002.09.04,木叶村消费金融,3522580.87,240,购房首付,等额本金
IMG_01515,loan_1219/face_signing.jpg,LN2024001219,SG_157,1,T,罗宇,男,汉族,2002-12-17,广东省深圳市福田区 悦海名邸 18栋5单元1542室,440304200212176295,福田区公安局福田区分局,2020.12.12-2030.12.10,艾泽拉斯数字科技,1243462.72,240,企业流动资金,按月付息，到期还本
IMG_01516,loan_1220/face_signing.jpg,LN2024001220,SG_158,1,T,胡建国,男,汉族,1980-08-08,重庆市重庆市渝中区 绿地新江湾 19栋5单元2287室,500103198008086072,渝中区公安局渝中区分局,1998.08.04-2008.08.01,昆仑数字科技有限公司,1097383.65,240,企业流动资金,等额本息
IMG_01517,loan_1221/face_signing.jpg,LN2024001221,SG_159,1,T,郭秀,女,汉族,1989-12-21,江苏省苏州市虎丘区 翠湖雅苑 1栋1单元236室,320505198912216905,虎丘区公安局虎丘区分局,2007.12.17-2017.12.14,琅琊商业银行,1634832.96,120,二手房交易,等额本金
IMG_01518,loan_1222/face_signing.jpg,LN2024001222,SG_160,1,T,黄娟,女,汉族,1975-06-15,云南省昆明市五华区 锦绣华庭 2栋3单元174室,530102197506154984,五华区公安局五华区分局,1993.06.10-2003.06.08,潘多拉普惠金融,3341032.09,240,企业流动资金,按月付息，到期还本
IMG_01519,loan_1223/face_signing.jpg,LN2024001223,SG_161,1,T,罗晨,男,汉族,1963-11-15,湖北省武汉市武昌区 绿地新江湾 6栋5单元125室,420106196311151754,武昌区公安局武昌区分局,1981.11.10-1991.11.08,哥谭市小额贷款中心,4345857.34,240,企业流动资金,等额本息
IMG_01520,loan_1224/face_signing.jpg,LN2024001224,SG_162,1,T,马明,男,汉族,1980-04-23,湖北省武汉市武昌区 枫林晚居 17栋2单元1162室,420106198004236474,武昌区公安局武昌区分局,1998.04.19-2008.04.16,潘多拉普惠金融,480817.31,60,购房首付,按月付息，到期还本
IMG_01521,loan_1225/face_signing.jpg,LN2024001225,SG_163,1,T,胡慧,女,满族,2008-06-04,湖北省武汉市江岸区 威尼斯水城 13栋3单元1558室,420102200806045383,江岸区公安局江岸区分局,2026.05.31-2036.05.28,瓦坎达信贷中心,117970.65,36,购买燃油车,等额本金
IMG_01522,loan_1226/face_signing.jpg,LN2024001226,SG_164,1,T,孙平,男,汉族,1971-12-24,四川省成都市武侯区 御景半岛 12栋4单元1052室,510107197112249954,武侯区公安局武侯区分局,1989.12.19-1999.12.17,瓦坎达信贷中心,721219.32,360,购房首付,等额本金
IMG_01523,loan_1227/face_signing.jpg,LN2024001227,SG_165,1,T,高建国,男,汉族,1972-07-19,四川省成都市锦江区 锦绣华庭 3栋2单元2417室,510104197207192656,锦江区公安局锦江区分局,1990.07.15-2000.07.12,阿卡姆消费金融,398970.84,24,购房首付,按月付息，到期还本
IMG_01524,loan_1228/face_signing.jpg,LN2024001228,SG_166,1,T,孙宇,女,汉族,1979-06-30,陕西省西安市雁塔区 枫林晚居 10栋3单元2019室,610113197906306229,雁塔区公安局雁塔区分局,1997.06.25-2007.06.23,新亚特兰蒂斯商业银行,4735585.21,120,购房首付,等额本金
IMG_01525,loan_1229/face_signing.jpg,LN2024001229,SG_167,1,T,王宇,男,汉族,1991-07-17,陕西省西安市新城区 枫林晚居 6栋3单元1461室,610102199107170038,新城区公安局新城区分局,2009.07.12-2019.07.10,星火基地普惠金融,29951.02,12,教育进修,按月付息，到期还本
IMG_01526,loan_1230/face_signing.jpg,LN2024001230,SG_168,1,T,吴宇,男,土家族,1969-12-03,四川省成都市武侯区 融创壹号院 1栋4单元1452室,510107196912030657,武侯区公安局武侯区分局,1987.11.29-1997.11.26,潘多拉普惠金融,119083.2,3,购买新能源汽车,一次性还本付息
IMG_01527,loan_1231/face_signing.jpg,LN2024001231,SG_169,1,T,吴勇,男,苗族,1961-12-05,江苏省南京市鼓楼区 碧水云天 4栋1单元431室,32010619611205769X,鼓楼区公安局鼓楼区分局,1979.12.01-1989.11.28,哥谭市小额贷款中心,897814.85,24,扩大生产,按月付息，到期还本
IMG_01528,loan_1232/face_signing.jpg,LN2024001232,SG_170,1,T,黄宇,女,汉族,1973-08-28,四川省成都市锦江区 中央公园 15栋5单元956室,510104197308282087,锦江区公安局锦江区分局,1991.08.24-2001.08.21,夏尔农业信贷,126181.67,60,房屋装修,等额本息
IMG_01529,loan_1233/face_signing.jpg,LN2024001233,SG_171,1,T,胡子涵,男,汉族,1974-02-23,北京市北京市朝阳区 融创壹号院 7栋5单元1351室,110105197402231456,朝阳区公安局朝阳区分局,1992.02.19-2002.02.16,木叶村消费金融,197472.7,24,婚庆,等额本金
IMG_01530,loan_1234/face_signing.jpg,LN2024001234,SG_172,1,T,李建国,男,壮族,1980-09-16,河南省郑州市金水区 阳光100 19栋4单元2212室,410105198009161995,金水区公安局金水区分局,1998.09.12-2008.09.09,九又四分之三信贷中心,947653.67,60,二手房交易,等额本息
IMG_01531,loan_1235/face_signing.jpg,LN2024001235,SG_173,1,T,黄平,男,汉族,1976-01-08,福建省福州市鼓楼区 碧水云天 14栋4单元1056室,350102197601081599,鼓楼区公安局鼓楼区分局,1994.01.03-2004.01.01,星火基地普惠金融,19947.71,3,日常消费,先息后本
IMG_01532,loan_1236/face_signing.jpg,LN2024001236,SG_174,1,T,马浩,女,壮族,2002-11-28,上海市上海市黄浦区 绿地新江湾 19栋2单元383室,310101200211288747,黄浦区公安局黄浦区分局,2020.11.23-2030.11.21,琅琊商业银行,623777.36,36,二手房交易,按月付息，到期还本
IMG_01533,loan_1237/face_signing.jpg,LN2024001237,SG_175,1,T,杨晨,女,汉族,2001-01-08,福建省厦门市思明区 普罗旺斯 20栋6单元603室,350203200101081900,思明区公安局思明区分局,2019.01.04-2029.01.01,阿卡姆消费金融,871665.42,24,二手房交易,等额本金
IMG_01534,loan_1238/face_signing.jpg,LN2024001238,SG_176,1,T,朱梓轩,男,汉族,1960-10-09,天津市天津市和平区 威尼斯水城 8栋5单元2450室,120101196010091759,和平区公安局和平区分局,1978.10.05-1988.10.02,星火基地普惠金融,127615.5,12,房屋装修,等额本金
IMG_01535,loan_1239/face_signing.jpg,LN2024001239,SG_177,1,T,马磊,男,壮族,1965-02-18,山东省青岛市崂山区 威尼斯水城 19栋3单元2146室,370212196502184696,崂山区公安局崂山区分局,1983.02.14-1993.02.11,阿卡姆消费金融,369907.44,60,二手房交易,等额本金
IMG_01536,loan_1240/face_signing.jpg,LN2024001240,SG_178,1,T,高敏,女,汉族,2005-05-12,湖南省长沙市芙蓉区 普罗旺斯 20栋1单元1163室,430102200505124442,芙蓉区公安局芙蓉区分局,2023.05.08-2033.05.05,新亚特兰蒂斯商业银行,4847582.72,240,购房首付,等额本金
IMG_01537,loan_1241/face_signing.jpg,LN2024001241,SG_179,1,T,杨平,女,汉族,1989-01-25,湖南省长沙市芙蓉区 翠湖雅苑 16栋2单元1956室,430102198901259568,芙蓉区公安局芙蓉区分局,2007.01.21-2017.01.18,赛博城消费金融有限公司,593095.3,24,购房首付,等额本息
IMG_01538,loan_1242/face_signing.jpg,LN2024001242,SG_180,1,T,赵华,男,汉族,1980-12-22,北京市北京市朝阳区 龙腾盛世 15栋4单元1015室,110105198012221572,朝阳区公安局朝阳区分局,1998.12.18-2008.12.15,木叶村消费金融,318802.2,60,企业流动资金,等额本息
IMG_01539,loan_1243/face_signing.jpg,LN2024001243,SG_181,1,T,何杰,男,汉族,1988-06-30,重庆市重庆市渝中区 威尼斯水城 9栋1单元894室,500103198806306738,渝中区公安局渝中区分局,2006.06.26-2016.06.23,夏尔农业信贷,1826561.79,360,购房首付,按月付息，到期还本
IMG_01540,loan_1244/face_signing.jpg,LN2024001244,SG_182,1,T,胡娟,女,汉族,1983-03-08,江苏省南京市玄武区 枫林晚居 1栋6单元1934室,320102198303086606,玄武区公安局玄武区分局,2001.03.03-2011.03.01,潘多拉普惠金融,1290152.7,360,二手房交易,按月付息，到期还本
IMG_01541,loan_1245/face_signing.jpg,LN2024001245,SG_183,1,T,孙子涵,女,汉族,1967-04-03,贵州省贵阳市云岩区 绿地新江湾 1栋2单元1418室,520103196704035345,云岩区公安局云岩区分局,1985.03.29-1995.03.27,昆仑数字科技有限公司,154470.52,3,购买燃油车,一次性还本付息
IMG_01542,loan_1246/face_signing.jpg,LN2024001246,SG_184,1,T,赵建,男,回族,1961-09-26,广东省深圳市福田区 融创壹号院 15栋3单元983室,440304196109266138,福田区公安局福田区分局,1979.09.22-1989.09.19,艾泽拉斯数字科技,697016.32,36,扩大生产,按月付息，到期还本
IMG_01543,loan_1247/face_signing.jpg,LN2024001247,SG_185,1,T,刘娜,女,汉族,1979-03-28,福建省厦门市思明区 悦海名邸 12栋6单元1941室,35020319790328318X,思明区公安局思明区分局,1997.03.23-2007.03.21,星火基地普惠金融,1762952.86,120,二手房交易,等额本息
IMG_01544,loan_1248/face_signing.jpg,LN2024001248,SG_186,1,T,黄子涵,女,汉族,1961-06-07,北京市北京市朝阳区 枫林晚居 7栋1单元761室,110105196106071481,朝阳区公安局朝阳区分局,1979.06.03-1989.05.31,夏尔农业信贷,503460.49,36,企业流动资金,按月付息，到期还本
IMG_01545,loan_1249/face_signing.jpg,LN2024001249,SG_187,1,T,朱子涵,男,汉族,1985-12-18,山东省济南市历下区 普罗旺斯 13栋5单元1041室,370102198512186071,历下区公安局历下区分局,2003.12.14-2013.12.11,哥谭市小额贷款中心,2708703.05,240,购房首付,等额本息
IMG_01546,loan_1250/face_signing.jpg,LN2024001250,SG_188,1,T,林娜,女,汉族,2004-10-31,广东省广州市荔湾区 锦绣家园 9栋2单元2120室,440103200410316642,荔湾区公安局荔湾区分局,2022.10.27-2032.10.24,星火基地普惠金融,632393.15,24,企业流动资金,按月付息，到期还本
IMG_01547,loan_1251/face_signing.jpg,LN2024001251,SG_189,1,T,郭明,男,汉族,1961-07-16,江苏省苏州市虎丘区 融创壹号院 18栋3单元2500室,320505196107167494,虎丘区公安局虎丘区分局,1979.07.12-1989.07.09,琅琊商业银行,540229.32,24,购房首付,等额本金
IMG_01548,loan_1252/face_signing.jpg,LN2024001252,SG_190,1,T,林浩,男,汉族,1977-05-12,河南省郑州市金水区 枫林晚居 2栋3单元1748室,410105197705120252,金水区公安局金水区分局,1995.05.08-2005.05.05,九又四分之三信贷中心,512718.02,24,购房首付,等额本息
IMG_01549,loan_1253/face_signing.jpg,LN2024001253,SG_191,1,T,黄建,男,汉族,1964-06-25,湖北省武汉市江岸区 紫金华府 12栋3单元1342室,420102196406256051,江岸区公安局江岸区分局,1982.06.21-1992.06.18,潘多拉普惠金融,2523713.85,360,企业流动资金,等额本息
IMG_01550,loan_1254/face_signing.jpg,LN2024001254,SG_192,1,T,陈文,女,汉族,2007-05-16,山东省济南市历下区 东方曼哈顿 9栋3单元1855室,370102200705164602,历下区公安局历下区分局,2025.05.11-2035.05.09,星火基地普惠金融,67238.18,12,购买燃油车,等额本息
IMG_01551,loan_1255/face_signing.jpg,LN2024001255,SG_193,1,T,胡涛,男,汉族,1971-08-24,福建省福州市鼓楼区 枫林晚居 14栋1单元2202室,350102197108244016,鼓楼区公安局鼓楼区分局,1989.08.19-1999.08.17,夏尔农业信贷,548182.56,60,扩大生产,按月付息，到期还本
IMG_01552,loan_1256/face_signing.jpg,LN2024001256,SG_194,1,T,朱勇,男,汉族,2000-08-22,重庆市重庆市渝中区 翠湖雅苑 15栋4单元1863室,500103200008229715,渝中区公安局渝中区分局,2018.08.18-2028.08.15,木叶村消费金融,387559.97,60,购房首付,等额本息
IMG_01553,loan_1257/face_signing.jpg,LN2024001257,SG_195,1,T,赵敏,女,汉族,1976-11-07,云南省昆明市五华区 锦绣华庭 4栋1单元2388室,530102197611075081,五华区公安局五华区分局,1994.11.03-2004.10.31,星火基地普惠金融,99006.83,6,购买燃油车,先息后本
IMG_01554,loan_1258/face_signing.jpg,LN2024001258,SG_196,1,T,高强,男,汉族,1961-06-01,浙江省杭州市西湖区 御景半岛 4栋6单元2291室,330106196106012593,西湖区公安局西湖区分局,1979.05.28-1989.05.25,琅琊商业银行,470347.4,36,扩大生产,等额本金
IMG_01555,loan_1259/face_signing.jpg,LN2024001259,SG_197,1,T,何超,男,回族,2008-07-13,湖南省长沙市芙蓉区 普罗旺斯 12栋6单元1653室,430102200807134216,芙蓉区公安局芙蓉区分局,2026.07.09-2036.07.06,琅琊商业银行,820204.15,240,企业流动资金,等额本息
IMG_01556,loan_1260/face_signing.jpg,LN2024001260,SG_198,1,T,徐志强,男,汉族,1996-03-05,江苏省苏州市虎丘区 绿地新江湾 19栋6单元1817室,320505199603052454,虎丘区公安局虎丘区分局,2014.03.01-2024.02.27,赛博城消费金融有限公司,1359368.28,360,企业流动资金,等额本金
IMG_01557,loan_1261/face_signing.jpg,LN2024001261,SG_199,1,T,李秀,女,汉族,1972-11-24,上海市上海市浦东新区 融创壹号院 7栋6单元1198室,310115197211242208,浦东新区公安局浦东新区分局,1990.11.20-2000.11.17,瓦坎达信贷中心,80382.25,3,购买燃油车,先息后本
IMG_01558,loan_1262/face_signing.jpg,LN2024001262,SG_200,1,T,李浩,男,汉族,1988-09-16,江苏省无锡市新吴区 悦海名邸 19栋6单元1049室,320214198809161635,新吴区公安局新吴区分局,2006.09.12-2016.09.09,霍格沃茨魔法银行,85920.53,3,婚庆,一次性还本付息
IMG_01559,loan_1263/face_signing.jpg,LN2024001263,SG_201,1,T,朱丽,女,汉族,1971-05-05,陕西省西安市雁塔区 融创壹号院 2栋5单元1590室,610113197105050825,雁塔区公安局雁塔区分局,1989.04.30-1999.04.28,哥谭市小额贷款中心,4958250.09,240,二手房交易,按月付息，到期还本
IMG_01560,loan_1264/face_signing.jpg,LN2024001264,SG_202,1,T,徐军,男,汉族,1979-08-09,重庆市重庆市渝中区 碧水云天 10栋3单元676室,500103197908095957,渝中区公安局渝中区分局,1997.08.04-2007.08.02,瓦坎达信贷中心,4632626.25,240,二手房交易,等额本息
IMG_01561,loan_1265/face_signing.jpg,LN2024001265,SG_203,1,T,吴平,男,汉族,1975-12-27,天津市天津市和平区 枫林晚居 17栋5单元750室,120101197512272298,和平区公安局和平区分局,1993.12.22-2003.12.20,提瓦特小额贷款,7745.51,3,旅游,一次性还本付息
IMG_01562,loan_1266/face_signing.jpg,LN2024001266,SG_204,1,T,徐子涵,女,汉族,2006-02-13,安徽省合肥市庐阳区 枫林晚居 19栋4单元216室,340103200602135447,庐阳区公安局庐阳区分局,2024.02.09-2034.02.06,艾泽拉斯数字科技,3910154.99,240,二手房交易,按月付息，到期还本
IMG_01563,loan_1267/face_signing.jpg,LN2024001267,SG_205,1,T,杨超,男,汉族,1986-08-17,福建省厦门市思明区 悦海名邸 20栋2单元1415室,350203198608177338,思明区公安局思明区分局,2004.08.12-2014.08.10,赛博城消费金融有限公司,871221.1,24,扩大生产,等额本息
IMG_01564,loan_1268/face_signing.jpg,LN2024001268,SG_206,1,T,徐宇,女,汉族,1999-07-15,北京市北京市海淀区 东方曼哈顿 2栋3单元521室,11010819990715372X,海淀区公安局海淀区分局,2017.07.10-2027.07.08,提瓦特小额贷款,4369409.65,240,企业流动资金,按月付息，到期还本
IMG_01565,loan_1269/face_signing.jpg,LN2024001269,SG_207,1,T,高秀,女,汉族,2002-10-21,湖北省武汉市江岸区 翠湖雅苑 6栋1单元1048室,420102200210216380,江岸区公安局江岸区分局,2020.10.16-2030.10.14,九又四分之三信贷中心,893303.48,24,购房首付,等额本金
IMG_01566,loan_1270/face_signing.jpg,LN2024001270,SG_208,1,T,朱芳,女,汉族,1987-01-11,浙江省杭州市西湖区 紫金华府 9栋4单元2487室,330106198701116185,西湖区公安局西湖区分局,2005.01.06-2015.01.04,瓦坎达信贷中心,357457.46,36,扩大生产,等额本金
IMG_01567,loan_1271/face_signing.jpg,LN2024001271,SG_209,1,T,郭浩,男,汉族,1989-11-14,天津市天津市东丽区 融创壹号院 1栋3单元1281室,12011019891114741X,东丽区公安局东丽区分局,2007.11.10-2017.11.07,琅琊商业银行,181816.92,3,房屋装修,先息后本
IMG_01568,loan_1272/face_signing.jpg,LN2024001272,SG_210,1,T,王明,男,汉族,1986-10-12,湖北省武汉市江岸区 悦海名邸 1栋2单元1618室,420102198610126712,江岸区公安局江岸区分局,2004.10.07-2014.10.05,艾泽拉斯数字科技,42817.24,3,医疗,先息后本
IMG_01569,loan_1273/face_signing.jpg,LN2024001273,SG_211,1,T,马文,女,汉族,1998-03-24,福建省厦门市思明区 翠湖雅苑 20栋4单元108室,350203199803249389,思明区公安局思明区分局,2016.03.19-2026.03.17,木叶村消费金融,305568.19,36,企业流动资金,按月付息，到期还本
IMG_01570,loan_1274/face_signing.jpg,LN2024001274,SG_212,1,T,黄平,女,汉族,1976-05-07,河南省郑州市金水区 绿地新江湾 6栋6单元1395室,410105197605077322,金水区公安局金水区分局,1994.05.03-2004.04.30,哥谭市小额贷款中心,66095.34,6,购买新能源汽车,一次性还本付息
IMG_01571,loan_1275/face_signing.jpg,LN2024001275,SG_213,1,T,陈娟,女,汉族,2004-10-17,广东省深圳市福田区 普罗旺斯 13栋1单元346室,440304200410174362,福田区公安局福田区分局,2022.10.13-2032.10.10,哥谭市小额贷款中心,81467.99,12,房屋装修,等额本金
IMG_01572,loan_1276/face_signing.jpg,LN2024001276,SG_214,1,T,高婷,女,汉族,1979-07-22,福建省厦门市思明区 御景半岛 17栋3单元2251室,350203197907229762,思明区公安局思明区分局,1997.07.17-2007.07.15,九又四分之三信贷中心,3267800.11,360,二手房交易,按月付息，到期还本
IMG_01573,loan_1277/face_signing.jpg,LN2024001277,SG_215,1,T,吴梓轩,女,汉族,1993-04-03,江苏省南京市玄武区 威尼斯水城 10栋1单元1611室,320102199304033025,玄武区公安局玄武区分局,2011.03.30-2021.03.27,九又四分之三信贷中心,12875.99,3,日常消费,一次性还本付息
IMG_01574,loan_1278/face_signing.jpg,LN2024001278,SG_216,1,T,马丽,女,汉族,1981-06-07,陕西省西安市雁塔区 中央公园 4栋2单元914室,610113198106075981,雁塔区公安局雁塔区分局,1999.06.03-2009.05.31,霍格沃茨魔法银行,148124.42,3,婚庆,先息后本
IMG_01575,loan_1279/face_signing.jpg,LN2024001279,SG_217,1,T,张建国,男,汉族,1968-03-05,上海市上海市浦东新区 绿地新江湾 17栋1单元945室,310115196803050555,浦东新区公安局浦东新区分局,1986.03.01-1996.02.27,艾泽拉斯数字科技,29487.57,3,旅游,一次性还本付息
IMG_01576,loan_1280/face_signing.jpg,LN2024001280,SG_218,1,T,周建,女,汉族,1985-08-31,湖南省长沙市岳麓区 碧水云天 17栋4单元1072室,430104198508311844,岳麓区公安局岳麓区分局,2003.08.27-2013.08.24,提瓦特小额贷款,84023.01,12,婚庆,等额本金
IMG_01577,loan_1281/face_signing.jpg,LN2024001281,SG_219,1,T,朱燕,女,汉族,2007-03-20,福建省福州市鼓楼区 锦绣华庭 9栋3单元1114室,350102200703208647,鼓楼区公安局鼓楼区分局,2025.03.15-2035.03.13,阿卡姆消费金融,1059449.21,120,二手房交易,等额本金
IMG_01578,loan_1282/face_signing.jpg,LN2024001282,SG_220,1,T,朱强,男,汉族,1984-02-22,湖北省武汉市江岸区 威尼斯水城 8栋1单元263室,420102198402225214,江岸区公安局江岸区分局,2002.02.17-2012.02.15,木叶村消费金融,181683.61,6,购买燃油车,先息后本
IMG_01579,loan_1283/face_signing.jpg,LN2024001283,SG_221,1,T,高宇,男,汉族,1998-05-23,贵州省贵阳市云岩区 悦海名邸 15栋2单元2039室,520103199805235593,云岩区公安局云岩区分局,2016.05.18-2026.05.16,夏尔农业信贷,768419.51,24,二手房交易,等额本息
IMG_01580,loan_1284/face_signing.jpg,LN2024001284,SG_222,1,T,高婷,女,汉族,1993-02-26,江苏省南京市玄武区 中央公园 5栋4单元2241室,32010219930226572X,玄武区公安局玄武区分局,2011.02.22-2021.02.19,琅琊商业银行,2841566.2,360,二手房交易,等额本金
IMG_01581,loan_1285/face_signing.jpg,LN2024001285,SG_223,1,T,郭超,男,汉族,1969-12-05,福建省厦门市思明区 紫金华府 8栋1单元1880室,350203196912053437,思明区公安局思明区分局,1987.12.01-1997.11.28,潘多拉普惠金融,583085.17,24,二手房交易,等额本息
IMG_01582,loan_1286/face_signing.jpg,LN2024001286,SG_224,1,T,李晨,男,汉族,1986-12-28,广东省广州市天河区 枫林晚居 6栋2单元1471室,440106198612288052,天河区公安局天河区分局,2004.12.23-2014.12.21,潘多拉普惠金融,445033.22,60,购房首付,等额本息
IMG_01583,loan_1287/face_signing.jpg,LN2024001287,SG_225,1,T,何军,男,汉族,1998-06-23,广东省深圳市福田区 阳光100 14栋5单元523室,440304199806239171,福田区公安局福田区分局,2016.06.18-2026.06.16,昆仑数字科技有限公司,701311.3,36,企业流动资金,等额本金
IMG_01584,loan_1288/face_signing.jpg,LN2024001288,SG_226,1,T,吴磊,男,汉族,1972-09-19,山东省青岛市崂山区 碧水云天 4栋2单元2397室,370212197209195219,崂山区公安局崂山区分局,1990.09.15-2000.09.12,星火基地普惠金融,1805746.23,360,购房首付,按月付息，到期还本
IMG_01585,loan_1289/face_signing.jpg,LN2024001289,SG_227,1,T,何文,女,汉族,2005-06-23,广东省广州市天河区 阳光100 10栋4单元2504室,440106200506231300,天河区公安局天河区分局,2023.06.19-2033.06.16,琅琊商业银行,695262.88,36,扩大生产,等额本金
IMG_01586,loan_1290/face_signing.jpg,LN2024001290,SG_228,1,T,陈宇,男,汉族,1988-03-28,北京市北京市朝阳区 融创壹号院 18栋5单元660室,110105198803280755,朝阳区公安局朝阳区分局,2006.03.24-2016.03.21,星火基地普惠金融,402405.35,24,扩大生产,等额本息
IMG_01587,loan_1291/face_signing.jpg,LN2024001291,SG_229,1,T,何磊,男,汉族,1996-09-16,湖北省武汉市武昌区 碧水云天 11栋4单元1105室,420106199609164834,武昌区公安局武昌区分局,2014.09.12-2024.09.09,琅琊商业银行,108708.87,3,房屋装修,一次性还本付息
IMG_01588,loan_1292/face_signing.jpg,LN2024001292,SG_230,1,T,胡伟,男,汉族,1998-08-15,重庆市重庆市九龙坡区 星河湾畔 19栋6单元1578室,500107199808150116,九龙坡区公安局九龙坡区分局,2016.08.10-2026.08.08,赛博城消费金融有限公司,81042.64,6,购买燃油车,先息后本
IMG_01589,loan_1293/face_signing.jpg,LN2024001293,SG_231,1,T,马丽,女,汉族,1963-05-24,北京市北京市海淀区 阳光100 3栋3单元570室,110108196305245383,海淀区公安局海淀区分局,1981.05.19-1991.05.17,木叶村消费金融,975260.02,60,扩大生产,等额本金
IMG_01590,loan_1294/face_signing.jpg,LN2024001294,SG_232,1,T,黄文,女,汉族,1963-02-09,上海市上海市浦东新区 威尼斯水城 10栋1单元261室,310115196302098403,浦东新区公安局浦东新区分局,1981.02.04-1991.02.02,哥谭市小额贷款中心,927153.25,24,企业流动资金,按月付息，到期还本
IMG_01591,loan_1295/face_signing.jpg,LN2024001295,SG_233,1,T,高梓轩,男,汉族,1977-12-05,云南省昆明市五华区 龙腾盛世 14栋3单元1094室,53010219771205743X,五华区公安局五华区分局,1995.12.01-2005.11.28,昆仑数字科技有限公司,3138673.9,360,购房首付,等额本金
IMG_01592,loan_1296/face_signing.jpg,LN2024001296,SG_234,1,T,周浩,女,汉族,1976-03-02,河南省郑州市金水区 威尼斯水城 3栋6单元1201室,41010519760302346X,金水区公安局金水区分局,1994.02.26-2004.02.24,提瓦特小额贷款,1370311.85,360,购房首付,等额本金
IMG_01593,loan_1297/face_signing.jpg,LN2024001297,SG_235,1,T,徐宇,女,壮族,1977-10-18,江西省南昌市东湖区 锦绣华庭 3栋6单元1126室,360102197710186949,东湖区公安局东湖区分局,1995.10.14-2005.10.11,霍格沃茨魔法银行,51267.27,3,房屋装修,一次性还本付息
IMG_01594,loan_1298/face_signing.jpg,LN2024001298,SG_236,1,T,周超,男,汉族,1998-06-16,北京市北京市东城区 锦绣家园 20栋5单元497室,110101199806162876,东城区公安局东城区分局,2016.06.11-2026.06.09,琅琊商业银行,63341.55,12,购买新能源汽车,按月付息，到期还本
IMG_01595,loan_1299/face_signing.jpg,LN2024001299,SG_237,1,F,徐丽,女,汉族,1965-04-19,山东省济南市历下区 紫金华府 4栋2单元1700室,37010219650419892X,历下区公安局历下区分局,1983.04.15-1993.04.12,夏尔农业信贷,124405.02,12,房屋装修,按月付息，到期还本
IMG_01596,loan_1300/face_signing.jpg,LN2024001300,SG_238,1,F,高伟,男,汉族,1963-02-02,重庆市重庆市九龙坡区 融创壹号院 9栋3单元954室,500107196302021073,九龙坡区公安局九龙坡区分局,1981.01.28-1991.01.26,提瓦特小额贷款,721638.23,240,购房首付,等额本息
IMG_01597,loan_1301/face_signing.jpg,LN2024001301,SG_239,1,F,郭华,女,汉族,1998-10-29,湖北省武汉市江岸区 普罗旺斯 14栋4单元1137室,420102199810295160,江岸区公安局江岸区分局,2016.10.24-2026.10.22,夏尔农业信贷,165422.55,24,房屋装修,按月付息，到期还本
IMG_01598,loan_1302/face_signing.jpg,LN2024001302,SG_240,1,F,马子涵,女,汉族,1985-03-12,广东省深圳市福田区 中央公园 19栋1单元627室,440304198503121307,福田区公安局福田区分局,2003.03.08-2013.03.05,阿卡姆消费金融,861734.6,60,二手房交易,按月付息，到期还本
IMG_01599,loan_1303/face_signing.jpg,LN2024001303,SG_241,1,F,胡平,女,汉族,2005-02-27,重庆市重庆市渝中区 龙腾盛世 16栋5单元2118室,500103200502279726,渝中区公安局渝中区分局,2023.02.23-2033.02.20,提瓦特小额贷款,19904.02,3,教育进修,一次性还本付息
IMG_01600,loan_1304/face_signing.jpg,LN2024001304,SG_242,1,F,林磊,男,汉族,2004-08-21,四川省成都市武侯区 枫林晚居 14栋4单元487室,510107200408212637,武侯区公安局武侯区分局,2022.08.17-2032.08.14,阿卡姆消费金融,47775.49,12,医疗,等额本息
IMG_01601,loan_1305/face_signing.jpg,LN2024001305,SG_243,1,F,罗静,女,汉族,2002-05-03,福建省厦门市思明区 威尼斯水城 13栋1单元1131室,350203200205032281,思明区公安局思明区分局,2020.04.28-2030.04.26,潘多拉普惠金融,3029202.14,120,企业流动资金,等额本息
IMG_01602,loan_1306/face_signing.jpg,LN2024001306,SG_244,1,F,黄伟,男,汉族,1979-04-17,福建省福州市鼓楼区 紫金华府 13栋6单元2351室,350102197904178531,鼓楼区公安局鼓楼区分局,1997.04.12-2007.04.10,赛博城消费金融有限公司,4535834.03,360,企业流动资金,按月付息，到期还本
IMG_01603,loan_1307/face_signing.jpg,LN2024001307,SG_245,1,F,高慧,女,汉族,1984-11-30,浙江省宁波市海曙区 中央公园 17栋1单元655室,330203198411308003,海曙区公安局海曙区分局,2002.11.26-2012.11.23,九又四分之三信贷中心,1664051.15,360,二手房交易,等额本金
IMG_01604,loan_1308/face_signing.jpg,LN2024001308,SG_246,1,F,徐子涵,女,汉族,1985-04-14,新疆维吾尔自治区乌鲁木齐市天山区 香榭丽舍 2栋4单元409室,650102198504148566,天山区公安局天山区分局,2003.04.10-2013.04.07,琅琊商业银行,991814.16,120,购房首付,等额本息
IMG_01605,loan_1309/face_signing.jpg,LN2024001309,SG_247,1,F,高浩,女,汉族,1997-12-06,天津市天津市和平区 碧水云天 11栋6单元911室,120101199712065129,和平区公安局和平区分局,2015.12.02-2025.11.29,阿卡姆消费金融,137051.09,3,婚庆,先息后本
IMG_01606,loan_1310/face_signing.jpg,LN2024001310,SG_248,1,F,徐明,男,汉族,1989-02-20,湖北省武汉市江岸区 翠湖雅苑 5栋1单元1616室,420102198902204735,江岸区公安局江岸区分局,2007.02.16-2017.02.13,九又四分之三信贷中心,162859.69,12,购买新能源汽车,等额本息
IMG_01607,loan_1311/face_signing.jpg,LN2024001311,SG_249,1,F,李磊,男,汉族,2004-05-17,湖南省长沙市芙蓉区 香榭丽舍 17栋4单元1808室,430102200405176771,芙蓉区公安局芙蓉区分局,2022.05.13-2032.05.10,木叶村消费金融,45042.5,3,医疗,一次性还本付息
IMG_01608,loan_1312/face_signing.jpg,LN2024001312,SG_250,1,F,胡杰,男,汉族,1989-01-07,四川省成都市武侯区 融创壹号院 2栋1单元1406室,510107198901079438,武侯区公安局武侯区分局,2007.01.03-2016.12.31,赛博城消费金融有限公司,278703.29,60,购买新能源汽车,等额本息
IMG_01609,loan_1313/face_signing.jpg,LN2024001313,SG_251,1,F,罗建,男,汉族,1982-12-06,湖南省长沙市芙蓉区 御景半岛 3栋3单元1781室,430102198212068635,芙蓉区公安局芙蓉区分局,2000.12.01-2010.11.29,新亚特兰蒂斯商业银行,274515.86,60,购买新能源汽车,按月付息，到期还本
IMG_01610,loan_1314/face_signing.jpg,LN2024001314,SG_252,1,F,何文,女,汉族,2004-11-12,贵州省贵阳市云岩区 星河湾畔 14栋2单元1933室,520103200411120625,云岩区公安局云岩区分局,2022.11.08-2032.11.05,昆仑数字科技有限公司,1424902.49,120,企业流动资金,等额本息
IMG_01611,loan_1315/face_signing.jpg,LN2024001315,SG_253,1,F,胡梓轩,女,满族,1986-08-27,福建省福州市鼓楼区 阳光100 2栋2单元1286室,350102198608278786,鼓楼区公安局鼓楼区分局,2004.08.22-2014.08.20,琅琊商业银行,640155.57,60,扩大生产,等额本金
IMG_01612,loan_1316/face_signing.jpg,LN2024001316,SG_254,1,F,徐涛,男,汉族,1996-05-14,广东省深圳市福田区 锦绣家园 15栋6单元965室,440304199605145179,福田区公安局福田区分局,2014.05.10-2024.05.07,木叶村消费金融,611954.31,24,企业流动资金,等额本金
IMG_01613,loan_1317/face_signing.jpg,LN2024001317,SG_255,1,F,朱强,男,汉族,2003-09-24,浙江省宁波市海曙区 龙腾盛世 10栋3单元790室,330203200309242757,海曙区公安局海曙区分局,2021.09.19-2031.09.17,潘多拉普惠金融,590969.83,36,二手房交易,等额本金
IMG_01614,loan_1318/face_signing.jpg,LN2024001318,SG_256,1,F,赵婷,女,汉族,1972-06-22,湖南省长沙市岳麓区 锦绣华庭 11栋1单元436室,430104197206228709,岳麓区公安局岳麓区分局,1990.06.18-2000.06.15,木叶村消费金融,4287423.34,360,二手房交易,按月付息，到期还本
IMG_01615,loan_1319/face_signing.jpg,LN2024001319,SG_257,1,F,陈宇,女,汉族,1992-03-10,天津市天津市东丽区 碧水云天 11栋2单元2416室,120110199203103488,东丽区公安局东丽区分局,2010.03.06-2020.03.03,艾泽拉斯数字科技,2059726.32,240,二手房交易,等额本息
IMG_01616,loan_1320/face_signing.jpg,LN2024001320,SG_258,1,F,何宇,男,汉族,1980-06-03,北京市北京市东城区 龙腾盛世 1栋4单元315室,110101198006031494,东城区公安局东城区分局,1998.05.30-2008.05.27,艾泽拉斯数字科技,274231.09,24,购买燃油车,按月付息，到期还本
IMG_01617,loan_1321/face_signing.jpg,LN2024001321,SG_259,1,F,黄梓轩,男,汉族,1970-10-28,江苏省苏州市虎丘区 中央公园 10栋2单元1520室,320505197010280612,虎丘区公安局虎丘区分局,1988.10.23-1998.10.21,瓦坎达信贷中心,4079571.41,120,企业流动资金,等额本息
IMG_01618,loan_1322/face_signing.jpg,LN2024001322,SG_260,1,F,孙华,女,汉族,1996-03-01,福建省福州市鼓楼区 龙腾盛世 5栋5单元1484室,350102199603011323,鼓楼区公安局鼓楼区分局,2014.02.25-2024.02.23,新亚特兰蒂斯商业银行,794858.27,24,购房首付,等额本金
IMG_01619,loan_1323/face_signing.jpg,LN2024001323,SG_261,1,F,高宇,男,汉族,1993-06-07,陕西省西安市新城区 碧水云天 7栋2单元2131室,61010219930607257X,新城区公安局新城区分局,2011.06.03-2021.05.31,琅琊商业银行,181033.69,12,购买燃油车,按月付息，到期还本
IMG_01620,loan_1324/face_signing.jpg,LN2024001324,SG_262,1,F,刘宇,男,汉族,1975-12-29,北京市北京市海淀区 紫金华府 14栋6单元2422室,110108197512293411,海淀区公安局海淀区分局,1993.12.24-2003.12.22,昆仑数字科技有限公司,465802.12,60,购房首付,按月付息，到期还本
IMG_01621,loan_1325/face_signing.jpg,LN2024001325,SG_263,1,F,孙涛,男,汉族,1964-04-15,湖北省武汉市江岸区 锦绣家园 3栋3单元1761室,420102196404152099,江岸区公安局江岸区分局,1982.04.11-1992.04.08,昆仑数字科技有限公司,173913.99,3,婚庆,一次性还本付息
IMG_01622,loan_1326/face_signing.jpg,LN2024001326,SG_264,1,F,杨涛,男,满族,2004-10-11,四川省成都市武侯区 紫金华府 11栋6单元184室,510107200410110154,武侯区公安局武侯区分局,2022.10.07-2032.10.04,木叶村消费金融,4959673.32,120,二手房交易,按月付息，到期还本
IMG_01623,loan_1327/face_signing.jpg,LN2024001327,SG_265,1,F,罗梓轩,女,汉族,1988-04-11,湖南省长沙市芙蓉区 枫林晚居 20栋6单元1341室,430102198804117349,芙蓉区公安局芙蓉区分局,2006.04.07-2016.04.04,瓦坎达信贷中心,3494501.31,240,二手房交易,等额本息
IMG_01624,loan_1328/face_signing.jpg,LN2024001328,SG_266,1,F,高宇,男,汉族,1985-05-09,天津市天津市和平区 威尼斯水城 7栋4单元2306室,120101198505091899,和平区公安局和平区分局,2003.05.05-2013.05.02,星火基地普惠金融,4235621.75,240,二手房交易,按月付息，到期还本
IMG_01625,loan_1329/face_signing.jpg,LN2024001329,SG_267,1,F,朱伟,男,汉族,2008-05-30,江苏省苏州市虎丘区 紫金华府 4栋3单元595室,320505200805308492,虎丘区公安局虎丘区分局,2026.05.26-2036.05.23,昆仑数字科技有限公司,157381.73,6,房屋装修,先息后本
IMG_01626,loan_1330/face_signing.jpg,LN2024001330,SG_268,1,F,高建,男,汉族,2003-05-08,重庆市重庆市渝中区 星河湾畔 19栋4单元2301室,500103200305086212,渝中区公安局渝中区分局,2021.05.03-2031.05.01,新亚特兰蒂斯商业银行,143683.3,3,婚庆,先息后本
IMG_01627,loan_1331/face_signing.jpg,LN2024001331,SG_269,1,F,徐梓轩,女,汉族,1960-08-03,云南省昆明市五华区 威尼斯水城 18栋3单元1334室,530102196008039129,五华区公安局五华区分局,1978.07.30-1988.07.27,木叶村消费金融,414599.07,36,企业流动资金,等额本息
IMG_01628,loan_1332/face_signing.jpg,LN2024001332,SG_270,1,F,孙娜,女,汉族,1971-11-18,上海市上海市黄浦区 星河湾畔 11栋3单元199室,310101197111180742,黄浦区公安局黄浦区分局,1989.11.13-1999.11.11,赛博城消费金融有限公司,4937636.56,360,企业流动资金,等额本息
IMG_01629,loan_1333/face_signing.jpg,LN2024001333,SG_271,1,F,何晨,女,汉族,1982-08-08,天津市天津市东丽区 普罗旺斯 14栋1单元682室,120110198208086029,东丽区公安局东丽区分局,2000.08.03-2010.08.01,赛博城消费金融有限公司,2333241.77,360,二手房交易,等额本金
IMG_01630,loan_1334/face_signing.jpg,LN2024001334,SG_272,1,F,孙晨,女,汉族,1960-11-14,天津市天津市东丽区 锦绣家园 4栋6单元358室,120110196011141427,东丽区公安局东丽区分局,1978.11.10-1988.11.07,星火基地普惠金融,97192.37,24,房屋装修,等额本金
IMG_01631,loan_1335/face_signing.jpg,LN2024001335,SG_273,1,F,王建,男,满族,1983-12-20,陕西省西安市新城区 阳光100 17栋2单元2378室,610102198312208539,新城区公安局新城区分局,2001.12.15-2011.12.13,提瓦特小额贷款,4023469.22,120,二手房交易,按月付息，到期还本
IMG_01632,loan_1336/face_signing.jpg,LN2024001336,SG_274,1,F,周华,男,汉族,2001-10-30,江西省南昌市东湖区 锦绣华庭 12栋4单元1484室,360102200110309356,东湖区公安局东湖区分局,2019.10.26-2029.10.23,瓦坎达信贷中心,3366398.9,120,购房首付,等额本金
IMG_01633,loan_1337/face_signing.jpg,LN2024001337,SG_275,1,F,张丽,女,汉族,1970-01-19,广东省广州市荔湾区 枫林晚居 5栋3单元1308室,440103197001191362,荔湾区公安局荔湾区分局,1988.01.15-1998.01.12,赛博城消费金融有限公司,1770524.2,360,二手房交易,等额本金
IMG_01634,loan_1338/face_signing.jpg,LN2024001338,SG_276,1,F,张佳,女,汉族,1979-01-04,天津市天津市东丽区 枫林晚居 18栋1单元745室,120110197901040868,东丽区公安局东丽区分局,1996.12.30-2006.12.28,哥谭市小额贷款中心,175773.71,12,购买新能源汽车,等额本金
IMG_01635,loan_1339/face_signing.jpg,LN2024001339,SG_277,1,F,周建国,男,汉族,2000-12-27,浙江省杭州市上城区 龙腾盛世 9栋6单元1885室,330102200012273577,上城区公安局上城区分局,2018.12.23-2028.12.20,九又四分之三信贷中心,3333877.98,120,二手房交易,按月付息，到期还本
IMG_01636,loan_1340/face_signing.jpg,LN2024001340,SG_278,1,F,黄慧,女,汉族,1984-07-27,山东省青岛市崂山区 威尼斯水城 1栋5单元1736室,370212198407272646,崂山区公安局崂山区分局,2002.07.23-2012.07.20,赛博城消费金融有限公司,22992.86,3,购买家电,先息后本
IMG_01637,loan_1341/face_signing.jpg,LN2024001341,SG_279,1,F,胡伟,男,汉族,1966-12-19,天津市天津市和平区 紫金华府 14栋5单元144室,120101196612198676,和平区公安局和平区分局,1984.12.14-1994.12.12,琅琊商业银行,772576.02,240,购房首付,按月付息，到期还本
IMG_01638,loan_1342/face_signing.jpg,LN2024001342,SG_280,1,F,徐子涵,女,汉族,1986-02-14,天津市天津市和平区 翠湖雅苑 14栋1单元710室,12010119860214880X,和平区公安局和平区分局,2004.02.10-2014.02.07,夏尔农业信贷,4906905.12,360,购房首付,按月付息，到期还本
IMG_01639,loan_1343/face_signing.jpg,LN2024001343,SG_281,1,F,杨娜,女,汉族,1990-05-07,新疆维吾尔自治区乌鲁木齐市天山区 东方曼哈顿 13栋3单元2483室,650102199005077980,天山区公安局天山区分局,2008.05.02-2018.04.30,木叶村消费金融,678430.97,24,扩大生产,等额本金
IMG_01640,loan_1344/face_signing.jpg,LN2024001344,SG_282,1,F,郭宇,男,汉族,1964-12-03,重庆市重庆市九龙坡区 普罗旺斯 11栋5单元475室,500107196412033956,九龙坡区公安局九龙坡区分局,1982.11.29-1992.11.26,赛博城消费金融有限公司,844966.41,240,企业流动资金,等额本息
IMG_01641,loan_1345/face_signing.jpg,LN2024001345,SG_283,1,F,杨娟,女,汉族,2002-06-04,江西省南昌市东湖区 东方曼哈顿 6栋1单元901室,360102200206048787,东湖区公安局东湖区分局,2020.05.30-2030.05.28,九又四分之三信贷中心,190937.61,3,购买燃油车,一次性还本付息
IMG_01642,loan_1346/face_signing.jpg,LN2024001346,SG_284,1,F,陈晨,男,汉族,1971-03-13,北京市北京市海淀区 悦海名邸 17栋6单元552室,110108197103134073,海淀区公安局海淀区分局,1989.03.08-1999.03.06,赛博城消费金融有限公司,47101.68,6,购买家电,先息后本
IMG_01643,loan_1347/face_signing.jpg,LN2024001347,SG_285,1,F,罗雪,女,汉族,1971-06-05,陕西省西安市雁塔区 融创壹号院 12栋4单元1837室,610113197106055724,雁塔区公安局雁塔区分局,1989.05.31-1999.05.29,阿卡姆消费金融,59514.04,6,购买燃油车,一次性还本付息
IMG_01644,loan_1348/face_signing.jpg,LN2024001348,SG_286,1,F,黄建,女,汉族,1982-08-12,山东省济南市历下区 威尼斯水城 14栋2单元1396室,370102198208127464,历下区公安局历下区分局,2000.08.07-2010.08.05,木叶村消费金融,955697.75,60,扩大生产,等额本息
IMG_01645,loan_1349/face_signing.jpg,LN2024001349,SG_287,1,F,林芳,女,汉族,1997-10-01,新疆维吾尔自治区乌鲁木齐市天山区 阳光100 4栋2单元2417室,65010219971001060X,天山区公安局天山区分局,2015.09.27-2025.09.24,提瓦特小额贷款,1282247.39,360,二手房交易,按月付息，到期还本
IMG_01646,loan_1350/face_signing.jpg,LN2024001350,SG_288,1,F,罗晨,女,汉族,1971-04-27,福建省厦门市思明区 御景半岛 14栋4单元1021室,350203197104277066,思明区公安局思明区分局,1989.04.22-1999.04.20,赛博城消费金融有限公司,1432094.38,120,二手房交易,等额本金
IMG_01647,loan_1351/face_signing.jpg,LN2024001351,SG_289,1,F,黄娟,女,汉族,2008-03-11,江苏省南京市鼓楼区 阳光100 12栋1单元356室,320106200803112300,鼓楼区公安局鼓楼区分局,2026.03.07-2036.03.04,霍格沃茨魔法银行,156060.48,3,婚庆,一次性还本付息
IMG_01648,loan_1352/face_signing.jpg,LN2024001352,SG_290,1,F,郭慧,女,汉族,1985-10-27,江苏省无锡市新吴区 星河湾畔 5栋6单元2343室,320214198510272509,新吴区公安局新吴区分局,2003.10.23-2013.10.20,夏尔农业信贷,587379.46,24,扩大生产,按月付息，到期还本
IMG_01649,loan_1353/face_signing.jpg,LN2024001353,SG_291,1,F,周燕,女,汉族,1975-07-13,江苏省南京市玄武区 香榭丽舍 17栋2单元459室,320102197507131507,玄武区公安局玄武区分局,1993.07.08-2003.07.06,琅琊商业银行,933150.99,36,企业流动资金,等额本息
IMG_01650,loan_1354/face_signing.jpg,LN2024001354,SG_292,1,F,陈慧,女,汉族,1977-01-12,江苏省苏州市虎丘区 东方曼哈顿 14栋4单元525室,320505197701129700,虎丘区公安局虎丘区分局,1995.01.08-2005.01.05,艾泽拉斯数字科技,18783.64,6,日常消费,先息后本
IMG_01651,loan_1355/face_signing.jpg,LN2024001355,SG_293,1,F,吴磊,男,汉族,1991-02-02,贵州省贵阳市云岩区 悦海名邸 7栋3单元1022室,520103199102021994,云岩区公安局云岩区分局,2009.01.28-2019.01.26,提瓦特小额贷款,4665615.12,240,二手房交易,等额本金
IMG_01652,loan_1356/face_signing.jpg,LN2024001356,SG_294,1,F,赵子涵,男,汉族,1990-12-10,四川省成都市武侯区 阳光100 7栋3单元1166室,510107199012104116,武侯区公安局武侯区分局,2008.12.05-2018.12.03,新亚特兰蒂斯商业银行,1009424.53,360,企业流动资金,按月付息，到期还本
IMG_01653,loan_1357/face_signing.jpg,LN2024001357,SG_295,1,F,胡晨,男,汉族,1997-05-05,陕西省西安市雁塔区 融创壹号院 19栋2单元195室,610113199705050975,雁塔区公安局雁塔区分局,2015.05.01-2025.04.28,阿卡姆消费金融,783310.31,36,购房首付,等额本金
IMG_01654,loan_1358/face_signing.jpg,LN2024001358,SG_296,1,F,吴建国,男,汉族,1962-11-03,广东省深圳市南山区 御景半岛 6栋6单元2200室,440305196211036474,南山区公安局南山区分局,1980.10.29-1990.10.27,夏尔农业信贷,2847962.04,360,二手房交易,等额本金
IMG_01655,loan_1359/face_signing.jpg,LN2024001359,SG_297,1,F,高建国,男,汉族,1964-05-31,北京市北京市海淀区 融创壹号院 11栋1单元1729室,110108196405315676,海淀区公安局海淀区分局,1982.05.27-1992.05.24,新亚特兰蒂斯商业银行,114687.02,3,购买燃油车,先息后本
IMG_01656,loan_1360/face_signing.jpg,LN2024001360,SG_298,1,F,周超,男,汉族,1977-08-28,湖北省武汉市武昌区 翠湖雅苑 10栋5单元361室,420106197708283039,武昌区公安局武昌区分局,1995.08.24-2005.08.21,新亚特兰蒂斯商业银行,127756.04,12,购买燃油车,等额本息
IMG_01657,loan_1361/face_signing.jpg,LN2024001361,SG_299,1,F,吴志强,男,彝族,1982-11-05,贵州省贵阳市云岩区 融创壹号院 2栋5单元137室,520103198211056454,云岩区公安局云岩区分局,2000.10.31-2010.10.29,阿卡姆消费金融,2522203.04,240,二手房交易,按月付息，到期还本
IMG_01658,loan_1362/face_signing.jpg,LN2024001362,SG_300,1,F,刘磊,男,汉族,1962-02-23,北京市北京市朝阳区 普罗旺斯 10栋1单元802室,110105196202234973,朝阳区公安局朝阳区分局,1980.02.19-1990.02.16,夏尔农业信贷,2082048.34,360,购房首付,等额本息
IMG_01659,loan_1363/face_signing.jpg,LN2024001363,SG_301,1,F,黄华,女,汉族,2004-06-09,天津市天津市东丽区 星河湾畔 7栋6单元1968室,12011020040609736X,东丽区公安局东丽区分局,2022.06.05-2032.06.02,星火基地普惠金融,647643.8,36,扩大生产,按月付息，到期还本
IMG_01660,loan_1364/face_signing.jpg,LN2024001364,SG_302,1,F,林浩,男,汉族,1979-02-07,山东省济南市历下区 阳光100 2栋1单元807室,370102197902078071,历下区公安局历下区分局,1997.02.02-2007.01.31,新亚特兰蒂斯商业银行,171579.91,3,房屋装修,先息后本
IMG_01661,loan_1365/face_signing.jpg,LN2024001365,SG_303,1,F,周文,男,汉族,2006-10-10,湖南省长沙市岳麓区 御景半岛 20栋1单元1242室,430104200610105350,岳麓区公安局岳麓区分局,2024.10.05-2034.10.03,提瓦特小额贷款,226995.34,36,购买燃油车,按月付息，到期还本
IMG_01662,loan_1366/face_signing.jpg,LN2024001366,SG_304,1,F,胡浩,女,汉族,1983-12-28,安徽省合肥市庐阳区 锦绣家园 1栋1单元278室,340103198312286503,庐阳区公安局庐阳区分局,2001.12.23-2011.12.21,霍格沃茨魔法银行,1211276.1,240,购房首付,等额本息
IMG_01663,loan_1367/face_signing.jpg,LN2024001367,SG_305,1,F,孙涛,男,汉族,1965-04-21,广东省深圳市南山区 锦绣华庭 17栋5单元1505室,440305196504215759,南山区公安局南山区分局,1983.04.17-1993.04.14,赛博城消费金融有限公司,2609935.79,120,企业流动资金,等额本金
IMG_01664,loan_1368/face_signing.jpg,LN2024001368,SG_306,1,F,赵宇,男,汉族,1975-12-08,江苏省南京市玄武区 融创壹号院 13栋6单元1327室,320102197512082973,玄武区公安局玄武区分局,1993.12.03-2003.12.01,霍格沃茨魔法银行,14021.88,6,旅游,先息后本
IMG_01665,loan_1369/face_signing.jpg,LN2024001369,SG_307,1,F,刘子涵,男,汉族,1996-11-03,天津市天津市和平区 翠湖雅苑 3栋1单元363室,120101199611034892,和平区公安局和平区分局,2014.10.30-2024.10.27,九又四分之三信贷中心,562526.02,60,购房首付,按月付息，到期还本
IMG_01666,loan_1370/face_signing.jpg,LN2024001370,SG_308,1,F,李平,女,汉族,1965-10-06,上海市上海市浦东新区 御景半岛 17栋3单元1395室,310115196510060207,浦东新区公安局浦东新区分局,1983.10.02-1993.09.29,霍格沃茨魔法银行,166296.59,24,购买燃油车,等额本金
IMG_01667,loan_1371/face_signing.jpg,LN2024001371,SG_309,1,F,吴军,男,汉族,1972-06-27,浙江省宁波市海曙区 锦绣家园 5栋3单元1273室,33020319720627599X,海曙区公安局海曙区分局,1990.06.23-2000.06.20,赛博城消费金融有限公司,99317.41,24,购买新能源汽车,等额本息
IMG_01668,loan_1372/face_signing.jpg,LN2024001372,SG_310,1,F,何浩,男,汉族,1971-07-02,广东省深圳市南山区 碧水云天 10栋1单元1324室,440305197107020151,南山区公安局南山区分局,1989.06.27-1999.06.25,九又四分之三信贷中心,7114.95,3,旅游,一次性还本付息
IMG_01669,loan_1373/face_signing.jpg,LN2024001373,SG_311,1,F,张娜,女,汉族,1984-06-14,江西省南昌市东湖区 枫林晚居 2栋4单元1236室,360102198406140705,东湖区公安局东湖区分局,2002.06.10-2012.06.07,木叶村消费金融,702008.77,24,企业流动资金,等额本金
IMG_01670,loan_1374/face_signing.jpg,LN2024001374,SG_312,1,F,郭建,男,汉族,1977-11-02,广东省深圳市福田区 东方曼哈顿 11栋2单元769室,440304197711022253,福田区公安局福田区分局,1995.10.29-2005.10.26,夏尔农业信贷,83551.7,3,婚庆,一次性还本付息
IMG_01671,loan_1375/face_signing.jpg,LN2024001375,SG_313,1,F,高雪,女,汉族,2004-06-04,广东省广州市天河区 悦海名邸 2栋2单元1029室,440106200406041120,天河区公安局天河区分局,2022.05.31-2032.05.28,瓦坎达信贷中心,4108277.9,360,二手房交易,等额本息
IMG_01672,loan_1376/face_signing.jpg,LN2024001376,SG_314,1,F,高梓轩,女,汉族,1983-01-01,北京市北京市海淀区 锦绣家园 14栋4单元506室,11010819830101304X,海淀区公安局海淀区分局,2000.12.27-2010.12.25,琅琊商业银行,483604.14,60,二手房交易,按月付息，到期还本
IMG_01673,loan_1377/face_signing.jpg,LN2024001377,SG_315,1,F,朱平,男,汉族,2007-08-12,湖南省长沙市芙蓉区 中央公园 15栋1单元367室,430102200708122594,芙蓉区公安局芙蓉区分局,2025.08.07-2035.08.05,木叶村消费金融,955014.87,60,二手房交易,等额本息
IMG_01674,loan_1378/face_signing.jpg,LN2024001378,SG_316,1,F,何静,女,汉族,1979-10-03,广东省深圳市福田区 锦绣华庭 14栋2单元1917室,440304197910039760,福田区公安局福田区分局,1997.09.28-2007.09.26,九又四分之三信贷中心,328894.03,24,购房首付,等额本息
IMG_01675,loan_1379/face_signing.jpg,LN2024001379,SG_317,1,F,高志强,男,汉族,1968-12-30,天津市天津市和平区 中央公园 7栋6单元1451室,120101196812301359,和平区公安局和平区分局,1986.12.26-1996.12.23,提瓦特小额贷款,125562.66,3,婚庆,先息后本
IMG_01676,loan_1380/face_signing.jpg,LN2024001380,SG_318,1,F,徐宇,男,汉族,1976-03-16,浙江省宁波市海曙区 锦绣家园 11栋3单元133室,33020319760316031X,海曙区公安局海曙区分局,1994.03.12-2004.03.09,瓦坎达信贷中心,4599489.85,240,企业流动资金,等额本金
IMG_01677,loan_1381/face_signing.jpg,LN2024001381,SG_319,1,F,孙梓轩,男,汉族,1961-05-10,北京市北京市海淀区 中央公园 15栋2单元2456室,110108196105106039,海淀区公安局海淀区分局,1979.05.06-1989.05.03,瓦坎达信贷中心,1425529.72,360,购房首付,等额本息
IMG_01678,loan_1382/face_signing.jpg,LN2024001382,SG_320,1,F,徐宇,男,汉族,1969-11-05,天津市天津市东丽区 普罗旺斯 13栋2单元1524室,120110196911052454,东丽区公安局东丽区分局,1987.11.01-1997.10.29,昆仑数字科技有限公司,172754.68,60,购买燃油车,等额本金
IMG_01679,loan_1383/face_signing.jpg,LN2024001383,SG_321,1,F,李娜,女,土家族,1979-08-30,江西省南昌市东湖区 绿地新江湾 18栋3单元1150室,360102197908302706,东湖区公安局东湖区分局,1997.08.25-2007.08.23,琅琊商业银行,12408.35,6,旅游,先息后本
IMG_01680,loan_1384/face_signing.jpg,LN2024001384,SG_322,1,F,徐娜,女,汉族,1982-11-01,上海市上海市黄浦区 香榭丽舍 8栋3单元151室,310101198211011625,黄浦区公安局黄浦区分局,2000.10.27-2010.10.25,霍格沃茨魔法银行,431448.94,60,购房首付,按月付息，到期还本
IMG_01681,loan_1385/face_signing.jpg,LN2024001385,SG_323,1,F,杨平,男,汉族,1986-10-14,安徽省合肥市庐阳区 碧水云天 20栋6单元911室,340103198610148192,庐阳区公安局庐阳区分局,2004.10.09-2014.10.07,新亚特兰蒂斯商业银行,3758022.04,360,企业流动资金,等额本金
IMG_01682,loan_1386/face_signing.jpg,LN2024001386,SG_324,1,F,孙建国,男,汉族,1983-04-29,广东省深圳市南山区 锦绣华庭 9栋6单元2289室,440305198304297533,南山区公安局南山区分局,2001.04.24-2011.04.22,瓦坎达信贷中心,8096.16,3,购买家电,先息后本
IMG_01683,loan_1387/face_signing.jpg,LN2024001387,SG_325,1,F,林文,女,汉族,1994-03-31,广东省广州市荔湾区 绿地新江湾 15栋1单元2335室,440103199403313026,荔湾区公安局荔湾区分局,2012.03.26-2022.03.24,艾泽拉斯数字科技,4173669.89,120,企业流动资金,等额本金
IMG_01684,loan_1388/face_signing.jpg,LN2024001388,SG_326,1,F,赵明,男,汉族,1964-03-16,新疆维吾尔自治区乌鲁木齐市天山区 翠湖雅苑 14栋1单元1692室,650102196403160735,天山区公安局天山区分局,1982.03.12-1992.03.09,霍格沃茨魔法银行,964769.96,120,企业流动资金,等额本金
IMG_01685,loan_1389/face_signing.jpg,LN2024001389,SG_327,1,F,刘志强,男,汉族,2002-07-23,天津市天津市和平区 悦海名邸 12栋3单元2358室,120101200207233959,和平区公安局和平区分局,2020.07.18-2030.07.16,阿卡姆消费金融,4535027.05,120,二手房交易,按月付息，到期还本
IMG_01686,loan_1390/face_signing.jpg,LN2024001390,SG_328,1,F,吴建国,男,汉族,1967-06-29,浙江省宁波市海曙区 阳光100 3栋1单元259室,330203196706291772,海曙区公安局海曙区分局,1985.06.24-1995.06.22,夏尔农业信贷,1534881.31,360,企业流动资金,按月付息，到期还本
IMG_01687,loan_1391/face_signing.jpg,LN2024001391,SG_329,1,F,陈佳,女,汉族,1995-06-18,河南省郑州市金水区 绿地新江湾 17栋3单元1143室,410105199506184308,金水区公安局金水区分局,2013.06.13-2023.06.11,木叶村消费金融,406641.59,60,企业流动资金,按月付息，到期还本
IMG_01688,loan_1392/face_signing.jpg,LN2024001392,SG_330,1,F,马华,女,回族,1985-05-23,江苏省南京市玄武区 中央公园 3栋6单元1868室,320102198505235729,玄武区公安局玄武区分局,2003.05.19-2013.05.16,阿卡姆消费金融,81371.99,24,房屋装修,等额本金
IMG_01689,loan_1393/face_signing.jpg,LN2024001393,SG_331,1,F,郭超,男,汉族,1980-07-28,北京市北京市海淀区 普罗旺斯 15栋5单元232室,110108198007288755,海淀区公安局海淀区分局,1998.07.24-2008.07.21,夏尔农业信贷,804002.29,60,购房首付,按月付息，到期还本
IMG_01690,loan_1394/face_signing.jpg,LN2024001394,SG_332,1,F,刘强,男,维吾尔族,2000-09-18,天津市天津市东丽区 阳光100 17栋6单元1133室,12011020000918905X,东丽区公安局东丽区分局,2018.09.14-2028.09.11,赛博城消费金融有限公司,40403.64,6,购买家电,一次性还本付息
IMG_01691,loan_1395/face_signing.jpg,LN2024001395,SG_333,1,F,李静,女,汉族,1988-07-21,新疆维吾尔自治区乌鲁木齐市天山区 悦海名邸 5栋6单元1097室,650102198807211622,天山区公安局天山区分局,2006.07.17-2016.07.14,夏尔农业信贷,913338.69,24,购房首付,等额本息
IMG_01692,loan_1396/face_signing.jpg,LN2024001396,SG_334,1,F,张勇,男,汉族,1999-01-12,浙江省杭州市上城区 中央公园 12栋1单元329室,330102199901123477,上城区公安局上城区分局,2017.01.07-2027.01.05,哥谭市小额贷款中心,85312.67,12,购买新能源汽车,按月付息，到期还本
IMG_01693,loan_1397/face_signing.jpg,LN2024001397,SG_335,1,F,罗建国,男,汉族,1967-06-29,湖北省武汉市江岸区 威尼斯水城 3栋5单元1209室,420102196706291190,江岸区公安局江岸区分局,1985.06.24-1995.06.22,霍格沃茨魔法银行,119041.24,3,房屋装修,一次性还本付息
IMG_01694,loan_1398/face_signing.jpg,LN2024001398,SG_336,1,F,陈宇,男,回族,1963-05-29,山东省济南市历下区 中央公园 3栋6单元2459室,370102196305294513,历下区公安局历下区分局,1981.05.24-1991.05.22,赛博城消费金融有限公司,3894702.95,120,二手房交易,等额本息
IMG_01695,loan_1399/face_signing.jpg,LN2024001399,SG_337,1,F,周杰,男,汉族,1987-07-16,广东省深圳市南山区 香榭丽舍 12栋5单元1870室,440305198707165578,南山区公安局南山区分局,2005.07.11-2015.07.09,夏尔农业信贷,145701.72,24,婚庆,等额本金
IMG_01696,loan_1400/face_signing.jpg,LN2024001400,SG_338,1,F,周志强,男,汉族,1993-11-10,福建省福州市鼓楼区 融创壹号院 6栋5单元2272室,350102199311103170,鼓楼区公安局鼓楼区分局,2011.11.06-2021.11.03,九又四分之三信贷中心,335594.97,24,扩大生产,等额本息
IMG_01697,loan_1401/face_signing.jpg,LN2024001401,SG_339,1,F,何平,男,彝族,1974-10-29,广东省深圳市福田区 融创壹号院 14栋3单元1097室,440304197410294511,福田区公安局福田区分局,1992.10.24-2002.10.22,星火基地普惠金融,673539.72,60,二手房交易,等额本息
IMG_01698,loan_1402/face_signing.jpg,LN2024001402,SG_340,1,F,陈平,女,汉族,1979-01-11,浙江省杭州市西湖区 中央公园 16栋6单元2116室,330106197901118746,西湖区公安局西湖区分局,1997.01.06-2007.01.04,赛博城消费金融有限公司,189298.95,6,婚庆,先息后本
IMG_01699,loan_1403/face_signing.jpg,LN2024001403,SG_341,1,F,孙燕,女,汉族,2003-11-11,重庆市重庆市九龙坡区 普罗旺斯 15栋4单元556室,500107200311113382,九龙坡区公安局九龙坡区分局,2021.11.06-2031.11.04,潘多拉普惠金融,793959.93,240,扩大生产,等额本金
IMG_01700,loan_1404/face_signing.jpg,LN2024001404,SG_342,1,F,陈慧,女,汉族,2001-04-19,天津市天津市东丽区 翠湖雅苑 20栋5单元1962室,120110200104199926,东丽区公安局东丽区分局,2019.04.15-2029.04.12,新亚特兰蒂斯商业银行,1141904.59,360,二手房交易,等额本息
IMG_01701,loan_1405/face_signing.jpg,LN2024001405,SG_343,1,F,赵雪,女,藏族,2005-04-10,重庆市重庆市九龙坡区 东方曼哈顿 20栋3单元1222室,500107200504105848,九龙坡区公安局九龙坡区分局,2023.04.06-2033.04.03,木叶村消费金融,1732250.08,360,购房首付,等额本息
IMG_01702,loan_1406/face_signing.jpg,LN2024001406,SG_344,1,F,马军,男,汉族,2007-06-29,福建省福州市鼓楼区 翠湖雅苑 15栋1单元2396室,350102200706296195,鼓楼区公安局鼓楼区分局,2025.06.24-2035.06.22,瓦坎达信贷中心,3484847.69,240,购房首付,等额本金
IMG_01703,loan_1407/face_signing.jpg,LN2024001407,SG_345,1,F,朱燕,女,汉族,1974-07-09,贵州省贵阳市云岩区 翠湖雅苑 12栋2单元1314室,520103197407097325,云岩区公安局云岩区分局,1992.07.04-2002.07.02,琅琊商业银行,81504.46,3,购买燃油车,先息后本
IMG_01704,loan_1408/face_signing.jpg,LN2024001408,SG_346,1,F,刘雪,女,汉族,1965-01-08,广东省深圳市福田区 翠湖雅苑 20栋2单元1524室,440304196501081840,福田区公安局福田区分局,1983.01.04-1993.01.01,提瓦特小额贷款,1990268.68,360,企业流动资金,等额本金
IMG_01705,loan_1409/face_signing.jpg,LN2024001409,SG_347,1,F,高华,男,汉族,2001-10-03,广东省深圳市福田区 御景半岛 4栋3单元769室,440304200110037454,福田区公安局福田区分局,2019.09.29-2029.09.26,新亚特兰蒂斯商业银行,535501.35,24,企业流动资金,等额本息
IMG_01706,loan_1410/face_signing.jpg,LN2024001410,SG_348,1,F,罗佳,女,彝族,2003-04-27,湖北省武汉市武昌区 龙腾盛世 2栋5单元2505室,420106200304270308,武昌区公安局武昌区分局,2021.04.22-2031.04.20,木叶村消费金融,979042.77,36,扩大生产,等额本息
IMG_01707,loan_1411/face_signing.jpg,LN2024001411,SG_349,1,F,胡超,男,汉族,2007-03-10,广东省深圳市福田区 香榭丽舍 7栋6单元1880室,440304200703106398,福田区公安局福田区分局,2025.03.05-2035.03.03,琅琊商业银行,2856903.97,120,企业流动资金,等额本金
IMG_01708,loan_1412/face_signing.jpg,LN2024001412,SG_350,1,F,杨雪,女,汉族,1996-09-13,天津市天津市东丽区 翠湖雅苑 17栋6单元1273室,120110199609137282,东丽区公安局东丽区分局,2014.09.09-2024.09.06,夏尔农业信贷,962933.81,240,企业流动资金,等额本息
IMG_01709,loan_1413/face_signing.jpg,LN2024001413,SG_351,1,F,杨浩,女,汉族,1974-11-06,浙江省杭州市西湖区 东方曼哈顿 10栋6单元1666室,330106197411067261,西湖区公安局西湖区分局,1992.11.01-2002.10.30,哥谭市小额贷款中心,4885196.2,120,二手房交易,等额本金
IMG_01710,loan_1414/face_signing.jpg,LN2024001414,SG_352,1,F,李梓轩,女,汉族,1992-01-02,新疆维吾尔自治区乌鲁木齐市天山区 悦海名邸 17栋4单元261室,650102199201020009,天山区公安局天山区分局,2009.12.28-2019.12.26,琅琊商业银行,246919.01,24,购买燃油车,等额本金
IMG_01711,loan_1415/face_signing.jpg,LN2024001415,SG_353,1,F,胡敏,女,汉族,1988-09-22,江苏省苏州市虎丘区 悦海名邸 2栋4单元679室,320505198809221669,虎丘区公安局虎丘区分局,2006.09.18-2016.09.15,霍格沃茨魔法银行,108946.29,3,婚庆,先息后本
IMG_01712,loan_1416/face_signing.jpg,LN2024001416,SG_354,1,F,林强,男,汉族,2000-09-20,新疆维吾尔自治区乌鲁木齐市天山区 香榭丽舍 19栋5单元1514室,650102200009204938,天山区公安局天山区分局,2018.09.16-2028.09.13,琅琊商业银行,4553149.66,240,二手房交易,按月付息，到期还本
IMG_01713,loan_1417/face_signing.jpg,LN2024001417,SG_355,1,F,吴平,女,汉族,1962-07-01,陕西省西安市雁塔区 锦绣家园 12栋2单元2447室,610113196207018100,雁塔区公安局雁塔区分局,1980.06.26-1990.06.24,瓦坎达信贷中心,172545.77,3,购买新能源汽车,先息后本
IMG_01714,loan_1418/face_signing.jpg,LN2024001418,SG_356,1,F,高娜,女,汉族,1991-01-10,天津市天津市东丽区 星河湾畔 15栋5单元889室,120110199101107349,东丽区公安局东丽区分局,2009.01.05-2019.01.03,霍格沃茨魔法银行,88435.54,12,购买燃油车,等额本金
IMG_01715,loan_1419/face_signing.jpg,LN2024001419,SG_357,1,F,林文,女,汉族,1989-01-23,江苏省无锡市新吴区 东方曼哈顿 19栋2单元1570室,320214198901235166,新吴区公安局新吴区分局,2007.01.19-2017.01.16,星火基地普惠金融,140480.43,6,房屋装修,先息后本
IMG_01716,loan_1420/face_signing.jpg,LN2024001420,SG_358,1,F,郭雪,女,汉族,1980-11-18,河南省郑州市金水区 龙腾盛世 20栋4单元1161室,410105198011185566,金水区公安局金水区分局,1998.11.14-2008.11.11,九又四分之三信贷中心,68449.83,12,房屋装修,按月付息，到期还本
IMG_01717,loan_1421/face_signing.jpg,LN2024001421,SG_359,1,F,赵平,女,汉族,1961-04-30,海南省海口市龙华区 中央公园 1栋3单元511室,460106196104300988,龙华区公安局龙华区分局,1979.04.26-1989.04.23,提瓦特小额贷款,4062728.37,240,购房首付,等额本息
IMG_01718,loan_1422/face_signing.jpg,LN2024001422,SG_360,1,F,胡秀,女,汉族,2001-06-14,陕西省西安市新城区 锦绣家园 11栋4单元544室,610102200106149427,新城区公安局新城区分局,2019.06.10-2029.06.07,瓦坎达信贷中心,689946.99,24,购房首付,等额本息
IMG_01719,loan_1423/face_signing.jpg,LN2024001423,SG_361,1,F,林杰,男,回族,1987-12-22,北京市北京市东城区 锦绣家园 6栋1单元390室,110101198712225659,东城区公安局东城区分局,2005.12.17-2015.12.15,哥谭市小额贷款中心,87238.63,6,房屋装修,先息后本
IMG_01720,loan_1424/face_signing.jpg,LN2024001424,SG_362,1,F,张佳,女,汉族,1984-05-05,天津市天津市和平区 紫金华府 18栋3单元160室,120101198405053828,和平区公安局和平区分局,2002.05.01-2012.04.28,昆仑数字科技有限公司,116876.6,3,购买新能源汽车,先息后本
IMG_01721,loan_1425/face_signing.jpg,LN2024001425,SG_363,1,F,张娜,女,汉族,1999-08-11,天津市天津市和平区 东方曼哈顿 5栋4单元154室,120101199908111748,和平区公安局和平区分局,2017.08.06-2027.08.04,哥谭市小额贷款中心,161628.87,6,购买新能源汽车,先息后本
IMG_01722,loan_1426/face_signing.jpg,LN2024001426,SG_364,1,F,朱伟,男,汉族,1990-11-19,广东省广州市荔湾区 融创壹号院 15栋4单元1493室,440103199011190717,荔湾区公安局荔湾区分局,2008.11.14-2018.11.12,琅琊商业银行,4392219.74,120,二手房交易,等额本金
IMG_01723,loan_1427/face_signing.jpg,LN2024001427,SG_365,1,F,张涛,男,壮族,1986-11-25,福建省厦门市思明区 锦绣家园 14栋6单元1085室,350203198611254197,思明区公安局思明区分局,2004.11.20-2014.11.18,哥谭市小额贷款中心,913638.58,36,扩大生产,等额本金
IMG_01724,loan_1428/face_signing.jpg,LN2024001428,SG_366,1,F,罗宇,男,汉族,1967-05-24,北京市北京市东城区 融创壹号院 15栋1单元1638室,110101196705245353,东城区公安局东城区分局,1985.05.19-1995.05.17,潘多拉普惠金融,4705664.92,360,企业流动资金,等额本金
IMG_01725,loan_1429/face_signing.jpg,LN2024001429,SG_367,1,F,何梓轩,女,汉族,1993-02-08,北京市北京市朝阳区 东方曼哈顿 15栋5单元700室,110105199302085024,朝阳区公安局朝阳区分局,2011.02.04-2021.02.01,赛博城消费金融有限公司,104638.74,6,房屋装修,先息后本
IMG_01726,loan_1430/face_signing.jpg,LN2024001430,SG_368,1,F,林文,男,汉族,1984-12-24,新疆维吾尔自治区乌鲁木齐市天山区 紫金华府 6栋3单元1876室,650102198412245270,天山区公安局天山区分局,2002.12.20-2012.12.17,星火基地普惠金融,38945.95,12,旅游,等额本息
IMG_01727,loan_1431/face_signing.jpg,LN2024001431,SG_369,1,F,孙伟,男,汉族,1987-11-17,浙江省杭州市上城区 悦海名邸 18栋4单元2402室,330102198711178552,上城区公安局上城区分局,2005.11.12-2015.11.10,霍格沃茨魔法银行,189588.09,6,婚庆,一次性还本付息
IMG_01728,loan_1432/face_signing.jpg,LN2024001432,SG_370,1,F,林梓轩,女,苗族,1971-05-26,四川省成都市武侯区 枫林晚居 9栋6单元1465室,510107197105265366,武侯区公安局武侯区分局,1989.05.21-1999.05.19,夏尔农业信贷,116588.42,3,购买新能源汽车,一次性还本付息
IMG_01729,loan_1433/face_signing.jpg,LN2024001433,SG_371,1,F,高超,男,汉族,1973-02-26,北京市北京市朝阳区 中央公园 19栋5单元2061室,110105197302261578,朝阳区公安局朝阳区分局,1991.02.22-2001.02.19,阿卡姆消费金融,3043338.4,240,二手房交易,按月付息，到期还本
IMG_01730,loan_1434/face_signing.jpg,LN2024001434,SG_372,1,F,何慧,女,汉族,1997-09-27,河南省郑州市金水区 星河湾畔 16栋3单元154室,410105199709272009,金水区公安局金水区分局,2015.09.23-2025.09.20,瓦坎达信贷中心,102114.89,6,购买燃油车,先息后本
IMG_01731,loan_1435/face_signing.jpg,LN2024001435,SG_373,1,F,郭浩,男,满族,1963-03-04,贵州省贵阳市云岩区 翠湖雅苑 20栋2单元1301室,520103196303044814,云岩区公安局云岩区分局,1981.02.27-1991.02.25,艾泽拉斯数字科技,174761.06,6,购买燃油车,先息后本
IMG_01732,loan_1436/face_signing.jpg,LN2024001436,SG_374,1,F,刘宇,女,汉族,1961-03-28,新疆维吾尔自治区乌鲁木齐市天山区 锦绣家园 18栋3单元787室,650102196103282546,天山区公安局天山区分局,1979.03.24-1989.03.21,木叶村消费金融,67588.27,3,婚庆,先息后本
IMG_01733,loan_1437/face_signing.jpg,LN2024001437,SG_375,1,F,黄磊,男,汉族,2001-04-10,湖南省长沙市芙蓉区 阳光100 17栋6单元1689室,430102200104109372,芙蓉区公安局芙蓉区分局,2019.04.06-2029.04.03,霍格沃茨魔法银行,1397304.61,360,企业流动资金,等额本息
IMG_01734,loan_1438/face_signing.jpg,LN2024001438,SG_376,1,F,朱文,女,汉族,1962-12-02,福建省厦门市思明区 悦海名邸 14栋1单元532室,350203196212022525,思明区公安局思明区分局,1980.11.27-1990.11.25,木叶村消费金融,142102.76,3,购买新能源汽车,一次性还本付息
IMG_01735,loan_1439/face_signing.jpg,LN2024001439,SG_377,1,F,张梓轩,女,汉族,1968-06-05,四川省成都市锦江区 融创壹号院 1栋5单元933室,510104196806052028,锦江区公安局锦江区分局,1986.06.01-1996.05.29,九又四分之三信贷中心,795622.96,60,二手房交易,等额本息
IMG_01736,loan_1440/face_signing.jpg,LN2024001440,SG_378,1,F,吴文,男,汉族,1985-12-29,四川省成都市锦江区 紫金华府 17栋5单元2467室,510104198512291436,锦江区公安局锦江区分局,2003.12.25-2013.12.22,夏尔农业信贷,2777481.81,240,二手房交易,等额本息
IMG_01737,loan_1441/face_signing.jpg,LN2024001441,SG_379,1,F,赵宇,男,汉族,1973-01-09,北京市北京市东城区 碧水云天 3栋6单元711室,110101197301098670,东城区公安局东城区分局,1991.01.05-2001.01.02,新亚特兰蒂斯商业银行,1590942.13,360,企业流动资金,等额本息
IMG_01738,loan_1442/face_signing.jpg,LN2024001442,SG_380,1,F,李文,男,汉族,1995-08-30,江苏省苏州市虎丘区 普罗旺斯 7栋2单元1515室,320505199508305070,虎丘区公安局虎丘区分局,2013.08.25-2023.08.23,九又四分之三信贷中心,368705.91,36,企业流动资金,等额本息
IMG_01739,loan_1443/face_signing.jpg,LN2024001443,SG_381,1,F,王静,女,汉族,1974-05-11,广东省深圳市福田区 锦绣华庭 16栋5单元1332室,440304197405114483,福田区公安局福田区分局,1992.05.06-2002.05.04,哥谭市小额贷款中心,3626959.38,120,购房首付,等额本息
IMG_01740,loan_1444/face_signing.jpg,LN2024001444,SG_382,1,F,朱晨,男,回族,1966-10-22,福建省厦门市思明区 阳光100 9栋1单元1507室,350203196610220850,思明区公安局思明区分局,1984.10.17-1994.10.15,木叶村消费金融,457469.92,60,二手房交易,等额本金
IMG_01741,loan_1445/face_signing.jpg,LN2024001445,SG_383,1,F,张慧,女,汉族,1987-11-28,安徽省合肥市庐阳区 翠湖雅苑 9栋2单元1325室,34010319871128162X,庐阳区公安局庐阳区分局,2005.11.23-2015.11.21,瓦坎达信贷中心,197989.71,12,婚庆,按月付息，到期还本
IMG_01742,loan_1446/face_signing.jpg,LN2024001446,SG_384,1,F,罗佳,女,汉族,1998-04-24,四川省成都市武侯区 绿地新江湾 6栋6单元2097室,510107199804240343,武侯区公安局武侯区分局,2016.04.19-2026.04.17,霍格沃茨魔法银行,2609408.84,240,购房首付,等额本息
IMG_01743,loan_1447/face_signing.jpg,LN2024001447,SG_385,1,F,马梓轩,男,汉族,1988-04-23,天津市天津市东丽区 碧水云天 16栋6单元1752室,120110198804239298,东丽区公安局东丽区分局,2006.04.19-2016.04.16,木叶村消费金融,271999.48,36,婚庆,等额本金
IMG_01744,loan_1448/face_signing.jpg,LN2024001448,SG_386,1,F,罗建国,男,汉族,1994-07-19,四川省成都市锦江区 悦海名邸 11栋5单元1661室,51010419940719409X,锦江区公安局锦江区分局,2012.07.14-2022.07.12,新亚特兰蒂斯商业银行,177049.92,3,房屋装修,一次性还本付息
IMG_01745,loan_1449/face_signing.jpg,LN2024001449,SG_387,1,F,胡志强,男,汉族,1976-08-21,浙江省杭州市西湖区 东方曼哈顿 5栋5单元1333室,330106197608216435,西湖区公安局西湖区分局,1994.08.17-2004.08.14,瓦坎达信贷中心,172982.41,3,婚庆,先息后本
IMG_01746,loan_1450/face_signing.jpg,LN2024001450,SG_388,1,F,陈华,女,汉族,1975-03-07,江苏省无锡市新吴区 枫林晚居 18栋6单元2228室,320214197503075625,新吴区公安局新吴区分局,1993.03.02-2003.02.28,霍格沃茨魔法银行,1084870.13,360,购房首付,等额本金
IMG_01747,loan_1451/face_signing.jpg,LN2024001451,SG_389,1,F,黄超,男,汉族,1998-02-15,云南省昆明市五华区 星河湾畔 5栋1单元2441室,53010219980215067X,五华区公安局五华区分局,2016.02.11-2026.02.08,提瓦特小额贷款,1989614.91,360,企业流动资金,等额本金
IMG_01748,loan_1452/face_signing.jpg,LN2024001452,SG_390,1,F,李杰,男,汉族,2001-11-08,江苏省南京市鼓楼区 枫林晚居 15栋3单元2416室,320106200111087538,鼓楼区公安局鼓楼区分局,2019.11.04-2029.11.01,提瓦特小额贷款,4824211.09,240,购房首付,按月付息，到期还本
IMG_01749,loan_1453/face_signing.jpg,LN2024001453,SG_391,1,F,张静,女,汉族,2002-11-17,湖南省长沙市芙蓉区 碧水云天 15栋2单元1221室,430102200211175949,芙蓉区公安局芙蓉区分局,2020.11.12-2030.11.10,提瓦特小额贷款,49697.08,3,日常消费,一次性还本付息
IMG_01750,loan_1454/face_signing.jpg,LN2024001454,SG_392,1,F,王晨,女,汉族,2000-11-01,陕西省西安市新城区 星河湾畔 9栋5单元787室,610102200011018301,新城区公安局新城区分局,2018.10.28-2028.10.25,潘多拉普惠金融,236458.29,36,购买新能源汽车,按月付息，到期还本
IMG_01751,loan_1455/face_signing.jpg,LN2024001455,SG_393,1,F,何雪,女,满族,1987-04-16,广东省深圳市福田区 东方曼哈顿 16栋1单元174室,440304198704165242,福田区公安局福田区分局,2005.04.11-2015.04.09,阿卡姆消费金融,3597634.58,120,企业流动资金,按月付息，到期还本
IMG_01752,loan_1456/face_signing.jpg,LN2024001456,SG_394,1,F,孙慧,女,汉族,1964-03-05,北京市北京市东城区 阳光100 6栋5单元772室,110101196403052409,东城区公安局东城区分局,1982.03.01-1992.02.27,新亚特兰蒂斯商业银行,4137611.67,240,企业流动资金,按月付息，到期还本
IMG_01753,loan_1457/face_signing.jpg,LN2024001457,SG_395,1,F,林建,女,汉族,1992-06-25,贵州省贵阳市云岩区 翠湖雅苑 13栋5单元248室,520103199206254645,云岩区公安局云岩区分局,2010.06.21-2020.06.18,琅琊商业银行,575812.34,240,扩大生产,按月付息，到期还本
IMG_01754,loan_1458/face_signing.jpg,LN2024001458,SG_396,1,F,徐伟,男,汉族,1987-01-19,重庆市重庆市九龙坡区 碧水云天 3栋2单元2396室,500107198701195117,九龙坡区公安局九龙坡区分局,2005.01.14-2015.01.12,霍格沃茨魔法银行,1132476.68,240,二手房交易,按月付息，到期还本
IMG_01755,loan_1459/face_signing.jpg,LN2024001459,SG_397,1,F,林平,男,汉族,1965-12-03,江苏省南京市玄武区 普罗旺斯 9栋5单元1014室,320102196512034715,玄武区公安局玄武区分局,1983.11.29-1993.11.26,新亚特兰蒂斯商业银行,1974308.91,240,企业流动资金,等额本金
IMG_01756,loan_1460/face_signing.jpg,LN2024001460,SG_398,1,F,杨明,男,汉族,1999-02-03,山东省济南市历下区 星河湾畔 16栋4单元1482室,370102199902037578,历下区公安局历下区分局,2017.01.29-2027.01.27,九又四分之三信贷中心,76244.28,6,房屋装修,一次性还本付息
IMG_01757,loan_1461/face_signing.jpg,LN2024001461,SG_399,1,F,徐超,男,汉族,1970-12-14,新疆维吾尔自治区乌鲁木齐市天山区 龙腾盛世 9栋4单元2253室,650102197012145591,天山区公安局天山区分局,1988.12.09-1998.12.07,新亚特兰蒂斯商业银行,82054.58,3,房屋装修,先息后本
IMG_01758,loan_1462/face_signing.jpg,LN2024001462,SG_400,1,F,何文,女,汉族,2004-12-10,福建省厦门市思明区 锦绣家园 19栋2单元1748室,350203200412101585,思明区公安局思明区分局,2022.12.06-2032.12.03,霍格沃茨魔法银行,110231.68,6,购买新能源汽车,先息后本
IMG_01759,loan_1463/face_signing.jpg,LN2024001463,SG_401,1,F,胡秀,女,汉族,1971-03-14,湖南省长沙市岳麓区 紫金华府 18栋4单元421室,430104197103146022,岳麓区公安局岳麓区分局,1989.03.09-1999.03.07,新亚特兰蒂斯商业银行,119849.79,6,房屋装修,先息后本
IMG_01760,loan_1464/face_signing.jpg,LN2024001464,SG_402,1,F,黄晨,男,汉族,2000-05-01,北京市北京市东城区 翠湖雅苑 13栋6单元441室,110101200005014174,东城区公安局东城区分局,2018.04.27-2028.04.24,夏尔农业信贷,2511044.41,120,企业流动资金,等额本息
IMG_01761,loan_1465/face_signing.jpg,LN2024001465,SG_403,1,F,郭婷,女,汉族,1963-04-08,安徽省合肥市庐阳区 融创壹号院 13栋1单元1143室,340103196304084689,庐阳区公安局庐阳区分局,1981.04.03-1991.04.01,阿卡姆消费金融,2108916.55,120,企业流动资金,按月付息，到期还本
IMG_01762,loan_1466/face_signing.jpg,LN2024001466,SG_404,1,F,黄秀,女,汉族,1991-06-22,海南省海口市龙华区 阳光100 16栋2单元764室,460106199106227300,龙华区公安局龙华区分局,2009.06.17-2019.06.15,艾泽拉斯数字科技,76251.84,12,婚庆,按月付息，到期还本
IMG_01763,loan_1467/face_signing.jpg,LN2024001467,SG_405,1,F,马建,男,汉族,1965-01-03,江苏省苏州市虎丘区 紫金华府 7栋4单元2265室,320505196501039431,虎丘区公安局虎丘区分局,1982.12.30-1992.12.27,霍格沃茨魔法银行,970331.55,24,扩大生产,等额本金
IMG_01764,loan_1468/face_signing.jpg,LN2024001468,SG_406,1,F,陈建国,男,汉族,1977-10-07,四川省成都市锦江区 枫林晚居 20栋2单元1061室,510104197710070816,锦江区公安局锦江区分局,1995.10.03-2005.09.30,星火基地普惠金融,489109.69,60,扩大生产,按月付息，到期还本
IMG_01765,loan_1469/face_signing.jpg,LN2024001469,SG_407,1,F,罗勇,男,汉族,1988-02-23,浙江省杭州市西湖区 融创壹号院 3栋1单元869室,330106198802239555,西湖区公安局西湖区分局,2006.02.18-2016.02.16,霍格沃茨魔法银行,355619.22,60,扩大生产,按月付息，到期还本
IMG_01766,loan_1470/face_signing.jpg,LN2024001470,SG_408,1,F,吴敏,女,汉族,2002-09-08,广东省广州市天河区 星河湾畔 11栋5单元2008室,440106200209080382,天河区公安局天河区分局,2020.09.03-2030.09.01,木叶村消费金融,695370.32,24,二手房交易,等额本息
IMG_01767,loan_1471/face_signing.jpg,LN2024001471,SG_409,1,F,赵梓轩,女,汉族,2000-02-19,浙江省杭州市西湖区 东方曼哈顿 12栋6单元212室,33010620000219204X,西湖区公安局西湖区分局,2018.02.14-2028.02.12,夏尔农业信贷,89133.34,60,购买燃油车,等额本金
IMG_01768,loan_1472/face_signing.jpg,LN2024001472,SG_410,1,F,郭晨,男,汉族,1962-02-15,山东省青岛市崂山区 香榭丽舍 11栋2单元1778室,370212196202151438,崂山区公安局崂山区分局,1980.02.11-1990.02.08,瓦坎达信贷中心,117557.47,12,房屋装修,按月付息，到期还本
IMG_01769,loan_1473/face_signing.jpg,LN2024001473,SG_411,1,F,王平,女,汉族,1962-09-26,广东省广州市天河区 东方曼哈顿 15栋5单元890室,440106196209262769,天河区公安局天河区分局,1980.09.21-1990.09.19,提瓦特小额贷款,27324.68,6,日常消费,先息后本
IMG_01770,loan_1474/face_signing.jpg,LN2024001474,SG_412,1,F,王子涵,女,汉族,1961-12-13,浙江省杭州市西湖区 枫林晚居 1栋1单元660室,330106196112130123,西湖区公安局西湖区分局,1979.12.09-1989.12.06,潘多拉普惠金融,703428.11,60,企业流动资金,按月付息，到期还本
IMG_01771,loan_1475/face_signing.jpg,LN2024001475,SG_413,1,F,徐杰,男,壮族,1974-06-02,四川省成都市武侯区 锦绣家园 18栋3单元401室,510107197406028591,武侯区公安局武侯区分局,1992.05.28-2002.05.26,琅琊商业银行,19763.36,12,医疗,等额本金
IMG_01772,loan_1476/face_signing.jpg,LN2024001476,SG_414,1,F,朱建国,男,汉族,1992-10-29,江苏省南京市鼓楼区 枫林晚居 5栋4单元1709室,320106199210295994,鼓楼区公安局鼓楼区分局,2010.10.25-2020.10.22,琅琊商业银行,3922690.56,240,购房首付,等额本金
IMG_01773,loan_1477/face_signing.jpg,LN2024001477,SG_415,1,F,罗晨,男,汉族,1985-11-30,北京市北京市海淀区 东方曼哈顿 11栋2单元654室,110108198511304136,海淀区公安局海淀区分局,2003.11.26-2013.11.23,昆仑数字科技有限公司,3523342.43,240,企业流动资金,等额本金
IMG_01774,loan_1478/face_signing.jpg,LN2024001478,SG_416,1,F,徐文,女,汉族,1982-08-11,山东省青岛市崂山区 碧水云天 7栋4单元937室,370212198208113466,崂山区公安局崂山区分局,2000.08.06-2010.08.04,瓦坎达信贷中心,2551316.81,240,购房首付,按月付息，到期还本
IMG_01775,loan_1479/face_signing.jpg,LN2024001479,SG_417,1,F,何雪,女,汉族,1987-09-27,四川省成都市武侯区 碧水云天 3栋4单元468室,510107198709278445,武侯区公安局武侯区分局,2005.09.22-2015.09.20,潘多拉普惠金融,316214.77,36,扩大生产,等额本金
IMG_01776,loan_1480/face_signing.jpg,LN2024001480,SG_418,1,F,孙子涵,男,汉族,1979-01-01,河南省郑州市金水区 绿地新江湾 1栋1单元1954室,41010519790101369X,金水区公安局金水区分局,1996.12.27-2006.12.25,星火基地普惠金融,2845932.45,120,购房首付,按月付息，到期还本
IMG_01777,loan_1481/face_signing.jpg,LN2024001481,SG_419,1,F,刘超,男,汉族,1974-01-11,天津市天津市和平区 东方曼哈顿 5栋6单元493室,12010119740111991X,和平区公安局和平区分局,1992.01.07-2002.01.04,昆仑数字科技有限公司,153401.7,3,购买燃油车,先息后本
IMG_01778,loan_1482/face_signing.jpg,LN2024001482,SG_420,1,F,王华,女,彝族,1983-05-09,江苏省南京市玄武区 御景半岛 18栋6单元1982室,320102198305092604,玄武区公安局玄武区分局,2001.05.04-2011.05.02,赛博城消费金融有限公司,117828.81,60,婚庆,等额本息
IMG_01779,loan_1483/face_signing.jpg,LN2024001483,SG_421,1,F,罗丽,女,汉族,2004-05-26,广东省深圳市南山区 香榭丽舍 11栋5单元2247室,440305200405262903,南山区公安局南山区分局,2022.05.22-2032.05.19,艾泽拉斯数字科技,186772.27,12,房屋装修,等额本金
IMG_01780,loan_1484/face_signing.jpg,LN2024001484,SG_422,1,F,张勇,男,汉族,1979-06-26,广东省深圳市南山区 香榭丽舍 3栋6单元306室,44030519790626841X,南山区公安局南山区分局,1997.06.21-2007.06.19,木叶村消费金融,58119.42,12,婚庆,等额本息
IMG_01781,loan_1485/face_signing.jpg,LN2024001485,SG_423,1,F,黄平,男,汉族,1994-12-30,云南省昆明市五华区 绿地新江湾 14栋3单元1883室,530102199412306691,五华区公安局五华区分局,2012.12.25-2022.12.23,新亚特兰蒂斯商业银行,48467.53,6,医疗,先息后本
IMG_01782,loan_1486/face_signing.jpg,LN2024001486,SG_424,1,F,刘伟,男,汉族,1962-06-08,广东省深圳市南山区 龙腾盛世 18栋4单元707室,440305196206086119,南山区公安局南山区分局,1980.06.03-1990.06.01,阿卡姆消费金融,593606.89,240,二手房交易,等额本金
IMG_01783,loan_1487/face_signing.jpg,LN2024001487,SG_425,1,F,赵宇,女,汉族,1980-02-05,浙江省杭州市上城区 中央公园 8栋5单元1430室,330102198002058929,上城区公安局上城区分局,1998.01.31-2008.01.29,星火基地普惠金融,2239838.04,240,企业流动资金,等额本息
IMG_01784,loan_1488/face_signing.jpg,LN2024001488,SG_426,1,F,王敏,女,彝族,2001-02-13,河南省郑州市金水区 锦绣华庭 11栋1单元1265室,410105200102139629,金水区公安局金水区分局,2019.02.09-2029.02.06,瓦坎达信贷中心,901872.37,36,企业流动资金,按月付息，到期还本
IMG_01785,loan_1489/face_signing.jpg,LN2024001489,SG_427,1,F,张浩,女,汉族,1962-12-15,江苏省南京市玄武区 枫林晚居 5栋1单元1676室,320102196212154408,玄武区公安局玄武区分局,1980.12.10-1990.12.08,哥谭市小额贷款中心,462739.33,24,购房首付,等额本金
IMG_01786,loan_1490/face_signing.jpg,LN2024001490,SG_428,1,F,朱慧,女,汉族,1976-06-03,江苏省南京市鼓楼区 普罗旺斯 16栋6单元2395室,320106197606032905,鼓楼区公安局鼓楼区分局,1994.05.30-2004.05.27,提瓦特小额贷款,4121555.31,360,企业流动资金,等额本息
IMG_01787,loan_1491/face_signing.jpg,LN2024001491,SG_429,1,F,马超,男,汉族,2003-01-02,新疆维吾尔自治区乌鲁木齐市天山区 融创壹号院 18栋1单元969室,650102200301027377,天山区公安局天山区分局,2020.12.28-2030.12.26,夏尔农业信贷,98287.96,12,婚庆,按月付息，到期还本
IMG_01788,loan_1492/face_signing.jpg,LN2024001492,SG_430,1,F,郭慧,女,汉族,1995-04-30,山东省济南市历下区 威尼斯水城 19栋1单元1907室,370102199504303084,历下区公安局历下区分局,2013.04.25-2023.04.23,九又四分之三信贷中心,3212676.43,240,企业流动资金,等额本金
IMG_01789,loan_1493/face_signing.jpg,LN2024001493,SG_431,1,F,陈军,男,汉族,1982-06-07,四川省成都市锦江区 阳光100 16栋3单元1455室,510104198206075815,锦江区公安局锦江区分局,2000.06.02-2010.05.31,阿卡姆消费金融,579274.41,36,扩大生产,等额本息
IMG_01790,loan_1494/face_signing.jpg,LN2024001494,SG_432,1,F,高华,男,汉族,1966-09-18,河南省郑州市金水区 东方曼哈顿 8栋4单元2442室,410105196609184016,金水区公安局金水区分局,1984.09.13-1994.09.11,瓦坎达信贷中心,2558009.37,360,企业流动资金,等额本金
IMG_01791,loan_1495/face_signing.jpg,LN2024001495,SG_433,1,F,陈子涵,女,汉族,1986-03-30,重庆市重庆市渝中区 翠湖雅苑 16栋3单元764室,500103198603300328,渝中区公安局渝中区分局,2004.03.25-2014.03.23,琅琊商业银行,121674.38,6,房屋装修,一次性还本付息
IMG_01792,loan_1496/face_signing.jpg,LN2024001496,SG_434,1,F,林浩,女,汉族,1981-04-11,上海市上海市黄浦区 龙腾盛世 3栋4单元1565室,310101198104114880,黄浦区公安局黄浦区分局,1999.04.07-2009.04.04,瓦坎达信贷中心,3223788.77,120,购房首付,按月付息，到期还本
IMG_01793,loan_1497/face_signing.jpg,LN2024001497,SG_435,1,F,罗平,女,汉族,1971-10-30,云南省昆明市五华区 阳光100 5栋1单元122室,530102197110301087,五华区公安局五华区分局,1989.10.25-1999.10.23,霍格沃茨魔法银行,106830.34,12,婚庆,按月付息，到期还本
IMG_01794,loan_1498/face_signing.jpg,LN2024001498,SG_436,1,F,高秀,女,汉族,1980-09-05,广东省广州市荔湾区 融创壹号院 15栋3单元1901室,440103198009058202,荔湾区公安局荔湾区分局,1998.09.01-2008.08.29,瓦坎达信贷中心,39712.61,3,旅游,一次性还本付息
IMG_01795,loan_1499/face_signing.jpg,LN2024001499,SG_437,1,F,朱文,女,汉族,1986-07-18,江苏省南京市鼓楼区 绿地新江湾 3栋1单元1015室,320106198607189124,鼓楼区公安局鼓楼区分局,2004.07.13-2014.07.11,哥谭市小额贷款中心,1645998.92,120,二手房交易,按月付息，到期还本
IMG_01796,loan_1500/face_signing.jpg,LN2024001500,SG_438,1,F,刘涛,男,回族,1988-11-01,上海市上海市浦东新区 龙腾盛世 10栋1单元1140室,310115198811015054,浦东新区公安局浦东新区分局,2006.10.28-2016.10.25,星火基地普惠金融,4796604.16,360,企业流动资金,等额本金
IMG_01797,loan_1501/face_signing.jpg,LN2024001501,SG_439,1,F,孙雪,女,汉族,1974-08-08,山东省青岛市崂山区 融创壹号院 8栋5单元1880室,370212197408085768,崂山区公安局崂山区分局,1992.08.03-2002.08.01,星火基地普惠金融,58082.53,6,房屋装修,先息后本
IMG_01798,loan_1502/face_signing.jpg,LN2024001502,SG_440,1,F,刘宇,男,汉族,1991-09-27,陕西省西安市雁塔区 普罗旺斯 9栋6单元1856室,610113199109276994,雁塔区公安局雁塔区分局,2009.09.22-2019.09.20,瓦坎达信贷中心,2397536.61,240,企业流动资金,按月付息，到期还本
IMG_01799,loan_1503/face_signing.jpg,LN2024001503,SG_441,1,F,马静,女,汉族,2001-03-07,山东省青岛市崂山区 普罗旺斯 4栋5单元2452室,370212200103073648,崂山区公安局崂山区分局,2019.03.03-2029.02.28,琅琊商业银行,111915.22,6,房屋装修,先息后本
IMG_01800,loan_1504/face_signing.jpg,LN2024001504,SG_442,1,F,李磊,男,汉族,2002-07-18,广东省广州市荔湾区 星河湾畔 6栋6单元1590室,440103200207186512,荔湾区公安局荔湾区分局,2020.07.13-2030.07.11,琅琊商业银行,3936879.21,360,购房首付,按月付息，到期还本
IMG_01801,loan_1505/face_signing.jpg,LN2024001505,SG_443,1,F,赵建国,男,汉族,1990-04-15,浙江省杭州市西湖区 枫林晚居 10栋5单元2431室,330106199004153153,西湖区公安局西湖区分局,2008.04.10-2018.04.08,夏尔农业信贷,159297.04,6,购买燃油车,先息后本
IMG_01802,loan_1506/face_signing.jpg,LN2024001506,SG_444,1,F,李平,男,苗族,1998-12-27,福建省厦门市思明区 御景半岛 16栋4单元1227室,350203199812271895,思明区公安局思明区分局,2016.12.22-2026.12.20,霍格沃茨魔法银行,176150.85,6,婚庆,一次性还本付息
IMG_01803,loan_1507/face_signing.jpg,LN2024001507,SG_445,1,F,刘军,男,汉族,1970-11-12,天津市天津市东丽区 御景半岛 1栋1单元1822室,120110197011122159,东丽区公安局东丽区分局,1988.11.07-1998.11.05,阿卡姆消费金融,87890.72,3,房屋装修,一次性还本付息
IMG_01804,loan_1508/face_signing.jpg,LN2024001508,SG_446,1,F,陈华,女,汉族,1995-04-15,贵州省贵阳市云岩区 碧水云天 12栋5单元101室,520103199504151302,云岩区公安局云岩区分局,2013.04.10-2023.04.08,哥谭市小额贷款中心,845565.35,120,企业流动资金,等额本息
IMG_01805,loan_1509/face_signing.jpg,LN2024001509,SG_447,1,F,陈慧,女,汉族,1996-01-03,北京市北京市海淀区 龙腾盛世 7栋2单元454室,110108199601031148,海淀区公安局海淀区分局,2013.12.29-2023.12.27,夏尔农业信贷,772215.68,36,企业流动资金,等额本金
IMG_01806,loan_1510/face_signing.jpg,LN2024001510,SG_448,1,F,林华,男,汉族,1968-06-02,重庆市重庆市渝中区 绿地新江湾 16栋1单元2076室,500103196806026198,渝中区公安局渝中区分局,1986.05.29-1996.05.26,阿卡姆消费金融,91810.5,6,购买燃油车,一次性还本付息
IMG_01807,loan_1511/face_signing.jpg,LN2024001511,SG_449,1,F,刘宇,女,汉族,1961-08-03,四川省成都市武侯区 碧水云天 17栋2单元1928室,510107196108038500,武侯区公安局武侯区分局,1979.07.30-1989.07.27,木叶村消费金融,2808508.96,240,购房首付,等额本息
IMG_01808,loan_1512/face_signing.jpg,LN2024001512,SG_450,1,F,周志强,男,汉族,1961-05-29,四川省成都市锦江区 御景半岛 13栋1单元1459室,510104196105297452,锦江区公安局锦江区分局,1979.05.25-1989.05.22,九又四分之三信贷中心,769539.37,24,购房首付,等额本金
IMG_01809,loan_1513/face_signing.jpg,LN2024001513,SG_451,1,F,马杰,男,汉族,1974-10-26,广东省广州市天河区 枫林晚居 1栋1单元478室,440106197410266037,天河区公安局天河区分局,1992.10.21-2002.10.19,木叶村消费金融,694790.27,60,二手房交易,等额本息
IMG_01810,loan_1514/face_signing.jpg,LN2024001514,SG_452,1,F,胡志强,男,汉族,1976-12-20,浙江省杭州市上城区 融创壹号院 18栋5单元2199室,330102197612204693,上城区公安局上城区分局,1994.12.16-2004.12.13,阿卡姆消费金融,2260439.55,240,企业流动资金,按月付息，到期还本
IMG_01811,loan_1515/face_signing.jpg,LN2024001515,SG_453,1,F,马娜,女,汉族,1980-02-20,四川省成都市武侯区 龙腾盛世 3栋6单元1844室,510107198002201583,武侯区公安局武侯区分局,1998.02.15-2008.02.13,潘多拉普惠金融,3954235.7,120,购房首付,等额本息
IMG_01812,loan_1516/face_signing.jpg,LN2024001516,SG_454,1,F,王燕,女,汉族,1972-04-03,天津市天津市东丽区 龙腾盛世 17栋1单元2471室,120110197204037321,东丽区公安局东丽区分局,1990.03.30-2000.03.27,赛博城消费金融有限公司,4469711.58,240,购房首付,等额本金
IMG_01813,loan_1517/face_signing.jpg,LN2024001517,SG_455,1,F,杨文,女,汉族,1984-04-24,贵州省贵阳市云岩区 枫林晚居 2栋5单元1138室,52010319840424630X,云岩区公安局云岩区分局,2002.04.20-2012.04.17,艾泽拉斯数字科技,97833.63,12,婚庆,等额本金
IMG_01814,loan_1518/face_signing.jpg,LN2024001518,SG_456,1,F,吴宇,男,汉族,1974-09-29,广东省深圳市福田区 御景半岛 15栋4单元715室,440304197409291436,福田区公安局福田区分局,1992.09.24-2002.09.22,九又四分之三信贷中心,3396511.78,360,二手房交易,按月付息，到期还本
IMG_01815,loan_1519/face_signing.jpg,LN2024001519,SG_457,1,F,李宇,男,汉族,1983-07-15,安徽省合肥市庐阳区 锦绣华庭 8栋1单元757室,340103198307152295,庐阳区公安局庐阳区分局,2001.07.10-2011.07.08,昆仑数字科技有限公司,176100.59,12,婚庆,等额本息
IMG_01816,loan_1520/face_signing.jpg,LN2024001520,SG_458,1,F,孙志强,男,汉族,2000-07-02,陕西省西安市新城区 融创壹号院 16栋5单元105室,61010220000702635X,新城区公安局新城区分局,2018.06.28-2028.06.25,哥谭市小额贷款中心,587418.21,120,购房首付,按月付息，到期还本
IMG_01817,loan_1521/face_signing.jpg,LN2024001521,SG_459,1,F,何子涵,女,汉族,1979-01-23,广东省广州市天河区 翠湖雅苑 4栋5单元2278室,440106197901234961,天河区公安局天河区分局,1997.01.18-2007.01.16,新亚特兰蒂斯商业银行,779498.2,24,二手房交易,等额本金
IMG_01818,loan_1522/face_signing.jpg,LN2024001522,SG_460,1,F,周伟,男,汉族,1986-10-26,江西省南昌市东湖区 锦绣华庭 1栋6单元1701室,360102198610262857,东湖区公安局东湖区分局,2004.10.21-2014.10.19,星火基地普惠金融,46698.53,3,医疗,一次性还本付息
IMG_01819,loan_1523/face_signing.jpg,LN2024001523,SG_461,1,F,何磊,男,汉族,1966-08-21,福建省福州市鼓楼区 悦海名邸 20栋1单元2295室,350102196608215575,鼓楼区公安局鼓楼区分局,1984.08.16-1994.08.14,琅琊商业银行,4465127.04,360,购房首付,等额本金
IMG_01820,loan_1524/face_signing.jpg,LN2024001524,SG_462,1,F,杨佳,女,汉族,1995-06-02,海南省海口市龙华区 香榭丽舍 4栋3单元1301室,460106199506020202,龙华区公安局龙华区分局,2013.05.28-2023.05.26,夏尔农业信贷,516303.6,60,企业流动资金,等额本金
IMG_01821,loan_1525/face_signing.jpg,LN2024001525,SG_463,1,F,何磊,男,汉族,1995-06-22,广东省深圳市南山区 东方曼哈顿 1栋1单元1242室,440305199506226535,南山区公安局南山区分局,2013.06.17-2023.06.15,木叶村消费金融,804388.16,36,二手房交易,按月付息，到期还本
IMG_01822,loan_1526/face_signing.jpg,LN2024001526,SG_464,1,F,郭宇,女,汉族,1977-09-16,安徽省合肥市庐阳区 悦海名邸 18栋4单元2364室,340103197709167903,庐阳区公安局庐阳区分局,1995.09.12-2005.09.09,星火基地普惠金融,1064255.88,120,购房首付,等额本息
IMG_01823,loan_1527/face_signing.jpg,LN2024001527,SG_465,1,F,朱磊,男,汉族,1969-09-06,陕西省西安市新城区 香榭丽舍 17栋5单元139室,610102196909060574,新城区公安局新城区分局,1987.09.02-1997.08.30,星火基地普惠金融,898019.68,120,购房首付,按月付息，到期还本
IMG_01824,loan_1528/face_signing.jpg,LN2024001528,SG_466,1,F,周文,男,汉族,1995-04-17,四川省成都市锦江区 锦绣华庭 13栋6单元272室,510104199504172116,锦江区公安局锦江区分局,2013.04.12-2023.04.10,木叶村消费金融,633642.47,60,扩大生产,等额本金
IMG_01825,loan_1529/face_signing.jpg,LN2024001529,SG_467,1,F,周静,女,汉族,2006-05-27,山东省济南市历下区 碧水云天 16栋6单元313室,37010220060527170X,历下区公安局历下区分局,2024.05.22-2034.05.20,赛博城消费金融有限公司,3026091.57,360,企业流动资金,等额本息
IMG_01826,loan_1530/face_signing.jpg,LN2024001530,SG_468,1,F,赵梓轩,女,汉族,1974-08-24,贵州省贵阳市云岩区 阳光100 1栋6单元1812室,52010319740824960X,云岩区公安局云岩区分局,1992.08.19-2002.08.17,艾泽拉斯数字科技,182547.77,6,购买燃油车,一次性还本付息
IMG_01827,loan_1531/face_signing.jpg,LN2024001531,SG_469,1,F,林雪,女,汉族,1975-10-11,云南省昆明市五华区 香榭丽舍 16栋2单元749室,530102197510116104,五华区公安局五华区分局,1993.10.06-2003.10.04,阿卡姆消费金融,955589.73,60,购房首付,按月付息，到期还本
IMG_01828,loan_1532/face_signing.jpg,LN2024001532,SG_470,1,F,马晨,男,汉族,1964-10-29,浙江省杭州市上城区 碧水云天 8栋4单元612室,330102196410298092,上城区公安局上城区分局,1982.10.25-1992.10.22,昆仑数字科技有限公司,91221.11,12,房屋装修,按月付息，到期还本
IMG_01829,loan_1533/face_signing.jpg,LN2024001533,SG_471,1,F,罗芳,女,汉族,1988-07-16,上海市上海市黄浦区 锦绣华庭 15栋1单元1440室,310101198807167903,黄浦区公安局黄浦区分局,2006.07.12-2016.07.09,九又四分之三信贷中心,158777.61,3,婚庆,一次性还本付息
IMG_01830,loan_1534/face_signing.jpg,LN2024001534,SG_472,1,F,张雪,女,汉族,1997-07-17,云南省昆明市五华区 星河湾畔 20栋1单元497室,530102199707174024,五华区公安局五华区分局,2015.07.13-2025.07.10,星火基地普惠金融,794836.87,36,扩大生产,等额本息
IMG_01831,loan_1535/face_signing.jpg,LN2024001535,SG_473,1,F,马晨,女,汉族,1967-11-03,贵州省贵阳市云岩区 星河湾畔 3栋5单元2306室,520103196711037226,云岩区公安局云岩区分局,1985.10.29-1995.10.27,昆仑数字科技有限公司,156329.75,12,房屋装修,按月付息，到期还本
IMG_01832,loan_1536/face_signing.jpg,LN2024001536,SG_474,1,F,马军,男,汉族,1967-04-07,江苏省南京市玄武区 悦海名邸 5栋4单元2492室,320102196704070710,玄武区公安局玄武区分局,1985.04.02-1995.03.31,哥谭市小额贷款中心,42106.26,3,教育进修,先息后本
IMG_01833,loan_1537/face_signing.jpg,LN2024001537,SG_475,1,F,李文,女,汉族,1970-02-17,北京市北京市东城区 碧水云天 19栋6单元1036室,110101197002177926,东城区公安局东城区分局,1988.02.13-1998.02.10,星火基地普惠金融,1382770.35,240,二手房交易,等额本息
IMG_01834,loan_1538/face_signing.jpg,LN2024001538,SG_476,1,F,孙梓轩,男,汉族,2004-01-04,北京市北京市东城区 翠湖雅苑 13栋4单元829室,110101200401041852,东城区公安局东城区分局,2021.12.30-2031.12.28,赛博城消费金融有限公司,91867.13,36,房屋装修,等额本息
IMG_01835,loan_1539/face_signing.jpg,LN2024001539,SG_477,1,F,赵华,女,汉族,1989-06-03,湖北省武汉市武昌区 龙腾盛世 10栋3单元836室,420106198906031005,武昌区公安局武昌区分局,2007.05.30-2017.05.27,赛博城消费金融有限公司,187378.02,12,婚庆,等额本金
IMG_01836,loan_1540/face_signing.jpg,LN2024001540,SG_478,1,F,何磊,男,汉族,1998-12-30,江西省南昌市东湖区 香榭丽舍 16栋3单元387室,360102199812303113,东湖区公安局东湖区分局,2016.12.25-2026.12.23,夏尔农业信贷,4860429.44,240,企业流动资金,等额本金
IMG_01837,loan_1541/face_signing.jpg,LN2024001541,SG_479,1,F,胡文,女,汉族,1962-11-14,福建省福州市鼓楼区 融创壹号院 9栋1单元2169室,350102196211142929,鼓楼区公安局鼓楼区分局,1980.11.09-1990.11.07,木叶村消费金融,257501.08,60,婚庆,按月付息，到期还本
IMG_01838,loan_1542/face_signing.jpg,LN2024001542,SG_480,1,F,张梓轩,女,汉族,1965-07-04,四川省成都市锦江区 阳光100 10栋3单元104室,510104196507043148,锦江区公安局锦江区分局,1983.06.30-1993.06.27,潘多拉普惠金融,915833.63,36,扩大生产,等额本息
IMG_01839,loan_1543/face_signing.jpg,LN2024001543,SG_481,1,F,陈子涵,女,汉族,1976-03-17,福建省福州市鼓楼区 紫金华府 7栋3单元1327室,350102197603176444,鼓楼区公安局鼓楼区分局,1994.03.13-2004.03.10,阿卡姆消费金融,184115.43,3,购买新能源汽车,先息后本
IMG_01840,loan_1544/face_signing.jpg,LN2024001544,SG_482,1,F,周佳,女,汉族,1980-04-28,广东省广州市荔湾区 融创壹号院 12栋5单元275室,440103198004288068,荔湾区公安局荔湾区分局,1998.04.24-2008.04.21,霍格沃茨魔法银行,163458.95,12,购买新能源汽车,按月付息，到期还本
IMG_01841,loan_1545/face_signing.jpg,LN2024001545,SG_483,1,F,朱婷,女,汉族,1970-01-21,江苏省南京市玄武区 悦海名邸 7栋2单元1269室,320102197001212684,玄武区公安局玄武区分局,1988.01.17-1998.01.14,昆仑数字科技有限公司,1116655.77,240,二手房交易,等额本金
IMG_01842,loan_1546/face_signing.jpg,LN2024001546,SG_484,1,F,赵娜,女,汉族,2001-09-24,广东省深圳市南山区 东方曼哈顿 12栋6单元570室,440305200109247565,南山区公安局南山区分局,2019.09.20-2029.09.17,艾泽拉斯数字科技,3620719.67,240,企业流动资金,等额本息
IMG_01843,loan_1547/face_signing.jpg,LN2024001547,SG_485,1,F,朱梓轩,女,汉族,1961-10-21,上海市上海市浦东新区 东方曼哈顿 13栋6单元1848室,310115196110216225,浦东新区公安局浦东新区分局,1979.10.17-1989.10.14,提瓦特小额贷款,4114056.2,120,购房首付,等额本息
IMG_01844,loan_1548/face_signing.jpg,LN2024001548,SG_486,1,F,赵丽,女,汉族,1994-11-19,四川省成都市武侯区 融创壹号院 2栋2单元1890室,51010719941119522X,武侯区公安局武侯区分局,2012.11.14-2022.11.12,夏尔农业信贷,1271882.32,120,企业流动资金,等额本息
IMG_01845,loan_1549/face_signing.jpg,LN2024001549,SG_487,1,F,陈子涵,男,汉族,1978-02-05,江苏省南京市玄武区 紫金华府 10栋5单元2354室,320102197802059931,玄武区公安局玄武区分局,1996.02.01-2006.01.29,瓦坎达信贷中心,115468.72,3,房屋装修,一次性还本付息
IMG_01846,loan_1550/face_signing.jpg,LN2024001550,SG_488,1,F,张燕,女,汉族,1965-09-30,广东省深圳市福田区 锦绣华庭 7栋6单元2262室,440304196509309766,福田区公安局福田区分局,1983.09.26-1993.09.23,艾泽拉斯数字科技,888628.19,36,企业流动资金,等额本金
IMG_01847,loan_1551/face_signing.jpg,LN2024001551,SG_489,1,F,李平,女,汉族,1998-06-30,天津市天津市和平区 香榭丽舍 20栋3单元1511室,120101199806305568,和平区公安局和平区分局,2016.06.25-2026.06.23,阿卡姆消费金融,1121492.52,240,购房首付,按月付息，到期还本
IMG_01848,loan_1552/face_signing.jpg,LN2024001552,SG_490,1,F,马超,男,汉族,1977-07-10,浙江省宁波市海曙区 东方曼哈顿 20栋6单元1980室,330203197707101031,海曙区公安局海曙区分局,1995.07.06-2005.07.03,潘多拉普惠金融,573271.48,24,购房首付,按月付息，到期还本
IMG_01849,loan_1553/face_signing.jpg,LN2024001553,SG_491,1,F,陈梓轩,男,汉族,1966-08-16,上海市上海市浦东新区 龙腾盛世 11栋2单元2031室,310115196608167950,浦东新区公安局浦东新区分局,1984.08.11-1994.08.09,新亚特兰蒂斯商业银行,3202113.4,360,二手房交易,按月付息，到期还本
IMG_01850,loan_1554/face_signing.jpg,LN2024001554,SG_492,1,F,周宇,男,汉族,1996-10-03,重庆市重庆市渝中区 中央公园 12栋5单元1769室,500103199610035993,渝中区公安局渝中区分局,2014.09.29-2024.09.26,九又四分之三信贷中心,453456.5,24,购房首付,按月付息，到期还本
IMG_01851,loan_1555/face_signing.jpg,LN2024001555,SG_493,1,F,何建,女,汉族,1999-03-18,江苏省苏州市虎丘区 御景半岛 14栋4单元735室,320505199903182760,虎丘区公安局虎丘区分局,2017.03.13-2027.03.11,木叶村消费金融,149291.9,12,购买新能源汽车,等额本息
IMG_01852,loan_1556/face_signing.jpg,LN2024001556,SG_494,1,F,徐娜,女,汉族,1986-05-18,重庆市重庆市九龙坡区 锦绣华庭 18栋5单元1474室,500107198605189307,九龙坡区公安局九龙坡区分局,2004.05.13-2014.05.11,九又四分之三信贷中心,1441482.48,120,购房首付,按月付息，到期还本
IMG_01853,loan_1557/face_signing.jpg,LN2024001557,SG_495,1,F,王佳,女,汉族,2004-08-08,山东省济南市历下区 融创壹号院 20栋6单元433室,370102200408086003,历下区公安局历下区分局,2022.08.04-2032.08.01,哥谭市小额贷款中心,3825018.9,120,购房首付,等额本息
IMG_01854,loan_1558/face_signing.jpg,LN2024001558,SG_496,1,F,何雪,女,汉族,1970-02-23,陕西省西安市雁塔区 普罗旺斯 14栋3单元1598室,610113197002232503,雁塔区公安局雁塔区分局,1988.02.19-1998.02.16,提瓦特小额贷款,998048.59,36,二手房交易,按月付息，到期还本
IMG_01855,loan_1559/face_signing.jpg,LN2024001559,SG_497,1,F,何宇,女,汉族,1971-04-29,海南省海口市龙华区 悦海名邸 14栋4单元749室,460106197104291027,龙华区公安局龙华区分局,1989.04.24-1999.04.22,赛博城消费金融有限公司,181956.72,6,房屋装修,一次性还本付息
IMG_01856,loan_1560/face_signing.jpg,LN2024001560,SG_498,1,F,杨晨,女,汉族,1988-02-06,北京市北京市东城区 东方曼哈顿 7栋3单元1896室,110101198802066604,东城区公安局东城区分局,2006.02.01-2016.01.30,九又四分之三信贷中心,522352.33,36,购房首付,等额本息
IMG_01857,loan_1561/face_signing.jpg,LN2024001561,SG_499,1,F,王芳,女,汉族,1979-02-10,浙江省杭州市上城区 星河湾畔 5栋1单元1053室,330102197902103241,上城区公安局上城区分局,1997.02.05-2007.02.03,星火基地普惠金融,195460.72,6,购买燃油车,先息后本
IMG_01858,loan_1562/face_signing.jpg,LN2024001562,SG_500,1,F,郭燕,女,汉族,1964-02-07,广东省广州市荔湾区 阳光100 11栋2单元2105室,440103196402074840,荔湾区公安局荔湾区分局,1982.02.02-1992.01.31,木叶村消费金融,75056.82,12,购买新能源汽车,等额本息
IMG_01859,loan_1563/face_signing.jpg,LN2024001563,SG_501,1,F,何秀,女,汉族,1976-01-15,上海市上海市黄浦区 香榭丽舍 8栋5单元643室,310101197601156569,黄浦区公安局黄浦区分局,1994.01.10-2004.01.08,夏尔农业信贷,193581.92,12,婚庆,按月付息，到期还本
IMG_01860,loan_1564/face_signing.jpg,LN2024001564,SG_502,1,F,杨晨,女,汉族,1969-10-07,江苏省南京市鼓楼区 碧水云天 8栋4单元260室,320106196910078364,鼓楼区公安局鼓楼区分局,1987.10.03-1997.09.30,提瓦特小额贷款,164294.86,3,购买新能源汽车,先息后本
IMG_01861,loan_1565/face_signing.jpg,LN2024001565,SG_503,1,F,朱子涵,男,汉族,1962-03-14,新疆维吾尔自治区乌鲁木齐市天山区 普罗旺斯 17栋5单元1060室,650102196203146031,天山区公安局天山区分局,1980.03.09-1990.03.07,九又四分之三信贷中心,167607.93,3,购买新能源汽车,先息后本
IMG_01862,loan_1566/face_signing.jpg,LN2024001566,SG_504,1,F,孙婷,女,汉族,1997-12-22,北京市北京市朝阳区 锦绣华庭 18栋4单元2117室,110105199712220022,朝阳区公安局朝阳区分局,2015.12.18-2025.12.15,霍格沃茨魔法银行,4901509.74,360,企业流动资金,等额本金
IMG_01863,loan_1567/face_signing.jpg,LN2024001567,SG_505,1,F,郭明,男,汉族,2004-10-18,上海市上海市黄浦区 东方曼哈顿 1栋1单元1281室,310101200410181299,黄浦区公安局黄浦区分局,2022.10.14-2032.10.11,星火基地普惠金融,613055.19,24,企业流动资金,等额本息
IMG_01864,loan_1568/face_signing.jpg,LN2024001568,SG_506,1,F,徐梓轩,女,汉族,1993-10-06,天津市天津市和平区 普罗旺斯 17栋4单元1212室,120101199310062582,和平区公安局和平区分局,2011.10.02-2021.09.29,夏尔农业信贷,3687105.37,240,购房首付,按月付息，到期还本
IMG_01865,loan_1569/face_signing.jpg,LN2024001569,SG_507,1,F,何浩,男,汉族,1974-02-23,广东省广州市荔湾区 悦海名邸 7栋2单元904室,440103197402238977,荔湾区公安局荔湾区分局,1992.02.19-2002.02.16,提瓦特小额贷款,660280.63,60,二手房交易,按月付息，到期还本
IMG_01866,loan_1570/face_signing.jpg,LN2024001570,SG_508,1,F,周军,男,汉族,1973-09-11,福建省厦门市思明区 紫金华府 19栋1单元645室,35020319730911659X,思明区公安局思明区分局,1991.09.07-2001.09.04,赛博城消费金融有限公司,96583.39,6,婚庆,先息后本
IMG_01867,loan_1571/face_signing.jpg,LN2024001571,SG_509,1,F,黄宇,男,汉族,1976-03-18,新疆维吾尔自治区乌鲁木齐市天山区 龙腾盛世 7栋5单元469室,650102197603188999,天山区公安局天山区分局,1994.03.14-2004.03.11,昆仑数字科技有限公司,4333381.79,360,企业流动资金,等额本金
IMG_01868,loan_1572/face_signing.jpg,LN2024001572,SG_510,1,F,张丽,女,汉族,1986-07-15,江苏省无锡市新吴区 龙腾盛世 9栋3单元1630室,320214198607155042,新吴区公安局新吴区分局,2004.07.10-2014.07.08,夏尔农业信贷,78229.43,6,购买新能源汽车,一次性还本付息
IMG_01869,loan_1573/face_signing.jpg,LN2024001573,SG_511,1,F,孙娜,女,汉族,1977-08-10,江苏省南京市鼓楼区 威尼斯水城 4栋6单元2333室,320106197708100542,鼓楼区公安局鼓楼区分局,1995.08.06-2005.08.03,哥谭市小额贷款中心,634178.78,24,企业流动资金,等额本息
IMG_01870,loan_1574/face_signing.jpg,LN2024001574,SG_512,1,F,吴宇,男,汉族,2007-06-21,北京市北京市海淀区 龙腾盛世 11栋1单元2080室,110108200706210770,海淀区公安局海淀区分局,2025.06.16-2035.06.14,星火基地普惠金融,2116231.45,120,二手房交易,等额本金
IMG_01871,loan_1575/face_signing.jpg,LN2024001575,SG_513,1,F,王子涵,男,汉族,1993-10-31,天津市天津市东丽区 阳光100 2栋5单元1746室,120110199310319719,东丽区公安局东丽区分局,2011.10.27-2021.10.24,新亚特兰蒂斯商业银行,2809864.75,360,二手房交易,等额本金
IMG_01872,loan_1576/face_signing.jpg,LN2024001576,SG_514,1,F,郭慧,女,汉族,1961-07-15,浙江省宁波市海曙区 融创壹号院 5栋3单元2144室,330203196107151786,海曙区公安局海曙区分局,1979.07.11-1989.07.08,新亚特兰蒂斯商业银行,918171.88,24,购房首付,按月付息，到期还本
IMG_01873,loan_1577/face_signing.jpg,LN2024001577,SG_515,1,F,张静,女,汉族,1982-06-02,海南省海口市龙华区 绿地新江湾 2栋3单元1728室,460106198206025744,龙华区公安局龙华区分局,2000.05.28-2010.05.26,昆仑数字科技有限公司,97910.65,6,婚庆,一次性还本付息
IMG_01874,loan_1578/face_signing.jpg,LN2024001578,SG_516,1,F,胡磊,男,汉族,2005-04-07,云南省昆明市五华区 绿地新江湾 4栋1单元492室,530102200504075291,五华区公安局五华区分局,2023.04.03-2033.03.31,夏尔农业信贷,442052.0,36,企业流动资金,按月付息，到期还本
IMG_01875,loan_1579/face_signing.jpg,LN2024001579,SG_517,1,F,何燕,女,汉族,2007-03-28,海南省海口市龙华区 悦海名邸 15栋1单元660室,460106200703285408,龙华区公安局龙华区分局,2025.03.23-2035.03.21,哥谭市小额贷款中心,1236525.93,360,企业流动资金,等额本息
IMG_01876,loan_1580/face_signing.jpg,LN2024001580,SG_518,1,F,林雪,女,汉族,1992-04-22,天津市天津市和平区 融创壹号院 19栋2单元414室,120101199204220401,和平区公安局和平区分局,2010.04.18-2020.04.15,提瓦特小额贷款,570346.87,60,二手房交易,等额本金
IMG_01877,loan_1581/face_signing.jpg,LN2024001581,SG_519,1,F,王杰,男,汉族,1995-04-02,上海市上海市黄浦区 东方曼哈顿 16栋5单元561室,310101199504020335,黄浦区公安局黄浦区分局,2013.03.28-2023.03.26,昆仑数字科技有限公司,64149.65,12,购买燃油车,等额本息
IMG_01878,loan_1582/face_signing.jpg,LN2024001582,SG_520,1,F,朱强,男,汉族,2004-10-08,浙江省杭州市西湖区 锦绣华庭 5栋6单元246室,330106200410080215,西湖区公安局西湖区分局,2022.10.04-2032.10.01,新亚特兰蒂斯商业银行,3806604.09,120,购房首付,按月付息，到期还本
IMG_01879,loan_1583/face_signing.jpg,LN2024001583,SG_521,1,F,何子涵,男,汉族,1993-01-18,四川省成都市武侯区 融创壹号院 4栋1单元1988室,510107199301182436,武侯区公安局武侯区分局,2011.01.14-2021.01.11,哥谭市小额贷款中心,1931094.37,240,企业流动资金,等额本息
IMG_01880,loan_1584/face_signing.jpg,LN2024001584,SG_522,1,F,徐梓轩,女,维吾尔族,1985-10-06,新疆维吾尔自治区乌鲁木齐市天山区 东方曼哈顿 10栋3单元185室,650102198510063366,天山区公安局天山区分局,2003.10.02-2013.09.29,昆仑数字科技有限公司,564016.39,36,扩大生产,等额本金
IMG_01881,loan_1585/face_signing.jpg,LN2024001585,SG_523,1,F,何梓轩,女,汉族,1984-06-28,安徽省合肥市庐阳区 御景半岛 1栋1单元1528室,340103198406285368,庐阳区公安局庐阳区分局,2002.06.24-2012.06.21,九又四分之三信贷中心,569205.48,36,企业流动资金,等额本息
IMG_01882,loan_1586/face_signing.jpg,LN2024001586,SG_524,1,F,周志强,男,汉族,1988-08-31,湖南省长沙市岳麓区 阳光100 2栋3单元1393室,430104198808312195,岳麓区公安局岳麓区分局,2006.08.27-2016.08.24,新亚特兰蒂斯商业银行,259372.43,24,购买燃油车,按月付息，到期还本
IMG_01883,loan_1587/face_signing.jpg,LN2024001587,SG_525,1,F,高超,男,汉族,1969-06-18,江苏省南京市鼓楼区 枫林晚居 2栋1单元415室,320106196906184690,鼓楼区公安局鼓楼区分局,1987.06.14-1997.06.11,夏尔农业信贷,1956898.27,240,购房首付,按月付息，到期还本
IMG_01884,loan_1588/face_signing.jpg,LN2024001588,SG_526,1,F,陈梓轩,男,汉族,1985-11-25,广东省深圳市南山区 翠湖雅苑 14栋5单元629室,440305198511256195,南山区公安局南山区分局,2003.11.21-2013.11.18,瓦坎达信贷中心,815576.21,120,购房首付,等额本息
IMG_01885,loan_1589/face_signing.jpg,LN2024001589,SG_527,1,F,徐华,男,汉族,1992-07-27,河南省郑州市金水区 绿地新江湾 10栋2单元345室,410105199207275912,金水区公安局金水区分局,2010.07.23-2020.07.20,琅琊商业银行,72895.83,6,婚庆,先息后本
IMG_01886,loan_1590/face_signing.jpg,LN2024001590,SG_528,1,F,黄志强,男,汉族,1989-06-13,山东省青岛市崂山区 普罗旺斯 11栋1单元457室,370212198906132736,崂山区公安局崂山区分局,2007.06.09-2017.06.06,霍格沃茨魔法银行,1483436.03,120,二手房交易,等额本息
IMG_01887,loan_1591/face_signing.jpg,LN2024001591,SG_529,1,F,孙平,女,汉族,1968-07-13,浙江省杭州市上城区 中央公园 19栋1单元1370室,330102196807139583,上城区公安局上城区分局,1986.07.09-1996.07.06,夏尔农业信贷,2610270.38,240,二手房交易,等额本金
IMG_01888,loan_1592/face_signing.jpg,LN2024001592,SG_530,1,F,杨慧,女,彝族,1994-02-15,天津市天津市东丽区 绿地新江湾 17栋6单元1837室,120110199402150404,东丽区公安局东丽区分局,2012.02.11-2022.02.08,星火基地普惠金融,587984.12,24,二手房交易,等额本息
IMG_01889,loan_1593/face_signing.jpg,LN2024001593,SG_531,1,F,赵杰,男,回族,2000-05-11,四川省成都市武侯区 香榭丽舍 3栋6单元1729室,510107200005114936,武侯区公安局武侯区分局,2018.05.07-2028.05.04,赛博城消费金融有限公司,19197.93,6,日常消费,先息后本
IMG_01890,loan_1594/face_signing.jpg,LN2024001594,SG_532,1,F,张平,女,汉族,1972-04-08,福建省福州市鼓楼区 锦绣华庭 17栋1单元920室,350102197204086206,鼓楼区公安局鼓楼区分局,1990.04.04-2000.04.01,夏尔农业信贷,354778.24,24,企业流动资金,等额本息
IMG_01891,loan_1595/face_signing.jpg,LN2024001595,SG_533,1,F,罗娜,女,汉族,1985-02-02,贵州省贵阳市云岩区 悦海名邸 11栋1单元667室,520103198502026984,云岩区公安局云岩区分局,2003.01.29-2013.01.26,木叶村消费金融,825529.29,24,购房首付,等额本金
IMG_01892,loan_1596/face_signing.jpg,LN2024001596,SG_534,1,F,高秀,女,汉族,1974-12-26,江苏省南京市鼓楼区 绿地新江湾 8栋2单元1644室,32010619741226314X,鼓楼区公安局鼓楼区分局,1992.12.21-2002.12.19,霍格沃茨魔法银行,94750.08,12,婚庆,等额本金
IMG_01893,loan_1597/face_signing.jpg,LN2024001597,SG_535,1,F,孙磊,男,汉族,1974-10-30,江苏省南京市鼓楼区 御景半岛 19栋2单元458室,320106197410307575,鼓楼区公安局鼓楼区分局,1992.10.25-2002.10.23,阿卡姆消费金融,910846.17,36,购房首付,等额本金
IMG_01894,loan_1598/face_signing.jpg,LN2024001598,SG_536,1,F,林子涵,女,汉族,1963-09-26,浙江省杭州市上城区 翠湖雅苑 15栋4单元2089室,330102196309260348,上城区公安局上城区分局,1981.09.21-1991.09.19,木叶村消费金融,550661.77,360,二手房交易,按月付息，到期还本
IMG_01895,loan_1599/face_signing.jpg,LN2024001599,SG_537,1,F,王伟,男,彝族,1967-08-19,北京市北京市东城区 翠湖雅苑 11栋2单元2274室,110101196708199997,东城区公安局东城区分局,1985.08.14-1995.08.12,阿卡姆消费金融,128996.41,12,购买燃油车,等额本金
IMG_01896,loan_1600/face_signing.jpg,LN2024001600,SG_538,1,F,罗建,女,汉族,1983-01-30,北京市北京市海淀区 威尼斯水城 12栋6单元1151室,110108198301304744,海淀区公安局海淀区分局,2001.01.25-2011.01.23,九又四分之三信贷中心,625872.03,60,企业流动资金,等额本息
IMG_01897,loan_1601/face_signing.jpg,LN2024001601,SG_539,1,F,杨勇,男,汉族,2001-12-22,广东省广州市荔湾区 星河湾畔 12栋6单元1663室,440103200112226390,荔湾区公安局荔湾区分局,2019.12.18-2029.12.15,昆仑数字科技有限公司,2334078.25,240,企业流动资金,等额本息
IMG_01898,loan_1602/face_signing.jpg,LN2024001602,SG_540,1,F,李宇,男,汉族,1975-04-10,山东省济南市历下区 碧水云天 15栋2单元115室,370102197504108773,历下区公安局历下区分局,1993.04.05-2003.04.03,木叶村消费金融,396304.04,24,二手房交易,等额本金
IMG_01899,loan_1603/face_signing.jpg,LN2024001603,SG_541,1,F,周晨,女,汉族,1982-09-20,四川省成都市锦江区 普罗旺斯 17栋1单元433室,510104198209201549,锦江区公安局锦江区分局,2000.09.15-2010.09.13,潘多拉普惠金融,46361.2,6,日常消费,先息后本
IMG_01900,loan_1604/face_signing.jpg,LN2024001604,SG_542,1,F,徐慧,女,维吾尔族,1990-12-27,江苏省南京市玄武区 碧水云天 14栋6单元1956室,320102199012277968,玄武区公安局玄武区分局,2008.12.22-2018.12.20,昆仑数字科技有限公司,70111.66,6,婚庆,先息后本
IMG_01901,loan_1605/face_signing.jpg,LN2024001605,SG_543,1,F,黄磊,男,汉族,1964-10-21,上海市上海市黄浦区 阳光100 13栋5单元1345室,310101196410211276,黄浦区公安局黄浦区分局,1982.10.17-1992.10.14,琅琊商业银行,3949973.46,240,企业流动资金,等额本息
IMG_01902,loan_1606/face_signing.jpg,LN2024001606,SG_544,1,F,李晨,女,汉族,1977-09-04,新疆维吾尔自治区乌鲁木齐市天山区 枫林晚居 15栋5单元1870室,650102197709046809,天山区公安局天山区分局,1995.08.31-2005.08.28,潘多拉普惠金融,3303692.82,120,二手房交易,等额本金
IMG_01903,loan_1607/face_signing.jpg,LN2024001607,SG_545,1,F,周梓轩,女,汉族,1992-11-28,广东省深圳市福田区 威尼斯水城 14栋3单元1397室,440304199211280167,福田区公安局福田区分局,2010.11.24-2020.11.21,提瓦特小额贷款,12545.58,12,购买家电,等额本金
IMG_01904,loan_1608/face_signing.jpg,LN2024001608,SG_546,1,F,刘杰,男,汉族,2004-11-10,四川省成都市锦江区 紫金华府 19栋2单元1589室,510104200411104371,锦江区公安局锦江区分局,2022.11.06-2032.11.03,霍格沃茨魔法银行,175839.52,3,房屋装修,先息后本
IMG_01905,loan_1609/face_signing.jpg,LN2024001609,SG_547,1,F,周强,男,汉族,1991-04-29,陕西省西安市雁塔区 碧水云天 4栋3单元1896室,610113199104297518,雁塔区公安局雁塔区分局,2009.04.24-2019.04.22,琅琊商业银行,69365.98,3,购买燃油车,一次性还本付息
IMG_01906,loan_1610/face_signing.jpg,LN2024001610,SG_548,1,F,周宇,男,汉族,1996-02-05,广东省深圳市南山区 星河湾畔 10栋2单元2150室,44030519960205469X,南山区公安局南山区分局,2014.01.31-2024.01.29,阿卡姆消费金融,35414.21,3,日常消费,先息后本
IMG_01907,loan_1611/face_signing.jpg,LN2024001611,SG_549,1,F,李华,女,维吾尔族,1982-10-20,江西省南昌市东湖区 御景半岛 3栋4单元1764室,36010219821020616X,东湖区公安局东湖区分局,2000.10.15-2010.10.13,瓦坎达信贷中心,2172074.9,240,企业流动资金,按月付息，到期还本
IMG_01908,loan_1612/face_signing.jpg,LN2024001612,SG_550,1,F,朱子涵,男,汉族,1964-10-06,上海市上海市黄浦区 威尼斯水城 6栋3单元453室,310101196410063111,黄浦区公安局黄浦区分局,1982.10.02-1992.09.29,赛博城消费金融有限公司,148387.25,3,婚庆,先息后本
IMG_01909,loan_1613/face_signing.jpg,LN2024001613,SG_551,1,F,高宇,男,汉族,2002-12-09,江苏省南京市鼓楼区 御景半岛 16栋3单元1415室,320106200212099714,鼓楼区公安局鼓楼区分局,2020.12.04-2030.12.02,夏尔农业信贷,412537.57,36,扩大生产,等额本金
IMG_01910,loan_1614/face_signing.jpg,LN2024001614,SG_552,1,F,郭建,女,汉族,1972-12-19,海南省海口市龙华区 融创壹号院 1栋5单元2118室,460106197212194101,龙华区公安局龙华区分局,1990.12.15-2000.12.12,潘多拉普惠金融,178701.4,60,购买燃油车,等额本金
IMG_01911,loan_1615/face_signing.jpg,LN2024001615,SG_553,1,F,林丽,女,苗族,1992-05-23,江苏省南京市鼓楼区 锦绣家园 15栋5单元429室,32010619920523234X,鼓楼区公安局鼓楼区分局,2010.05.19-2020.05.16,潘多拉普惠金融,2630024.38,360,二手房交易,按月付息，到期还本
IMG_01912,loan_1616/face_signing.jpg,LN2024001616,SG_554,1,F,周梓轩,男,汉族,1971-02-26,福建省厦门市思明区 阳光100 13栋1单元325室,350203197102262290,思明区公安局思明区分局,1989.02.21-1999.02.19,哥谭市小额贷款中心,4236841.22,120,企业流动资金,等额本金
IMG_01913,loan_1617/face_signing.jpg,LN2024001617,SG_555,1,F,罗华,女,汉族,1970-08-14,江苏省无锡市新吴区 香榭丽舍 16栋1单元1445室,320214197008145286,新吴区公安局新吴区分局,1988.08.09-1998.08.07,新亚特兰蒂斯商业银行,264880.39,60,房屋装修,等额本息
IMG_01914,loan_1618/face_signing.jpg,LN2024001618,SG_556,1,F,胡娜,女,汉族,1968-09-13,浙江省杭州市西湖区 翠湖雅苑 7栋1单元1473室,330106196809133869,西湖区公安局西湖区分局,1986.09.09-1996.09.06,阿卡姆消费金融,424407.9,60,二手房交易,按月付息，到期还本
IMG_01915,loan_1619/face_signing.jpg,LN2024001619,SG_557,1,F,周华,男,汉族,1964-12-12,广东省深圳市南山区 御景半岛 19栋2单元1802室,440305196412124999,南山区公安局南山区分局,1982.12.08-1992.12.05,霍格沃茨魔法银行,8232.27,3,教育进修,先息后本
IMG_01916,loan_1620/face_signing.jpg,LN2024001620,SG_558,1,F,林婷,女,汉族,1977-07-29,安徽省合肥市庐阳区 紫金华府 6栋3单元1740室,340103197707290246,庐阳区公安局庐阳区分局,1995.07.25-2005.07.22,艾泽拉斯数字科技,4409381.4,240,购房首付,等额本息
IMG_01917,loan_1621/face_signing.jpg,LN2024001621,SG_559,1,F,郭建国,男,苗族,1980-05-23,江苏省无锡市新吴区 紫金华府 11栋6单元2272室,320214198005239855,新吴区公安局新吴区分局,1998.05.19-2008.05.16,提瓦特小额贷款,155404.68,3,购买新能源汽车,一次性还本付息
IMG_01918,loan_1622/face_signing.jpg,LN2024001622,SG_560,1,F,王超,男,汉族,1983-01-14,陕西省西安市雁塔区 东方曼哈顿 9栋4单元1961室,61011319830114257X,雁塔区公安局雁塔区分局,2001.01.09-2011.01.07,木叶村消费金融,831114.12,24,企业流动资金,按月付息，到期还本
IMG_01919,loan_1623/face_signing.jpg,LN2024001623,SG_561,1,F,王超,男,汉族,1967-08-24,北京市北京市东城区 翠湖雅苑 16栋1单元2459室,110101196708248197,东城区公安局东城区分局,1985.08.19-1995.08.17,新亚特兰蒂斯商业银行,560185.77,36,扩大生产,按月付息，到期还本
IMG_01920,loan_1624/face_signing.jpg,LN2024001624,SG_562,1,F,郭杰,男,汉族,2007-08-16,北京市北京市东城区 星河湾畔 8栋2单元2495室,110101200708168591,东城区公安局东城区分局,2025.08.11-2035.08.09,哥谭市小额贷款中心,578721.95,240,购房首付,等额本金
IMG_01921,loan_1625/face_signing.jpg,LN2024001625,SG_563,1,F,王文,女,汉族,2006-01-16,安徽省合肥市庐阳区 锦绣华庭 2栋4单元2060室,340103200601163307,庐阳区公安局庐阳区分局,2024.01.12-2034.01.09,潘多拉普惠金融,152693.1,12,婚庆,等额本金
IMG_01922,loan_1626/face_signing.jpg,LN2024001626,SG_564,1,F,陈华,男,苗族,1999-10-11,安徽省合肥市庐阳区 东方曼哈顿 20栋5单元2324室,340103199910110836,庐阳区公安局庐阳区分局,2017.10.06-2027.10.04,阿卡姆消费金融,5689.1,3,购买家电,先息后本
IMG_01923,loan_1627/face_signing.jpg,LN2024001627,SG_565,1,F,何强,男,汉族,1984-02-06,四川省成都市锦江区 普罗旺斯 6栋3单元1408室,510104198402062798,锦江区公安局锦江区分局,2002.02.01-2012.01.30,昆仑数字科技有限公司,189906.45,3,购买燃油车,先息后本
IMG_01924,loan_1628/face_signing.jpg,LN2024001628,SG_566,1,F,孙佳,女,汉族,1990-07-31,北京市北京市朝阳区 中央公园 9栋4单元850室,110105199007312167,朝阳区公安局朝阳区分局,2008.07.26-2018.07.24,瓦坎达信贷中心,944442.25,60,企业流动资金,等额本金
IMG_01925,loan_1629/face_signing.jpg,LN2024001629,SG_567,1,F,赵敏,女,汉族,1978-07-10,广东省广州市荔湾区 锦绣家园 8栋6单元1200室,44010319780710538X,荔湾区公安局荔湾区分局,1996.07.05-2006.07.03,提瓦特小额贷款,194101.44,3,购买新能源汽车,先息后本
IMG_01926,loan_1630/face_signing.jpg,LN2024001630,SG_568,1,F,刘磊,男,汉族,1991-08-14,江西省南昌市东湖区 翠湖雅苑 9栋3单元1495室,360102199108145959,东湖区公安局东湖区分局,2009.08.09-2019.08.07,昆仑数字科技有限公司,9015.71,12,购买家电,等额本金
IMG_01927,loan_1631/face_signing.jpg,LN2024001631,SG_569,1,F,赵建,男,回族,2000-04-05,浙江省杭州市上城区 威尼斯水城 10栋5单元1849室,330102200004051296,上城区公安局上城区分局,2018.04.01-2028.03.29,星火基地普惠金融,405533.47,36,企业流动资金,等额本金
IMG_01928,loan_1632/face_signing.jpg,LN2024001632,SG_570,1,F,周建国,男,汉族,1977-03-16,河南省郑州市金水区 锦绣家园 4栋5单元1334室,410105197703167372,金水区公安局金水区分局,1995.03.12-2005.03.09,琅琊商业银行,60952.68,24,婚庆,等额本息
IMG_01929,loan_1633/face_signing.jpg,LN2024001633,SG_571,1,F,胡雪,女,汉族,1992-04-24,山东省青岛市崂山区 锦绣家园 4栋4单元907室,370212199204246522,崂山区公安局崂山区分局,2010.04.20-2020.04.17,琅琊商业银行,2746633.99,240,购房首付,按月付息，到期还本
IMG_01930,loan_1634/face_signing.jpg,LN2024001634,SG_572,1,F,吴梓轩,男,汉族,1961-07-06,四川省成都市武侯区 香榭丽舍 20栋2单元1243室,510107196107069874,武侯区公安局武侯区分局,1979.07.02-1989.06.29,琅琊商业银行,236134.36,24,购买燃油车,按月付息，到期还本
IMG_01931,loan_1635/face_signing.jpg,LN2024001635,SG_573,1,F,赵建国,男,汉族,1962-05-28,江苏省南京市玄武区 威尼斯水城 14栋2单元991室,320102196205282874,玄武区公安局玄武区分局,1980.05.23-1990.05.21,哥谭市小额贷款中心,172422.3,36,购买新能源汽车,等额本息
IMG_01932,loan_1636/face_signing.jpg,LN2024001636,SG_574,1,F,赵娜,女,汉族,1983-02-22,江苏省苏州市虎丘区 碧水云天 2栋5单元1822室,320505198302220683,虎丘区公安局虎丘区分局,2001.02.17-2011.02.15,艾泽拉斯数字科技,97303.62,24,婚庆,等额本息
IMG_01933,loan_1637/face_signing.jpg,LN2024001637,SG_575,1,F,高梓轩,男,汉族,1974-11-25,浙江省宁波市海曙区 融创壹号院 1栋5单元1398室,330203197411259390,海曙区公安局海曙区分局,1992.11.20-2002.11.18,霍格沃茨魔法银行,4227436.1,120,购房首付,按月付息，到期还本
IMG_01934,loan_1638/face_signing.jpg,LN2024001638,SG_576,1,F,孙宇,女,汉族,2005-07-07,江苏省南京市鼓楼区 中央公园 18栋1单元1155室,320106200507072009,鼓楼区公安局鼓楼区分局,2023.07.03-2033.06.30,阿卡姆消费金融,1896156.4,240,购房首付,按月付息，到期还本
IMG_01935,loan_1639/face_signing.jpg,LN2024001639,SG_237,1,F,杨秀,女,汉族,1987-10-11,湖北省武汉市武昌区 香榭丽舍 4栋6单元620室,420106198710118643,武昌区公安局武昌区分局,2005.10.06-2015.10.04,新亚特兰蒂斯商业银行,4107598.27,360,购房首付,等额本息
IMG_01936,loan_1640/face_signing.jpg,LN2024001640,SG_238,1,F,周宇,女,汉族,1993-02-20,陕西省西安市新城区 碧水云天 19栋2单元423室,610102199302208265,新城区公安局新城区分局,2011.02.16-2021.02.13,赛博城消费金融有限公司,49110.05,6,医疗,一次性还本付息
IMG_01937,loan_1641/face_signing.jpg,LN2024001641,SG_239,1,F,胡涛,男,汉族,1992-03-17,海南省海口市龙华区 融创壹号院 13栋5单元418室,460106199203170932,龙华区公安局龙华区分局,2010.03.13-2020.03.10,新亚特兰蒂斯商业银行,27973.52,12,教育进修,等额本金
IMG_01938,loan_1642/face_signing.jpg,LN2024001642,SG_240,1,F,周宇,男,汉族,2002-02-03,北京市北京市朝阳区 御景半岛 18栋5单元669室,110105200202035236,朝阳区公安局朝阳区分局,2020.01.30-2030.01.27,瓦坎达信贷中心,2448619.94,360,企业流动资金,等额本金
IMG_01939,loan_1643/face_signing.jpg,LN2024001643,SG_241,1,F,黄敏,女,汉族,1968-05-19,重庆市重庆市渝中区 绿地新江湾 11栋5单元2202室,500103196805199943,渝中区公安局渝中区分局,1986.05.15-1996.05.12,赛博城消费金融有限公司,131058.94,6,婚庆,先息后本
IMG_01940,loan_1644/face_signing.jpg,LN2024001644,SG_242,1,F,林秀,女,汉族,1982-05-28,新疆维吾尔自治区乌鲁木齐市天山区 龙腾盛世 11栋6单元1897室,650102198205288665,天山区公安局天山区分局,2000.05.23-2010.05.21,瓦坎达信贷中心,113655.27,3,购买燃油车,先息后本
IMG_01941,loan_1645/face_signing.jpg,LN2024001645,SG_243,1,F,何丽,女,汉族,1977-12-29,陕西省西安市雁塔区 翠湖雅苑 1栋2单元2503室,610113197712294709,雁塔区公安局雁塔区分局,1995.12.25-2005.12.22,霍格沃茨魔法银行,3702942.2,120,二手房交易,等额本金
IMG_01942,loan_1646/face_signing.jpg,LN2024001646,SG_244,1,F,胡浩,男,汉族,1974-06-19,广东省深圳市福田区 威尼斯水城 5栋4单元2345室,440304197406192256,福田区公安局福田区分局,1992.06.14-2002.06.12,潘多拉普惠金融,592214.58,60,扩大生产,按月付息，到期还本
IMG_01943,loan_1647/face_signing.jpg,LN2024001647,SG_245,1,F,刘梓轩,男,汉族,2002-09-01,浙江省杭州市上城区 锦绣华庭 1栋1单元1324室,330102200209017390,上城区公安局上城区分局,2020.08.27-2030.08.25,霍格沃茨魔法银行,181100.39,3,房屋装修,一次性还本付息
IMG_01944,loan_1648/face_signing.jpg,LN2024001648,SG_246,1,F,何文,男,汉族,1974-11-13,江苏省南京市鼓楼区 锦绣家园 3栋5单元2257室,320106197411132770,鼓楼区公安局鼓楼区分局,1992.11.08-2002.11.06,赛博城消费金融有限公司,278997.7,24,房屋装修,等额本金
IMG_01945,loan_1649/face_signing.jpg,LN2024001649,SG_247,1,F,马雪,女,汉族,1988-07-07,四川省成都市武侯区 紫金华府 9栋5单元1975室,510107198807078324,武侯区公安局武侯区分局,2006.07.03-2016.06.30,霍格沃茨魔法银行,2762741.6,120,二手房交易,等额本息
IMG_01946,loan_1650/face_signing.jpg,LN2024001650,SG_248,1,F,周浩,男,汉族,1975-02-06,北京市北京市东城区 普罗旺斯 3栋6单元980室,110101197502067758,东城区公安局东城区分局,1993.02.01-2003.01.30,星火基地普惠金融,3798965.53,120,企业流动资金,按月付息，到期还本
IMG_01947,loan_1651/face_signing.jpg,LN2024001651,SG_249,1,F,刘宇,女,汉族,2006-12-26,浙江省杭州市西湖区 枫林晚居 16栋4单元1978室,330106200612268240,西湖区公安局西湖区分局,2024.12.21-2034.12.19,霍格沃茨魔法银行,2269459.47,240,二手房交易,等额本息
IMG_01948,loan_1652/face_signing.jpg,LN2024001652,SG_250,1,F,黄平,女,汉族,1994-06-21,山东省济南市历下区 香榭丽舍 10栋3单元1295室,370102199406215048,历下区公安局历下区分局,2012.06.16-2022.06.14,昆仑数字科技有限公司,873144.95,36,二手房交易,按月付息，到期还本
IMG_01949,loan_1653/face_signing.jpg,LN2024001653,SG_251,1,F,马雪,女,汉族,1992-05-02,四川省成都市锦江区 东方曼哈顿 14栋3单元1306室,510104199205028229,锦江区公安局锦江区分局,2010.04.28-2020.04.25,提瓦特小额贷款,323980.69,24,企业流动资金,等额本息
IMG_01950,loan_1654/face_signing.jpg,LN2024001654,SG_252,1,F,陈文,男,汉族,1988-05-28,山东省济南市历下区 悦海名邸 20栋3单元1912室,370102198805281099,历下区公安局历下区分局,2006.05.24-2016.05.21,潘多拉普惠金融,3714562.96,360,二手房交易,等额本金
IMG_01951,loan_1655/face_signing.jpg,LN2024001655,SG_253,1,F,王浩,女,回族,1969-08-14,广东省广州市天河区 锦绣家园 9栋2单元1286室,440106196908149626,天河区公安局天河区分局,1987.08.10-1997.08.07,琅琊商业银行,151029.94,12,购买新能源汽车,等额本金
IMG_01952,loan_1656/face_signing.jpg,LN2024001656,SG_254,1,F,黄军,男,汉族,2008-03-25,福建省福州市鼓楼区 锦绣家园 13栋2单元833室,350102200803252872,鼓楼区公安局鼓楼区分局,2026.03.21-2036.03.18,夏尔农业信贷,50121.07,12,购买燃油车,按月付息，到期还本
IMG_01953,loan_1657/face_signing.jpg,LN2024001657,SG_255,1,F,李慧,女,汉族,1982-04-03,山东省青岛市崂山区 紫金华府 16栋4单元932室,370212198204039326,崂山区公安局崂山区分局,2000.03.29-2010.03.27,新亚特兰蒂斯商业银行,162522.57,3,购买燃油车,先息后本
IMG_01954,loan_1658/face_signing.jpg,LN2024001658,SG_256,1,F,何明,男,汉族,1985-04-16,陕西省西安市雁塔区 碧水云天 15栋3单元963室,610113198504162810,雁塔区公安局雁塔区分局,2003.04.12-2013.04.09,九又四分之三信贷中心,667712.96,24,购房首付,等额本金
IMG_01955,loan_1659/face_signing.jpg,LN2024001659,SG_257,1,F,王杰,男,满族,2000-02-15,北京市北京市朝阳区 星河湾畔 15栋3单元819室,110105200002159998,朝阳区公安局朝阳区分局,2018.02.10-2028.02.08,昆仑数字科技有限公司,111843.54,12,婚庆,按月付息，到期还本
IMG_01956,loan_1660/face_signing.jpg,LN2024001660,SG_258,1,F,高子涵,女,汉族,1990-03-18,海南省海口市龙华区 普罗旺斯 14栋3单元1195室,460106199003185187,龙华区公安局龙华区分局,2008.03.13-2018.03.11,潘多拉普惠金融,182028.67,12,房屋装修,等额本金
IMG_01957,loan_1661/face_signing.jpg,LN2024001661,SG_259,1,F,王明,男,汉族,1985-12-21,陕西省西安市新城区 枫林晚居 9栋6单元426室,610102198512218037,新城区公安局新城区分局,2003.12.17-2013.12.14,哥谭市小额贷款中心,266833.75,60,房屋装修,等额本金
IMG_01958,loan_1662/face_signing.jpg,LN2024001662,SG_260,1,F,赵平,女,汉族,1994-06-15,广东省广州市天河区 普罗旺斯 11栋3单元1718室,440106199406159027,天河区公安局天河区分局,2012.06.10-2022.06.08,琅琊商业银行,91465.83,3,婚庆,先息后本
IMG_01959,loan_1663/face_signing.jpg,LN2024001663,SG_261,1,F,胡娜,女,汉族,1980-03-21,浙江省杭州市上城区 普罗旺斯 9栋4单元854室,330102198003213484,上城区公安局上城区分局,1998.03.17-2008.03.14,九又四分之三信贷中心,185743.55,6,婚庆,先息后本
IMG_01960,loan_1664/face_signing.jpg,LN2024001664,SG_262,1,F,罗华,男,汉族,1985-02-17,新疆维吾尔自治区乌鲁木齐市天山区 融创壹号院 12栋4单元2383室,650102198502172570,天山区公安局天山区分局,2003.02.13-2013.02.10,艾泽拉斯数字科技,1210869.55,240,企业流动资金,等额本息
IMG_01961,loan_1665/face_signing.jpg,LN2024001665,SG_263,1,F,胡文,女,汉族,1990-05-03,广东省深圳市南山区 中央公园 13栋3单元2459室,440305199005039985,南山区公安局南山区分局,2008.04.28-2018.04.26,潘多拉普惠金融,93403.98,24,购买燃油车,按月付息，到期还本
IMG_01962,loan_1666/face_signing.jpg,LN2024001666,SG_264,1,F,何伟,男,汉族,1966-06-01,江苏省苏州市虎丘区 星河湾畔 16栋2单元1220室,320505196606010256,虎丘区公安局虎丘区分局,1984.05.27-1994.05.25,哥谭市小额贷款中心,184332.4,36,购买燃油车,按月付息，到期还本
IMG_01963,loan_1667/face_signing.jpg,LN2024001667,SG_265,1,F,何华,女,汉族,1992-05-18,浙江省杭州市上城区 香榭丽舍 10栋4单元730室,330102199205183548,上城区公安局上城区分局,2010.05.14-2020.05.11,霍格沃茨魔法银行,277655.64,36,婚庆,按月付息，到期还本
IMG_01964,loan_1668/face_signing.jpg,LN2024001668,SG_266,1,F,孙浩,男,汉族,2007-01-21,贵州省贵阳市云岩区 威尼斯水城 18栋2单元1410室,520103200701210039,云岩区公安局云岩区分局,2025.01.16-2035.01.14,新亚特兰蒂斯商业银行,180718.21,12,房屋装修,等额本息
IMG_01965,loan_1669/face_signing.jpg,LN2024001669,SG_267,1,F,王涛,男,汉族,1971-09-18,北京市北京市朝阳区 香榭丽舍 11栋1单元2400室,110105197109188815,朝阳区公安局朝阳区分局,1989.09.13-1999.09.11,昆仑数字科技有限公司,605191.43,36,购房首付,等额本息
IMG_01966,loan_1670/face_signing.jpg,LN2024001670,SG_268,1,F,周静,女,汉族,1986-03-21,海南省海口市龙华区 中央公园 11栋6单元1638室,460106198603213642,龙华区公安局龙华区分局,2004.03.16-2014.03.14,瓦坎达信贷中心,133984.8,12,购买新能源汽车,等额本息
IMG_01967,loan_1671/face_signing.jpg,LN2024001671,SG_269,1,F,李建,女,汉族,1964-11-02,湖南省长沙市芙蓉区 普罗旺斯 5栋6单元405室,430102196411028821,芙蓉区公安局芙蓉区分局,1982.10.29-1992.10.26,霍格沃茨魔法银行,110623.89,60,购买燃油车,按月付息，到期还本
IMG_01968,loan_1672/face_signing.jpg,LN2024001672,SG_270,1,F,何平,男,汉族,1970-10-08,四川省成都市武侯区 枫林晚居 3栋2单元922室,510107197010080916,武侯区公安局武侯区分局,1988.10.03-1998.10.01,赛博城消费金融有限公司,1042749.37,120,二手房交易,等额本息
IMG_01969,loan_1673/face_signing.jpg,LN2024001673,SG_271,1,F,王梓轩,男,汉族,1968-06-22,江苏省无锡市新吴区 龙腾盛世 20栋5单元1454室,320214196806221277,新吴区公安局新吴区分局,1986.06.18-1996.06.15,琅琊商业银行,982662.0,24,购房首付,等额本金
IMG_01970,loan_1674/face_signing.jpg,LN2024001674,SG_272,1,F,何建,女,汉族,1978-12-24,上海市上海市浦东新区 绿地新江湾 8栋5单元1592室,310115197812247020,浦东新区公安局浦东新区分局,1996.12.19-2006.12.17,哥谭市小额贷款中心,190765.33,12,房屋装修,等额本金
IMG_01971,loan_1675/face_signing.jpg,LN2024001675,SG_273,1,F,陈婷,女,汉族,1988-01-20,重庆市重庆市渝中区 碧水云天 9栋4单元763室,500103198801202964,渝中区公安局渝中区分局,2006.01.15-2016.01.13,提瓦特小额贷款,125429.99,12,房屋装修,等额本息
IMG_01972,loan_1676/face_signing.jpg,LN2024001676,SG_274,1,F,李宇,女,汉族,1969-01-03,北京市北京市东城区 绿地新江湾 6栋6单元820室,11010119690103414X,东城区公安局东城区分局,1986.12.30-1996.12.27,提瓦特小额贷款,734731.96,36,扩大生产,等额本息
IMG_01973,loan_1677/face_signing.jpg,LN2024001677,SG_275,1,F,黄晨,男,彝族,2000-03-11,福建省福州市鼓楼区 紫金华府 12栋5单元104室,35010220000311579X,鼓楼区公安局鼓楼区分局,2018.03.07-2028.03.04,夏尔农业信贷,81094.11,3,房屋装修,先息后本
IMG_01974,loan_1678/face_signing.jpg,LN2024001678,SG_276,1,F,李宇,男,汉族,1976-06-29,上海市上海市黄浦区 锦绣家园 16栋3单元1678室,310101197606295875,黄浦区公安局黄浦区分局,1994.06.25-2004.06.22,木叶村消费金融,131519.39,60,房屋装修,等额本金
IMG_01975,loan_1679/face_signing.jpg,LN2024001679,SG_277,1,F,徐慧,女,汉族,1977-12-14,陕西省西安市雁塔区 融创壹号院 12栋3单元2102室,610113197712145084,雁塔区公安局雁塔区分局,1995.12.10-2005.12.07,提瓦特小额贷款,4915991.63,360,二手房交易,按月付息，到期还本
IMG_01976,loan_1680/face_signing.jpg,LN2024001680,SG_278,1,F,杨浩,男,汉族,1972-04-27,北京市北京市东城区 香榭丽舍 17栋6单元1470室,110101197204275057,东城区公安局东城区分局,1990.04.23-2000.04.20,阿卡姆消费金融,710121.91,60,企业流动资金,等额本息
IMG_01977,loan_1681/face_signing.jpg,LN2024001681,SG_279,1,F,朱娜,女,汉族,1961-04-21,海南省海口市龙华区 普罗旺斯 1栋3单元1031室,46010619610421588X,龙华区公安局龙华区分局,1979.04.17-1989.04.14,木叶村消费金融,2775190.58,240,企业流动资金,按月付息，到期还本
IMG_01978,loan_1682/face_signing.jpg,LN2024001682,SG_280,1,F,罗晨,女,汉族,1963-09-12,浙江省宁波市海曙区 普罗旺斯 14栋6单元1373室,330203196309120689,海曙区公安局海曙区分局,1981.09.07-1991.09.05,昆仑数字科技有限公司,513263.1,24,二手房交易,等额本息
IMG_01979,loan_1683/face_signing.jpg,LN2024001683,SG_281,1,F,朱娜,女,汉族,1975-10-01,上海市上海市浦东新区 枫林晚居 11栋4单元1106室,310115197510019364,浦东新区公安局浦东新区分局,1993.09.26-2003.09.24,木叶村消费金融,4011088.87,120,企业流动资金,等额本金
IMG_01980,loan_1684/face_signing.jpg,LN2024001684,SG_282,1,F,孙丽,女,汉族,2006-08-21,海南省海口市龙华区 阳光100 3栋4单元2281室,460106200608218741,龙华区公安局龙华区分局,2024.08.16-2034.08.14,星火基地普惠金融,2451580.75,120,二手房交易,按月付息，到期还本
IMG_01981,loan_1685/face_signing.jpg,LN2024001685,SG_283,1,F,黄子涵,男,汉族,1989-12-23,广东省广州市荔湾区 星河湾畔 6栋3单元1009室,440103198912231518,荔湾区公安局荔湾区分局,2007.12.19-2017.12.16,瓦坎达信贷中心,2028893.39,120,企业流动资金,等额本息
IMG_01982,loan_1686/face_signing.jpg,LN2024001686,SG_284,1,F,徐燕,女,汉族,1984-03-10,陕西省西安市雁塔区 中央公园 8栋3单元2239室,61011319840310358X,雁塔区公安局雁塔区分局,2002.03.06-2012.03.03,阿卡姆消费金融,216371.05,36,购买新能源汽车,等额本金
IMG_01983,loan_1687/face_signing.jpg,LN2024001687,SG_285,1,F,刘宇,女,汉族,1964-02-11,广东省深圳市福田区 锦绣家园 12栋3单元1220室,440304196402118601,福田区公安局福田区分局,1982.02.06-1992.02.04,夏尔农业信贷,4962830.82,240,企业流动资金,等额本金
IMG_01984,loan_1688/face_signing.jpg,LN2024001688,SG_286,1,F,刘燕,女,汉族,1986-08-13,江西省南昌市东湖区 融创壹号院 7栋1单元767室,360102198608132682,东湖区公安局东湖区分局,2004.08.08-2014.08.06,木叶村消费金融,179144.09,12,购买新能源汽车,等额本金
IMG_01985,loan_1689/face_signing.jpg,LN2024001689,SG_287,1,F,马伟,男,汉族,2002-05-18,重庆市重庆市九龙坡区 绿地新江湾 9栋5单元785室,500107200205185331,九龙坡区公安局九龙坡区分局,2020.05.13-2030.05.11,潘多拉普惠金融,618499.84,36,扩大生产,按月付息，到期还本
IMG_01986,loan_1690/face_signing.jpg,LN2024001690,SG_288,1,F,李建国,男,汉族,1978-03-29,福建省厦门市思明区 中央公园 5栋1单元1862室,35020319780329691X,思明区公安局思明区分局,1996.03.24-2006.03.22,阿卡姆消费金融,85391.28,12,购买燃油车,等额本息
IMG_01987,loan_1691/face_signing.jpg,LN2024001691,SG_289,1,F,陈涛,男,汉族,1980-01-13,安徽省合肥市庐阳区 翠湖雅苑 18栋5单元439室,340103198001137316,庐阳区公安局庐阳区分局,1998.01.08-2008.01.06,九又四分之三信贷中心,2582364.64,240,购房首付,等额本金
IMG_01988,loan_1692/face_signing.jpg,LN2024001692,SG_290,1,F,高宇,男,满族,1987-01-21,北京市北京市朝阳区 普罗旺斯 15栋1单元1023室,11010519870121217X,朝阳区公安局朝阳区分局,2005.01.16-2015.01.14,瓦坎达信贷中心,167632.93,3,房屋装修,一次性还本付息
IMG_01989,loan_1693/face_signing.jpg,LN2024001693,SG_291,1,F,高秀,女,汉族,1973-11-20,广东省广州市天河区 枫林晚居 8栋2单元1862室,44010619731120552X,天河区公安局天河区分局,1991.11.16-2001.11.13,夏尔农业信贷,68485.51,24,购买新能源汽车,按月付息，到期还本
IMG_01990,loan_1694/face_signing.jpg,LN2024001694,SG_292,1,F,李丽,女,汉族,1972-02-10,陕西省西安市雁塔区 枫林晚居 5栋1单元1609室,610113197202103466,雁塔区公安局雁塔区分局,1990.02.05-2000.02.03,九又四分之三信贷中心,640735.96,24,企业流动资金,按月付息，到期还本
IMG_01991,loan_1695/face_signing.jpg,LN2024001695,SG_293,1,F,何丽,女,汉族,1985-10-05,江苏省南京市鼓楼区 融创壹号院 16栋6单元161室,320106198510059104,鼓楼区公安局鼓楼区分局,2003.10.01-2013.09.28,昆仑数字科技有限公司,72483.72,6,购买燃油车,一次性还本付息
IMG_01992,loan_1696/face_signing.jpg,LN2024001696,SG_294,1,F,马建国,男,汉族,1970-02-17,上海市上海市浦东新区 中央公园 6栋5单元1109室,310115197002176312,浦东新区公安局浦东新区分局,1988.02.13-1998.02.10,夏尔农业信贷,640911.39,60,企业流动资金,等额本息
IMG_01993,loan_1697/face_signing.jpg,LN2024001697,SG_295,1,F,马静,女,汉族,1979-03-05,天津市天津市东丽区 星河湾畔 19栋5单元2365室,120110197903054964,东丽区公安局东丽区分局,1997.02.28-2007.02.26,夏尔农业信贷,517992.51,24,企业流动资金,等额本息
IMG_01994,loan_1698/face_signing.jpg,LN2024001698,SG_296,1,F,高宇,男,汉族,1977-05-06,安徽省合肥市庐阳区 绿地新江湾 13栋3单元930室,340103197705069572,庐阳区公安局庐阳区分局,1995.05.02-2005.04.29,新亚特兰蒂斯商业银行,74682.87,3,房屋装修,一次性还本付息
IMG_01995,loan_1699/face_signing.jpg,LN2024001699,SG_297,1,F,陈华,男,汉族,1971-03-24,江苏省南京市玄武区 融创壹号院 2栋6单元1243室,320102197103243334,玄武区公安局玄武区分局,1989.03.19-1999.03.17,艾泽拉斯数字科技,123271.89,6,购买新能源汽车,先息后本
IMG_01996,loan_1700/face_signing.jpg,LN2024001700,SG_298,1,F,马磊,男,汉族,1974-04-02,福建省福州市鼓楼区 东方曼哈顿 20栋5单元1709室,350102197404022856,鼓楼区公安局鼓楼区分局,1992.03.28-2002.03.26,霍格沃茨魔法银行,873017.26,60,企业流动资金,等额本金
IMG_01997,loan_1701/face_signing.jpg,LN2024001701,SG_299,1,F,陈建,女,汉族,1969-04-21,浙江省杭州市西湖区 中央公园 19栋4单元2106室,330106196904219687,西湖区公安局西湖区分局,1987.04.17-1997.04.14,赛博城消费金融有限公司,123956.04,3,购买燃油车,一次性还本付息
IMG_01998,loan_1702/face_signing.jpg,LN2024001702,SG_300,1,F,何敏,女,汉族,1960-11-09,江苏省南京市玄武区 锦绣家园 10栋4单元1999室,320102196011098649,玄武区公安局玄武区分局,1978.11.05-1988.11.02,阿卡姆消费金融,2968776.95,120,购房首付,等额本息
IMG_01999,loan_1703/face_signing.jpg,LN2024001703,SG_301,1,F,周建,男,汉族,1976-03-20,福建省厦门市思明区 东方曼哈顿 17栋3单元365室,350203197603209391,思明区公安局思明区分局,1994.03.16-2004.03.13,昆仑数字科技有限公司,892595.87,24,二手房交易,等额本息
IMG_02000,loan_1704/face_signing.jpg,LN2024001704,SG_302,1,F,陈芳,女,汉族,1989-03-28,山东省济南市历下区 翠湖雅苑 1栋6单元764室,370102198903286862,历下区公安局历下区分局,2007.03.24-2017.03.21,哥谭市小额贷款中心,126922.87,12,购买燃油车,等额本息
IMG_02001,loan_1705/face_signing.jpg,LN2024001705,SG_303,1,F,孙浩,女,汉族,2003-01-29,海南省海口市龙华区 阳光100 5栋5单元808室,46010620030129968X,龙华区公安局龙华区分局,2021.01.24-2031.01.22,瓦坎达信贷中心,986000.58,36,企业流动资金,等额本金
IMG_02002,loan_1706/face_signing.jpg,LN2024001706,SG_304,1,F,王超,男,汉族,2007-08-08,新疆维吾尔自治区乌鲁木齐市天山区 东方曼哈顿 8栋5单元1498室,650102200708082298,天山区公安局天山区分局,2025.08.03-2035.08.01,新亚特兰蒂斯商业银行,933844.71,240,二手房交易,等额本金
IMG_02003,loan_1707/face_signing.jpg,LN2024001707,SG_305,1,F,徐建,男,汉族,1965-11-25,重庆市重庆市九龙坡区 碧水云天 19栋2单元713室,500107196511251430,九龙坡区公安局九龙坡区分局,1983.11.21-1993.11.18,阿卡姆消费金融,31871.48,6,日常消费,先息后本
IMG_02004,loan_1708/face_signing.jpg,LN2024001708,SG_306,1,F,张明,男,汉族,1993-11-03,贵州省贵阳市云岩区 龙腾盛世 13栋6单元1884室,520103199311037351,云岩区公安局云岩区分局,2011.10.30-2021.10.27,新亚特兰蒂斯商业银行,3367447.46,120,企业流动资金,等额本息
IMG_02005,loan_1709/face_signing.jpg,LN2024001709,SG_307,1,F,孙雪,女,汉族,2006-01-28,上海市上海市黄浦区 锦绣家园 1栋3单元1228室,310101200601285605,黄浦区公安局黄浦区分局,2024.01.24-2034.01.21,哥谭市小额贷款中心,43692.27,6,购买家电,先息后本
IMG_02006,loan_1710/face_signing.jpg,LN2024001710,SG_308,1,F,胡娟,女,汉族,1967-01-19,重庆市重庆市九龙坡区 御景半岛 10栋4单元1174室,500107196701195783,九龙坡区公安局九龙坡区分局,1985.01.14-1995.01.12,潘多拉普惠金融,105734.26,24,婚庆,按月付息，到期还本
IMG_02007,loan_1711/face_signing.jpg,LN2024001711,SG_309,1,F,黄涛,男,汉族,1994-07-18,天津市天津市和平区 阳光100 20栋5单元2070室,120101199407185634,和平区公安局和平区分局,2012.07.13-2022.07.11,瓦坎达信贷中心,193990.05,60,购买新能源汽车,等额本息
IMG_02008,loan_1712/face_signing.jpg,LN2024001712,SG_310,1,F,高平,男,汉族,1961-09-15,四川省成都市锦江区 中央公园 10栋4单元259室,510104196109156892,锦江区公安局锦江区分局,1979.09.11-1989.09.08,九又四分之三信贷中心,4512060.6,120,二手房交易,等额本金
IMG_02009,loan_1713/face_signing.jpg,LN2024001713,SG_311,1,F,何伟,男,汉族,1975-02-03,福建省福州市鼓楼区 翠湖雅苑 11栋2单元2346室,350102197502038499,鼓楼区公安局鼓楼区分局,1993.01.29-2003.01.27,艾泽拉斯数字科技,2103372.0,240,企业流动资金,等额本金
IMG_02010,loan_1714/face_signing.jpg,LN2024001714,SG_312,1,F,吴梓轩,男,汉族,1996-11-09,广东省广州市荔湾区 锦绣家园 3栋6单元2106室,440103199611093451,荔湾区公安局荔湾区分局,2014.11.05-2024.11.02,艾泽拉斯数字科技,280141.78,36,婚庆,等额本金
IMG_02011,loan_1715/face_signing.jpg,LN2024001715,SG_313,1,F,高慧,女,汉族,1982-01-25,北京市北京市东城区 中央公园 6栋3单元2304室,110101198201250561,东城区公安局东城区分局,2000.01.21-2010.01.18,艾泽拉斯数字科技,4973199.47,360,购房首付,等额本金
IMG_02012,loan_1716/face_signing.jpg,LN2024001716,SG_314,1,F,徐建,女,汉族,1997-10-12,贵州省贵阳市云岩区 普罗旺斯 20栋1单元981室,520103199710127143,云岩区公安局云岩区分局,2015.10.08-2025.10.05,星火基地普惠金融,564552.71,60,购房首付,等额本金
IMG_02013,loan_1717/face_signing.jpg,LN2024001717,SG_315,1,F,陈华,女,汉族,1990-03-06,江苏省南京市鼓楼区 威尼斯水城 9栋2单元1294室,320106199003061167,鼓楼区公安局鼓楼区分局,2008.03.01-2018.02.27,瓦坎达信贷中心,3519684.11,240,购房首付,等额本息
IMG_02014,loan_1718/face_signing.jpg,LN2024001718,SG_316,1,F,高军,男,汉族,1974-05-29,湖北省武汉市武昌区 阳光100 20栋1单元930室,420106197405291031,武昌区公安局武昌区分局,1992.05.24-2002.05.22,霍格沃茨魔法银行,174427.27,6,婚庆,先息后本
IMG_02015,loan_1719/face_signing.jpg,LN2024001719,SG_317,1,F,徐建,女,满族,2003-09-02,山东省青岛市崂山区 融创壹号院 11栋3单元764室,370212200309020381,崂山区公安局崂山区分局,2021.08.28-2031.08.26,新亚特兰蒂斯商业银行,2040564.02,120,二手房交易,等额本金
IMG_02016,loan_1720/face_signing.jpg,LN2024001720,SG_318,1,F,吴慧,女,汉族,1995-08-11,浙江省杭州市西湖区 锦绣华庭 14栋3单元542室,33010619950811078X,西湖区公安局西湖区分局,2013.08.06-2023.08.04,潘多拉普惠金融,3818654.78,120,二手房交易,等额本金
IMG_02017,loan_1721/face_signing.jpg,LN2024001721,SG_319,1,F,罗丽,女,汉族,2007-04-14,福建省厦门市思明区 香榭丽舍 2栋5单元237室,350203200704143509,思明区公安局思明区分局,2025.04.09-2035.04.07,艾泽拉斯数字科技,102744.82,60,购买新能源汽车,等额本息
IMG_02018,loan_1722/face_signing.jpg,LN2024001722,SG_320,1,F,周文,女,汉族,2006-10-08,四川省成都市武侯区 威尼斯水城 15栋2单元2448室,510107200610085328,武侯区公安局武侯区分局,2024.10.03-2034.10.01,昆仑数字科技有限公司,189669.65,36,购买燃油车,等额本金
IMG_02019,loan_1723/face_signing.jpg,LN2024001723,SG_321,1,F,刘浩,男,汉族,1964-11-17,江苏省南京市玄武区 普罗旺斯 4栋1单元2361室,320102196411174073,玄武区公安局玄武区分局,1982.11.13-1992.11.10,新亚特兰蒂斯商业银行,3101183.09,120,二手房交易,等额本金
IMG_02020,loan_1724/face_signing.jpg,LN2024001724,SG_322,1,F,刘子涵,女,汉族,1978-07-07,北京市北京市东城区 阳光100 14栋3单元939室,110101197807074967,东城区公安局东城区分局,1996.07.02-2006.06.30,潘多拉普惠金融,132024.16,24,购买新能源汽车,等额本金
IMG_02021,loan_1725/face_signing.jpg,LN2024001725,SG_323,1,F,何文,女,汉族,1971-07-09,福建省福州市鼓楼区 香榭丽舍 10栋2单元577室,350102197107094044,鼓楼区公安局鼓楼区分局,1989.07.04-1999.07.02,星火基地普惠金融,52682.45,6,购买燃油车,一次性还本付息
IMG_02022,loan_1726/face_signing.jpg,LN2024001726,SG_324,1,F,陈华,女,汉族,1991-05-18,江苏省南京市鼓楼区 东方曼哈顿 12栋6单元2499室,320106199105189225,鼓楼区公安局鼓楼区分局,2009.05.13-2019.05.11,夏尔农业信贷,4980895.65,240,购房首付,按月付息，到期还本
IMG_02023,loan_1727/face_signing.jpg,LN2024001727,SG_325,1,F,徐宇,女,汉族,1965-01-27,湖南省长沙市岳麓区 龙腾盛世 3栋1单元471室,430104196501270147,岳麓区公安局岳麓区分局,1983.01.23-1993.01.20,霍格沃茨魔法银行,1037513.81,240,二手房交易,等额本金
IMG_02024,loan_1728/face_signing.jpg,LN2024001728,SG_326,1,F,胡建,男,汉族,2005-08-14,湖南省长沙市岳麓区 碧水云天 8栋4单元500室,43010420050814875X,岳麓区公安局岳麓区分局,2023.08.10-2033.08.07,赛博城消费金融有限公司,195909.26,12,购买新能源汽车,等额本金
IMG_02025,loan_1729/face_signing.jpg,LN2024001729,SG_327,1,F,陈佳,女,汉族,2004-10-01,陕西省西安市雁塔区 普罗旺斯 13栋3单元723室,610113200410012280,雁塔区公安局雁塔区分局,2022.09.27-2032.09.24,赛博城消费金融有限公司,969493.71,36,企业流动资金,等额本金
IMG_02026,loan_1730/face_signing.jpg,LN2024001730,SG_328,1,F,林丽,女,汉族,1964-10-09,河南省郑州市金水区 中央公园 19栋5单元1731室,410105196410096182,金水区公安局金水区分局,1982.10.05-1992.10.02,哥谭市小额贷款中心,82921.15,12,房屋装修,等额本金
IMG_02027,loan_1731/face_signing.jpg,LN2024001731,SG_329,1,F,杨晨,女,汉族,2000-01-08,安徽省合肥市庐阳区 悦海名邸 1栋3单元648室,340103200001084541,庐阳区公安局庐阳区分局,2018.01.03-2028.01.01,霍格沃茨魔法银行,163557.32,12,房屋装修,等额本息
IMG_02028,loan_1732/face_signing.jpg,LN2024001732,SG_330,1,F,罗建国,男,汉族,1992-12-29,浙江省杭州市上城区 悦海名邸 19栋4单元1603室,330102199212299119,上城区公安局上城区分局,2010.12.25-2020.12.22,潘多拉普惠金融,308919.09,24,企业流动资金,按月付息，到期还本
IMG_02029,loan_1733/face_signing.jpg,LN2024001733,SG_331,1,F,赵晨,女,汉族,2007-10-15,天津市天津市和平区 御景半岛 10栋6单元2336室,120101200710158108,和平区公安局和平区分局,2025.10.10-2035.10.08,阿卡姆消费金融,27409.21,12,教育进修,等额本金
IMG_02030,loan_1734/face_signing.jpg,LN2024001734,SG_332,1,F,郭雪,女,汉族,1967-05-26,广东省广州市天河区 威尼斯水城 18栋2单元1535室,440106196705269601,天河区公安局天河区分局,1985.05.21-1995.05.19,艾泽拉斯数字科技,198408.11,12,购买新能源汽车,按月付息，到期还本
IMG_02031,loan_1735/face_signing.jpg,LN2024001735,SG_333,1,F,张晨,女,汉族,2003-02-06,陕西省西安市雁塔区 融创壹号院 3栋1单元2149室,610113200302061122,雁塔区公安局雁塔区分局,2021.02.01-2031.01.30,琅琊商业银行,1658376.98,360,二手房交易,等额本金
IMG_02032,loan_1736/face_signing.jpg,LN2024001736,SG_334,1,F,黄娟,女,汉族,1979-04-20,广东省深圳市南山区 锦绣家园 4栋6单元1260室,440305197904201641,南山区公安局南山区分局,1997.04.15-2007.04.13,阿卡姆消费金融,729783.15,24,扩大生产,按月付息，到期还本
IMG_02033,loan_1737/face_signing.jpg,LN2024001737,SG_335,1,F,孙明,男,汉族,2003-10-06,浙江省宁波市海曙区 中央公园 3栋1单元1701室,330203200310063019,海曙区公安局海曙区分局,2021.10.01-2031.09.29,昆仑数字科技有限公司,2171470.08,240,企业流动资金,等额本息
IMG_02034,loan_1738/face_signing.jpg,LN2024001738,SG_336,1,F,张志强,男,汉族,1973-08-21,四川省成都市武侯区 枫林晚居 16栋4单元2063室,510107197308214534,武侯区公安局武侯区分局,1991.08.17-2001.08.14,阿卡姆消费金融,537946.74,60,扩大生产,等额本息
IMG_02035,loan_1739/face_signing.jpg,LN2024001739,SG_337,1,F,孙文,女,汉族,2008-01-14,河南省郑州市金水区 龙腾盛世 11栋4单元755室,410105200801143862,金水区公安局金水区分局,2026.01.09-2036.01.07,潘多拉普惠金融,707861.67,36,企业流动资金,等额本息
IMG_02036,loan_1740/face_signing.jpg,LN2024001740,SG_338,1,F,李勇,男,汉族,1989-12-14,天津市天津市和平区 普罗旺斯 2栋3单元1192室,120101198912149736,和平区公安局和平区分局,2007.12.10-2017.12.07,琅琊商业银行,614133.85,24,购房首付,等额本金
IMG_02037,loan_1741/face_signing.jpg,LN2024001741,SG_339,1,F,刘宇,女,汉族,1961-03-08,上海市上海市浦东新区 东方曼哈顿 3栋5单元1028室,310115196103084965,浦东新区公安局浦东新区分局,1979.03.04-1989.03.01,提瓦特小额贷款,55846.79,12,房屋装修,等额本金
IMG_02038,loan_1742/face_signing.jpg,LN2024001742,SG_340,1,F,罗志强,男,彝族,1980-03-08,天津市天津市东丽区 阳光100 2栋5单元288室,120110198003087917,东丽区公安局东丽区分局,1998.03.04-2008.03.01,新亚特兰蒂斯商业银行,981828.79,240,扩大生产,等额本金
IMG_02039,loan_1743/face_signing.jpg,LN2024001743,SG_341,1,F,李晨,男,汉族,2003-06-28,江苏省南京市玄武区 锦绣华庭 16栋3单元1937室,320102200306285598,玄武区公安局玄武区分局,2021.06.23-2031.06.21,艾泽拉斯数字科技,391721.88,24,二手房交易,等额本息
IMG_02040,loan_1744/face_signing.jpg,LN2024001744,SG_342,1,F,周华,女,汉族,1976-05-29,江苏省南京市鼓楼区 中央公园 14栋5单元1878室,320106197605293126,鼓楼区公安局鼓楼区分局,1994.05.25-2004.05.22,阿卡姆消费金融,72483.39,6,婚庆,一次性还本付息
IMG_02041,loan_1745/face_signing.jpg,LN2024001745,SG_343,1,F,林慧,女,汉族,1993-09-05,河南省郑州市金水区 翠湖雅苑 16栋2单元1088室,410105199309057449,金水区公安局金水区分局,2011.09.01-2021.08.29,阿卡姆消费金融,3667211.74,120,企业流动资金,等额本金
IMG_02042,loan_1746/face_signing.jpg,LN2024001746,SG_344,1,F,胡子涵,女,汉族,1973-05-19,北京市北京市朝阳区 碧水云天 7栋3单元855室,110105197305191421,朝阳区公安局朝阳区分局,1991.05.15-2001.05.12,瓦坎达信贷中心,4742449.29,360,购房首付,等额本息
IMG_02043,loan_1747/face_signing.jpg,LN2024001747,SG_345,1,F,罗伟,男,汉族,1978-09-23,浙江省杭州市上城区 东方曼哈顿 6栋5单元662室,33010219780923911X,上城区公安局上城区分局,1996.09.18-2006.09.16,艾泽拉斯数字科技,3163845.11,360,二手房交易,等额本金
IMG_02044,loan_1748/face_signing.jpg,LN2024001748,SG_346,1,F,陈浩,女,汉族,1965-02-21,河南省郑州市金水区 威尼斯水城 1栋3单元1589室,410105196502210560,金水区公安局金水区分局,1983.02.17-1993.02.14,昆仑数字科技有限公司,2465166.15,360,购房首付,按月付息，到期还本
IMG_02045,loan_1749/face_signing.jpg,LN2024001749,SG_347,1,F,吴宇,女,汉族,1967-06-22,北京市北京市海淀区 融创壹号院 13栋1单元2211室,110108196706225922,海淀区公安局海淀区分局,1985.06.17-1995.06.15,提瓦特小额贷款,26851.37,12,旅游,按月付息，到期还本
IMG_02046,loan_1750/face_signing.jpg,LN2024001750,SG_348,1,F,胡文,男,汉族,2003-12-20,山东省济南市历下区 星河湾畔 6栋3单元140室,370102200312202911,历下区公安局历下区分局,2021.12.15-2031.12.13,木叶村消费金融,668858.59,36,企业流动资金,等额本息
IMG_02047,loan_1751/face_signing.jpg,LN2024001751,SG_349,1,F,徐梓轩,男,汉族,1976-05-24,河南省郑州市金水区 悦海名邸 2栋5单元533室,410105197605248398,金水区公安局金水区分局,1994.05.20-2004.05.17,哥谭市小额贷款中心,275073.69,24,购买燃油车,按月付息，到期还本
IMG_02048,loan_1752/face_signing.jpg,LN2024001752,SG_350,1,F,罗燕,女,汉族,1963-10-03,江西省南昌市东湖区 悦海名邸 20栋4单元300室,360102196310035784,东湖区公安局东湖区分局,1981.09.28-1991.09.26,潘多拉普惠金融,396511.74,60,二手房交易,等额本息
IMG_02049,loan_1753/face_signing.jpg,LN2024001753,SG_351,1,F,赵磊,男,汉族,1960-09-04,北京市北京市海淀区 东方曼哈顿 10栋5单元1311室,110108196009041554,海淀区公安局海淀区分局,1978.08.31-1988.08.28,昆仑数字科技有限公司,723005.54,36,扩大生产,等额本息
IMG_02050,loan_1754/face_signing.jpg,LN2024001754,SG_352,1,F,胡军,男,汉族,2005-09-15,陕西省西安市新城区 御景半岛 7栋2单元2406室,610102200509154618,新城区公安局新城区分局,2023.09.11-2033.09.08,星火基地普惠金融,2593597.83,120,企业流动资金,等额本息
IMG_02051,loan_1755/face_signing.jpg,LN2024001755,SG_353,1,F,陈华,男,彝族,1998-08-17,浙江省杭州市西湖区 翠湖雅苑 10栋4单元472室,330106199808179738,西湖区公安局西湖区分局,2016.08.12-2026.08.10,琅琊商业银行,356979.13,36,购房首付,等额本金
IMG_02052,loan_1756/face_signing.jpg,LN2024001756,SG_354,1,F,赵华,男,汉族,1966-04-05,山东省青岛市崂山区 融创壹号院 17栋1单元2322室,370212196604051675,崂山区公安局崂山区分局,1984.03.31-1994.03.29,赛博城消费金融有限公司,202024.32,36,房屋装修,按月付息，到期还本
IMG_02053,loan_1757/face_signing.jpg,LN2024001757,SG_355,1,F,陈建,男,汉族,1984-04-20,江苏省南京市玄武区 紫金华府 18栋2单元1126室,320102198404201132,玄武区公安局玄武区分局,2002.04.16-2012.04.13,阿卡姆消费金融,582260.55,36,二手房交易,等额本金
IMG_02054,loan_1758/face_signing.jpg,LN2024001758,SG_356,1,F,孙宇,男,汉族,1977-12-05,山东省济南市历下区 阳光100 12栋4单元488室,370102197712054335,历下区公安局历下区分局,1995.12.01-2005.11.28,瓦坎达信贷中心,552571.47,60,扩大生产,等额本息
IMG_02055,loan_1759/face_signing.jpg,LN2024001759,SG_357,1,F,何明,男,汉族,1980-06-29,上海市上海市浦东新区 锦绣家园 10栋3单元1403室,310115198006297378,浦东新区公安局浦东新区分局,1998.06.25-2008.06.22,提瓦特小额贷款,4831397.04,120,企业流动资金,等额本金
IMG_02056,loan_1760/face_signing.jpg,LN2024001760,SG_358,1,F,何涛,男,汉族,1989-01-29,江西省南昌市东湖区 枫林晚居 9栋2单元906室,360102198901294699,东湖区公安局东湖区分局,2007.01.25-2017.01.22,瓦坎达信贷中心,924138.15,360,购房首付,等额本金
IMG_02057,loan_1761/face_signing.jpg,LN2024001761,SG_359,1,F,高宇,女,回族,1976-01-12,北京市北京市东城区 龙腾盛世 12栋6单元1754室,110101197601128800,东城区公安局东城区分局,1994.01.07-2004.01.05,昆仑数字科技有限公司,783115.15,60,购房首付,按月付息，到期还本
IMG_02058,loan_1762/face_signing.jpg,LN2024001762,SG_360,1,F,周子涵,女,汉族,1965-04-15,福建省厦门市思明区 锦绣家园 4栋5单元2290室,350203196504150588,思明区公安局思明区分局,1983.04.11-1993.04.08,九又四分之三信贷中心,10740.54,6,日常消费,先息后本
IMG_02059,loan_1763/face_signing.jpg,LN2024001763,SG_361,1,F,杨静,女,汉族,1969-01-25,江苏省南京市玄武区 香榭丽舍 16栋6单元1653室,320102196901259504,玄武区公安局玄武区分局,1987.01.21-1997.01.18,夏尔农业信贷,787607.1,36,购房首付,按月付息，到期还本
IMG_02060,loan_1764/face_signing.jpg,LN2024001764,SG_362,1,F,赵建,女,汉族,2006-03-12,新疆维吾尔自治区乌鲁木齐市天山区 东方曼哈顿 8栋6单元1506室,65010220060312878X,天山区公安局天山区分局,2024.03.07-2034.03.05,新亚特兰蒂斯商业银行,4029943.22,240,二手房交易,等额本息
IMG_02061,loan_1765/face_signing.jpg,LN2024001765,SG_363,1,F,徐浩,男,汉族,2000-10-20,天津市天津市和平区 紫金华府 12栋6单元1812室,120101200010208573,和平区公安局和平区分局,2018.10.16-2028.10.13,星火基地普惠金融,519060.54,36,扩大生产,等额本金
IMG_02062,loan_1766/face_signing.jpg,LN2024001766,SG_364,1,F,何浩,男,汉族,1991-05-10,贵州省贵阳市云岩区 悦海名邸 5栋5单元1259室,520103199105102837,云岩区公安局云岩区分局,2009.05.05-2019.05.03,艾泽拉斯数字科技,105549.54,12,购买燃油车,等额本息
IMG_02063,loan_1767/face_signing.jpg,LN2024001767,SG_365,1,F,吴文,女,汉族,1967-03-13,海南省海口市龙华区 御景半岛 3栋1单元2208室,460106196703130060,龙华区公安局龙华区分局,1985.03.08-1995.03.06,九又四分之三信贷中心,74714.19,12,婚庆,等额本金
IMG_02064,loan_1768/face_signing.jpg,LN2024001768,SG_366,1,F,陈芳,女,汉族,2000-05-20,天津市天津市东丽区 普罗旺斯 3栋4单元2165室,12011020000520884X,东丽区公安局东丽区分局,2018.05.16-2028.05.13,木叶村消费金融,139591.84,6,婚庆,先息后本
IMG_02065,loan_1769/face_signing.jpg,LN2024001769,SG_367,1,F,孙磊,男,土家族,1963-10-12,北京市北京市朝阳区 碧水云天 2栋6单元339室,110105196310120375,朝阳区公安局朝阳区分局,1981.10.07-1991.10.05,夏尔农业信贷,546558.36,36,扩大生产,按月付息，到期还本
IMG_02066,loan_1770/face_signing.jpg,LN2024001770,SG_368,1,F,朱志强,男,汉族,1982-01-23,陕西省西安市雁塔区 紫金华府 3栋4单元348室,610113198201232455,雁塔区公安局雁塔区分局,2000.01.19-2010.01.16,九又四分之三信贷中心,198643.0,3,购买新能源汽车,一次性还本付息
IMG_02067,loan_1771/face_signing.jpg,LN2024001771,SG_369,1,F,张浩,男,汉族,1967-01-19,江苏省南京市玄武区 东方曼哈顿 4栋1单元1816室,320102196701191453,玄武区公安局玄武区分局,1985.01.14-1995.01.12,木叶村消费金融,940015.34,60,购房首付,按月付息，到期还本
IMG_02068,loan_1772/face_signing.jpg,LN2024001772,SG_370,1,F,李建国,男,汉族,1996-12-04,山东省济南市历下区 融创壹号院 13栋5单元1336室,370102199612046994,历下区公安局历下区分局,2014.11.30-2024.11.27,瓦坎达信贷中心,106676.02,6,购买新能源汽车,先息后本
IMG_02069,loan_1773/face_signing.jpg,LN2024001773,SG_371,1,F,王文,男,汉族,1967-10-20,新疆维吾尔自治区乌鲁木齐市天山区 中央公园 3栋6单元442室,650102196710209017,天山区公安局天山区分局,1985.10.15-1995.10.13,昆仑数字科技有限公司,100288.9,12,购买新能源汽车,按月付息，到期还本
IMG_02070,loan_1774/face_signing.jpg,LN2024001774,SG_372,1,F,黄秀,女,汉族,2001-03-31,广东省深圳市南山区 中央公园 7栋2单元694室,440305200103316603,南山区公安局南山区分局,2019.03.27-2029.03.24,潘多拉普惠金融,72742.26,60,房屋装修,等额本金
IMG_02071,loan_1775/face_signing.jpg,LN2024001775,SG_373,1,F,罗梓轩,男,汉族,1989-04-15,重庆市重庆市九龙坡区 碧水云天 20栋5单元2309室,500107198904151499,九龙坡区公安局九龙坡区分局,2007.04.11-2017.04.08,哥谭市小额贷款中心,899407.38,36,购房首付,按月付息，到期还本
IMG_02072,loan_1776/face_signing.jpg,LN2024001776,SG_374,1,F,胡建国,男,壮族,2007-12-16,陕西省西安市新城区 翠湖雅苑 20栋2单元1996室,610102200712163851,新城区公安局新城区分局,2025.12.11-2035.12.09,潘多拉普惠金融,583884.34,60,企业流动资金,等额本金
IMG_02073,loan_1777/face_signing.jpg,LN2024001777,SG_375,1,F,胡伟,男,汉族,1979-06-29,广东省深圳市南山区 阳光100 15栋3单元2179室,440305197906292014,南山区公安局南山区分局,1997.06.24-2007.06.22,琅琊商业银行,691961.19,120,企业流动资金,按月付息，到期还本
IMG_02074,loan_1778/face_signing.jpg,LN2024001778,SG_376,1,F,李军,男,汉族,1969-10-31,福建省福州市鼓楼区 龙腾盛世 3栋5单元1493室,350102196910314339,鼓楼区公安局鼓楼区分局,1987.10.27-1997.10.24,哥谭市小额贷款中心,40466.04,6,日常消费,一次性还本付息
IMG_02075,loan_1779/face_signing.jpg,LN2024001779,SG_377,1,F,杨芳,女,汉族,1986-05-08,湖北省武汉市武昌区 碧水云天 11栋2单元682室,420106198605087208,武昌区公安局武昌区分局,2004.05.03-2014.05.01,艾泽拉斯数字科技,196145.19,6,购买新能源汽车,一次性还本付息
IMG_02076,loan_1780/face_signing.jpg,LN2024001780,SG_378,1,F,胡平,男,汉族,1966-08-02,陕西省西安市雁塔区 锦绣家园 15栋5单元1705室,610113196608022231,雁塔区公安局雁塔区分局,1984.07.28-1994.07.26,夏尔农业信贷,167703.14,12,婚庆,等额本金
IMG_02077,loan_1781/face_signing.jpg,LN2024001781,SG_379,1,F,李涛,男,汉族,1994-10-06,重庆市重庆市渝中区 悦海名邸 1栋6单元1724室,500103199410068934,渝中区公安局渝中区分局,2012.10.01-2022.09.29,潘多拉普惠金融,2197877.22,240,购房首付,等额本金
IMG_02078,loan_1782/face_signing.jpg,LN2024001782,SG_380,1,F,郭子涵,男,彝族,1969-12-05,陕西省西安市新城区 中央公园 1栋5单元2013室,610102196912058459,新城区公安局新城区分局,1987.12.01-1997.11.28,艾泽拉斯数字科技,524494.29,60,二手房交易,等额本金
IMG_02079,loan_1783/face_signing.jpg,LN2024001783,SG_381,1,F,郭雪,女,汉族,2002-04-21,福建省福州市鼓楼区 紫金华府 1栋4单元1009室,350102200204219122,鼓楼区公安局鼓楼区分局,2020.04.16-2030.04.14,哥谭市小额贷款中心,1106714.86,240,企业流动资金,等额本金
IMG_02080,loan_1784/face_signing.jpg,LN2024001784,SG_382,1,F,林平,男,汉族,1988-08-03,广东省广州市荔湾区 御景半岛 11栋5单元217室,440103198808038814,荔湾区公安局荔湾区分局,2006.07.30-2016.07.27,琅琊商业银行,948163.89,24,企业流动资金,等额本金
IMG_02081,loan_1785/face_signing.jpg,LN2024001785,SG_383,1,F,马华,女,汉族,1997-07-28,江西省南昌市东湖区 枫林晚居 3栋4单元942室,360102199707285849,东湖区公安局东湖区分局,2015.07.24-2025.07.21,提瓦特小额贷款,4005828.16,120,企业流动资金,等额本息
IMG_02082,loan_1786/face_signing.jpg,LN2024001786,SG_384,1,F,郭佳,女,汉族,1997-03-24,四川省成都市锦江区 悦海名邸 13栋2单元2283室,510104199703243327,锦江区公安局锦江区分局,2015.03.20-2025.03.17,艾泽拉斯数字科技,80091.96,6,婚庆,先息后本
IMG_02083,loan_1787/face_signing.jpg,LN2024001787,SG_385,1,F,何芳,女,汉族,1986-04-28,江西省南昌市东湖区 御景半岛 17栋2单元2301室,360102198604283766,东湖区公安局东湖区分局,2004.04.23-2014.04.21,星火基地普惠金融,103983.14,3,婚庆,一次性还本付息
IMG_02084,loan_1788/face_signing.jpg,LN2024001788,SG_386,1,F,李涛,男,汉族,1990-09-12,重庆市重庆市渝中区 紫金华府 17栋2单元542室,500103199009128312,渝中区公安局渝中区分局,2008.09.07-2018.09.05,赛博城消费金融有限公司,9626.18,12,旅游,按月付息，到期还本
IMG_02085,loan_1789/face_signing.jpg,LN2024001789,SG_387,1,F,胡娜,女,汉族,2004-12-17,陕西省西安市新城区 星河湾畔 12栋2单元979室,610102200412170806,新城区公安局新城区分局,2022.12.13-2032.12.10,星火基地普惠金融,353637.69,24,购房首付,按月付息，到期还本
IMG_02086,loan_1790/face_signing.jpg,LN2024001790,SG_388,1,F,刘慧,女,汉族,1986-03-28,江西省南昌市东湖区 东方曼哈顿 1栋4单元1153室,360102198603287909,东湖区公安局东湖区分局,2004.03.23-2014.03.21,九又四分之三信贷中心,855463.22,120,购房首付,等额本金
IMG_02087,loan_1791/face_signing.jpg,LN2024001791,SG_389,1,F,何梓轩,男,汉族,1989-01-13,新疆维吾尔自治区乌鲁木齐市天山区 绿地新江湾 4栋4单元901室,650102198901135873,天山区公安局天山区分局,2007.01.09-2017.01.06,提瓦特小额贷款,56984.0,3,婚庆,先息后本
IMG_02088,loan_1792/face_signing.jpg,LN2024001792,SG_390,1,F,黄磊,男,汉族,2002-06-18,福建省福州市鼓楼区 御景半岛 19栋2单元1007室,350102200206184912,鼓楼区公安局鼓楼区分局,2020.06.13-2030.06.11,赛博城消费金融有限公司,965494.18,24,企业流动资金,等额本金
IMG_02089,loan_1793/face_signing.jpg,LN2024001793,SG_391,1,F,刘建,女,汉族,1994-09-29,湖南省长沙市岳麓区 紫金华府 11栋5单元1992室,430104199409297164,岳麓区公安局岳麓区分局,2012.09.24-2022.09.22,阿卡姆消费金融,899492.51,24,购房首付,按月付息，到期还本
IMG_02090,loan_1794/face_signing.jpg,LN2024001794,SG_392,1,F,杨建,男,汉族,1994-08-29,浙江省宁波市海曙区 枫林晚居 7栋3单元1146室,330203199408293810,海曙区公安局海曙区分局,2012.08.24-2022.08.22,潘多拉普惠金融,362362.72,24,扩大生产,等额本金
IMG_02091,loan_1795/face_signing.jpg,LN2024001795,SG_393,1,F,吴军,男,汉族,1998-03-11,江苏省南京市玄武区 紫金华府 17栋6单元309室,320102199803114372,玄武区公安局玄武区分局,2016.03.06-2026.03.04,哥谭市小额贷款中心,629981.28,60,企业流动资金,等额本金
IMG_02092,loan_1796/face_signing.jpg,LN2024001796,SG_394,1,F,赵涛,男,汉族,1983-02-13,江西省南昌市东湖区 普罗旺斯 2栋5单元2237室,36010219830213479X,东湖区公安局东湖区分局,2001.02.08-2011.02.06,木叶村消费金融,74042.1,12,购买燃油车,按月付息，到期还本
IMG_02093,loan_1797/face_signing.jpg,LN2024001797,SG_395,1,F,李敏,女,汉族,2001-08-20,湖南省长沙市芙蓉区 威尼斯水城 4栋1单元869室,430102200108208108,芙蓉区公安局芙蓉区分局,2019.08.16-2029.08.13,夏尔农业信贷,74990.84,6,购买燃油车,先息后本
IMG_02094,loan_1798/face_signing.jpg,LN2024001798,SG_396,1,F,王燕,女,汉族,2000-01-24,四川省成都市锦江区 中央公园 19栋5单元461室,510104200001243846,锦江区公安局锦江区分局,2018.01.19-2028.01.17,木叶村消费金融,188248.75,12,房屋装修,等额本金
IMG_02095,loan_1799/face_signing.jpg,LN2024001799,SG_397,1,F,吴建,男,汉族,1961-10-27,湖南省长沙市岳麓区 枫林晚居 12栋6单元1186室,430104196110271716,岳麓区公安局岳麓区分局,1979.10.23-1989.10.20,昆仑数字科技有限公司,685195.06,60,购房首付,等额本金
IMG_02096,loan_1800/face_signing.jpg,LN2024001800,SG_398,1,F,林建,女,汉族,1966-12-30,北京市北京市海淀区 普罗旺斯 18栋5单元960室,110108196612305008,海淀区公安局海淀区分局,1984.12.25-1994.12.23,九又四分之三信贷中心,16731.93,12,旅游,按月付息，到期还本
IMG_02097,loan_1801/face_signing.jpg,LN2024001801,SG_399,1,F,郭佳,女,汉族,1971-10-09,广东省广州市荔湾区 香榭丽舍 19栋5单元1523室,440103197110096807,荔湾区公安局荔湾区分局,1989.10.04-1999.10.02,昆仑数字科技有限公司,155438.36,6,购买新能源汽车,先息后本
IMG_02098,loan_1802/face_signing.jpg,LN2024001802,SG_400,1,F,杨娟,女,汉族,1971-12-06,江西省南昌市东湖区 香榭丽舍 7栋5单元1540室,360102197112061425,东湖区公安局东湖区分局,1989.12.01-1999.11.29,艾泽拉斯数字科技,82493.99,12,房屋装修,按月付息，到期还本
IMG_02099,loan_1803/face_signing.jpg,LN2024001803,SG_401,1,F,赵丽,女,汉族,1998-04-19,上海市上海市浦东新区 锦绣华庭 6栋2单元1173室,310115199804190764,浦东新区公安局浦东新区分局,2016.04.14-2026.04.12,阿卡姆消费金融,162516.69,6,婚庆,一次性还本付息
IMG_02100,loan_1804/face_signing.jpg,LN2024001804,SG_402,1,F,吴建,女,汉族,1965-02-10,海南省海口市龙华区 绿地新江湾 6栋5单元534室,460106196502100244,龙华区公安局龙华区分局,1983.02.06-1993.02.03,潘多拉普惠金融,756269.82,60,购房首付,等额本息
IMG_02101,loan_1805/face_signing.jpg,LN2024001805,SG_403,1,F,罗晨,男,汉族,1964-04-23,湖南省长沙市芙蓉区 阳光100 7栋1单元1082室,430102196404235670,芙蓉区公安局芙蓉区分局,1982.04.19-1992.04.16,哥谭市小额贷款中心,3848112.0,360,企业流动资金,等额本金
IMG_02102,loan_1806/face_signing.jpg,LN2024001806,SG_404,1,F,周晨,男,彝族,1993-05-20,天津市天津市东丽区 悦海名邸 5栋1单元2308室,120110199305202233,东丽区公安局东丽区分局,2011.05.16-2021.05.13,木叶村消费金融,3329263.6,240,购房首付,等额本金
IMG_02103,loan_1807/face_signing.jpg,LN2024001807,SG_405,1,F,李磊,男,汉族,1997-08-21,江苏省南京市鼓楼区 威尼斯水城 16栋2单元2110室,320106199708217811,鼓楼区公安局鼓楼区分局,2015.08.17-2025.08.14,木叶村消费金融,10313.0,6,购买家电,一次性还本付息
IMG_02104,loan_1808/face_signing.jpg,LN2024001808,SG_406,1,F,刘文,男,回族,2001-11-27,浙江省杭州市西湖区 东方曼哈顿 1栋5单元1992室,330106200111279216,西湖区公安局西湖区分局,2019.11.23-2029.11.20,星火基地普惠金融,1593728.56,360,企业流动资金,按月付息，到期还本
IMG_02105,loan_1809/face_signing.jpg,LN2024001809,SG_407,1,F,杨建,女,汉族,2008-03-04,上海市上海市浦东新区 绿地新江湾 20栋3单元1679室,31011520080304164X,浦东新区公安局浦东新区分局,2026.02.28-2036.02.26,提瓦特小额贷款,157270.39,24,婚庆,等额本金
IMG_02106,loan_1810/face_signing.jpg,LN2024001810,SG_408,1,F,吴平,女,汉族,1984-05-19,安徽省合肥市庐阳区 星河湾畔 16栋6单元2279室,340103198405196742,庐阳区公安局庐阳区分局,2002.05.15-2012.05.12,提瓦特小额贷款,178778.74,12,购买燃油车,等额本息
IMG_02107,loan_1811/face_signing.jpg,LN2024001811,SG_409,1,F,杨磊,男,汉族,2007-09-02,浙江省宁波市海曙区 中央公园 9栋6单元2184室,330203200709029330,海曙区公安局海曙区分局,2025.08.28-2035.08.26,新亚特兰蒂斯商业银行,191006.27,12,购买新能源汽车,等额本金
IMG_02108,loan_1812/face_signing.jpg,LN2024001812,SG_410,1,F,胡浩,男,汉族,1980-10-30,安徽省合肥市庐阳区 中央公园 15栋5单元863室,340103198010304710,庐阳区公安局庐阳区分局,1998.10.26-2008.10.23,新亚特兰蒂斯商业银行,56959.19,36,房屋装修,等额本金
IMG_02109,loan_1813/face_signing.jpg,LN2024001813,SG_411,1,F,徐志强,男,汉族,1967-10-24,云南省昆明市五华区 星河湾畔 9栋4单元930室,530102196710249054,五华区公安局五华区分局,1985.10.19-1995.10.17,艾泽拉斯数字科技,281105.94,60,房屋装修,等额本息
IMG_02110,loan_1814/face_signing.jpg,LN2024001814,SG_412,1,F,徐文,男,汉族,1962-01-27,山东省青岛市崂山区 融创壹号院 1栋2单元1696室,370212196201272991,崂山区公安局崂山区分局,1980.01.23-1990.01.20,新亚特兰蒂斯商业银行,138793.49,3,房屋装修,先息后本
IMG_02111,loan_1815/face_signing.jpg,LN2024001815,SG_413,1,F,杨宇,男,汉族,1963-02-05,江西省南昌市东湖区 东方曼哈顿 18栋3单元1087室,360102196302059153,东湖区公安局东湖区分局,1981.01.31-1991.01.29,夏尔农业信贷,4748722.62,240,二手房交易,按月付息，到期还本
IMG_02112,loan_1816/face_signing.jpg,LN2024001816,SG_414,1,F,朱明,男,汉族,1997-06-23,新疆维吾尔自治区乌鲁木齐市天山区 龙腾盛世 9栋5单元689室,650102199706237916,天山区公安局天山区分局,2015.06.19-2025.06.16,九又四分之三信贷中心,33827.83,3,医疗,一次性还本付息
IMG_02113,loan_1817/face_signing.jpg,LN2024001817,SG_415,1,F,朱梓轩,女,汉族,1976-10-02,浙江省宁波市海曙区 锦绣华庭 17栋3单元1375室,330203197610026004,海曙区公安局海曙区分局,1994.09.28-2004.09.25,霍格沃茨魔法银行,3645988.2,120,二手房交易,等额本金
IMG_02114,loan_1818/face_signing.jpg,LN2024001818,SG_416,1,F,高丽,女,汉族,1972-11-17,重庆市重庆市九龙坡区 香榭丽舍 11栋5单元1966室,500107197211173383,九龙坡区公安局九龙坡区分局,1990.11.13-2000.11.10,昆仑数字科技有限公司,183226.32,36,购买燃油车,等额本息
IMG_02115,loan_1819/face_signing.jpg,LN2024001819,SG_417,1,F,张宇,女,汉族,1974-01-25,贵州省贵阳市云岩区 东方曼哈顿 8栋1单元1325室,520103197401253905,云岩区公安局云岩区分局,1992.01.21-2002.01.18,潘多拉普惠金融,69909.3,12,购买燃油车,按月付息，到期还本
IMG_02116,loan_1820/face_signing.jpg,LN2024001820,SG_418,1,F,王子涵,男,回族,1989-12-23,江苏省无锡市新吴区 碧水云天 20栋5单元561室,320214198912233457,新吴区公安局新吴区分局,2007.12.19-2017.12.16,九又四分之三信贷中心,13069.4,3,日常消费,一次性还本付息
IMG_02117,loan_1821/face_signing.jpg,LN2024001821,SG_419,1,F,林平,女,汉族,1985-09-26,天津市天津市东丽区 锦绣华庭 16栋2单元664室,120110198509263420,东丽区公安局东丽区分局,2003.09.22-2013.09.19,瓦坎达信贷中心,2230152.55,120,购房首付,等额本息
IMG_02118,loan_1822/face_signing.jpg,LN2024001822,SG_420,1,F,李勇,男,汉族,1962-05-30,陕西省西安市新城区 融创壹号院 2栋4单元572室,610102196205301915,新城区公安局新城区分局,1980.05.25-1990.05.23,九又四分之三信贷中心,160147.82,6,购买新能源汽车,一次性还本付息
IMG_02119,loan_1823/face_signing.jpg,LN2024001823,SG_421,1,F,王娟,女,汉族,1991-07-24,江西省南昌市东湖区 融创壹号院 14栋4单元902室,360102199107244445,东湖区公安局东湖区分局,2009.07.19-2019.07.17,阿卡姆消费金融,871980.6,24,扩大生产,按月付息，到期还本
IMG_02120,loan_1824/face_signing.jpg,LN2024001824,SG_422,1,F,徐芳,女,汉族,1997-03-31,北京市北京市海淀区 星河湾畔 1栋6单元277室,11010819970331996X,海淀区公安局海淀区分局,2015.03.27-2025.03.24,琅琊商业银行,148881.27,12,婚庆,等额本息
IMG_02121,loan_1825/face_signing.jpg,LN2024001825,SG_423,1,F,高志强,男,汉族,2007-03-26,浙江省杭州市上城区 威尼斯水城 14栋3单元887室,330102200703265496,上城区公安局上城区分局,2025.03.21-2035.03.19,哥谭市小额贷款中心,2822241.84,240,购房首付,等额本息
IMG_02122,loan_1826/face_signing.jpg,LN2024001826,SG_424,1,F,高宇,男,汉族,1967-04-02,江苏省南京市玄武区 碧水云天 7栋3单元1406室,320102196704025477,玄武区公安局玄武区分局,1985.03.28-1995.03.26,木叶村消费金融,710180.42,360,扩大生产,等额本金
IMG_02123,loan_1827/face_signing.jpg,LN2024001827,SG_425,1,F,何杰,男,汉族,1970-08-24,湖北省武汉市江岸区 紫金华府 2栋4单元749室,420102197008243196,江岸区公安局江岸区分局,1988.08.19-1998.08.17,瓦坎达信贷中心,3576549.77,240,购房首付,等额本金
IMG_02124,loan_1828/face_signing.jpg,LN2024001828,SG_426,1,F,黄建国,男,汉族,1976-06-12,新疆维吾尔自治区乌鲁木齐市天山区 阳光100 3栋6单元2428室,650102197606121239,天山区公安局天山区分局,1994.06.08-2004.06.05,新亚特兰蒂斯商业银行,719530.28,36,二手房交易,等额本息
IMG_02125,loan_1829/face_signing.jpg,LN2024001829,SG_427,1,F,黄华,女,汉族,1964-06-22,陕西省西安市新城区 融创壹号院 7栋3单元1906室,61010219640622942X,新城区公安局新城区分局,1982.06.18-1992.06.15,木叶村消费金融,33597.34,3,购买家电,先息后本
IMG_02126,loan_1830/face_signing.jpg,LN2024001830,SG_428,1,F,李军,男,土家族,1963-11-14,北京市北京市海淀区 锦绣家园 14栋6单元293室,110108196311143631,海淀区公安局海淀区分局,1981.11.09-1991.11.07,赛博城消费金融有限公司,197722.72,6,购买燃油车,先息后本
IMG_02127,loan_1831/face_signing.jpg,LN2024001831,SG_429,1,F,高伟,男,汉族,1988-02-22,天津市天津市和平区 中央公园 6栋2单元577室,120101198802220052,和平区公安局和平区分局,2006.02.17-2016.02.15,艾泽拉斯数字科技,219942.85,36,购买燃油车,等额本金
IMG_02128,loan_1832/face_signing.jpg,LN2024001832,SG_430,1,F,孙丽,女,汉族,1982-10-09,天津市天津市东丽区 中央公园 5栋2单元1455室,120110198210095602,东丽区公安局东丽区分局,2000.10.04-2010.10.02,提瓦特小额贷款,208007.41,36,婚庆,等额本金
IMG_02129,loan_1833/face_signing.jpg,LN2024001833,SG_431,1,F,刘建,女,汉族,1961-04-30,北京市北京市朝阳区 威尼斯水城 6栋2单元1895室,110105196104305766,朝阳区公安局朝阳区分局,1979.04.26-1989.04.23,阿卡姆消费金融,2515141.93,120,购房首付,等额本金
IMG_02130,loan_1834/face_signing.jpg,LN2024001834,SG_432,1,F,杨宇,男,汉族,1998-09-15,海南省海口市龙华区 枫林晚居 19栋4单元480室,46010619980915323X,龙华区公安局龙华区分局,2016.09.10-2026.09.08,新亚特兰蒂斯商业银行,982550.79,24,二手房交易,按月付息，到期还本
IMG_02131,loan_1835/face_signing.jpg,LN2024001835,SG_433,1,F,张杰,男,汉族,1991-05-09,江苏省南京市玄武区 普罗旺斯 15栋1单元913室,320102199105090035,玄武区公安局玄武区分局,2009.05.04-2019.05.02,木叶村消费金融,553676.47,24,企业流动资金,按月付息，到期还本
IMG_02132,loan_1836/face_signing.jpg,LN2024001836,SG_434,1,F,周建,女,满族,1964-05-01,陕西省西安市雁塔区 悦海名邸 1栋6单元543室,610113196405013044,雁塔区公安局雁塔区分局,1982.04.27-1992.04.24,瓦坎达信贷中心,102396.88,6,购买新能源汽车,先息后本
IMG_02133,loan_1837/face_signing.jpg,LN2024001837,SG_435,1,F,胡娜,女,汉族,1991-04-24,北京市北京市朝阳区 绿地新江湾 9栋2单元113室,110105199104245023,朝阳区公安局朝阳区分局,2009.04.19-2019.04.17,新亚特兰蒂斯商业银行,838681.05,36,企业流动资金,等额本金
IMG_02134,loan_1838/face_signing.jpg,LN2024001838,SG_436,1,F,罗华,男,汉族,1992-11-04,海南省海口市龙华区 中央公园 7栋1单元122室,46010619921104387X,龙华区公安局龙华区分局,2010.10.31-2020.10.28,新亚特兰蒂斯商业银行,923097.25,36,企业流动资金,等额本金
IMG_02135,loan_1839/face_signing.jpg,LN2024001839,SG_437,1,F,陈华,女,汉族,2000-03-25,福建省福州市鼓楼区 中央公园 18栋6单元474室,350102200003259507,鼓楼区公安局鼓楼区分局,2018.03.21-2028.03.18,九又四分之三信贷中心,175954.43,3,购买燃油车,一次性还本付息
IMG_02136,loan_1840/face_signing.jpg,LN2024001840,SG_438,1,F,罗燕,女,汉族,1982-12-21,湖北省武汉市江岸区 碧水云天 15栋5单元2475室,420102198212219841,江岸区公安局江岸区分局,2000.12.16-2010.12.14,新亚特兰蒂斯商业银行,203449.4,36,婚庆,等额本息
IMG_02137,loan_1841/face_signing.jpg,LN2024001841,SG_439,1,F,吴磊,男,汉族,1977-09-26,陕西省西安市新城区 紫金华府 12栋3单元1149室,610102197709268199,新城区公安局新城区分局,1995.09.22-2005.09.19,夏尔农业信贷,1759127.95,240,购房首付,等额本金
IMG_02138,loan_1842/face_signing.jpg,LN2024001842,SG_440,1,F,张丽,女,汉族,1965-11-14,贵州省贵阳市云岩区 东方曼哈顿 16栋2单元1832室,520103196511148407,云岩区公安局云岩区分局,1983.11.10-1993.11.07,艾泽拉斯数字科技,1447762.19,240,企业流动资金,等额本息
IMG_02139,loan_1843/face_signing.jpg,LN2024001843,SG_441,1,F,李杰,男,汉族,1968-03-06,山东省济南市历下区 枫林晚居 8栋2单元2342室,370102196803069773,历下区公安局历下区分局,1986.03.02-1996.02.28,夏尔农业信贷,63407.02,6,房屋装修,先息后本
IMG_02140,loan_1844/face_signing.jpg,LN2024001844,SG_442,1,F,孙娟,女,汉族,1975-07-06,浙江省宁波市海曙区 绿地新江湾 12栋3单元456室,33020319750706634X,海曙区公安局海曙区分局,1993.07.01-2003.06.29,新亚特兰蒂斯商业银行,865266.48,24,购房首付,按月付息，到期还本
IMG_02141,loan_1845/face_signing.jpg,LN2024001845,SG_443,1,F,林军,男,汉族,2008-02-05,四川省成都市锦江区 碧水云天 6栋6单元646室,51010420080205923X,锦江区公安局锦江区分局,2026.01.31-2036.01.29,琅琊商业银行,98383.02,12,购买燃油车,等额本息
IMG_02142,loan_1846/face_signing.jpg,LN2024001846,SG_444,1,F,林宇,女,汉族,1978-04-26,福建省厦门市思明区 香榭丽舍 3栋5单元2025室,350203197804265306,思明区公安局思明区分局,1996.04.21-2006.04.19,阿卡姆消费金融,404671.68,60,企业流动资金,等额本息
IMG_02143,loan_1847/face_signing.jpg,LN2024001847,SG_445,1,F,林军,男,汉族,1996-05-22,安徽省合肥市庐阳区 紫金华府 3栋6单元2139室,340103199605228598,庐阳区公安局庐阳区分局,2014.05.18-2024.05.15,阿卡姆消费金融,632108.69,60,扩大生产,等额本金
IMG_02144,loan_1848/face_signing.jpg,LN2024001848,SG_446,1,F,王宇,女,汉族,1988-05-15,陕西省西安市雁塔区 普罗旺斯 16栋1单元982室,610113198805155008,雁塔区公安局雁塔区分局,2006.05.11-2016.05.08,哥谭市小额贷款中心,906991.95,24,企业流动资金,等额本息
IMG_02145,loan_1849/face_signing.jpg,LN2024001849,SG_447,1,F,张宇,男,汉族,1968-11-20,江苏省南京市玄武区 碧水云天 9栋1单元2450室,320102196811203339,玄武区公安局玄武区分局,1986.11.16-1996.11.13,昆仑数字科技有限公司,360867.7,36,二手房交易,等额本金
IMG_02146,loan_1850/face_signing.jpg,LN2024001850,SG_448,1,F,何梓轩,男,汉族,1989-08-14,贵州省贵阳市云岩区 星河湾畔 9栋1单元151室,520103198908140736,云岩区公安局云岩区分局,2007.08.10-2017.08.07,艾泽拉斯数字科技,622060.41,36,扩大生产,按月付息，到期还本
IMG_02147,loan_1851/face_signing.jpg,LN2024001851,SG_449,1,F,罗晨,男,汉族,1985-06-26,广东省深圳市南山区 星河湾畔 5栋5单元1154室,440305198506266911,南山区公安局南山区分局,2003.06.22-2013.06.19,潘多拉普惠金融,661803.62,60,购房首付,等额本金
IMG_02148,loan_1852/face_signing.jpg,LN2024001852,SG_450,1,F,何娟,女,汉族,1973-09-01,浙江省宁波市海曙区 御景半岛 12栋1单元1402室,330203197309016907,海曙区公安局海曙区分局,1991.08.28-2001.08.25,瓦坎达信贷中心,137932.92,60,房屋装修,等额本息
IMG_02149,loan_1853/face_signing.jpg,LN2024001853,SG_451,1,F,马慧,女,汉族,1974-03-10,四川省成都市锦江区 翠湖雅苑 13栋6单元1509室,510104197403103227,锦江区公安局锦江区分局,1992.03.05-2002.03.03,九又四分之三信贷中心,4637448.38,240,购房首付,等额本息
IMG_02150,loan_1854/face_signing.jpg,LN2024001854,SG_452,1,F,胡雪,女,汉族,1963-11-18,广东省深圳市福田区 悦海名邸 5栋5单元922室,44030419631118454X,福田区公安局福田区分局,1981.11.13-1991.11.11,九又四分之三信贷中心,2951057.86,120,二手房交易,按月付息，到期还本
IMG_02151,loan_1855/face_signing.jpg,LN2024001855,SG_453,1,F,赵强,男,汉族,2006-05-29,上海市上海市黄浦区 普罗旺斯 20栋1单元1344室,310101200605290612,黄浦区公安局黄浦区分局,2024.05.24-2034.05.22,昆仑数字科技有限公司,246139.22,24,购买新能源汽车,等额本金
IMG_02152,loan_1856/face_signing.jpg,LN2024001856,SG_454,1,F,周华,男,回族,1974-11-11,广东省深圳市南山区 锦绣家园 17栋2单元1779室,440305197411117273,南山区公安局南山区分局,1992.11.06-2002.11.04,哥谭市小额贷款中心,3535414.62,240,二手房交易,等额本息
IMG_02153,loan_1857/face_signing.jpg,LN2024001857,SG_455,1,F,吴强,男,汉族,1978-12-13,广东省深圳市南山区 御景半岛 11栋4单元1209室,440305197812132730,南山区公安局南山区分局,1996.12.08-2006.12.06,九又四分之三信贷中心,46405.3,6,旅游,一次性还本付息
IMG_02154,loan_1858/face_signing.jpg,LN2024001858,SG_456,1,F,李梓轩,男,汉族,1972-05-28,福建省福州市鼓楼区 翠湖雅苑 5栋6单元1204室,350102197205287771,鼓楼区公安局鼓楼区分局,1990.05.24-2000.05.21,提瓦特小额贷款,4124135.26,360,二手房交易,等额本金
IMG_02155,loan_1859/face_signing.jpg,LN2024001859,SG_457,1,F,李梓轩,男,汉族,2007-06-08,湖北省武汉市武昌区 御景半岛 17栋5单元2334室,420106200706083775,武昌区公安局武昌区分局,2025.06.03-2035.06.01,夏尔农业信贷,2035428.06,120,企业流动资金,等额本息
IMG_02156,loan_1860/face_signing.jpg,LN2024001860,SG_458,1,F,高建国,男,汉族,1964-09-02,天津市天津市东丽区 锦绣家园 20栋3单元2352室,120110196409020537,东丽区公安局东丽区分局,1982.08.29-1992.08.26,瓦坎达信贷中心,276368.07,60,婚庆,等额本息
IMG_02157,loan_1861/face_signing.jpg,LN2024001861,SG_459,1,F,何文,男,汉族,1999-04-23,北京市北京市东城区 中央公园 3栋3单元1852室,110101199904239558,东城区公安局东城区分局,2017.04.18-2027.04.16,赛博城消费金融有限公司,953291.88,24,企业流动资金,等额本息
IMG_02158,loan_1862/face_signing.jpg,LN2024001862,SG_460,1,F,吴宇,男,汉族,1993-12-30,四川省成都市锦江区 绿地新江湾 14栋3单元2354室,510104199312305818,锦江区公安局锦江区分局,2011.12.26-2021.12.23,艾泽拉斯数字科技,924386.75,240,购房首付,按月付息，到期还本
IMG_02159,loan_1863/face_signing.jpg,LN2024001863,SG_461,1,F,胡丽,女,汉族,1971-11-02,重庆市重庆市九龙坡区 星河湾畔 4栋6单元1157室,50010719711102652X,九龙坡区公安局九龙坡区分局,1989.10.28-1999.10.26,新亚特兰蒂斯商业银行,1588476.43,360,二手房交易,等额本金
IMG_02160,loan_1864/face_signing.jpg,LN2024001864,SG_462,1,F,李宇,女,汉族,1977-06-21,广东省深圳市福田区 翠湖雅苑 5栋6单元772室,440304197706215405,福田区公安局福田区分局,1995.06.17-2005.06.14,琅琊商业银行,692631.84,36,企业流动资金,等额本金
IMG_02161,loan_1865/face_signing.jpg,LN2024001865,SG_463,1,F,郭娜,女,汉族,1973-02-21,广东省深圳市南山区 悦海名邸 10栋1单元700室,440305197302219668,南山区公安局南山区分局,1991.02.17-2001.02.14,木叶村消费金融,131146.2,12,购买新能源汽车,按月付息，到期还本
IMG_02162,loan_1866/face_signing.jpg,LN2024001866,SG_464,1,F,刘明,男,汉族,1975-05-06,天津市天津市东丽区 绿地新江湾 12栋5单元1638室,120110197505065537,东丽区公安局东丽区分局,1993.05.01-2003.04.29,艾泽拉斯数字科技,236268.49,24,购买新能源汽车,按月付息，到期还本
IMG_02163,loan_1867/face_signing.jpg,LN2024001867,SG_465,1,F,张浩,女,汉族,1970-12-18,陕西省西安市雁塔区 绿地新江湾 15栋2单元765室,610113197012187769,雁塔区公安局雁塔区分局,1988.12.13-1998.12.11,霍格沃茨魔法银行,72691.6,12,房屋装修,等额本金
IMG_02164,loan_1868/face_signing.jpg,LN2024001868,SG_466,1,F,陈敏,女,汉族,1984-11-02,江苏省无锡市新吴区 锦绣华庭 1栋4单元849室,320214198411027022,新吴区公安局新吴区分局,2002.10.29-2012.10.26,霍格沃茨魔法银行,68384.28,12,房屋装修,按月付息，到期还本
IMG_02165,loan_1869/face_signing.jpg,LN2024001869,SG_467,1,F,何文,女,汉族,1997-12-26,江苏省南京市玄武区 紫金华府 4栋6单元821室,320102199712268288,玄武区公安局玄武区分局,2015.12.22-2025.12.19,瓦坎达信贷中心,4810282.34,240,二手房交易,等额本金
IMG_02166,loan_1870/face_signing.jpg,LN2024001870,SG_468,1,F,马燕,女,汉族,1983-12-10,北京市北京市海淀区 悦海名邸 15栋1单元2014室,110108198312103462,海淀区公安局海淀区分局,2001.12.05-2011.12.03,夏尔农业信贷,3233774.92,120,购房首付,等额本金
IMG_02167,loan_1871/face_signing.jpg,LN2024001871,SG_469,1,F,陈伟,男,汉族,1995-02-10,江苏省无锡市新吴区 东方曼哈顿 11栋5单元374室,320214199502100517,新吴区公安局新吴区分局,2013.02.05-2023.02.03,提瓦特小额贷款,108728.12,3,购买燃油车,先息后本
IMG_02168,loan_1872/face_signing.jpg,LN2024001872,SG_470,1,F,李明,男,汉族,1996-02-01,广东省深圳市南山区 普罗旺斯 2栋6单元602室,440305199602016650,南山区公安局南山区分局,2014.01.27-2024.01.25,潘多拉普惠金融,54190.75,6,购买新能源汽车,一次性还本付息
IMG_02169,loan_1873/face_signing.jpg,LN2024001873,SG_471,1,F,赵梓轩,女,苗族,1998-06-25,广东省深圳市福田区 东方曼哈顿 16栋3单元250室,440304199806252704,福田区公安局福田区分局,2016.06.20-2026.06.18,瓦坎达信贷中心,5230.25,3,日常消费,一次性还本付息
IMG_02170,loan_1874/face_signing.jpg,LN2024001874,SG_472,1,F,杨浩,男,汉族,1979-11-20,河南省郑州市金水区 御景半岛 1栋6单元781室,410105197911200157,金水区公安局金水区分局,1997.11.15-2007.11.13,瓦坎达信贷中心,230107.2,60,房屋装修,等额本息
IMG_02171,loan_1875/face_signing.jpg,LN2024001875,SG_473,1,F,郭华,男,汉族,1962-03-29,江苏省无锡市新吴区 悦海名邸 8栋2单元2220室,320214196203293036,新吴区公安局新吴区分局,1980.03.24-1990.03.22,九又四分之三信贷中心,4319236.59,360,购房首付,等额本息
IMG_02172,loan_1876/face_signing.jpg,LN2024001876,SG_474,1,F,刘子涵,男,土家族,1978-05-11,福建省福州市鼓楼区 阳光100 8栋1单元465室,35010219780511601X,鼓楼区公安局鼓楼区分局,1996.05.06-2006.05.04,哥谭市小额贷款中心,871050.49,24,企业流动资金,等额本息
IMG_02173,loan_1877/face_signing.jpg,LN2024001877,SG_475,1,F,周秀,女,维吾尔族,1979-08-07,浙江省杭州市上城区 紫金华府 3栋2单元1940室,330102197908077267,上城区公安局上城区分局,1997.08.02-2007.07.31,星火基地普惠金融,769806.57,24,购房首付,按月付息，到期还本
IMG_02174,loan_1878/face_signing.jpg,LN2024001878,SG_476,1,F,马华,女,汉族,1968-06-06,福建省福州市鼓楼区 东方曼哈顿 20栋2单元645室,350102196806068326,鼓楼区公安局鼓楼区分局,1986.06.02-1996.05.30,阿卡姆消费金融,59905.1,36,婚庆,按月付息，到期还本
IMG_02175,loan_1879/face_signing.jpg,LN2024001879,SG_477,1,F,杨建,女,汉族,1968-04-21,海南省海口市龙华区 龙腾盛世 10栋2单元676室,460106196804215960,龙华区公安局龙华区分局,1986.04.17-1996.04.14,艾泽拉斯数字科技,916486.02,24,扩大生产,等额本金
IMG_02176,loan_1880/face_signing.jpg,LN2024001880,SG_478,1,F,胡秀,女,汉族,1985-07-25,广东省深圳市南山区 龙腾盛世 18栋1单元732室,440305198507259406,南山区公安局南山区分局,2003.07.21-2013.07.18,九又四分之三信贷中心,130367.79,12,婚庆,等额本息
IMG_02177,loan_1881/face_signing.jpg,LN2024001881,SG_479,1,F,罗雪,女,汉族,1963-12-06,上海市上海市黄浦区 普罗旺斯 12栋4单元1697室,310101196312060347,黄浦区公安局黄浦区分局,1981.12.01-1991.11.29,木叶村消费金融,502935.3,24,二手房交易,等额本息
IMG_02178,loan_1882/face_signing.jpg,LN2024001882,SG_480,1,F,罗涛,男,汉族,1982-06-18,浙江省杭州市西湖区 锦绣家园 5栋4单元327室,330106198206183559,西湖区公安局西湖区分局,2000.06.13-2010.06.11,艾泽拉斯数字科技,487263.62,24,二手房交易,等额本金
IMG_02179,loan_1883/face_signing.jpg,LN2024001883,SG_481,1,F,郭娜,女,汉族,1987-01-18,湖北省武汉市江岸区 香榭丽舍 14栋4单元761室,420102198701185064,江岸区公安局江岸区分局,2005.01.13-2015.01.11,霍格沃茨魔法银行,167200.24,6,购买燃油车,先息后本
IMG_02180,loan_1884/face_signing.jpg,LN2024001884,SG_482,1,F,王文,男,汉族,1987-04-03,浙江省宁波市海曙区 御景半岛 11栋5单元1408室,330203198704038174,海曙区公安局海曙区分局,2005.03.29-2015.03.27,潘多拉普惠金融,3404227.41,120,购房首付,按月付息，到期还本
IMG_02181,loan_1885/face_signing.jpg,LN2024001885,SG_483,1,F,刘超,男,汉族,1977-07-21,北京市北京市东城区 锦绣家园 16栋5单元1272室,110101197707214571,东城区公安局东城区分局,1995.07.17-2005.07.14,艾泽拉斯数字科技,137139.27,3,购买新能源汽车,一次性还本付息
IMG_02182,loan_1886/face_signing.jpg,LN2024001886,SG_484,1,F,王梓轩,男,汉族,1988-09-14,江苏省南京市鼓楼区 锦绣家园 4栋6单元1766室,320106198809146114,鼓楼区公安局鼓楼区分局,2006.09.10-2016.09.07,九又四分之三信贷中心,136720.0,6,购买新能源汽车,先息后本
IMG_02183,loan_1887/face_signing.jpg,LN2024001887,SG_485,1,F,杨晨,女,汉族,1973-01-08,北京市北京市海淀区 普罗旺斯 8栋1单元1697室,110108197301088186,海淀区公安局海淀区分局,1991.01.04-2001.01.01,昆仑数字科技有限公司,555785.1,60,二手房交易,等额本息
IMG_02184,loan_1888/face_signing.jpg,LN2024001888,SG_486,1,F,陈梓轩,男,汉族,1995-04-18,山东省济南市历下区 悦海名邸 19栋6单元753室,370102199504189699,历下区公安局历下区分局,2013.04.13-2023.04.11,艾泽拉斯数字科技,646050.73,36,购房首付,按月付息，到期还本
IMG_02185,loan_1889/face_signing.jpg,LN2024001889,SG_487,1,F,郭子涵,男,汉族,2000-05-14,湖北省武汉市江岸区 威尼斯水城 5栋2单元1876室,420102200005144816,江岸区公安局江岸区分局,2018.05.10-2028.05.07,夏尔农业信贷,36016.77,3,旅游,一次性还本付息
IMG_02186,loan_1890/face_signing.jpg,LN2024001890,SG_488,1,F,周梓轩,男,汉族,2005-09-27,山东省济南市历下区 威尼斯水城 16栋1单元645室,370102200509276551,历下区公安局历下区分局,2023.09.23-2033.09.20,夏尔农业信贷,1516993.14,120,二手房交易,等额本息
IMG_02187,loan_1891/face_signing.jpg,LN2024001891,SG_489,1,F,吴浩,女,汉族,1969-07-11,广东省广州市天河区 翠湖雅苑 15栋6单元1261室,440106196907111423,天河区公安局天河区分局,1987.07.07-1997.07.04,瓦坎达信贷中心,320687.88,60,扩大生产,等额本金
IMG_02188,loan_1892/face_signing.jpg,LN2024001892,SG_490,1,F,胡秀,女,汉族,1964-01-30,江西省南昌市东湖区 锦绣家园 11栋2单元645室,360102196401301566,东湖区公安局东湖区分局,1982.01.25-1992.01.23,九又四分之三信贷中心,752973.41,360,扩大生产,按月付息，到期还本
IMG_02189,loan_1893/face_signing.jpg,LN2024001893,SG_491,1,F,吴磊,男,维吾尔族,1960-12-10,湖南省长沙市岳麓区 紫金华府 7栋1单元733室,430104196012104359,岳麓区公安局岳麓区分局,1978.12.06-1988.12.03,昆仑数字科技有限公司,149921.67,3,婚庆,一次性还本付息
IMG_02190,loan_1894/face_signing.jpg,LN2024001894,SG_492,1,F,孙强,男,汉族,1975-11-08,北京市北京市东城区 星河湾畔 4栋2单元1891室,110101197511084971,东城区公安局东城区分局,1993.11.03-2003.11.01,瓦坎达信贷中心,4657857.75,360,二手房交易,等额本金
IMG_02191,loan_1895/face_signing.jpg,LN2024001895,SG_493,1,F,罗芳,女,汉族,2005-01-15,重庆市重庆市九龙坡区 威尼斯水城 10栋3单元1266室,500107200501150707,九龙坡区公安局九龙坡区分局,2023.01.11-2033.01.08,琅琊商业银行,107062.63,3,购买燃油车,先息后本
IMG_02192,loan_1896/face_signing.jpg,LN2024001896,SG_494,1,F,何娜,女,汉族,2007-07-13,山东省济南市历下区 龙腾盛世 7栋6单元249室,370102200707134247,历下区公安局历下区分局,2025.07.08-2035.07.06,新亚特兰蒂斯商业银行,185844.64,60,房屋装修,按月付息，到期还本
IMG_02193,loan_1897/face_signing.jpg,LN2024001897,SG_495,1,F,徐建国,男,汉族,2004-11-12,湖南省长沙市芙蓉区 碧水云天 8栋5单元1993室,430102200411120731,芙蓉区公安局芙蓉区分局,2022.11.08-2032.11.05,提瓦特小额贷款,72341.91,6,购买新能源汽车,一次性还本付息
IMG_02194,loan_1898/face_signing.jpg,LN2024001898,SG_496,1,F,徐子涵,女,汉族,1978-02-22,广东省深圳市南山区 翠湖雅苑 20栋6单元650室,440305197802223903,南山区公安局南山区分局,1996.02.18-2006.02.15,赛博城消费金融有限公司,366960.73,60,二手房交易,等额本金
IMG_02195,loan_1899/face_signing.jpg,LN2024001899,SG_497,1,F,刘婷,女,汉族,1993-02-07,广东省广州市荔湾区 香榭丽舍 1栋3单元711室,440103199302073924,荔湾区公安局荔湾区分局,2011.02.03-2021.01.31,提瓦特小额贷款,758964.97,120,扩大生产,等额本金
IMG_02196,loan_1900/face_signing.jpg,LN2024001900,SG_498,1,F,朱建国,男,汉族,1986-10-24,北京市北京市朝阳区 东方曼哈顿 18栋6单元680室,11010519861024001X,朝阳区公安局朝阳区分局,2004.10.19-2014.10.17,提瓦特小额贷款,480416.03,60,企业流动资金,等额本息
IMG_02197,loan_1901/face_signing.jpg,LN2024001901,SG_499,1,F,孙静,女,彝族,1999-11-23,重庆市重庆市渝中区 翠湖雅苑 14栋2单元2289室,500103199911231509,渝中区公安局渝中区分局,2017.11.18-2027.11.16,木叶村消费金融,153822.18,6,婚庆,一次性还本付息
IMG_02198,loan_1902/face_signing.jpg,LN2024001902,SG_500,1,F,王晨,男,汉族,1983-07-21,江苏省南京市玄武区 碧水云天 4栋5单元899室,320102198307217992,玄武区公安局玄武区分局,2001.07.16-2011.07.14,木叶村消费金融,3077173.63,240,购房首付,等额本息
IMG_02199,loan_1903/face_signing.jpg,LN2024001903,SG_501,1,F,高梓轩,女,汉族,1999-04-08,陕西省西安市新城区 融创壹号院 19栋5单元769室,610102199904082567,新城区公安局新城区分局,2017.04.03-2027.04.01,九又四分之三信贷中心,1356201.52,360,二手房交易,按月付息，到期还本
IMG_02200,loan_1904/face_signing.jpg,LN2024001904,SG_502,1,F,林丽,女,汉族,1998-11-05,安徽省合肥市庐阳区 中央公园 11栋5单元2027室,340103199811051981,庐阳区公安局庐阳区分局,2016.10.31-2026.10.29,九又四分之三信贷中心,3431159.08,240,二手房交易,等额本息
IMG_02201,loan_1905/face_signing.jpg,LN2024001905,SG_503,1,F,张娜,女,汉族,1966-08-27,四川省成都市锦江区 碧水云天 12栋2单元1266室,510104196608271326,锦江区公安局锦江区分局,1984.08.22-1994.08.20,瓦坎达信贷中心,182844.21,6,购买新能源汽车,一次性还本付息
IMG_02202,loan_1906/face_signing.jpg,LN2024001906,SG_504,1,F,孙佳,女,汉族,1998-12-20,云南省昆明市五华区 龙腾盛世 3栋5单元1372室,530102199812206462,五华区公安局五华区分局,2016.12.15-2026.12.13,木叶村消费金融,377307.66,60,购房首付,等额本金
IMG_02203,loan_1907/face_signing.jpg,LN2024001907,SG_505,1,F,吴磊,男,汉族,2000-03-28,福建省厦门市思明区 碧水云天 19栋5单元784室,350203200003284536,思明区公安局思明区分局,2018.03.24-2028.03.21,赛博城消费金融有限公司,1791559.64,120,企业流动资金,按月付息，到期还本
IMG_02204,loan_1908/face_signing.jpg,LN2024001908,SG_506,1,F,周明,男,汉族,1979-06-20,河南省郑州市金水区 中央公园 3栋3单元293室,41010519790620687X,金水区公安局金水区分局,1997.06.15-2007.06.13,木叶村消费金融,305034.6,36,扩大生产,等额本金
IMG_02205,loan_1909/face_signing.jpg,LN2024001909,SG_507,1,F,赵磊,男,汉族,1985-09-17,上海市上海市黄浦区 碧水云天 9栋2单元1221室,310101198509175913,黄浦区公安局黄浦区分局,2003.09.13-2013.09.10,琅琊商业银行,2718129.73,360,购房首付,按月付息，到期还本
IMG_02206,loan_1910/face_signing.jpg,LN2024001910,SG_508,1,F,胡慧,女,汉族,1979-08-06,广东省广州市天河区 锦绣家园 7栋1单元1390室,440106197908065566,天河区公安局天河区分局,1997.08.01-2007.07.30,九又四分之三信贷中心,858771.9,120,二手房交易,等额本息
IMG_02207,loan_1911/face_signing.jpg,LN2024001911,SG_509,1,F,周佳,女,汉族,1970-05-10,新疆维吾尔自治区乌鲁木齐市天山区 绿地新江湾 2栋2单元883室,65010219700510226X,天山区公安局天山区分局,1988.05.05-1998.05.03,星火基地普惠金融,193909.69,3,购买燃油车,先息后本
IMG_02208,loan_1912/face_signing.jpg,LN2024001912,SG_510,1,F,朱文,女,汉族,2007-03-15,云南省昆明市五华区 锦绣家园 2栋6单元2191室,530102200703150485,五华区公安局五华区分局,2025.03.10-2035.03.08,星火基地普惠金融,163042.15,3,购买燃油车,一次性还本付息
IMG_02209,loan_1913/face_signing.jpg,LN2024001913,SG_511,1,F,吴磊,男,苗族,1966-10-11,江西省南昌市东湖区 枫林晚居 4栋3单元1049室,360102196610113879,东湖区公安局东湖区分局,1984.10.06-1994.10.04,木叶村消费金融,129411.2,6,购买新能源汽车,一次性还本付息
IMG_02210,loan_1914/face_signing.jpg,LN2024001914,SG_512,1,F,高华,男,汉族,1970-05-14,山东省青岛市崂山区 翠湖雅苑 1栋1单元1037室,370212197005143118,崂山区公安局崂山区分局,1988.05.09-1998.05.07,瓦坎达信贷中心,3644326.62,240,企业流动资金,按月付息，到期还本
IMG_02211,loan_1915/face_signing.jpg,LN2024001915,SG_513,1,F,杨建,女,汉族,1978-01-25,湖北省武汉市江岸区 东方曼哈顿 13栋6单元864室,420102197801251343,江岸区公安局江岸区分局,1996.01.21-2006.01.18,瓦坎达信贷中心,840644.6,60,企业流动资金,等额本息
IMG_02212,loan_1916/face_signing.jpg,LN2024001916,SG_514,1,F,高静,女,汉族,2001-08-14,上海市上海市浦东新区 东方曼哈顿 5栋4单元705室,310115200108141788,浦东新区公安局浦东新区分局,2019.08.10-2029.08.07,木叶村消费金融,346457.55,36,购房首付,等额本息
IMG_02213,loan_1917/face_signing.jpg,LN2024001917,SG_515,1,F,张磊,男,汉族,1977-09-04,湖北省武汉市武昌区 星河湾畔 4栋4单元1835室,420106197709046457,武昌区公安局武昌区分局,1995.08.31-2005.08.28,星火基地普惠金融,117049.96,12,婚庆,等额本息
IMG_02214,loan_1918/face_signing.jpg,LN2024001918,SG_516,1,F,周平,男,汉族,1960-09-20,江苏省南京市鼓楼区 锦绣家园 8栋5单元1093室,320106196009206757,鼓楼区公安局鼓楼区分局,1978.09.16-1988.09.13,艾泽拉斯数字科技,4981799.83,360,购房首付,等额本金
IMG_02215,loan_1919/face_signing.jpg,LN2024001919,SG_517,1,F,杨慧,女,汉族,1981-03-02,北京市北京市朝阳区 融创壹号院 9栋2单元1300室,110105198103023248,朝阳区公安局朝阳区分局,1999.02.26-2009.02.23,夏尔农业信贷,813970.16,240,企业流动资金,等额本金
IMG_02216,loan_1920/face_signing.jpg,LN2024001920,SG_518,1,F,徐佳,女,满族,1998-01-09,山东省济南市历下区 御景半岛 3栋2单元2063室,370102199801091524,历下区公安局历下区分局,2016.01.05-2026.01.02,瓦坎达信贷中心,187346.24,12,婚庆,等额本息
IMG_02217,loan_1921/face_signing.jpg,LN2024001921,SG_519,1,F,孙敏,女,汉族,1979-03-30,湖北省武汉市江岸区 威尼斯水城 7栋3单元2007室,420102197903304522,江岸区公安局江岸区分局,1997.03.25-2007.03.23,瓦坎达信贷中心,121698.85,12,婚庆,等额本息
IMG_02218,loan_1922/face_signing.jpg,LN2024001922,SG_520,1,F,罗丽,女,汉族,1960-11-20,北京市北京市朝阳区 锦绣家园 1栋2单元264室,110105196011200324,朝阳区公安局朝阳区分局,1978.11.16-1988.11.13,赛博城消费金融有限公司,3437245.85,360,购房首付,等额本息
IMG_02219,loan_1923/face_signing.jpg,LN2024001923,SG_521,1,F,郭文,女,汉族,1964-06-10,湖北省武汉市江岸区 融创壹号院 3栋6单元1377室,42010219640610340X,江岸区公安局江岸区分局,1982.06.06-1992.06.03,星火基地普惠金融,574351.6,24,二手房交易,等额本金
IMG_02220,loan_1924/face_signing.jpg,LN2024001924,SG_522,1,F,赵婷,女,汉族,1964-02-04,北京市北京市朝阳区 紫金华府 15栋5单元139室,110105196402043186,朝阳区公安局朝阳区分局,1982.01.30-1992.01.28,霍格沃茨魔法银行,49081.5,12,医疗,等额本金
IMG_02221,loan_1925/face_signing.jpg,LN2024001925,SG_523,1,F,徐芳,女,汉族,1980-07-02,江西省南昌市东湖区 绿地新江湾 15栋5单元2456室,360102198007027641,东湖区公安局东湖区分局,1998.06.28-2008.06.25,九又四分之三信贷中心,145922.65,12,婚庆,按月付息，到期还本
IMG_02222,loan_1926/face_signing.jpg,LN2024001926,SG_524,1,F,高梓轩,女,汉族,1973-10-19,江苏省苏州市虎丘区 锦绣家园 1栋2单元1716室,320505197310192008,虎丘区公安局虎丘区分局,1991.10.15-2001.10.12,赛博城消费金融有限公司,2456906.0,360,企业流动资金,等额本金
IMG_02223,loan_1927/face_signing.jpg,LN2024001927,SG_525,1,F,黄建国,男,汉族,1962-05-07,广东省广州市荔湾区 香榭丽舍 16栋6单元2412室,440103196205079554,荔湾区公安局荔湾区分局,1980.05.02-1990.04.30,星火基地普惠金融,4082418.08,240,购房首付,等额本息
IMG_02224,loan_1928/face_signing.jpg,LN2024001928,SG_526,1,F,黄婷,女,汉族,1984-04-09,新疆维吾尔自治区乌鲁木齐市天山区 碧水云天 3栋2单元2503室,650102198404098688,天山区公安局天山区分局,2002.04.05-2012.04.02,赛博城消费金融有限公司,31469.64,3,日常消费,先息后本
IMG_02225,loan_1929/face_signing.jpg,LN2024001929,SG_527,1,F,朱平,男,汉族,2005-05-19,天津市天津市和平区 东方曼哈顿 4栋5单元1188室,120101200505197191,和平区公安局和平区分局,2023.05.15-2033.05.12,阿卡姆消费金融,77792.1,6,购买燃油车,先息后本
IMG_02226,loan_1930/face_signing.jpg,LN2024001930,SG_528,1,F,罗宇,男,汉族,1965-11-13,浙江省杭州市上城区 融创壹号院 8栋4单元233室,330102196511132673,上城区公安局上城区分局,1983.11.09-1993.11.06,昆仑数字科技有限公司,87102.01,3,购买燃油车,一次性还本付息
IMG_02227,loan_1931/face_signing.jpg,LN2024001931,SG_529,1,F,何平,男,汉族,1990-09-13,四川省成都市武侯区 绿地新江湾 5栋3单元1373室,510107199009134410,武侯区公安局武侯区分局,2008.09.08-2018.09.06,昆仑数字科技有限公司,599858.24,36,购房首付,等额本金
IMG_02228,loan_1932/face_signing.jpg,LN2024001932,SG_530,1,F,胡慧,女,汉族,2000-01-01,浙江省杭州市西湖区 阳光100 15栋4单元1546室,330106200001014006,西湖区公安局西湖区分局,2017.12.27-2027.12.25,阿卡姆消费金融,4061335.53,360,二手房交易,等额本金
IMG_02229,loan_1933/face_signing.jpg,LN2024001933,SG_531,1,F,孙建,女,汉族,1987-11-05,安徽省合肥市庐阳区 龙腾盛世 3栋1单元1028室,340103198711050784,庐阳区公安局庐阳区分局,2005.10.31-2015.10.29,赛博城消费金融有限公司,110881.28,12,婚庆,等额本金
IMG_02230,loan_1934/face_signing.jpg,LN2024001934,SG_532,1,F,陈明,男,汉族,1979-10-20,山东省济南市历下区 枫林晚居 19栋6单元360室,370102197910208972,历下区公安局历下区分局,1997.10.15-2007.10.13,琅琊商业银行,2316947.77,240,企业流动资金,按月付息，到期还本
IMG_02231,loan_1935/face_signing.jpg,LN2024001935,SG_533,1,F,王文,男,汉族,1966-04-22,浙江省杭州市上城区 悦海名邸 20栋1单元957室,33010219660422573X,上城区公安局上城区分局,1984.04.17-1994.04.15,夏尔农业信贷,100078.37,6,购买燃油车,一次性还本付息
IMG_02232,loan_1936/face_signing.jpg,LN2024001936,SG_534,1,F,李平,男,汉族,1979-06-17,云南省昆明市五华区 威尼斯水城 1栋2单元463室,530102197906173279,五华区公安局五华区分局,1997.06.12-2007.06.10,木叶村消费金融,681186.64,240,二手房交易,按月付息，到期还本
IMG_02233,loan_1937/face_signing.jpg,LN2024001937,SG_535,1,F,赵敏,女,汉族,1980-02-05,北京市北京市东城区 碧水云天 2栋5单元1167室,110101198002056061,东城区公安局东城区分局,1998.01.31-2008.01.29,哥谭市小额贷款中心,3153117.69,360,企业流动资金,等额本金
IMG_02234,loan_1938/face_signing.jpg,LN2024001938,SG_536,1,F,周梓轩,男,汉族,1995-05-18,山东省青岛市崂山区 紫金华府 19栋1单元1604室,370212199505180870,崂山区公安局崂山区分局,2013.05.13-2023.05.11,木叶村消费金融,159893.45,60,婚庆,等额本金
IMG_02235,loan_1939/face_signing.jpg,LN2024001939,SG_537,1,F,孙静,女,汉族,2007-07-02,陕西省西安市新城区 枫林晚居 5栋4单元2301室,610102200707022501,新城区公安局新城区分局,2025.06.27-2035.06.25,木叶村消费金融,623992.31,60,购房首付,等额本金
IMG_02236,loan_1940/face_signing.jpg,LN2024001940,SG_538,1,F,孙宇,女,汉族,1966-07-24,四川省成都市武侯区 威尼斯水城 10栋6单元1341室,510107196607242821,武侯区公安局武侯区分局,1984.07.19-1994.07.17,哥谭市小额贷款中心,65402.25,6,购买新能源汽车,一次性还本付息
IMG_02237,loan_1941/face_signing.jpg,LN2024001941,SG_539,1,F,马子涵,女,汉族,2004-04-21,四川省成都市武侯区 东方曼哈顿 10栋2单元2242室,51010720040421044X,武侯区公安局武侯区分局,2022.04.17-2032.04.14,哥谭市小额贷款中心,103628.79,3,购买燃油车,一次性还本付息
IMG_02238,loan_1942/face_signing.jpg,LN2024001942,SG_540,1,F,黄强,男,汉族,1968-07-12,海南省海口市龙华区 威尼斯水城 19栋1单元682室,460106196807123770,龙华区公安局龙华区分局,1986.07.08-1996.07.05,赛博城消费金融有限公司,153611.38,6,房屋装修,一次性还本付息
IMG_02239,loan_1943/face_signing.jpg,LN2024001943,SG_541,1,F,马婷,女,汉族,1980-09-15,山东省济南市历下区 星河湾畔 11栋3单元2349室,370102198009155008,历下区公安局历下区分局,1998.09.11-2008.09.08,哥谭市小额贷款中心,3946683.78,120,购房首付,按月付息，到期还本
IMG_02240,loan_1944/face_signing.jpg,LN2024001944,SG_542,1,F,高秀,女,汉族,1975-10-09,湖北省武汉市江岸区 紫金华府 8栋3单元801室,420102197510095264,江岸区公安局江岸区分局,1993.10.04-2003.10.02,提瓦特小额贷款,4503718.97,120,二手房交易,按月付息，到期还本
IMG_02241,loan_1945/face_signing.jpg,LN2024001945,SG_543,1,F,罗慧,女,汉族,1968-03-20,四川省成都市锦江区 锦绣家园 8栋5单元1159室,510104196803205586,锦江区公安局锦江区分局,1986.03.16-1996.03.13,提瓦特小额贷款,98240.85,3,购买燃油车,一次性还本付息
IMG_02242,loan_1946/face_signing.jpg,LN2024001946,SG_544,1,F,黄晨,男,苗族,2002-11-27,天津市天津市东丽区 普罗旺斯 20栋4单元1076室,120110200211271970,东丽区公安局东丽区分局,2020.11.22-2030.11.20,赛博城消费金融有限公司,65611.11,12,房屋装修,按月付息，到期还本
IMG_02243,loan_1947/face_signing.jpg,LN2024001947,SG_545,1,F,黄娜,女,汉族,1965-05-16,浙江省杭州市上城区 紫金华府 7栋6单元2408室,330102196505167423,上城区公安局上城区分局,1983.05.12-1993.05.09,昆仑数字科技有限公司,3531517.97,120,企业流动资金,等额本金
IMG_02244,loan_1948/face_signing.jpg,LN2024001948,SG_546,1,F,赵秀,女,汉族,2002-08-05,江苏省苏州市虎丘区 中央公园 12栋1单元488室,320505200208059141,虎丘区公安局虎丘区分局,2020.07.31-2030.07.29,哥谭市小额贷款中心,131924.44,36,购买新能源汽车,等额本金
IMG_02245,loan_1949/face_signing.jpg,LN2024001949,SG_547,1,F,张伟,男,汉族,2005-05-21,湖南省长沙市岳麓区 香榭丽舍 11栋4单元2254室,430104200505218257,岳麓区公安局岳麓区分局,2023.05.17-2033.05.14,赛博城消费金融有限公司,2721206.6,120,二手房交易,等额本息
IMG_02246,loan_1950/face_signing.jpg,LN2024001950,SG_548,1,F,张文,女,汉族,1995-11-19,天津市天津市东丽区 绿地新江湾 7栋5单元326室,120110199511190085,东丽区公安局东丽区分局,2013.11.14-2023.11.12,赛博城消费金融有限公司,2682862.35,120,二手房交易,按月付息，到期还本
IMG_02247,loan_1951/face_signing.jpg,LN2024001951,SG_549,1,F,朱涛,男,汉族,1970-11-10,湖北省武汉市武昌区 悦海名邸 7栋3单元605室,420106197011109794,武昌区公安局武昌区分局,1988.11.05-1998.11.03,赛博城消费金融有限公司,112132.51,6,婚庆,一次性还本付息
IMG_02248,loan_1952/face_signing.jpg,LN2024001952,SG_550,1,F,张静,女,汉族,1969-11-04,北京市北京市朝阳区 翠湖雅苑 20栋5单元650室,110105196911047740,朝阳区公安局朝阳区分局,1987.10.31-1997.10.28,赛博城消费金融有限公司,1509638.12,240,企业流动资金,按月付息，到期还本
IMG_02249,loan_1953/face_signing.jpg,LN2024001953,SG_551,1,F,陈子涵,女,壮族,1961-03-01,上海市上海市浦东新区 东方曼哈顿 13栋5单元594室,310115196103015409,浦东新区公安局浦东新区分局,1979.02.25-1989.02.22,赛博城消费金融有限公司,295001.17,24,婚庆,按月付息，到期还本
IMG_02250,loan_1954/face_signing.jpg,LN2024001954,SG_552,1,F,胡建,男,汉族,1986-03-06,北京市北京市东城区 悦海名邸 10栋1单元308室,110101198603066193,东城区公安局东城区分局,2004.03.01-2014.02.27,哥谭市小额贷款中心,468656.34,60,二手房交易,等额本息
IMG_02251,loan_1955/face_signing.jpg,LN2024001955,SG_553,1,F,马伟,男,汉族,1965-04-26,陕西省西安市雁塔区 中央公园 7栋5单元2067室,610113196504267998,雁塔区公安局雁塔区分局,1983.04.22-1993.04.19,夏尔农业信贷,190997.22,6,婚庆,先息后本
IMG_02252,loan_1956/face_signing.jpg,LN2024001956,SG_554,1,F,罗晨,女,汉族,1995-05-26,江苏省苏州市虎丘区 紫金华府 7栋4单元177室,320505199505263303,虎丘区公安局虎丘区分局,2013.05.21-2023.05.19,星火基地普惠金融,4552825.47,360,二手房交易,等额本息
IMG_02253,loan_1957/face_signing.jpg,LN2024001957,SG_555,1,F,罗志强,男,壮族,1988-01-23,北京市北京市海淀区 碧水云天 8栋5单元438室,110108198801233655,海淀区公安局海淀区分局,2006.01.18-2016.01.16,潘多拉普惠金融,143069.11,12,购买新能源汽车,等额本金
IMG_02254,loan_1958/face_signing.jpg,LN2024001958,SG_556,1,F,黄秀,女,汉族,1992-06-12,四川省成都市锦江区 东方曼哈顿 19栋6单元1218室,51010419920612516X,锦江区公安局锦江区分局,2010.06.08-2020.06.05,九又四分之三信贷中心,349342.45,60,扩大生产,按月付息，到期还本
IMG_02255,loan_1959/face_signing.jpg,LN2024001959,SG_557,1,F,陈敏,女,汉族,1999-02-28,陕西省西安市雁塔区 锦绣华庭 15栋2单元522室,610113199902281588,雁塔区公安局雁塔区分局,2017.02.23-2027.02.21,新亚特兰蒂斯商业银行,58059.95,6,购买燃油车,一次性还本付息
IMG_02256,loan_1960/face_signing.jpg,LN2024001960,SG_558,1,F,郭平,男,汉族,1989-02-04,江苏省无锡市新吴区 香榭丽舍 9栋4单元1192室,320214198902043799,新吴区公安局新吴区分局,2007.01.31-2017.01.28,新亚特兰蒂斯商业银行,2711179.75,240,二手房交易,按月付息，到期还本
IMG_02257,loan_1961/face_signing.jpg,LN2024001961,SG_559,1,F,马杰,男,汉族,1962-08-10,陕西省西安市新城区 威尼斯水城 14栋1单元2161室,610102196208106998,新城区公安局新城区分局,1980.08.05-1990.08.03,新亚特兰蒂斯商业银行,93026.94,24,房屋装修,等额本金
IMG_02258,loan_1962/face_signing.jpg,LN2024001962,SG_560,1,F,马文,女,汉族,2002-07-04,北京市北京市海淀区 翠湖雅苑 12栋2单元701室,110108200207043648,海淀区公安局海淀区分局,2020.06.29-2030.06.27,琅琊商业银行,4636540.27,120,二手房交易,等额本金
IMG_02259,loan_1963/face_signing.jpg,LN2024001963,SG_561,1,F,何华,男,汉族,1972-03-22,安徽省合肥市庐阳区 碧水云天 9栋4单元936室,340103197203224595,庐阳区公安局庐阳区分局,1990.03.18-2000.03.15,九又四分之三信贷中心,110012.89,3,婚庆,一次性还本付息
IMG_02260,loan_1964/face_signing.jpg,LN2024001964,SG_562,1,F,陈平,男,汉族,1988-06-16,福建省厦门市思明区 普罗旺斯 1栋3单元1263室,350203198806163914,思明区公安局思明区分局,2006.06.12-2016.06.09,赛博城消费金融有限公司,4773270.01,120,企业流动资金,等额本金
IMG_02261,loan_1965/face_signing.jpg,LN2024001965,SG_563,1,F,郭磊,男,汉族,1963-12-08,江苏省南京市玄武区 枫林晚居 6栋6单元1440室,320102196312080071,玄武区公安局玄武区分局,1981.12.03-1991.12.01,九又四分之三信贷中心,45549.91,3,旅游,先息后本
IMG_02262,loan_1966/face_signing.jpg,LN2024001966,SG_564,1,F,郭强,男,汉族,2006-06-30,云南省昆明市五华区 御景半岛 9栋3单元2362室,530102200606301499,五华区公安局五华区分局,2024.06.25-2034.06.23,瓦坎达信贷中心,836704.6,36,企业流动资金,按月付息，到期还本
IMG_02263,loan_1967/face_signing.jpg,LN2024001967,SG_565,1,F,李秀,女,汉族,1995-12-21,北京市北京市朝阳区 星河湾畔 15栋2单元493室,110105199512217929,朝阳区公安局朝阳区分局,2013.12.16-2023.12.14,九又四分之三信贷中心,865242.69,360,二手房交易,等额本息
IMG_02264,loan_1968/face_signing.jpg,LN2024001968,SG_566,1,F,罗志强,男,汉族,1975-12-16,陕西省西安市新城区 阳光100 9栋6单元1637室,610102197512160977,新城区公安局新城区分局,1993.12.11-2003.12.09,潘多拉普惠金融,2566007.21,360,购房首付,等额本金
IMG_02265,loan_1969/face_signing.jpg,LN2024001969,SG_567,1,F,徐超,男,汉族,1994-08-27,陕西省西安市新城区 融创壹号院 20栋6单元2099室,610102199408272898,新城区公安局新城区分局,2012.08.22-2022.08.20,霍格沃茨魔法银行,508164.39,36,二手房交易,等额本息
IMG_02266,loan_1970/face_signing.jpg,LN2024001970,SG_568,1,F,王宇,女,苗族,2005-12-19,云南省昆明市五华区 紫金华府 7栋4单元326室,530102200512197627,五华区公安局五华区分局,2023.12.15-2033.12.12,夏尔农业信贷,395727.8,36,企业流动资金,等额本息
IMG_02267,loan_1971/face_signing.jpg,LN2024001971,SG_569,1,F,徐文,女,汉族,2002-12-12,海南省海口市龙华区 锦绣华庭 6栋2单元874室,460106200212128926,龙华区公安局龙华区分局,2020.12.07-2030.12.05,新亚特兰蒂斯商业银行,4348044.03,240,企业流动资金,等额本息
IMG_02268,loan_1972/face_signing.jpg,LN2024001972,SG_570,1,F,高丽,女,汉族,2003-08-20,海南省海口市龙华区 中央公园 1栋6单元620室,460106200308209907,龙华区公安局龙华区分局,2021.08.15-2031.08.13,九又四分之三信贷中心,805459.92,60,购房首付,按月付息，到期还本
IMG_02269,loan_1973/face_signing.jpg,LN2024001973,SG_571,1,F,罗宇,男,汉族,2001-10-07,重庆市重庆市九龙坡区 锦绣华庭 1栋3单元1869室,500107200110078357,九龙坡区公安局九龙坡区分局,2019.10.03-2029.09.30,木叶村消费金融,128622.41,3,房屋装修,先息后本
IMG_02270,loan_1974/face_signing.jpg,LN2024001974,SG_572,1,F,徐秀,女,汉族,2002-01-22,广东省深圳市南山区 普罗旺斯 20栋1单元2069室,440305200201226361,南山区公安局南山区分局,2020.01.18-2030.01.15,阿卡姆消费金融,101568.0,3,婚庆,一次性还本付息
IMG_02271,loan_1975/face_signing.jpg,LN2024001975,SG_573,1,F,胡宇,男,汉族,1989-02-09,广东省深圳市南山区 香榭丽舍 6栋4单元552室,440305198902093135,南山区公安局南山区分局,2007.02.05-2017.02.02,潘多拉普惠金融,823701.02,36,购房首付,等额本金
IMG_02272,loan_1976/face_signing.jpg,LN2024001976,SG_574,1,F,陈华,男,汉族,1972-03-17,广东省广州市荔湾区 中央公园 10栋2单元2311室,440103197203177411,荔湾区公安局荔湾区分局,1990.03.13-2000.03.10,阿卡姆消费金融,57174.61,3,购买新能源汽车,先息后本
IMG_02273,loan_1977/face_signing.jpg,LN2024001977,SG_575,1,F,刘宇,女,汉族,2003-12-30,江苏省南京市玄武区 阳光100 16栋2单元994室,320102200312300344,玄武区公安局玄武区分局,2021.12.25-2031.12.23,九又四分之三信贷中心,5768.52,12,旅游,等额本金
IMG_02274,loan_1978/face_signing.jpg,LN2024001978,SG_576,1,F,高晨,女,汉族,1991-05-12,湖北省武汉市武昌区 香榭丽舍 18栋5单元1457室,420106199105120926,武昌区公安局武昌区分局,2009.05.07-2019.05.05,新亚特兰蒂斯商业银行,30179.56,3,日常消费,先息后本
IMG_02275,loan_1979/face_signing.jpg,LN2024001979,SG_237,1,F,杨文,男,汉族,2007-02-22,陕西省西安市雁塔区 阳光100 7栋1单元1208室,610113200702225894,雁塔区公安局雁塔区分局,2025.02.17-2035.02.15,新亚特兰蒂斯商业银行,595685.84,60,二手房交易,按月付息，到期还本
IMG_02276,loan_1980/face_signing.jpg,LN2024001980,SG_238,1,F,徐伟,男,汉族,1965-04-08,安徽省合肥市庐阳区 星河湾畔 6栋4单元1021室,340103196504080375,庐阳区公安局庐阳区分局,1983.04.04-1993.04.01,赛博城消费金融有限公司,2602504.95,360,企业流动资金,等额本息
IMG_02277,loan_1981/face_signing.jpg,LN2024001981,SG_239,1,F,周平,男,汉族,1996-08-30,新疆维吾尔自治区乌鲁木齐市天山区 东方曼哈顿 2栋5单元747室,65010219960830111X,天山区公安局天山区分局,2014.08.26-2024.08.23,潘多拉普惠金融,3327732.12,240,二手房交易,等额本息
IMG_02278,loan_1982/face_signing.jpg,LN2024001982,SG_240,1,F,李伟,男,汉族,1999-05-06,陕西省西安市新城区 威尼斯水城 1栋6单元502室,610102199905065339,新城区公安局新城区分局,2017.05.01-2027.04.29,夏尔农业信贷,4030083.32,120,购房首付,按月付息，到期还本
IMG_02279,loan_1983/face_signing.jpg,LN2024001983,SG_241,1,F,刘平,女,汉族,1973-06-14,广东省深圳市福田区 东方曼哈顿 10栋2单元212室,440304197306145866,福田区公安局福田区分局,1991.06.10-2001.06.07,昆仑数字科技有限公司,3337715.52,240,购房首付,按月付息，到期还本
IMG_02280,loan_1984/face_signing.jpg,LN2024001984,SG_242,1,F,马佳,女,汉族,1992-09-07,广东省深圳市福田区 龙腾盛世 11栋4单元533室,440304199209070881,福田区公安局福田区分局,2010.09.03-2020.08.31,琅琊商业银行,934643.63,60,二手房交易,按月付息，到期还本
IMG_02281,loan_1985/face_signing.jpg,LN2024001985,SG_243,1,F,罗子涵,男,汉族,1960-11-22,浙江省杭州市西湖区 锦绣家园 13栋2单元1508室,33010619601122039X,西湖区公安局西湖区分局,1978.11.18-1988.11.15,赛博城消费金融有限公司,938784.55,36,扩大生产,等额本金
IMG_02282,loan_1986/face_signing.jpg,LN2024001986,SG_244,1,F,胡平,男,汉族,1997-04-12,重庆市重庆市渝中区 碧水云天 15栋4单元1194室,500103199704129819,渝中区公安局渝中区分局,2015.04.08-2025.04.05,夏尔农业信贷,4646299.21,120,购房首付,等额本金
IMG_02283,loan_1987/face_signing.jpg,LN2024001987,SG_245,1,F,王建国,男,汉族,1974-04-04,福建省福州市鼓楼区 锦绣华庭 13栋2单元178室,35010219740404983X,鼓楼区公安局鼓楼区分局,1992.03.30-2002.03.28,哥谭市小额贷款中心,2935062.09,120,购房首付,等额本息
IMG_02284,loan_1988/face_signing.jpg,LN2024001988,SG_246,1,F,王伟,男,汉族,1964-04-07,江苏省南京市鼓楼区 普罗旺斯 8栋6单元2092室,320106196404078812,鼓楼区公安局鼓楼区分局,1982.04.03-1992.03.31,艾泽拉斯数字科技,56223.83,3,购买新能源汽车,先息后本
IMG_02285,loan_1989/face_signing.jpg,LN2024001989,SG_247,1,F,刘敏,女,汉族,1993-05-14,陕西省西安市新城区 龙腾盛世 16栋1单元1511室,610102199305146928,新城区公安局新城区分局,2011.05.10-2021.05.07,霍格沃茨魔法银行,56266.42,6,婚庆,先息后本
IMG_02286,loan_1990/face_signing.jpg,LN2024001990,SG_248,1,F,朱浩,女,汉族,1989-08-28,江苏省南京市鼓楼区 威尼斯水城 4栋2单元1945室,320106198908280167,鼓楼区公安局鼓楼区分局,2007.08.24-2017.08.21,新亚特兰蒂斯商业银行,103455.05,12,购买新能源汽车,等额本金
IMG_02287,loan_1991/face_signing.jpg,LN2024001991,SG_249,1,F,陈晨,男,汉族,1975-12-08,天津市天津市和平区 紫金华府 18栋1单元368室,120101197512080659,和平区公安局和平区分局,1993.12.03-2003.12.01,木叶村消费金融,643910.64,120,扩大生产,等额本金
IMG_02288,loan_1992/face_signing.jpg,LN2024001992,SG_250,1,F,罗敏,女,汉族,1977-11-16,北京市北京市海淀区 枫林晚居 11栋6单元2033室,110108197711168904,海淀区公安局海淀区分局,1995.11.12-2005.11.09,赛博城消费金融有限公司,165914.16,6,房屋装修,先息后本
IMG_02289,loan_1993/face_signing.jpg,LN2024001993,SG_251,1,F,吴文,女,汉族,1966-04-30,北京市北京市朝阳区 阳光100 9栋1单元2221室,110105196604301067,朝阳区公安局朝阳区分局,1984.04.25-1994.04.23,新亚特兰蒂斯商业银行,1038761.84,120,购房首付,按月付息，到期还本
IMG_02290,loan_1994/face_signing.jpg,LN2024001994,SG_252,1,F,徐静,女,汉族,1991-09-17,北京市北京市朝阳区 枫林晚居 7栋4单元2096室,110105199109172521,朝阳区公安局朝阳区分局,2009.09.12-2019.09.10,星火基地普惠金融,3446202.72,360,企业流动资金,等额本金
IMG_02291,loan_1995/face_signing.jpg,LN2024001995,SG_253,1,F,陈浩,女,汉族,1985-03-03,湖南省长沙市岳麓区 香榭丽舍 1栋1单元1746室,430104198503032686,岳麓区公安局岳麓区分局,2003.02.27-2013.02.24,星火基地普惠金融,3601186.45,360,购房首付,按月付息，到期还本
IMG_02292,loan_1996/face_signing.jpg,LN2024001996,SG_254,1,F,吴佳,女,汉族,1961-03-17,上海市上海市黄浦区 融创壹号院 14栋2单元1158室,310101196103179966,黄浦区公安局黄浦区分局,1979.03.13-1989.03.10,星火基地普惠金融,64912.48,36,购买燃油车,按月付息，到期还本
IMG_02293,loan_1997/face_signing.jpg,LN2024001997,SG_255,1,F,李敏,女,汉族,1968-11-01,上海市上海市黄浦区 阳光100 20栋4单元992室,310101196811014046,黄浦区公安局黄浦区分局,1986.10.28-1996.10.25,新亚特兰蒂斯商业银行,35450.54,12,旅游,按月付息，到期还本
IMG_02294,loan_1998/face_signing.jpg,LN2024001998,SG_256,1,F,李子涵,男,汉族,2001-06-26,湖北省武汉市武昌区 悦海名邸 1栋5单元111室,420106200106260870,武昌区公安局武昌区分局,2019.06.22-2029.06.19,夏尔农业信贷,30165.35,6,医疗,先息后本
IMG_02295,loan_1999/face_signing.jpg,LN2024001999,SG_257,1,F,胡平,男,汉族,1963-02-24,湖南省长沙市岳麓区 星河湾畔 5栋5单元773室,430104196302240092,岳麓区公安局岳麓区分局,1981.02.19-1991.02.17,木叶村消费金融,166758.94,6,婚庆,一次性还本付息
IMG_02296,loan_2000/face_signing.jpg,LN2024002000,SG_258,1,F,徐宇,男,藏族,2006-09-03,陕西省西安市新城区 龙腾盛世 10栋5单元924室,610102200609036256,新城区公安局新城区分局,2024.08.29-2034.08.27,提瓦特小额贷款,2435334.51,240,购房首付,等额本息
IMG_02297,loan_2001/face_signing.jpg,LN2024002001,SG_259,1,F,刘晨,女,汉族,1961-06-01,浙江省杭州市西湖区 御景半岛 4栋5单元2250室,330106196106012366,西湖区公安局西湖区分局,1979.05.28-1989.05.25,新亚特兰蒂斯商业银行,718833.67,36,二手房交易,等额本金
IMG_02298,loan_2002/face_signing.jpg,LN2024002002,SG_260,1,F,高子涵,男,汉族,1990-08-19,广东省深圳市福田区 香榭丽舍 12栋5单元1760室,440304199008195899,福田区公安局福田区分局,2008.08.14-2018.08.12,阿卡姆消费金融,536045.89,24,购房首付,按月付息，到期还本
IMG_02299,loan_2003/face_signing.jpg,LN2024002003,SG_261,1,F,马建国,男,回族,2001-10-03,北京市北京市海淀区 悦海名邸 7栋6单元761室,110108200110032619,海淀区公安局海淀区分局,2019.09.29-2029.09.26,新亚特兰蒂斯商业银行,18241.79,3,教育进修,先息后本
IMG_02300,loan_2004/face_signing.jpg,LN2024002004,SG_262,1,F,李丽,女,汉族,1988-12-24,江西省南昌市东湖区 东方曼哈顿 1栋2单元865室,360102198812247460,东湖区公安局东湖区分局,2006.12.20-2016.12.17,琅琊商业银行,950631.27,360,二手房交易,等额本息
IMG_02301,loan_2005/face_signing.jpg,LN2024002005,SG_263,1,F,林子涵,男,藏族,1990-03-24,北京市北京市朝阳区 碧水云天 16栋2单元1240室,110105199003249754,朝阳区公安局朝阳区分局,2008.03.19-2018.03.17,哥谭市小额贷款中心,590688.79,60,扩大生产,等额本息
IMG_02302,loan_2006/face_signing.jpg,LN2024002006,SG_264,1,F,黄晨,男,汉族,1974-09-06,云南省昆明市五华区 翠湖雅苑 7栋1单元1850室,530102197409067395,五华区公安局五华区分局,1992.09.01-2002.08.30,赛博城消费金融有限公司,166670.01,3,婚庆,一次性还本付息
IMG_02303,loan_2007/face_signing.jpg,LN2024002007,SG_265,1,F,吴宇,男,汉族,2003-12-22,湖北省武汉市武昌区 阳光100 20栋3单元180室,420106200312223157,武昌区公安局武昌区分局,2021.12.17-2031.12.15,艾泽拉斯数字科技,151443.29,6,购买新能源汽车,先息后本
IMG_02304,loan_2008/face_signing.jpg,LN2024002008,SG_266,1,F,黄佳,女,汉族,2005-11-23,重庆市重庆市九龙坡区 中央公园 7栋2单元1607室,500107200511238606,九龙坡区公安局九龙坡区分局,2023.11.19-2033.11.16,琅琊商业银行,107641.73,6,婚庆,一次性还本付息
IMG_02305,loan_2009/face_signing.jpg,LN2024002009,SG_267,1,F,马华,男,汉族,2008-06-01,新疆维吾尔自治区乌鲁木齐市天山区 紫金华府 11栋4单元142室,650102200806018150,天山区公安局天山区分局,2026.05.28-2036.05.25,新亚特兰蒂斯商业银行,856535.96,24,购房首付,按月付息，到期还本
IMG_02306,loan_2010/face_signing.jpg,LN2024002010,SG_268,1,F,杨华,男,土家族,1997-09-14,福建省厦门市思明区 紫金华府 15栋3单元1955室,350203199709145137,思明区公安局思明区分局,2015.09.10-2025.09.07,潘多拉普惠金融,2393179.31,360,二手房交易,按月付息，到期还本
IMG_02307,loan_2011/face_signing.jpg,LN2024002011,SG_269,1,F,高涛,男,汉族,1993-12-15,浙江省杭州市西湖区 锦绣华庭 4栋5单元2138室,330106199312155011,西湖区公安局西湖区分局,2011.12.11-2021.12.08,新亚特兰蒂斯商业银行,197201.81,3,购买新能源汽车,一次性还本付息
IMG_02308,loan_2012/face_signing.jpg,LN2024002012,SG_270,1,F,孙浩,男,汉族,1967-11-21,江西省南昌市东湖区 悦海名邸 19栋3单元1921室,360102196711210897,东湖区公安局东湖区分局,1985.11.16-1995.11.14,潘多拉普惠金融,247442.36,36,房屋装修,按月付息，到期还本
IMG_02309,loan_2013/face_signing.jpg,LN2024002013,SG_271,1,F,王子涵,男,汉族,1971-10-10,江西省南昌市东湖区 中央公园 1栋6单元1579室,360102197110107952,东湖区公安局东湖区分局,1989.10.05-1999.10.03,潘多拉普惠金融,21705.34,3,旅游,一次性还本付息
IMG_02310,loan_2014/face_signing.jpg,LN2024002014,SG_272,1,F,周浩,女,汉族,1973-12-18,上海市上海市黄浦区 绿地新江湾 4栋2单元165室,310101197312181901,黄浦区公安局黄浦区分局,1991.12.14-2001.12.11,哥谭市小额贷款中心,3028823.25,360,二手房交易,等额本息
IMG_02311,loan_2015/face_signing.jpg,LN2024002015,SG_273,1,F,周宇,男,汉族,1965-07-14,陕西省西安市新城区 枫林晚居 20栋6单元174室,61010219650714859X,新城区公安局新城区分局,1983.07.10-1993.07.07,提瓦特小额贷款,146150.92,60,房屋装修,等额本息
IMG_02312,loan_2016/face_signing.jpg,LN2024002016,SG_274,1,F,朱娟,女,汉族,2002-12-21,四川省成都市武侯区 普罗旺斯 12栋6单元2219室,510107200212219087,武侯区公安局武侯区分局,2020.12.16-2030.12.14,琅琊商业银行,125366.88,3,购买燃油车,先息后本
IMG_02313,loan_2017/face_signing.jpg,LN2024002017,SG_275,1,F,李静,女,汉族,1996-04-11,湖北省武汉市武昌区 龙腾盛世 6栋5单元515室,420106199604111522,武昌区公安局武昌区分局,2014.04.07-2024.04.04,夏尔农业信贷,138411.24,3,房屋装修,一次性还本付息
IMG_02314,loan_2018/face_signing.jpg,LN2024002018,SG_276,1,F,张文,男,汉族,1990-04-14,福建省福州市鼓楼区 翠湖雅苑 4栋4单元2381室,350102199004140473,鼓楼区公安局鼓楼区分局,2008.04.09-2018.04.07,瓦坎达信贷中心,316740.55,60,二手房交易,按月付息，到期还本
IMG_02315,loan_2019/face_signing.jpg,LN2024002019,SG_277,1,F,周杰,男,汉族,2001-10-29,山东省青岛市崂山区 威尼斯水城 6栋5单元713室,370212200110293550,崂山区公安局崂山区分局,2019.10.25-2029.10.22,新亚特兰蒂斯商业银行,1438565.27,240,企业流动资金,等额本息
IMG_02316,loan_2020/face_signing.jpg,LN2024002020,SG_278,1,F,何平,男,汉族,1982-01-10,四川省成都市武侯区 普罗旺斯 17栋5单元1813室,510107198201102975,武侯区公安局武侯区分局,2000.01.06-2010.01.03,琅琊商业银行,358653.04,24,购房首付,等额本息
IMG_02317,loan_2021/face_signing.jpg,LN2024002021,SG_279,1,F,孙浩,女,汉族,2003-01-31,贵州省贵阳市云岩区 碧水云天 6栋2单元2142室,520103200301312722,云岩区公安局云岩区分局,2021.01.26-2031.01.24,木叶村消费金融,119727.4,36,婚庆,按月付息，到期还本
IMG_02318,loan_2022/face_signing.jpg,LN2024002022,SG_280,1,F,徐娟,女,汉族,2004-10-15,湖北省武汉市江岸区 御景半岛 14栋1单元1617室,420102200410154727,江岸区公安局江岸区分局,2022.10.11-2032.10.08,潘多拉普惠金融,90945.04,36,婚庆,按月付息，到期还本
IMG_02319,loan_2023/face_signing.jpg,LN2024002023,SG_281,1,F,高平,女,汉族,1982-11-11,四川省成都市锦江区 御景半岛 14栋1单元924室,510104198211118787,锦江区公安局锦江区分局,2000.11.06-2010.11.04,新亚特兰蒂斯商业银行,535121.61,240,购房首付,按月付息，到期还本
IMG_02320,loan_2024/face_signing.jpg,LN2024002024,SG_282,1,F,刘秀,女,汉族,1973-09-19,上海市上海市黄浦区 枫林晚居 19栋4单元568室,310101197309195069,黄浦区公安局黄浦区分局,1991.09.15-2001.09.12,艾泽拉斯数字科技,405812.84,36,二手房交易,按月付息，到期还本
IMG_02321,loan_2025/face_signing.jpg,LN2024002025,SG_283,1,F,胡军,男,汉族,1981-11-08,河南省郑州市金水区 威尼斯水城 5栋4单元1121室,410105198111083137,金水区公安局金水区分局,1999.11.04-2009.11.01,艾泽拉斯数字科技,1975598.92,240,企业流动资金,等额本金
IMG_02322,loan_2026/face_signing.jpg,LN2024002026,SG_284,1,F,陈强,男,汉族,1979-02-19,安徽省合肥市庐阳区 普罗旺斯 16栋2单元1152室,340103197902197397,庐阳区公安局庐阳区分局,1997.02.14-2007.02.12,艾泽拉斯数字科技,818324.39,360,二手房交易,按月付息，到期还本
IMG_02323,loan_2027/face_signing.jpg,LN2024002027,SG_285,1,F,郭勇,男,汉族,1983-07-18,安徽省合肥市庐阳区 星河湾畔 11栋4单元1752室,34010319830718959X,庐阳区公安局庐阳区分局,2001.07.13-2011.07.11,阿卡姆消费金融,544251.69,36,购房首付,等额本息
IMG_02324,loan_2028/face_signing.jpg,LN2024002028,SG_286,1,F,刘杰,男,汉族,1983-10-03,安徽省合肥市庐阳区 御景半岛 14栋6单元292室,340103198310034134,庐阳区公安局庐阳区分局,2001.09.28-2011.09.26,瓦坎达信贷中心,30492.32,12,医疗,等额本息
IMG_02325,loan_2029/face_signing.jpg,LN2024002029,SG_287,1,F,张娜,女,汉族,1991-08-09,山东省青岛市崂山区 融创壹号院 7栋1单元1609室,37021219910809248X,崂山区公安局崂山区分局,2009.08.04-2019.08.02,艾泽拉斯数字科技,3476877.53,120,购房首付,按月付息，到期还本
IMG_02326,loan_2030/face_signing.jpg,LN2024002030,SG_288,1,F,刘娜,女,汉族,1972-03-01,天津市天津市和平区 翠湖雅苑 6栋6单元694室,120101197203016020,和平区公安局和平区分局,1990.02.25-2000.02.23,木叶村消费金融,134935.24,3,婚庆,一次性还本付息
IMG_02327,loan_2031/face_signing.jpg,LN2024002031,SG_289,1,F,杨敏,女,汉族,2003-05-05,浙江省杭州市西湖区 悦海名邸 20栋6单元524室,330106200305050962,西湖区公安局西湖区分局,2021.04.30-2031.04.28,木叶村消费金融,14435.29,3,日常消费,一次性还本付息
IMG_02328,loan_2032/face_signing.jpg,LN2024002032,SG_290,1,F,郭慧,女,汉族,1975-09-10,四川省成都市武侯区 紫金华府 5栋1单元550室,510107197509106580,武侯区公安局武侯区分局,1993.09.05-2003.09.03,瓦坎达信贷中心,1845241.54,120,二手房交易,按月付息，到期还本
IMG_02329,loan_2033/face_signing.jpg,LN2024002033,SG_291,1,F,罗杰,男,汉族,1982-02-16,湖南省长沙市芙蓉区 锦绣华庭 16栋2单元445室,430102198202169192,芙蓉区公安局芙蓉区分局,2000.02.12-2010.02.09,霍格沃茨魔法银行,42186.22,3,医疗,一次性还本付息
IMG_02330,loan_2034/face_signing.jpg,LN2024002034,SG_292,1,F,朱磊,男,汉族,1982-07-02,广东省深圳市福田区 星河湾畔 12栋1单元2008室,44030419820702545X,福田区公安局福田区分局,2000.06.27-2010.06.25,九又四分之三信贷中心,637541.73,60,购房首付,按月付息，到期还本
IMG_02331,loan_2035/face_signing.jpg,LN2024002035,SG_293,1,F,孙强,男,回族,1998-07-19,江苏省苏州市虎丘区 融创壹号院 4栋4单元664室,320505199807194550,虎丘区公安局虎丘区分局,2016.07.14-2026.07.12,夏尔农业信贷,94231.96,6,房屋装修,先息后本
IMG_02332,loan_2036/face_signing.jpg,LN2024002036,SG_294,1,F,马平,女,汉族,1973-09-28,江苏省苏州市虎丘区 绿地新江湾 20栋1单元1534室,320505197309284087,虎丘区公安局虎丘区分局,1991.09.24-2001.09.21,新亚特兰蒂斯商业银行,112562.49,12,婚庆,按月付息，到期还本
IMG_02333,loan_2037/face_signing.jpg,LN2024002037,SG_295,1,F,张建,男,汉族,1973-07-05,贵州省贵阳市云岩区 中央公园 7栋5单元137室,520103197307057297,云岩区公安局云岩区分局,1991.07.01-2001.06.28,霍格沃茨魔法银行,66662.36,12,房屋装修,按月付息，到期还本
IMG_02334,loan_2038/face_signing.jpg,LN2024002038,SG_296,1,F,赵敏,女,汉族,1983-08-08,河南省郑州市金水区 东方曼哈顿 8栋2单元372室,410105198308082322,金水区公安局金水区分局,2001.08.03-2011.08.01,夏尔农业信贷,779724.32,60,购房首付,按月付息，到期还本
IMG_02335,loan_2039/face_signing.jpg,LN2024002039,SG_297,1,F,胡华,男,汉族,2005-03-01,广东省深圳市南山区 香榭丽舍 15栋5单元1243室,440305200503014831,南山区公安局南山区分局,2023.02.25-2033.02.22,昆仑数字科技有限公司,42196.28,6,医疗,一次性还本付息
IMG_02336,loan_2040/face_signing.jpg,LN2024002040,SG_298,1,F,高文,女,汉族,1988-06-29,上海市上海市浦东新区 香榭丽舍 4栋2单元2411室,310115198806297181,浦东新区公安局浦东新区分局,2006.06.25-2016.06.22,夏尔农业信贷,1680989.01,360,企业流动资金,等额本金
IMG_02337,loan_2041/face_signing.jpg,LN2024002041,SG_299,1,F,林强,男,汉族,1988-12-31,上海市上海市黄浦区 碧水云天 5栋2单元954室,310101198812310399,黄浦区公安局黄浦区分局,2006.12.27-2016.12.24,艾泽拉斯数字科技,2240147.28,240,二手房交易,等额本金
IMG_02338,loan_2042/face_signing.jpg,LN2024002042,SG_300,1,F,徐华,女,汉族,1961-07-26,江苏省无锡市新吴区 融创壹号院 13栋3单元1962室,320214196107269984,新吴区公安局新吴区分局,1979.07.22-1989.07.19,提瓦特小额贷款,196694.29,3,购买燃油车,先息后本
IMG_02339,loan_2043/face_signing.jpg,LN2024002043,SG_301,1,F,高燕,女,汉族,1971-03-21,河南省郑州市金水区 龙腾盛世 9栋1单元613室,410105197103218869,金水区公安局金水区分局,1989.03.16-1999.03.14,艾泽拉斯数字科技,535688.4,60,扩大生产,等额本息
IMG_02340,loan_2044/face_signing.jpg,LN2024002044,SG_302,1,F,赵建,女,汉族,2006-04-04,重庆市重庆市渝中区 悦海名邸 8栋6单元1360室,500103200604044389,渝中区公安局渝中区分局,2024.03.30-2034.03.28,霍格沃茨魔法银行,126775.21,3,购买燃油车,先息后本
IMG_02341,loan_2045/face_signing.jpg,LN2024002045,SG_303,1,F,徐宇,男,汉族,1975-02-18,湖南省长沙市芙蓉区 碧水云天 17栋3单元1079室,430102197502187937,芙蓉区公安局芙蓉区分局,1993.02.13-2003.02.11,霍格沃茨魔法银行,109196.21,6,房屋装修,一次性还本付息
IMG_02342,loan_2046/face_signing.jpg,LN2024002046,SG_304,1,F,高涛,男,汉族,1989-11-18,福建省福州市鼓楼区 悦海名邸 15栋3单元564室,350102198911183093,鼓楼区公安局鼓楼区分局,2007.11.14-2017.11.11,木叶村消费金融,1975012.75,120,企业流动资金,等额本息
IMG_02343,loan_2047/face_signing.jpg,LN2024002047,SG_305,1,F,黄宇,男,土家族,1987-05-11,上海市上海市浦东新区 锦绣家园 11栋4单元995室,310115198705112993,浦东新区公安局浦东新区分局,2005.05.06-2015.05.04,星火基地普惠金融,4594920.31,120,二手房交易,按月付息，到期还本
IMG_02344,loan_2048/face_signing.jpg,LN2024002048,SG_306,1,F,赵燕,女,汉族,1979-09-10,新疆维吾尔自治区乌鲁木齐市天山区 枫林晚居 17栋2单元490室,650102197909100021,天山区公安局天山区分局,1997.09.05-2007.09.03,潘多拉普惠金融,167998.72,3,购买新能源汽车,先息后本
IMG_02345,loan_2049/face_signing.jpg,LN2024002049,SG_307,1,F,刘敏,女,汉族,1975-11-18,广东省深圳市南山区 翠湖雅苑 11栋6单元793室,440305197511183446,南山区公安局南山区分局,1993.11.13-2003.11.11,木叶村消费金融,3082963.33,120,购房首付,等额本息
IMG_02346,loan_2050/face_signing.jpg,LN2024002050,SG_308,1,F,张静,女,汉族,1974-06-20,陕西省西安市雁塔区 绿地新江湾 2栋3单元484室,610113197406203864,雁塔区公安局雁塔区分局,1992.06.15-2002.06.13,艾泽拉斯数字科技,109588.85,12,房屋装修,等额本息
IMG_02347,loan_2051/face_signing.jpg,LN2024002051,SG_309,1,F,高磊,男,汉族,1990-02-19,山东省济南市历下区 星河湾畔 12栋3单元894室,370102199002191617,历下区公安局历下区分局,2008.02.15-2018.02.12,阿卡姆消费金融,403680.07,24,购房首付,按月付息，到期还本
IMG_02348,loan_2052/face_signing.jpg,LN2024002052,SG_310,1,F,孙伟,男,壮族,1990-09-28,河南省郑州市金水区 龙腾盛世 11栋6单元1741室,410105199009282011,金水区公安局金水区分局,2008.09.23-2018.09.21,星火基地普惠金融,1674602.09,240,二手房交易,等额本息
IMG_02349,loan_2053/face_signing.jpg,LN2024002053,SG_311,1,F,孙明,男,汉族,2006-03-12,重庆市重庆市渝中区 龙腾盛世 16栋5单元2478室,500103200603124037,渝中区公安局渝中区分局,2024.03.07-2034.03.05,哥谭市小额贷款中心,22243.39,12,旅游,按月付息，到期还本
IMG_02350,loan_2054/face_signing.jpg,LN2024002054,SG_312,1,F,杨磊,男,汉族,1965-04-15,湖北省武汉市武昌区 御景半岛 15栋3单元192室,420106196504153350,武昌区公安局武昌区分局,1983.04.11-1993.04.08,哥谭市小额贷款中心,974809.79,24,购房首付,按月付息，到期还本
IMG_02351,loan_2055/face_signing.jpg,LN2024002055,SG_313,1,F,杨宇,男,汉族,1982-05-09,四川省成都市武侯区 中央公园 1栋2单元2387室,510107198205096314,武侯区公安局武侯区分局,2000.05.04-2010.05.02,新亚特兰蒂斯商业银行,1640329.0,120,二手房交易,等额本息
IMG_02352,loan_2056/face_signing.jpg,LN2024002056,SG_314,1,F,黄伟,男,藏族,1986-05-19,湖北省武汉市武昌区 中央公园 2栋6单元1336室,420106198605194054,武昌区公安局武昌区分局,2004.05.14-2014.05.12,瓦坎达信贷中心,945405.02,36,二手房交易,按月付息，到期还本
IMG_02353,loan_2057/face_signing.jpg,LN2024002057,SG_315,1,F,刘宇,女,汉族,1974-11-24,四川省成都市武侯区 中央公园 11栋1单元814室,510107197411248302,武侯区公安局武侯区分局,1992.11.19-2002.11.17,昆仑数字科技有限公司,2674342.66,240,企业流动资金,按月付息，到期还本
IMG_02354,loan_2058/face_signing.jpg,LN2024002058,SG_316,1,F,高涛,男,汉族,1970-03-13,四川省成都市武侯区 翠湖雅苑 9栋2单元2435室,510107197003132773,武侯区公安局武侯区分局,1988.03.08-1998.03.06,星火基地普惠金融,2717403.54,240,企业流动资金,等额本金
IMG_02355,loan_2059/face_signing.jpg,LN2024002059,SG_317,1,F,王慧,女,汉族,2002-01-28,新疆维吾尔自治区乌鲁木齐市天山区 翠湖雅苑 16栋3单元206室,650102200201281140,天山区公安局天山区分局,2020.01.24-2030.01.21,新亚特兰蒂斯商业银行,161813.49,6,购买燃油车,一次性还本付息
IMG_02356,loan_2060/face_signing.jpg,LN2024002060,SG_318,1,F,王志强,男,汉族,1994-12-21,北京市北京市海淀区 普罗旺斯 16栋2单元1250室,110108199412213217,海淀区公安局海淀区分局,2012.12.16-2022.12.14,九又四分之三信贷中心,189375.77,36,婚庆,等额本金
IMG_02357,loan_2061/face_signing.jpg,LN2024002061,SG_319,1,F,刘燕,女,满族,1970-07-10,广东省深圳市福田区 紫金华府 16栋6单元1685室,440304197007106007,福田区公安局福田区分局,1988.07.05-1998.07.03,赛博城消费金融有限公司,1036643.14,120,购房首付,按月付息，到期还本
IMG_02358,loan_2062/face_signing.jpg,LN2024002062,SG_320,1,F,王宇,男,汉族,1985-02-06,江苏省无锡市新吴区 龙腾盛世 13栋6单元118室,32021419850206729X,新吴区公安局新吴区分局,2003.02.02-2013.01.30,赛博城消费金融有限公司,302594.97,36,二手房交易,按月付息，到期还本
IMG_02359,loan_2063/face_signing.jpg,LN2024002063,SG_321,1,F,王慧,女,汉族,1980-12-09,广东省深圳市南山区 紫金华府 20栋6单元1741室,440305198012090485,南山区公安局南山区分局,1998.12.05-2008.12.02,阿卡姆消费金融,384673.08,60,扩大生产,等额本息
IMG_02360,loan_2064/face_signing.jpg,LN2024002064,SG_322,1,F,马秀,女,汉族,2000-11-15,湖北省武汉市武昌区 东方曼哈顿 15栋2单元1658室,420106200011151006,武昌区公安局武昌区分局,2018.11.11-2028.11.08,哥谭市小额贷款中心,877835.0,36,购房首付,等额本息
IMG_02361,loan_2065/face_signing.jpg,LN2024002065,SG_323,1,F,黄晨,男,汉族,1992-07-11,北京市北京市东城区 翠湖雅苑 16栋2单元465室,110101199207111997,东城区公安局东城区分局,2010.07.07-2020.07.04,赛博城消费金融有限公司,134827.36,6,购买燃油车,一次性还本付息
IMG_02362,loan_2066/face_signing.jpg,LN2024002066,SG_324,1,F,杨志强,男,汉族,1995-02-19,天津市天津市和平区 翠湖雅苑 10栋6单元778室,120101199502197318,和平区公安局和平区分局,2013.02.14-2023.02.12,瓦坎达信贷中心,102554.61,12,购买燃油车,等额本息
IMG_02363,loan_2067/face_signing.jpg,LN2024002067,SG_325,1,F,王晨,女,汉族,2005-12-30,江西省南昌市东湖区 紫金华府 19栋4单元658室,360102200512301306,东湖区公安局东湖区分局,2023.12.26-2033.12.23,阿卡姆消费金融,198399.94,36,购买新能源汽车,等额本金
IMG_02364,loan_2068/face_signing.jpg,LN2024002068,SG_326,1,F,赵燕,女,汉族,1967-04-09,广东省深圳市福田区 威尼斯水城 6栋6单元2486室,440304196704095927,福田区公安局福田区分局,1985.04.04-1995.04.02,霍格沃茨魔法银行,79583.53,6,房屋装修,先息后本
IMG_02365,loan_2069/face_signing.jpg,LN2024002069,SG_327,1,F,郭超,男,汉族,1978-01-11,江苏省无锡市新吴区 威尼斯水城 12栋2单元1393室,320214197801115170,新吴区公安局新吴区分局,1996.01.07-2006.01.04,琅琊商业银行,3693212.11,240,购房首付,等额本金
IMG_02366,loan_2070/face_signing.jpg,LN2024002070,SG_328,1,F,马明,男,汉族,1976-01-13,重庆市重庆市渝中区 融创壹号院 13栋5单元1490室,500103197601138553,渝中区公安局渝中区分局,1994.01.08-2004.01.06,哥谭市小额贷款中心,419388.24,24,扩大生产,等额本息
IMG_02367,loan_2071/face_signing.jpg,LN2024002071,SG_329,1,F,徐慧,女,壮族,1970-05-27,山东省济南市历下区 枫林晚居 5栋4单元1720室,370102197005277628,历下区公安局历下区分局,1988.05.22-1998.05.20,哥谭市小额贷款中心,196671.76,12,婚庆,等额本息
IMG_02368,loan_2072/face_signing.jpg,LN2024002072,SG_330,1,F,徐强,男,汉族,1979-03-17,江西省南昌市东湖区 东方曼哈顿 17栋4单元668室,360102197903177731,东湖区公安局东湖区分局,1997.03.12-2007.03.10,星火基地普惠金融,58128.92,3,购买新能源汽车,先息后本
IMG_02369,loan_2073/face_signing.jpg,LN2024002073,SG_331,1,F,林婷,女,汉族,1967-09-18,陕西省西安市新城区 东方曼哈顿 10栋2单元915室,610102196709182825,新城区公安局新城区分局,1985.09.13-1995.09.11,九又四分之三信贷中心,13595.07,6,医疗,先息后本
IMG_02370,loan_2074/face_signing.jpg,LN2024002074,SG_332,1,F,张勇,男,彝族,1988-12-14,江苏省苏州市虎丘区 龙腾盛世 4栋1单元2342室,320505198812145396,虎丘区公安局虎丘区分局,2006.12.10-2016.12.07,昆仑数字科技有限公司,1078745.55,240,购房首付,等额本金
IMG_02371,loan_2075/face_signing.jpg,LN2024002075,SG_333,1,F,黄军,男,汉族,1977-02-02,陕西省西安市雁塔区 普罗旺斯 13栋3单元1432室,610113197702023139,雁塔区公安局雁塔区分局,1995.01.29-2005.01.26,瓦坎达信贷中心,80449.3,3,房屋装修,一次性还本付息
IMG_02372,loan_2076/face_signing.jpg,LN2024002076,SG_334,1,F,朱宇,男,苗族,1964-09-17,安徽省合肥市庐阳区 星河湾畔 8栋1单元416室,340103196409173856,庐阳区公安局庐阳区分局,1982.09.13-1992.09.10,新亚特兰蒂斯商业银行,539888.04,36,购房首付,等额本金
IMG_02373,loan_2077/face_signing.jpg,LN2024002077,SG_335,1,F,罗佳,女,汉族,1978-04-07,安徽省合肥市庐阳区 锦绣家园 1栋4单元1629室,340103197804075943,庐阳区公安局庐阳区分局,1996.04.02-2006.03.31,阿卡姆消费金融,4427731.17,360,购房首付,等额本金
IMG_02374,loan_2078/face_signing.jpg,LN2024002078,SG_336,1,F,王华,男,汉族,2004-06-25,陕西省西安市雁塔区 锦绣家园 9栋3单元2486室,61011320040625149X,雁塔区公安局雁塔区分局,2022.06.21-2032.06.18,夏尔农业信贷,844567.34,120,二手房交易,按月付息，到期还本
IMG_02375,loan_2079/face_signing.jpg,LN2024002079,SG_337,1,F,胡梓轩,男,汉族,1971-01-22,浙江省杭州市西湖区 枫林晚居 19栋5单元445室,330106197101228154,西湖区公安局西湖区分局,1989.01.17-1999.01.15,新亚特兰蒂斯商业银行,155066.4,12,购买新能源汽车,等额本息
IMG_02376,loan_2080/face_signing.jpg,LN2024002080,SG_338,1,F,徐雪,女,汉族,1984-01-21,贵州省贵阳市云岩区 碧水云天 18栋5单元114室,520103198401217423,云岩区公安局云岩区分局,2002.01.16-2012.01.14,提瓦特小额贷款,3890382.74,360,购房首付,等额本息
IMG_02377,loan_2081/face_signing.jpg,LN2024002081,SG_339,1,F,吴华,女,汉族,1982-08-19,广东省深圳市福田区 悦海名邸 18栋1单元2389室,440304198208191660,福田区公安局福田区分局,2000.08.14-2010.08.12,潘多拉普惠金融,179251.11,6,购买新能源汽车,一次性还本付息
IMG_02378,loan_2082/face_signing.jpg,LN2024002082,SG_340,1,F,林华,女,汉族,1993-06-19,陕西省西安市雁塔区 御景半岛 8栋4单元1618室,610113199306194568,雁塔区公安局雁塔区分局,2011.06.15-2021.06.12,提瓦特小额贷款,989475.34,24,扩大生产,按月付息，到期还本
IMG_02379,loan_2083/face_signing.jpg,LN2024002083,SG_341,1,F,王婷,女,汉族,1996-07-18,江苏省南京市玄武区 绿地新江湾 20栋5单元1622室,320102199607180727,玄武区公安局玄武区分局,2014.07.14-2024.07.11,霍格沃茨魔法银行,914047.55,60,扩大生产,等额本息
IMG_02380,loan_2084/face_signing.jpg,LN2024002084,SG_342,1,F,杨涛,男,汉族,1996-06-04,湖北省武汉市江岸区 锦绣华庭 12栋5单元2295室,420102199606043230,江岸区公安局江岸区分局,2014.05.31-2024.05.28,夏尔农业信贷,100050.26,3,婚庆,先息后本
IMG_02381,loan_2085/face_signing.jpg,LN2024002085,SG_343,1,F,张丽,女,彝族,1998-10-21,山东省济南市历下区 碧水云天 2栋3单元628室,370102199810217344,历下区公安局历下区分局,2016.10.16-2026.10.14,潘多拉普惠金融,84664.15,6,婚庆,一次性还本付息
IMG_02382,loan_2086/face_signing.jpg,LN2024002086,SG_344,1,F,林文,女,汉族,1994-09-06,陕西省西安市雁塔区 香榭丽舍 19栋3单元1384室,610113199409068521,雁塔区公安局雁塔区分局,2012.09.01-2022.08.30,九又四分之三信贷中心,415166.7,60,二手房交易,等额本金
IMG_02383,loan_2087/face_signing.jpg,LN2024002087,SG_345,1,F,杨华,男,汉族,1990-05-08,安徽省合肥市庐阳区 威尼斯水城 13栋5单元1288室,34010319900508149X,庐阳区公安局庐阳区分局,2008.05.03-2018.05.01,艾泽拉斯数字科技,89949.26,6,购买新能源汽车,一次性还本付息
IMG_02384,loan_2088/face_signing.jpg,LN2024002088,SG_346,1,F,刘明,男,汉族,1975-03-07,福建省厦门市思明区 威尼斯水城 16栋6单元752室,350203197503073116,思明区公安局思明区分局,1993.03.02-2003.02.28,瓦坎达信贷中心,864372.21,120,二手房交易,等额本金
IMG_02385,loan_2089/face_signing.jpg,LN2024002089,SG_347,1,F,罗晨,男,汉族,1963-09-18,浙江省杭州市上城区 星河湾畔 11栋3单元945室,330102196309183952,上城区公安局上城区分局,1981.09.13-1991.09.11,琅琊商业银行,4116666.45,240,购房首付,等额本息
IMG_02386,loan_2090/face_signing.jpg,LN2024002090,SG_348,1,F,黄静,女,满族,1994-07-20,湖南省长沙市芙蓉区 星河湾畔 8栋5单元576室,430102199407205227,芙蓉区公安局芙蓉区分局,2012.07.15-2022.07.13,星火基地普惠金融,251144.43,36,婚庆,等额本息
IMG_02387,loan_2091/face_signing.jpg,LN2024002091,SG_349,1,F,张志强,男,汉族,2005-12-10,湖南省长沙市岳麓区 香榭丽舍 1栋4单元800室,430104200512106376,岳麓区公安局岳麓区分局,2023.12.06-2033.12.03,潘多拉普惠金融,17054.87,12,日常消费,按月付息，到期还本
IMG_02388,loan_2092/face_signing.jpg,LN2024002092,SG_350,1,F,刘宇,男,汉族,1991-05-30,江苏省南京市玄武区 普罗旺斯 11栋4单元1840室,320102199105308778,玄武区公安局玄武区分局,2009.05.25-2019.05.23,昆仑数字科技有限公司,88004.15,12,购买燃油车,按月付息，到期还本
IMG_02389,loan_2093/face_signing.jpg,LN2024002093,SG_351,1,F,胡子涵,男,汉族,1983-09-10,四川省成都市武侯区 东方曼哈顿 12栋4单元1194室,510107198309107612,武侯区公安局武侯区分局,2001.09.05-2011.09.03,艾泽拉斯数字科技,161646.25,24,购买新能源汽车,按月付息，到期还本
IMG_02390,loan_2094/face_signing.jpg,LN2024002094,SG_352,1,F,朱佳,女,汉族,1970-09-19,北京市北京市东城区 碧水云天 12栋6单元147室,110101197009198041,东城区公安局东城区分局,1988.09.14-1998.09.12,九又四分之三信贷中心,4401289.85,240,企业流动资金,等额本金
IMG_02391,loan_2095/face_signing.jpg,LN2024002095,SG_353,1,F,张强,男,维吾尔族,2003-10-31,新疆维吾尔自治区乌鲁木齐市天山区 威尼斯水城 14栋4单元306室,65010220031031655X,天山区公安局天山区分局,2021.10.26-2031.10.24,昆仑数字科技有限公司,36753.56,3,购买家电,一次性还本付息
IMG_02392,loan_2096/face_signing.jpg,LN2024002096,SG_354,1,F,张涛,男,汉族,1972-08-23,天津市天津市东丽区 中央公园 11栋4单元1200室,12011019720823375X,东丽区公安局东丽区分局,1990.08.19-2000.08.16,艾泽拉斯数字科技,3638584.5,120,企业流动资金,按月付息，到期还本
IMG_02393,loan_2097/face_signing.jpg,LN2024002097,SG_355,1,F,郭勇,男,汉族,1964-06-19,广东省深圳市南山区 中央公园 6栋3单元842室,440305196406190359,南山区公安局南山区分局,1982.06.15-1992.06.12,瓦坎达信贷中心,103121.38,12,购买新能源汽车,按月付息，到期还本
IMG_02394,loan_2098/face_signing.jpg,LN2024002098,SG_356,1,F,罗子涵,女,汉族,1989-12-20,山东省济南市历下区 绿地新江湾 11栋3单元1449室,370102198912207564,历下区公安局历下区分局,2007.12.16-2017.12.13,阿卡姆消费金融,3202173.53,360,二手房交易,等额本金
IMG_02395,loan_2099/face_signing.jpg,LN2024002099,SG_357,1,F,高静,女,汉族,1961-06-01,重庆市重庆市渝中区 阳光100 16栋4单元1381室,50010319610601740X,渝中区公安局渝中区分局,1979.05.28-1989.05.25,艾泽拉斯数字科技,54518.92,12,房屋装修,按月付息，到期还本
IMG_02396,loan_2100/face_signing.jpg,LN2024002100,SG_358,1,F,陈文,男,汉族,2003-02-15,陕西省西安市雁塔区 融创壹号院 3栋6单元613室,610113200302152278,雁塔区公安局雁塔区分局,2021.02.10-2031.02.08,潘多拉普惠金融,582902.24,60,扩大生产,按月付息，到期还本
IMG_02397,loan_2101/face_signing.jpg,LN2024002101,SG_359,1,F,何明,男,回族,2007-05-01,四川省成都市武侯区 香榭丽舍 11栋6单元1304室,510107200705011372,武侯区公安局武侯区分局,2025.04.26-2035.04.24,木叶村消费金融,902803.07,240,购房首付,按月付息，到期还本
IMG_02398,loan_2102/face_signing.jpg,LN2024002102,SG_360,1,F,林芳,女,汉族,2000-01-13,广东省深圳市南山区 御景半岛 11栋4单元989室,440305200001135449,南山区公安局南山区分局,2018.01.08-2028.01.06,瓦坎达信贷中心,418846.45,60,企业流动资金,按月付息，到期还本
IMG_02399,loan_2103/face_signing.jpg,LN2024002103,SG_361,1,F,朱华,男,汉族,1984-03-06,天津市天津市东丽区 绿地新江湾 17栋2单元1590室,120110198403062196,东丽区公安局东丽区分局,2002.03.02-2012.02.28,木叶村消费金融,738844.95,240,二手房交易,按月付息，到期还本
IMG_02400,loan_2104/face_signing.jpg,LN2024002104,SG_362,1,F,何慧,女,汉族,1996-02-07,重庆市重庆市渝中区 香榭丽舍 10栋4单元1561室,500103199602071329,渝中区公安局渝中区分局,2014.02.02-2024.01.31,阿卡姆消费金融,3538480.49,120,购房首付,按月付息，到期还本
IMG_02401,loan_2105/face_signing.jpg,LN2024002105,SG_363,1,F,刘娜,女,藏族,1975-02-23,福建省厦门市思明区 阳光100 7栋3单元2383室,350203197502233501,思明区公安局思明区分局,1993.02.18-2003.02.16,潘多拉普惠金融,117742.38,6,购买燃油车,先息后本
IMG_02402,loan_2106/face_signing.jpg,LN2024002106,SG_364,1,F,吴晨,女,汉族,2001-07-26,新疆维吾尔自治区乌鲁木齐市天山区 阳光100 18栋1单元134室,65010220010726300X,天山区公安局天山区分局,2019.07.22-2029.07.19,木叶村消费金融,1223916.8,120,购房首付,等额本息
IMG_02403,loan_2107/face_signing.jpg,LN2024002107,SG_365,1,F,赵华,女,汉族,1984-06-07,广东省广州市天河区 紫金华府 8栋6单元1484室,440106198406076702,天河区公安局天河区分局,2002.06.03-2012.05.31,潘多拉普惠金融,49233.66,6,日常消费,先息后本
IMG_02404,loan_2108/face_signing.jpg,LN2024002108,SG_366,1,F,朱涛,男,汉族,2002-08-05,福建省福州市鼓楼区 星河湾畔 4栋6单元1782室,350102200208057490,鼓楼区公安局鼓楼区分局,2020.07.31-2030.07.29,赛博城消费金融有限公司,27215.87,12,购买家电,按月付息，到期还本
IMG_02405,loan_2109/face_signing.jpg,LN2024002109,SG_367,1,F,胡建,男,汉族,1980-12-11,上海市上海市黄浦区 锦绣家园 4栋6单元430室,310101198012110698,黄浦区公安局黄浦区分局,1998.12.07-2008.12.04,瓦坎达信贷中心,4096461.79,120,购房首付,按月付息，到期还本
IMG_02406,loan_2110/face_signing.jpg,LN2024002110,SG_368,1,F,王强,男,汉族,1963-12-04,北京市北京市朝阳区 锦绣家园 20栋5单元472室,110105196312042497,朝阳区公安局朝阳区分局,1981.11.29-1991.11.27,星火基地普惠金融,277081.37,60,购买新能源汽车,按月付息，到期还本
IMG_02407,loan_2111/face_signing.jpg,LN2024002111,SG_369,1,F,吴娜,女,汉族,1997-10-31,贵州省贵阳市云岩区 御景半岛 14栋5单元282室,520103199710317326,云岩区公安局云岩区分局,2015.10.27-2025.10.24,潘多拉普惠金融,215166.86,60,房屋装修,等额本金
IMG_02408,loan_2112/face_signing.jpg,LN2024002112,SG_370,1,F,马秀,女,汉族,1979-07-21,北京市北京市东城区 香榭丽舍 15栋4单元933室,110101197907211324,东城区公安局东城区分局,1997.07.16-2007.07.14,夏尔农业信贷,746913.63,60,扩大生产,等额本息
IMG_02409,loan_2113/face_signing.jpg,LN2024002113,SG_371,1,F,何慧,女,汉族,1982-12-23,四川省成都市武侯区 融创壹号院 16栋3单元843室,510107198212237322,武侯区公安局武侯区分局,2000.12.18-2010.12.16,霍格沃茨魔法银行,1848780.69,120,二手房交易,等额本息
IMG_02410,loan_2114/face_signing.jpg,LN2024002114,SG_372,1,F,何梓轩,男,汉族,1988-08-29,江苏省南京市玄武区 锦绣华庭 11栋1单元1623室,32010219880829139X,玄武区公安局玄武区分局,2006.08.25-2016.08.22,艾泽拉斯数字科技,120177.46,12,婚庆,等额本息
IMG_02411,loan_2115/face_signing.jpg,LN2024002115,SG_373,1,F,何建,女,汉族,1971-10-01,云南省昆明市五华区 阳光100 4栋3单元935室,530102197110013480,五华区公安局五华区分局,1989.09.26-1999.09.24,木叶村消费金融,3100628.69,120,购房首付,按月付息，到期还本
IMG_02412,loan_2116/face_signing.jpg,LN2024002116,SG_374,1,F,黄文,女,汉族,1977-06-24,上海市上海市黄浦区 悦海名邸 20栋5单元1299室,310101197706242164,黄浦区公安局黄浦区分局,1995.06.20-2005.06.17,新亚特兰蒂斯商业银行,164915.27,3,购买燃油车,一次性还本付息
IMG_02413,loan_2117/face_signing.jpg,LN2024002117,SG_375,1,F,朱丽,女,汉族,1988-09-08,浙江省杭州市西湖区 御景半岛 17栋2单元2077室,330106198809082044,西湖区公安局西湖区分局,2006.09.04-2016.09.01,提瓦特小额贷款,3623997.84,120,企业流动资金,按月付息，到期还本
IMG_02414,loan_2118/face_signing.jpg,LN2024002118,SG_376,1,F,徐平,女,壮族,1975-08-04,新疆维吾尔自治区乌鲁木齐市天山区 御景半岛 16栋3单元880室,650102197508040224,天山区公安局天山区分局,1993.07.30-2003.07.28,夏尔农业信贷,3835652.18,360,二手房交易,等额本息
IMG_02415,loan_2119/face_signing.jpg,LN2024002119,SG_377,1,F,高建,男,汉族,2000-10-22,北京市北京市海淀区 普罗旺斯 19栋2单元689室,110108200010223717,海淀区公安局海淀区分局,2018.10.18-2028.10.15,阿卡姆消费金融,1095892.81,240,企业流动资金,按月付息，到期还本
IMG_02416,loan_2120/face_signing.jpg,LN2024002120,SG_378,1,F,朱军,男,汉族,1987-12-13,安徽省合肥市庐阳区 星河湾畔 16栋5单元715室,34010319871213885X,庐阳区公安局庐阳区分局,2005.12.08-2015.12.06,潘多拉普惠金融,1232929.84,240,企业流动资金,按月付息，到期还本
IMG_02417,loan_2121/face_signing.jpg,LN2024002121,SG_379,1,F,胡娟,女,汉族,2007-04-02,福建省福州市鼓楼区 锦绣华庭 19栋6单元1927室,350102200704027346,鼓楼区公安局鼓楼区分局,2025.03.28-2035.03.26,艾泽拉斯数字科技,61784.72,36,购买燃油车,等额本息
IMG_02418,loan_2122/face_signing.jpg,LN2024002122,SG_380,1,F,徐志强,男,汉族,1981-12-17,北京市北京市海淀区 威尼斯水城 15栋4单元880室,110108198112172471,海淀区公安局海淀区分局,1999.12.13-2009.12.10,阿卡姆消费金融,114957.2,24,房屋装修,等额本息
IMG_02419,loan_2123/face_signing.jpg,LN2024002123,SG_381,1,F,朱军,男,汉族,2005-12-31,广东省深圳市南山区 龙腾盛世 12栋3单元1681室,440305200512317631,南山区公安局南山区分局,2023.12.27-2033.12.24,星火基地普惠金融,82607.02,6,购买燃油车,一次性还本付息
IMG_02420,loan_2124/face_signing.jpg,LN2024002124,SG_382,1,F,马超,男,维吾尔族,2005-12-28,江苏省南京市鼓楼区 威尼斯水城 12栋2单元2337室,320106200512287354,鼓楼区公安局鼓楼区分局,2023.12.24-2033.12.21,赛博城消费金融有限公司,195800.66,6,房屋装修,先息后本
IMG_02421,loan_2125/face_signing.jpg,LN2024002125,SG_383,1,F,陈静,女,汉族,1960-08-25,重庆市重庆市九龙坡区 锦绣家园 7栋4单元269室,500107196008251580,九龙坡区公安局九龙坡区分局,1978.08.21-1988.08.18,哥谭市小额贷款中心,735337.07,120,购房首付,等额本金
IMG_02422,loan_2126/face_signing.jpg,LN2024002126,SG_384,1,F,陈宇,男,汉族,1979-07-06,广东省深圳市福田区 枫林晚居 7栋5单元2113室,440304197907062476,福田区公安局福田区分局,1997.07.01-2007.06.29,提瓦特小额贷款,29555.18,12,购买家电,按月付息，到期还本
IMG_02423,loan_2127/face_signing.jpg,LN2024002127,SG_385,1,F,刘志强,男,汉族,2003-08-03,海南省海口市龙华区 威尼斯水城 4栋2单元2409室,460106200308036399,龙华区公安局龙华区分局,2021.07.29-2031.07.27,木叶村消费金融,1316681.96,120,购房首付,等额本息
IMG_02424,loan_2128/face_signing.jpg,LN2024002128,SG_386,1,F,林子涵,男,汉族,2006-06-12,江西省南昌市东湖区 东方曼哈顿 14栋2单元2369室,360102200606121891,东湖区公安局东湖区分局,2024.06.07-2034.06.05,瓦坎达信贷中心,836033.49,36,二手房交易,等额本金
IMG_02425,loan_2129/face_signing.jpg,LN2024002129,SG_387,1,F,孙平,男,汉族,1973-11-24,山东省青岛市崂山区 东方曼哈顿 6栋5单元969室,370212197311246932,崂山区公安局崂山区分局,1991.11.20-2001.11.17,艾泽拉斯数字科技,647588.17,36,购房首付,按月付息，到期还本
IMG_02426,loan_2130/face_signing.jpg,LN2024002130,SG_388,1,F,陈强,男,汉族,1997-05-09,四川省成都市武侯区 悦海名邸 12栋2单元1943室,510107199705098839,武侯区公安局武侯区分局,2015.05.05-2025.05.02,瓦坎达信贷中心,290572.5,36,购买燃油车,等额本金
IMG_02427,loan_2131/face_signing.jpg,LN2024002131,SG_389,1,F,罗宇,男,汉族,1991-08-04,江苏省南京市鼓楼区 阳光100 4栋3单元1467室,320106199108040418,鼓楼区公安局鼓楼区分局,2009.07.30-2019.07.28,瓦坎达信贷中心,60403.09,12,房屋装修,等额本息
IMG_02428,loan_2132/face_signing.jpg,LN2024002132,SG_390,1,F,林华,女,汉族,1962-06-30,贵州省贵阳市云岩区 紫金华府 20栋6单元1746室,520103196206305349,云岩区公安局云岩区分局,1980.06.25-1990.06.23,瓦坎达信贷中心,56633.02,6,购买新能源汽车,一次性还本付息
IMG_02429,loan_2133/face_signing.jpg,LN2024002133,SG_391,1,F,徐华,男,汉族,1984-01-19,上海市上海市黄浦区 阳光100 15栋4单元2306室,310101198401199294,黄浦区公安局黄浦区分局,2002.01.14-2012.01.12,霍格沃茨魔法银行,1420229.64,120,企业流动资金,等额本息
IMG_02430,loan_2134/face_signing.jpg,LN2024002134,SG_392,1,F,吴建国,男,汉族,1976-01-25,陕西省西安市新城区 威尼斯水城 7栋6单元961室,610102197601254019,新城区公安局新城区分局,1994.01.20-2004.01.18,九又四分之三信贷中心,4707781.92,120,企业流动资金,等额本金
IMG_02431,loan_2135/face_signing.jpg,LN2024002135,SG_393,1,F,郭佳,女,汉族,1974-01-20,福建省厦门市思明区 枫林晚居 12栋3单元1621室,350203197401209668,思明区公安局思明区分局,1992.01.16-2002.01.13,昆仑数字科技有限公司,3422698.3,120,购房首付,等额本金
IMG_02432,loan_2136/face_signing.jpg,LN2024002136,SG_394,1,F,何军,男,汉族,1977-12-04,重庆市重庆市九龙坡区 龙腾盛世 8栋4单元1425室,500107197712046016,九龙坡区公安局九龙坡区分局,1995.11.30-2005.11.27,哥谭市小额贷款中心,1384774.1,360,购房首付,按月付息，到期还本
IMG_02433,loan_2137/face_signing.jpg,LN2024002137,SG_395,1,F,张文,女,汉族,1976-10-15,山东省济南市历下区 枫林晚居 10栋3单元1129室,370102197610158387,历下区公安局历下区分局,1994.10.11-2004.10.08,琅琊商业银行,183814.07,3,房屋装修,先息后本
IMG_02434,loan_2138/face_signing.jpg,LN2024002138,SG_396,1,F,张伟,男,汉族,2001-01-03,贵州省贵阳市云岩区 悦海名邸 20栋3单元2476室,520103200101038052,云岩区公安局云岩区分局,2018.12.30-2028.12.27,艾泽拉斯数字科技,71639.64,3,婚庆,一次性还本付息
IMG_02435,loan_2139/face_signing.jpg,LN2024002139,SG_397,1,F,朱娟,女,回族,1974-11-01,广东省深圳市福田区 锦绣家园 15栋1单元698室,440304197411017049,福田区公安局福田区分局,1992.10.27-2002.10.25,瓦坎达信贷中心,673957.42,60,扩大生产,等额本金
IMG_02436,loan_2140/face_signing.jpg,LN2024002140,SG_398,1,F,王浩,男,汉族,2001-05-30,陕西省西安市雁塔区 锦绣华庭 1栋6单元2335室,610113200105300657,雁塔区公安局雁塔区分局,2019.05.26-2029.05.23,琅琊商业银行,564770.13,24,购房首付,等额本息
IMG_02437,loan_2141/face_signing.jpg,LN2024002141,SG_399,1,F,朱华,男,彝族,2003-10-05,北京市北京市东城区 锦绣华庭 20栋4单元2450室,110101200310057672,东城区公安局东城区分局,2021.09.30-2031.09.28,夏尔农业信贷,1891863.18,120,购房首付,按月付息，到期还本
IMG_02438,loan_2142/face_signing.jpg,LN2024002142,SG_400,1,F,孙建,女,汉族,1987-11-19,四川省成都市武侯区 龙腾盛世 1栋4单元285室,510107198711192261,武侯区公安局武侯区分局,2005.11.14-2015.11.12,艾泽拉斯数字科技,28347.22,12,旅游,等额本金
IMG_02439,loan_2143/face_signing.jpg,LN2024002143,SG_401,1,F,赵丽,女,汉族,1986-04-07,北京市北京市海淀区 星河湾畔 1栋6单元1253室,11010819860407136X,海淀区公安局海淀区分局,2004.04.02-2014.03.31,阿卡姆消费金融,225590.26,60,购买燃油车,等额本金
IMG_02440,loan_2144/face_signing.jpg,LN2024002144,SG_402,1,F,张平,女,汉族,2001-06-17,上海市上海市黄浦区 融创壹号院 11栋2单元1520室,310101200106175468,黄浦区公安局黄浦区分局,2019.06.13-2029.06.10,星火基地普惠金融,2561645.74,360,购房首付,等额本息
IMG_02441,loan_2145/face_signing.jpg,LN2024002145,SG_403,1,F,郭志强,男,汉族,1992-01-30,山东省青岛市崂山区 香榭丽舍 7栋3单元1566室,370212199201302015,崂山区公安局崂山区分局,2010.01.25-2020.01.23,木叶村消费金融,615952.53,36,扩大生产,等额本金
IMG_02442,loan_2146/face_signing.jpg,LN2024002146,SG_404,1,F,罗梓轩,男,汉族,1975-05-08,湖北省武汉市武昌区 龙腾盛世 15栋5单元297室,420106197505088057,武昌区公安局武昌区分局,1993.05.03-2003.05.01,九又四分之三信贷中心,129529.13,36,购买新能源汽车,等额本息
IMG_02443,loan_2147/face_signing.jpg,LN2024002147,SG_405,1,F,胡涛,男,汉族,1997-02-03,浙江省杭州市西湖区 悦海名邸 18栋4单元1173室,330106199702030679,西湖区公安局西湖区分局,2015.01.30-2025.01.27,哥谭市小额贷款中心,1158693.58,360,企业流动资金,等额本息
IMG_02444,loan_2148/face_signing.jpg,LN2024002148,SG_406,1,F,何磊,男,汉族,1963-06-07,福建省福州市鼓楼区 枫林晚居 17栋2单元1359室,35010219630607667X,鼓楼区公安局鼓楼区分局,1981.06.02-1991.05.31,夏尔农业信贷,2398891.07,240,二手房交易,等额本息
IMG_02445,loan_2149/face_signing.jpg,LN2024002149,SG_407,1,F,胡婷,女,汉族,2006-11-09,北京市北京市东城区 龙腾盛世 5栋6单元1243室,110101200611091866,东城区公安局东城区分局,2024.11.04-2034.11.02,哥谭市小额贷款中心,121077.08,6,购买燃油车,一次性还本付息
IMG_02446,loan_2150/face_signing.jpg,LN2024002150,SG_408,1,F,孙涛,男,土家族,1980-07-24,安徽省合肥市庐阳区 紫金华府 9栋3单元802室,34010319800724661X,庐阳区公安局庐阳区分局,1998.07.20-2008.07.17,昆仑数字科技有限公司,981909.21,24,扩大生产,等额本息
IMG_02447,loan_2151/face_signing.jpg,LN2024002151,SG_409,1,F,李伟,男,汉族,1986-12-21,江苏省南京市鼓楼区 龙腾盛世 5栋2单元958室,320106198612211074,鼓楼区公安局鼓楼区分局,2004.12.16-2014.12.14,琅琊商业银行,18850.07,3,日常消费,一次性还本付息
IMG_02448,loan_2152/face_signing.jpg,LN2024002152,SG_410,1,F,高涛,男,汉族,1984-02-28,北京市北京市东城区 枫林晚居 1栋2单元1871室,11010119840228221X,东城区公安局东城区分局,2002.02.23-2012.02.21,夏尔农业信贷,518625.84,36,扩大生产,等额本金
IMG_02449,loan_2153/face_signing.jpg,LN2024002153,SG_411,1,F,徐娟,女,汉族,1988-01-08,上海市上海市浦东新区 锦绣华庭 18栋6单元1597室,310115198801081402,浦东新区公安局浦东新区分局,2006.01.03-2016.01.01,星火基地普惠金融,521162.19,60,扩大生产,等额本金
IMG_02450,loan_2154/face_signing.jpg,LN2024002154,SG_412,1,F,高宇,女,土家族,2005-11-02,广东省广州市荔湾区 东方曼哈顿 20栋4单元792室,440103200511020082,荔湾区公安局荔湾区分局,2023.10.29-2033.10.26,木叶村消费金融,263741.0,36,婚庆,按月付息，到期还本
IMG_02451,loan_2155/face_signing.jpg,LN2024002155,SG_413,1,F,何磊,男,汉族,1989-09-04,广东省深圳市福田区 悦海名邸 3栋4单元1399室,440304198909041358,福田区公安局福田区分局,2007.08.31-2017.08.28,赛博城消费金融有限公司,808107.31,60,企业流动资金,等额本金
IMG_02452,loan_2156/face_signing.jpg,LN2024002156,SG_414,1,F,马平,男,汉族,1981-01-18,上海市上海市浦东新区 悦海名邸 19栋2单元1805室,310115198101186959,浦东新区公安局浦东新区分局,1999.01.14-2009.01.11,艾泽拉斯数字科技,529310.94,36,扩大生产,等额本金
IMG_02453,loan_2157/face_signing.jpg,LN2024002157,SG_415,1,F,杨娟,女,汉族,1990-09-08,上海市上海市浦东新区 锦绣家园 8栋1单元1974室,31011519900908572X,浦东新区公安局浦东新区分局,2008.09.03-2018.09.01,霍格沃茨魔法银行,122132.06,12,购买燃油车,等额本息
IMG_02454,loan_2158/face_signing.jpg,LN2024002158,SG_416,1,F,刘超,男,藏族,1985-08-12,江苏省南京市鼓楼区 锦绣华庭 10栋6单元1582室,320106198508121319,鼓楼区公安局鼓楼区分局,2003.08.08-2013.08.05,夏尔农业信贷,475473.0,36,二手房交易,按月付息，到期还本
IMG_02455,loan_2159/face_signing.jpg,LN2024002159,SG_417,1,F,杨秀,女,汉族,1977-06-07,山东省济南市历下区 御景半岛 13栋5单元1524室,370102197706073724,历下区公安局历下区分局,1995.06.03-2005.05.31,赛博城消费金融有限公司,152773.62,60,购买燃油车,等额本息
IMG_02456,loan_2160/face_signing.jpg,LN2024002160,SG_418,1,F,胡明,男,汉族,1997-01-30,四川省成都市武侯区 碧水云天 2栋1单元1297室,510107199701301350,武侯区公安局武侯区分局,2015.01.26-2025.01.23,琅琊商业银行,4436702.96,120,企业流动资金,等额本息
IMG_02457,loan_2161/face_signing.jpg,LN2024002161,SG_419,1,F,孙建,女,汉族,2004-07-08,浙江省宁波市海曙区 锦绣华庭 19栋1单元1485室,330203200407080640,海曙区公安局海曙区分局,2022.07.04-2032.07.01,星火基地普惠金融,591128.79,120,购房首付,按月付息，到期还本
IMG_02458,loan_2162/face_signing.jpg,LN2024002162,SG_420,1,F,胡丽,女,汉族,1972-05-15,浙江省杭州市西湖区 威尼斯水城 6栋5单元2090室,330106197205155244,西湖区公安局西湖区分局,1990.05.11-2000.05.08,星火基地普惠金融,93921.35,12,购买燃油车,等额本金
IMG_02459,loan_2163/face_signing.jpg,LN2024002163,SG_421,1,F,吴浩,男,满族,2006-09-01,江西省南昌市东湖区 威尼斯水城 15栋1单元646室,360102200609017811,东湖区公安局东湖区分局,2024.08.27-2034.08.25,琅琊商业银行,139168.57,60,婚庆,等额本息
IMG_02460,loan_2164/face_signing.jpg,LN2024002164,SG_422,1,F,郭佳,女,汉族,2007-11-04,山东省青岛市崂山区 融创壹号院 3栋5单元2071室,370212200711049641,崂山区公安局崂山区分局,2025.10.30-2035.10.28,艾泽拉斯数字科技,42393.16,6,日常消费,先息后本
IMG_02461,loan_2165/face_signing.jpg,LN2024002165,SG_423,1,F,杨宇,女,汉族,1979-05-20,北京市北京市海淀区 翠湖雅苑 6栋3单元1287室,110108197905205128,海淀区公安局海淀区分局,1997.05.15-2007.05.13,阿卡姆消费金融,513731.65,60,购房首付,等额本息
IMG_02462,loan_2166/face_signing.jpg,LN2024002166,SG_424,1,F,郭梓轩,女,汉族,1965-01-15,浙江省宁波市海曙区 枫林晚居 15栋1单元2316室,330203196501151960,海曙区公安局海曙区分局,1983.01.11-1993.01.08,夏尔农业信贷,57258.6,24,购买燃油车,等额本金
IMG_02463,loan_2167/face_signing.jpg,LN2024002167,SG_425,1,F,杨平,男,汉族,1965-01-03,湖南省长沙市芙蓉区 翠湖雅苑 7栋6单元2184室,430102196501030896,芙蓉区公安局芙蓉区分局,1982.12.30-1992.12.27,星火基地普惠金融,14782.75,3,教育进修,一次性还本付息
IMG_02464,loan_2168/face_signing.jpg,LN2024002168,SG_426,1,F,徐明,男,汉族,1962-11-26,四川省成都市武侯区 普罗旺斯 18栋2单元1766室,510107196211265314,武侯区公安局武侯区分局,1980.11.21-1990.11.19,阿卡姆消费金融,120861.51,3,房屋装修,一次性还本付息
IMG_02465,loan_2169/face_signing.jpg,LN2024002169,SG_427,1,F,胡雪,女,汉族,1967-04-05,湖北省武汉市江岸区 阳光100 20栋4单元1336室,420102196704052321,江岸区公安局江岸区分局,1985.03.31-1995.03.29,提瓦特小额贷款,849416.51,360,企业流动资金,等额本金
IMG_02466,loan_2170/face_signing.jpg,LN2024002170,SG_428,1,F,刘伟,男,汉族,1964-09-18,浙江省杭州市上城区 绿地新江湾 20栋1单元1099室,33010219640918977X,上城区公安局上城区分局,1982.09.14-1992.09.11,哥谭市小额贷款中心,46816.7,12,旅游,等额本息
IMG_02467,loan_2171/face_signing.jpg,LN2024002171,SG_429,1,F,马建国,男,汉族,2003-04-27,山东省青岛市崂山区 东方曼哈顿 9栋6单元1670室,370212200304278412,崂山区公安局崂山区分局,2021.04.22-2031.04.20,霍格沃茨魔法银行,80385.67,12,购买新能源汽车,按月付息，到期还本
IMG_02468,loan_2172/face_signing.jpg,LN2024002172,SG_430,1,F,高宇,男,汉族,1999-04-24,天津市天津市和平区 悦海名邸 1栋4单元499室,120101199904246733,和平区公安局和平区分局,2017.04.19-2027.04.17,夏尔农业信贷,2277374.81,240,购房首付,等额本息
IMG_02469,loan_2173/face_signing.jpg,LN2024002173,SG_431,1,F,罗强,男,汉族,1974-05-28,山东省济南市历下区 星河湾畔 2栋4单元1290室,370102197405283517,历下区公安局历下区分局,1992.05.23-2002.05.21,提瓦特小额贷款,918388.73,60,购房首付,按月付息，到期还本
IMG_02470,loan_2174/face_signing.jpg,LN2024002174,SG_432,1,F,赵伟,男,汉族,1985-01-02,广东省深圳市福田区 香榭丽舍 15栋5单元1167室,440304198501025477,福田区公安局福田区分局,2002.12.29-2012.12.26,木叶村消费金融,170793.09,60,婚庆,按月付息，到期还本
IMG_02471,loan_2175/face_signing.jpg,LN2024002175,SG_433,1,F,徐平,女,汉族,1962-11-20,北京市北京市朝阳区 融创壹号院 17栋5单元282室,110105196211205824,朝阳区公安局朝阳区分局,1980.11.15-1990.11.13,星火基地普惠金融,250678.03,24,购买新能源汽车,等额本息
IMG_02472,loan_2176/face_signing.jpg,LN2024002176,SG_434,1,F,胡梓轩,女,汉族,1982-05-25,湖南省长沙市芙蓉区 紫金华府 7栋4单元2131室,430102198205250324,芙蓉区公安局芙蓉区分局,2000.05.20-2010.05.18,木叶村消费金融,726413.0,240,购房首付,等额本金
IMG_02473,loan_2177/face_signing.jpg,LN2024002177,SG_435,1,F,黄晨,男,汉族,2005-03-04,广东省深圳市南山区 翠湖雅苑 5栋4单元712室,44030520050304669X,南山区公安局南山区分局,2023.02.28-2033.02.25,琅琊商业银行,4931872.78,240,购房首付,等额本息
IMG_02474,loan_2178/face_signing.jpg,LN2024002178,SG_436,1,F,王建国,男,汉族,1992-12-28,湖南省长沙市芙蓉区 绿地新江湾 1栋6单元1789室,430102199212281334,芙蓉区公安局芙蓉区分局,2010.12.24-2020.12.21,潘多拉普惠金融,104255.46,6,购买新能源汽车,先息后本
IMG_02475,loan_2179/face_signing.jpg,LN2024002179,SG_437,1,F,周敏,女,汉族,1969-09-14,福建省福州市鼓楼区 星河湾畔 10栋2单元2004室,35010219690914386X,鼓楼区公安局鼓楼区分局,1987.09.10-1997.09.07,提瓦特小额贷款,138629.46,36,购买燃油车,按月付息，到期还本
IMG_02476,loan_2180/face_signing.jpg,LN2024002180,SG_438,1,F,何华,男,汉族,1965-07-25,浙江省杭州市西湖区 香榭丽舍 4栋5单元2434室,330106196507258471,西湖区公安局西湖区分局,1983.07.21-1993.07.18,提瓦特小额贷款,66955.96,12,房屋装修,等额本息
IMG_02477,loan_2181/face_signing.jpg,LN2024002181,SG_439,1,F,马明,男,汉族,2001-03-01,安徽省合肥市庐阳区 枫林晚居 13栋2单元1880室,340103200103012194,庐阳区公安局庐阳区分局,2019.02.25-2029.02.22,九又四分之三信贷中心,544338.23,36,扩大生产,等额本息
IMG_02478,loan_2182/face_signing.jpg,LN2024002182,SG_440,1,F,马燕,女,汉族,1972-11-16,湖北省武汉市江岸区 星河湾畔 16栋3单元1109室,420102197211169745,江岸区公安局江岸区分局,1990.11.12-2000.11.09,木叶村消费金融,29428.07,6,日常消费,一次性还本付息
IMG_02479,loan_2183/face_signing.jpg,LN2024002183,SG_441,1,F,王伟,男,汉族,2000-05-13,广东省深圳市福田区 融创壹号院 14栋5单元1836室,440304200005134594,福田区公安局福田区分局,2018.05.09-2028.05.06,潘多拉普惠金融,39549.3,3,日常消费,先息后本
IMG_02480,loan_2184/face_signing.jpg,LN2024002184,SG_442,1,F,周磊,男,汉族,1986-04-27,重庆市重庆市渝中区 绿地新江湾 3栋1单元533室,500103198604277211,渝中区公安局渝中区分局,2004.04.22-2014.04.20,潘多拉普惠金融,626436.26,36,二手房交易,等额本金
IMG_02481,loan_2185/face_signing.jpg,LN2024002185,SG_443,1,F,陈雪,女,汉族,1997-11-08,江苏省南京市玄武区 普罗旺斯 2栋2单元2237室,320102199711080283,玄武区公安局玄武区分局,2015.11.04-2025.11.01,琅琊商业银行,2028797.39,120,企业流动资金,按月付息，到期还本
IMG_02482,loan_2186/face_signing.jpg,LN2024002186,SG_444,1,F,徐宇,男,汉族,1970-08-13,天津市天津市和平区 龙腾盛世 20栋6单元1544室,120101197008132536,和平区公安局和平区分局,1988.08.08-1998.08.06,瓦坎达信贷中心,307075.39,24,二手房交易,等额本息
IMG_02483,loan_2187/face_signing.jpg,LN2024002187,SG_445,1,F,赵志强,男,汉族,1969-03-07,广东省深圳市南山区 翠湖雅苑 12栋1单元587室,440305196903070016,南山区公安局南山区分局,1987.03.03-1997.02.28,哥谭市小额贷款中心,53193.06,12,房屋装修,等额本金
IMG_02484,loan_2188/face_signing.jpg,LN2024002188,SG_446,1,F,吴超,男,汉族,1968-12-11,北京市北京市朝阳区 东方曼哈顿 11栋3单元1407室,110105196812111970,朝阳区公安局朝阳区分局,1986.12.07-1996.12.04,新亚特兰蒂斯商业银行,1789093.75,240,二手房交易,按月付息，到期还本
IMG_02485,loan_2189/face_signing.jpg,LN2024002189,SG_447,1,F,王建,男,汉族,1987-02-27,云南省昆明市五华区 阳光100 18栋3单元2271室,530102198702272130,五华区公安局五华区分局,2005.02.22-2015.02.20,赛博城消费金融有限公司,117025.45,24,购买新能源汽车,等额本金
IMG_02486,loan_2190/face_signing.jpg,LN2024002190,SG_448,1,F,刘静,女,汉族,1977-09-01,天津市天津市东丽区 普罗旺斯 3栋6单元1321室,120110197709018046,东丽区公安局东丽区分局,1995.08.28-2005.08.25,赛博城消费金融有限公司,198802.38,3,婚庆,一次性还本付息
IMG_02487,loan_2191/face_signing.jpg,LN2024002191,SG_449,1,F,李燕,女,汉族,1975-12-10,云南省昆明市五华区 锦绣华庭 17栋1单元1975室,530102197512108503,五华区公安局五华区分局,1993.12.05-2003.12.03,提瓦特小额贷款,138419.29,6,婚庆,先息后本
IMG_02488,loan_2192/face_signing.jpg,LN2024002192,SG_450,1,F,张佳,女,汉族,1968-04-17,江西省南昌市东湖区 紫金华府 18栋3单元1770室,360102196804177280,东湖区公安局东湖区分局,1986.04.13-1996.04.10,木叶村消费金融,2091294.19,360,购房首付,等额本金
IMG_02489,loan_2193/face_signing.jpg,LN2024002193,SG_451,1,F,高梓轩,女,汉族,2002-10-24,陕西省西安市雁塔区 融创壹号院 12栋5单元287室,610113200210247069,雁塔区公安局雁塔区分局,2020.10.19-2030.10.17,哥谭市小额贷款中心,190249.84,6,购买燃油车,一次性还本付息
IMG_02490,loan_2194/face_signing.jpg,LN2024002194,SG_452,1,F,黄宇,女,汉族,1968-01-29,浙江省宁波市海曙区 御景半岛 3栋4单元1198室,330203196801296280,海曙区公安局海曙区分局,1986.01.24-1996.01.22,昆仑数字科技有限公司,132721.98,6,购买燃油车,先息后本
IMG_02491,loan_2195/face_signing.jpg,LN2024002195,SG_453,1,F,王宇,女,汉族,1989-07-31,贵州省贵阳市云岩区 融创壹号院 11栋2单元1928室,520103198907312903,云岩区公安局云岩区分局,2007.07.27-2017.07.24,新亚特兰蒂斯商业银行,142088.62,12,房屋装修,等额本金
IMG_02492,loan_2196/face_signing.jpg,LN2024002196,SG_454,1,F,陈军,男,汉族,2006-10-30,安徽省合肥市庐阳区 香榭丽舍 14栋3单元1247室,34010320061030233X,庐阳区公安局庐阳区分局,2024.10.25-2034.10.23,阿卡姆消费金融,199606.09,6,房屋装修,先息后本
IMG_02493,loan_2197/face_signing.jpg,LN2024002197,SG_455,1,F,孙浩,男,汉族,1965-02-15,安徽省合肥市庐阳区 阳光100 4栋6单元1968室,340103196502150317,庐阳区公安局庐阳区分局,1983.02.11-1993.02.08,星火基地普惠金融,285026.96,60,婚庆,等额本息
IMG_02494,loan_2198/face_signing.jpg,LN2024002198,SG_456,1,F,张浩,男,汉族,1969-10-03,浙江省杭州市上城区 悦海名邸 10栋3单元2451室,330102196910030113,上城区公安局上城区分局,1987.09.29-1997.09.26,阿卡姆消费金融,2331915.49,120,企业流动资金,按月付息，到期还本
IMG_02495,loan_2199/face_signing.jpg,LN2024002199,SG_457,1,F,李文,女,汉族,2001-01-27,四川省成都市武侯区 星河湾畔 8栋4单元1612室,510107200101275609,武侯区公安局武侯区分局,2019.01.23-2029.01.20,星火基地普惠金融,2774403.51,120,企业流动资金,等额本金
IMG_02496,loan_2200/face_signing.jpg,LN2024002200,SG_458,1,F,孙娟,女,汉族,1981-10-07,重庆市重庆市渝中区 威尼斯水城 7栋1单元1659室,500103198110077949,渝中区公安局渝中区分局,1999.10.03-2009.09.30,琅琊商业银行,3180379.39,360,购房首付,等额本金
IMG_02497,loan_2201/face_signing.jpg,LN2024002201,SG_459,1,F,周伟,男,汉族,2001-05-31,广东省广州市天河区 中央公园 9栋5单元1888室,440106200105319870,天河区公安局天河区分局,2019.05.27-2029.05.24,木叶村消费金融,4826142.43,240,购房首付,按月付息，到期还本
IMG_02498,loan_2202/face_signing.jpg,LN2024002202,SG_460,1,F,张晨,女,汉族,1976-02-12,上海市上海市浦东新区 阳光100 19栋3单元825室,310115197602125084,浦东新区公安局浦东新区分局,1994.02.07-2004.02.05,瓦坎达信贷中心,2658750.15,360,二手房交易,等额本息
IMG_02499,loan_2203/face_signing.jpg,LN2024002203,SG_461,1,F,郭娜,女,土家族,1990-06-07,广东省广州市天河区 星河湾畔 15栋5单元1306室,440106199006077946,天河区公安局天河区分局,2008.06.02-2018.05.31,霍格沃茨魔法银行,153483.56,12,购买燃油车,等额本息
IMG_02500,loan_2204/face_signing.jpg,LN2024002204,SG_462,1,F,刘佳,女,汉族,2001-11-02,山东省济南市历下区 翠湖雅苑 5栋5单元934室,370102200111023124,历下区公安局历下区分局,2019.10.29-2029.10.26,夏尔农业信贷,87744.39,6,购买燃油车,一次性还本付息
IMG_02501,loan_2205/face_signing.jpg,LN2024002205,SG_463,1,F,吴华,男,汉族,1981-06-25,四川省成都市锦江区 阳光100 19栋3单元1328室,510104198106250612,锦江区公安局锦江区分局,1999.06.21-2009.06.18,哥谭市小额贷款中心,653387.61,36,二手房交易,等额本金
IMG_02502,loan_2206/face_signing.jpg,LN2024002206,SG_464,1,F,徐婷,女,汉族,1980-12-07,北京市北京市海淀区 普罗旺斯 10栋4单元2108室,110108198012071964,海淀区公安局海淀区分局,1998.12.03-2008.11.30,昆仑数字科技有限公司,159756.18,12,房屋装修,按月付息，到期还本
IMG_02503,loan_2207/face_signing.jpg,LN2024002207,SG_465,1,F,朱子涵,女,土家族,1995-07-05,湖北省武汉市江岸区 星河湾畔 3栋6单元1721室,42010219950705652X,江岸区公安局江岸区分局,2013.06.30-2023.06.28,九又四分之三信贷中心,485587.28,60,企业流动资金,等额本金
IMG_02504,loan_2208/face_signing.jpg,LN2024002208,SG_466,1,F,李宇,男,汉族,1988-09-16,江苏省南京市鼓楼区 锦绣华庭 5栋1单元2236室,320106198809166510,鼓楼区公安局鼓楼区分局,2006.09.12-2016.09.09,九又四分之三信贷中心,610571.78,36,二手房交易,按月付息，到期还本
IMG_02505,loan_2209/face_signing.jpg,LN2024002209,SG_467,1,F,黄佳,女,汉族,2003-01-31,福建省厦门市思明区 东方曼哈顿 16栋2单元2137室,350203200301313243,思明区公安局思明区分局,2021.01.26-2031.01.24,木叶村消费金融,793771.71,24,企业流动资金,等额本金
IMG_02506,loan_2210/face_signing.jpg,LN2024002210,SG_468,1,F,徐燕,女,汉族,2002-08-02,福建省厦门市思明区 锦绣家园 11栋4单元1651室,350203200208025407,思明区公安局思明区分局,2020.07.28-2030.07.26,昆仑数字科技有限公司,2452334.55,360,购房首付,等额本息
IMG_02507,loan_2211/face_signing.jpg,LN2024002211,SG_469,1,F,马华,男,汉族,1986-11-27,上海市上海市黄浦区 紫金华府 7栋5单元1591室,310101198611271290,黄浦区公安局黄浦区分局,2004.11.22-2014.11.20,潘多拉普惠金融,768366.67,24,企业流动资金,等额本金
IMG_02508,loan_2212/face_signing.jpg,LN2024002212,SG_470,1,F,孙慧,女,汉族,1989-02-18,福建省福州市鼓楼区 香榭丽舍 6栋6单元688室,350102198902186604,鼓楼区公安局鼓楼区分局,2007.02.14-2017.02.11,提瓦特小额贷款,521807.09,120,购房首付,按月付息，到期还本
IMG_02509,loan_2213/face_signing.jpg,LN2024002213,SG_471,1,F,陈明,男,汉族,1985-08-30,江西省南昌市东湖区 绿地新江湾 13栋5单元760室,360102198508308898,东湖区公安局东湖区分局,2003.08.26-2013.08.23,哥谭市小额贷款中心,593053.42,36,购房首付,按月付息，到期还本
IMG_02510,loan_2214/face_signing.jpg,LN2024002214,SG_472,1,F,吴磊,男,土家族,1996-11-18,湖北省武汉市江岸区 绿地新江湾 19栋5单元253室,420102199611188776,江岸区公安局江岸区分局,2014.11.14-2024.11.11,提瓦特小额贷款,560528.05,60,购房首付,等额本息
IMG_02511,loan_2215/face_signing.jpg,LN2024002215,SG_473,1,F,林子涵,女,汉族,1981-10-24,福建省厦门市思明区 悦海名邸 1栋1单元308室,350203198110245284,思明区公安局思明区分局,1999.10.20-2009.10.17,琅琊商业银行,865956.38,36,扩大生产,等额本金
IMG_02512,loan_2216/face_signing.jpg,LN2024002216,SG_474,1,F,王梓轩,女,汉族,2002-11-06,重庆市重庆市九龙坡区 御景半岛 16栋6单元777室,500107200211064122,九龙坡区公安局九龙坡区分局,2020.11.01-2030.10.30,九又四分之三信贷中心,4639121.08,360,购房首付,等额本金
IMG_02513,loan_2217/face_signing.jpg,LN2024002217,SG_475,1,F,胡梓轩,女,汉族,1965-09-22,天津市天津市东丽区 悦海名邸 11栋2单元2304室,120110196509223147,东丽区公安局东丽区分局,1983.09.18-1993.09.15,新亚特兰蒂斯商业银行,975184.09,240,扩大生产,等额本金
IMG_02514,loan_2218/face_signing.jpg,LN2024002218,SG_476,1,F,胡婷,女,汉族,1970-10-26,陕西省西安市雁塔区 威尼斯水城 20栋6单元945室,61011319701026082X,雁塔区公安局雁塔区分局,1988.10.21-1998.10.19,艾泽拉斯数字科技,128368.8,60,购买燃油车,等额本息
IMG_02515,loan_2219/face_signing.jpg,LN2024002219,SG_477,1,F,朱明,男,汉族,1961-01-22,云南省昆明市五华区 碧水云天 7栋1单元784室,53010219610122859X,五华区公安局五华区分局,1979.01.18-1989.01.15,阿卡姆消费金融,45788.38,3,旅游,先息后本
IMG_02516,loan_2220/face_signing.jpg,LN2024002220,SG_478,1,F,罗娜,女,汉族,1964-09-12,广东省广州市天河区 绿地新江湾 12栋3单元1632室,440106196409120706,天河区公安局天河区分局,1982.09.08-1992.09.05,琅琊商业银行,778032.15,60,企业流动资金,按月付息，到期还本
IMG_02517,loan_2221/face_signing.jpg,LN2024002221,SG_479,1,F,张静,女,汉族,1999-06-14,福建省福州市鼓楼区 绿地新江湾 19栋4单元2065室,350102199906149362,鼓楼区公安局鼓楼区分局,2017.06.09-2027.06.07,提瓦特小额贷款,76157.87,3,购买燃油车,先息后本
IMG_02518,loan_2222/face_signing.jpg,LN2024002222,SG_480,1,F,郭子涵,男,藏族,2006-12-05,福建省厦门市思明区 锦绣华庭 6栋4单元1378室,350203200612051439,思明区公安局思明区分局,2024.11.30-2034.11.28,提瓦特小额贷款,2428432.43,240,二手房交易,按月付息，到期还本
IMG_02519,loan_2223/face_signing.jpg,LN2024002223,SG_481,1,F,罗雪,女,汉族,1975-07-27,广东省广州市荔湾区 御景半岛 18栋4单元784室,440103197507270121,荔湾区公安局荔湾区分局,1993.07.22-2003.07.20,霍格沃茨魔法银行,84247.94,6,婚庆,先息后本
IMG_02520,loan_2224/face_signing.jpg,LN2024002224,SG_482,1,F,朱文,男,汉族,1982-02-18,北京市北京市东城区 香榭丽舍 13栋5单元1740室,110101198202187218,东城区公安局东城区分局,2000.02.14-2010.02.11,木叶村消费金融,2395350.17,360,购房首付,按月付息，到期还本
IMG_02521,loan_2225/face_signing.jpg,LN2024002225,SG_483,1,F,吴梓轩,男,汉族,1968-01-29,云南省昆明市五华区 绿地新江湾 17栋4单元1923室,530102196801293675,五华区公安局五华区分局,1986.01.24-1996.01.22,艾泽拉斯数字科技,41836.72,6,旅游,先息后本
IMG_02522,loan_2226/face_signing.jpg,LN2024002226,SG_484,1,F,周涛,男,汉族,1996-05-08,江苏省无锡市新吴区 中央公园 19栋6单元2219室,320214199605086930,新吴区公安局新吴区分局,2014.05.04-2024.05.01,霍格沃茨魔法银行,1303048.42,120,企业流动资金,等额本金
IMG_02523,loan_2227/face_signing.jpg,LN2024002227,SG_485,1,F,何敏,女,汉族,1989-07-12,湖北省武汉市江岸区 翠湖雅苑 13栋3单元107室,420102198907125243,江岸区公安局江岸区分局,2007.07.08-2017.07.05,潘多拉普惠金融,13282.61,12,教育进修,等额本金
IMG_02524,loan_2228/face_signing.jpg,LN2024002228,SG_486,1,F,赵浩,女,汉族,2001-10-07,广东省深圳市南山区 龙腾盛世 6栋1单元1243室,440305200110070904,南山区公安局南山区分局,2019.10.03-2029.09.30,艾泽拉斯数字科技,195678.44,12,购买新能源汽车,等额本金
IMG_02525,loan_2229/face_signing.jpg,LN2024002229,SG_487,1,F,郭敏,女,汉族,1966-09-01,湖南省长沙市芙蓉区 御景半岛 1栋5单元319室,430102196609014142,芙蓉区公安局芙蓉区分局,1984.08.27-1994.08.25,艾泽拉斯数字科技,84780.33,6,购买燃油车,一次性还本付息
IMG_02526,loan_2230/face_signing.jpg,LN2024002230,SG_488,1,F,罗华,男,汉族,1998-06-18,广东省深圳市南山区 碧水云天 13栋2单元226室,440305199806188833,南山区公安局南山区分局,2016.06.13-2026.06.11,九又四分之三信贷中心,115644.59,36,婚庆,等额本金
IMG_02527,loan_2231/face_signing.jpg,LN2024002231,SG_489,1,F,张建国,男,汉族,1986-12-06,北京市北京市海淀区 紫金华府 17栋3单元456室,110108198612063175,海淀区公安局海淀区分局,2004.12.01-2014.11.29,霍格沃茨魔法银行,1387275.46,360,购房首付,按月付息，到期还本
IMG_02528,loan_2232/face_signing.jpg,LN2024002232,SG_490,1,F,罗子涵,女,汉族,1982-09-29,浙江省杭州市西湖区 碧水云天 6栋1单元1286室,330106198209295265,西湖区公安局西湖区分局,2000.09.24-2010.09.22,木叶村消费金融,83355.78,6,购买燃油车,先息后本
IMG_02529,loan_2233/face_signing.jpg,LN2024002233,SG_491,1,F,何晨,男,汉族,1998-02-05,广东省广州市天河区 绿地新江湾 2栋5单元525室,440106199802059351,天河区公安局天河区分局,2016.02.01-2026.01.29,赛博城消费金融有限公司,3727614.32,360,二手房交易,等额本息
IMG_02530,loan_2234/face_signing.jpg,LN2024002234,SG_492,1,F,吴慧,女,汉族,1961-01-26,福建省福州市鼓楼区 绿地新江湾 20栋1单元222室,350102196101264028,鼓楼区公安局鼓楼区分局,1979.01.22-1989.01.19,琅琊商业银行,618889.62,60,扩大生产,等额本金
IMG_02531,loan_2235/face_signing.jpg,LN2024002235,SG_493,1,F,马浩,女,汉族,2003-01-04,福建省福州市鼓楼区 融创壹号院 18栋4单元453室,350102200301043261,鼓楼区公安局鼓楼区分局,2020.12.30-2030.12.28,提瓦特小额贷款,663827.49,360,企业流动资金,等额本息
IMG_02532,loan_2236/face_signing.jpg,LN2024002236,SG_494,1,F,李子涵,男,汉族,1978-08-22,福建省福州市鼓楼区 香榭丽舍 17栋6单元2337室,350102197808223259,鼓楼区公安局鼓楼区分局,1996.08.17-2006.08.15,九又四分之三信贷中心,198323.63,6,房屋装修,先息后本
IMG_02533,loan_2237/face_signing.jpg,LN2024002237,SG_495,1,F,朱磊,男,汉族,2003-12-23,广东省广州市天河区 融创壹号院 14栋6单元710室,440106200312230916,天河区公安局天河区分局,2021.12.18-2031.12.16,提瓦特小额贷款,71679.38,12,购买燃油车,等额本金
IMG_02534,loan_2238/face_signing.jpg,LN2024002238,SG_496,1,F,周子涵,男,汉族,1967-09-14,福建省福州市鼓楼区 翠湖雅苑 14栋6单元335室,350102196709148818,鼓楼区公安局鼓楼区分局,1985.09.09-1995.09.07,新亚特兰蒂斯商业银行,1014578.61,240,企业流动资金,等额本金
IMG_02535,loan_2239/face_signing.jpg,LN2024002239,SG_497,1,F,马婷,女,汉族,1962-01-25,山东省青岛市崂山区 龙腾盛世 6栋6单元424室,370212196201257185,崂山区公安局崂山区分局,1980.01.21-1990.01.18,九又四分之三信贷中心,55946.06,3,购买新能源汽车,一次性还本付息
IMG_02536,loan_2240/face_signing.jpg,LN2024002240,SG_498,1,F,杨雪,女,汉族,2002-10-30,安徽省合肥市庐阳区 星河湾畔 14栋5单元1855室,340103200210307465,庐阳区公安局庐阳区分局,2020.10.25-2030.10.23,提瓦特小额贷款,8769.38,6,教育进修,先息后本
IMG_02537,loan_2241/face_signing.jpg,LN2024002241,SG_499,1,F,郭明,男,藏族,2002-06-26,广东省深圳市南山区 绿地新江湾 13栋2单元1263室,440305200206262978,南山区公安局南山区分局,2020.06.21-2030.06.19,瓦坎达信贷中心,71047.51,60,购买新能源汽车,等额本息
IMG_02538,loan_2242/face_signing.jpg,LN2024002242,SG_500,1,F,杨华,男,汉族,1990-04-25,广东省广州市荔湾区 悦海名邸 12栋3单元268室,440103199004258779,荔湾区公安局荔湾区分局,2008.04.20-2018.04.18,九又四分之三信贷中心,651455.91,24,企业流动资金,等额本金
IMG_02539,loan_2243/face_signing.jpg,LN2024002243,SG_501,1,F,李浩,男,汉族,1977-10-11,江苏省南京市鼓楼区 锦绣华庭 20栋5单元1722室,320106197710113991,鼓楼区公安局鼓楼区分局,1995.10.07-2005.10.04,阿卡姆消费金融,79477.97,3,购买新能源汽车,先息后本
IMG_02540,loan_2244/face_signing.jpg,LN2024002244,SG_502,1,F,罗婷,女,汉族,2003-06-12,安徽省合肥市庐阳区 枫林晚居 5栋3单元2210室,340103200306122801,庐阳区公安局庐阳区分局,2021.06.07-2031.06.05,星火基地普惠金融,84959.11,3,购买新能源汽车,一次性还本付息
IMG_02541,loan_2245/face_signing.jpg,LN2024002245,SG_503,1,F,朱晨,女,汉族,1971-08-18,上海市上海市浦东新区 紫金华府 4栋3单元1038室,310115197108185380,浦东新区公安局浦东新区分局,1989.08.13-1999.08.11,霍格沃茨魔法银行,215095.02,60,婚庆,按月付息，到期还本
IMG_02542,loan_2246/face_signing.jpg,LN2024002246,SG_504,1,F,胡子涵,女,汉族,1974-03-19,浙江省杭州市上城区 御景半岛 5栋3单元283室,330102197403195444,上城区公安局上城区分局,1992.03.14-2002.03.12,赛博城消费金融有限公司,735452.95,24,二手房交易,等额本金
IMG_02543,loan_2247/face_signing.jpg,LN2024002247,SG_505,1,F,李燕,女,汉族,2006-01-17,海南省海口市龙华区 绿地新江湾 16栋4单元2272室,460106200601175822,龙华区公安局龙华区分局,2024.01.13-2034.01.10,潘多拉普惠金融,99113.31,6,购买燃油车,一次性还本付息
IMG_02544,loan_2248/face_signing.jpg,LN2024002248,SG_506,1,F,胡磊,男,汉族,1998-01-21,重庆市重庆市渝中区 香榭丽舍 18栋6单元1859室,500103199801219154,渝中区公安局渝中区分局,2016.01.17-2026.01.14,提瓦特小额贷款,169120.29,3,购买燃油车,一次性还本付息
IMG_02545,loan_2249/face_signing.jpg,LN2024002249,SG_507,1,F,高婷,女,土家族,1998-10-06,江苏省苏州市虎丘区 翠湖雅苑 8栋6单元961室,320505199810061388,虎丘区公安局虎丘区分局,2016.10.01-2026.09.29,瓦坎达信贷中心,4367829.71,240,购房首付,等额本息
IMG_02546,loan_2250/face_signing.jpg,LN2024002250,SG_508,1,F,王志强,男,汉族,1960-10-22,浙江省杭州市西湖区 阳光100 12栋3单元2033室,330106196010222895,西湖区公安局西湖区分局,1978.10.18-1988.10.15,九又四分之三信贷中心,98249.84,12,婚庆,按月付息，到期还本
IMG_02547,loan_2251/face_signing.jpg,LN2024002251,SG_509,1,F,陈娜,女,汉族,1973-10-30,天津市天津市东丽区 翠湖雅苑 14栋3单元2252室,120110197310300402,东丽区公安局东丽区分局,1991.10.26-2001.10.23,提瓦特小额贷款,121558.07,3,房屋装修,一次性还本付息
IMG_02548,loan_2252/face_signing.jpg,LN2024002252,SG_510,1,F,赵平,男,汉族,1989-11-27,四川省成都市锦江区 枫林晚居 2栋5单元943室,510104198911273999,锦江区公安局锦江区分局,2007.11.23-2017.11.20,昆仑数字科技有限公司,172888.57,6,购买新能源汽车,一次性还本付息
IMG_02549,loan_2253/face_signing.jpg,LN2024002253,SG_511,1,F,陈建,女,汉族,1993-05-17,河南省郑州市金水区 翠湖雅苑 10栋6单元2343室,410105199305172183,金水区公安局金水区分局,2011.05.13-2021.05.10,哥谭市小额贷款中心,832138.6,120,企业流动资金,按月付息，到期还本
IMG_02550,loan_2254/face_signing.jpg,LN2024002254,SG_512,1,F,张婷,女,汉族,1969-10-29,福建省福州市鼓楼区 星河湾畔 16栋6单元2148室,350102196910299968,鼓楼区公安局鼓楼区分局,1987.10.25-1997.10.22,昆仑数字科技有限公司,4960669.2,120,二手房交易,等额本金
IMG_02551,loan_2255/face_signing.jpg,LN2024002255,SG_513,1,F,赵强,男,汉族,1987-06-23,广东省深圳市南山区 锦绣家园 1栋1单元2483室,44030519870623755X,南山区公安局南山区分局,2005.06.18-2015.06.16,哥谭市小额贷款中心,988714.66,60,购房首付,等额本金
IMG_02552,loan_2256/face_signing.jpg,LN2024002256,SG_514,1,F,吴燕,女,汉族,1970-11-03,重庆市重庆市渝中区 龙腾盛世 13栋3单元2158室,500103197011035706,渝中区公安局渝中区分局,1988.10.29-1998.10.27,木叶村消费金融,92779.33,6,购买燃油车,一次性还本付息
IMG_02553,loan_2257/face_signing.jpg,LN2024002257,SG_515,1,F,周超,男,汉族,1979-06-22,贵州省贵阳市云岩区 锦绣华庭 2栋1单元1866室,520103197906221036,云岩区公安局云岩区分局,1997.06.17-2007.06.15,新亚特兰蒂斯商业银行,114813.51,3,购买燃油车,先息后本
IMG_02554,loan_2258/face_signing.jpg,LN2024002258,SG_516,1,F,吴宇,女,壮族,1984-05-21,山东省济南市历下区 龙腾盛世 20栋4单元507室,370102198405212748,历下区公安局历下区分局,2002.05.17-2012.05.14,夏尔农业信贷,56764.59,3,购买新能源汽车,一次性还本付息
IMG_02555,loan_2259/face_signing.jpg,LN2024002259,SG_517,1,F,郭雪,女,汉族,1967-10-31,浙江省宁波市海曙区 星河湾畔 19栋5单元700室,330203196710314703,海曙区公安局海曙区分局,1985.10.26-1995.10.24,新亚特兰蒂斯商业银行,178778.62,3,房屋装修,一次性还本付息
IMG_02556,loan_2260/face_signing.jpg,LN2024002260,SG_518,1,F,李宇,女,汉族,1963-10-15,湖北省武汉市江岸区 锦绣家园 20栋2单元1252室,420102196310150682,江岸区公安局江岸区分局,1981.10.10-1991.10.08,琅琊商业银行,2215049.1,240,二手房交易,等额本息
IMG_02557,loan_2261/face_signing.jpg,LN2024002261,SG_519,1,F,郭晨,男,汉族,2003-01-01,天津市天津市东丽区 威尼斯水城 6栋6单元1236室,120110200301011195,东丽区公安局东丽区分局,2020.12.27-2030.12.25,赛博城消费金融有限公司,4690383.36,360,二手房交易,等额本金
IMG_02558,loan_2262/face_signing.jpg,LN2024002262,SG_520,1,F,胡勇,男,汉族,2008-01-18,贵州省贵阳市云岩区 融创壹号院 8栋1单元1206室,520103200801181159,云岩区公安局云岩区分局,2026.01.13-2036.01.11,九又四分之三信贷中心,329055.52,60,企业流动资金,按月付息，到期还本
IMG_02559,loan_2263/face_signing.jpg,LN2024002263,SG_521,1,F,杨子涵,男,满族,1998-06-07,湖南省长沙市芙蓉区 阳光100 11栋6单元2331室,430102199806071975,芙蓉区公安局芙蓉区分局,2016.06.02-2026.05.31,霍格沃茨魔法银行,904663.06,240,扩大生产,等额本金
IMG_02560,loan_2264/face_signing.jpg,LN2024002264,SG_522,1,F,张磊,男,汉族,1978-02-27,北京市北京市朝阳区 融创壹号院 4栋5单元699室,110105197802272871,朝阳区公安局朝阳区分局,1996.02.23-2006.02.20,星火基地普惠金融,3602175.67,240,二手房交易,等额本金
IMG_02561,loan_2265/face_signing.jpg,LN2024002265,SG_523,1,F,何丽,女,汉族,1982-01-16,湖南省长沙市芙蓉区 融创壹号院 2栋3单元558室,430102198201160380,芙蓉区公安局芙蓉区分局,2000.01.12-2010.01.09,赛博城消费金融有限公司,3274808.99,360,购房首付,按月付息，到期还本
IMG_02562,loan_2266/face_signing.jpg,LN2024002266,SG_524,1,F,徐晨,男,汉族,1985-12-15,海南省海口市龙华区 普罗旺斯 14栋4单元1299室,460106198512153437,龙华区公安局龙华区分局,2003.12.11-2013.12.08,哥谭市小额贷款中心,657660.65,360,扩大生产,等额本息
IMG_02563,loan_2267/face_signing.jpg,LN2024002267,SG_525,1,F,杨雪,女,汉族,1976-02-26,陕西省西安市新城区 紫金华府 2栋5单元2424室,610102197602265887,新城区公安局新城区分局,1994.02.21-2004.02.19,星火基地普惠金融,648076.89,60,扩大生产,等额本息
IMG_02564,loan_2268/face_signing.jpg,LN2024002268,SG_526,1,F,赵子涵,女,汉族,1972-01-05,海南省海口市龙华区 翠湖雅苑 19栋6单元2180室,460106197201058307,龙华区公安局龙华区分局,1989.12.31-1999.12.29,赛博城消费金融有限公司,2990594.42,360,二手房交易,按月付息，到期还本
IMG_02565,loan_2269/face_signing.jpg,LN2024002269,SG_527,1,F,陈芳,女,汉族,1963-01-06,贵州省贵阳市云岩区 锦绣华庭 5栋2单元1094室,520103196301064088,云岩区公安局云岩区分局,1981.01.01-1990.12.30,夏尔农业信贷,2102688.35,120,购房首付,等额本息
IMG_02566,loan_2270/face_signing.jpg,LN2024002270,SG_528,1,F,杨宇,男,汉族,1990-03-14,北京市北京市东城区 紫金华府 8栋5单元2052室,110101199003149133,东城区公安局东城区分局,2008.03.09-2018.03.07,艾泽拉斯数字科技,22437.4,3,日常消费,先息后本
IMG_02567,loan_2271/face_signing.jpg,LN2024002271,SG_529,1,F,林丽,女,汉族,2004-10-23,上海市上海市浦东新区 中央公园 8栋6单元2190室,310115200410233149,浦东新区公安局浦东新区分局,2022.10.19-2032.10.16,瓦坎达信贷中心,871487.53,60,扩大生产,等额本金
IMG_02568,loan_2272/face_signing.jpg,LN2024002272,SG_530,1,F,吴梓轩,男,汉族,1970-02-07,浙江省杭州市上城区 悦海名邸 7栋3单元2394室,330102197002077236,上城区公安局上城区分局,1988.02.03-1998.01.31,霍格沃茨魔法银行,2496770.0,240,企业流动资金,等额本金
IMG_02569,loan_2273/face_signing.jpg,LN2024002273,SG_531,1,F,张文,女,汉族,1976-10-30,湖南省长沙市芙蓉区 翠湖雅苑 14栋3单元1199室,430102197610304889,芙蓉区公安局芙蓉区分局,1994.10.26-2004.10.23,新亚特兰蒂斯商业银行,935106.91,60,企业流动资金,等额本息
IMG_02570,loan_2274/face_signing.jpg,LN2024002274,SG_532,1,F,黄宇,男,汉族,1976-03-18,湖北省武汉市武昌区 碧水云天 5栋3单元1610室,420106197603181175,武昌区公安局武昌区分局,1994.03.14-2004.03.11,新亚特兰蒂斯商业银行,148146.48,12,房屋装修,等额本息
IMG_02571,loan_2275/face_signing.jpg,LN2024002275,SG_533,1,F,吴伟,男,汉族,1980-02-27,江西省南昌市东湖区 碧水云天 2栋4单元1770室,360102198002279452,东湖区公安局东湖区分局,1998.02.22-2008.02.20,新亚特兰蒂斯商业银行,283558.0,36,房屋装修,等额本金
IMG_02572,loan_2276/face_signing.jpg,LN2024002276,SG_534,1,F,徐建国,男,汉族,1988-10-28,上海市上海市黄浦区 星河湾畔 20栋1单元1743室,310101198810285695,黄浦区公安局黄浦区分局,2006.10.24-2016.10.21,夏尔农业信贷,1682411.51,360,二手房交易,按月付息，到期还本
IMG_02573,loan_2277/face_signing.jpg,LN2024002277,SG_535,1,F,马浩,女,汉族,1968-01-25,北京市北京市东城区 阳光100 17栋5单元1842室,11010119680125150X,东城区公安局东城区分局,1986.01.20-1996.01.18,琅琊商业银行,14752.13,3,教育进修,一次性还本付息
IMG_02574,loan_2278/face_signing.jpg,LN2024002278,SG_536,1,F,陈华,女,汉族,2007-07-06,重庆市重庆市九龙坡区 东方曼哈顿 6栋1单元1608室,500107200707069728,九龙坡区公安局九龙坡区分局,2025.07.01-2035.06.29,星火基地普惠金融,1992150.4,240,二手房交易,等额本金
IMG_02575,loan_2279/face_signing.jpg,LN2024002279,SG_537,1,F,孙平,女,汉族,1985-05-04,江苏省南京市鼓楼区 融创壹号院 18栋5单元1067室,320106198505048603,鼓楼区公安局鼓楼区分局,2003.04.30-2013.04.27,霍格沃茨魔法银行,153384.35,12,婚庆,按月付息，到期还本
IMG_02576,loan_2280/face_signing.jpg,LN2024002280,SG_538,1,F,赵静,女,汉族,1968-02-29,江苏省苏州市虎丘区 威尼斯水城 10栋2单元1353室,320505196802291761,虎丘区公安局虎丘区分局,1986.02.24-1996.02.22,木叶村消费金融,1183676.36,360,二手房交易,等额本金
IMG_02577,loan_2281/face_signing.jpg,LN2024002281,SG_539,1,F,罗志强,男,汉族,1973-02-04,天津市天津市东丽区 翠湖雅苑 17栋5单元2296室,120110197302043274,东丽区公安局东丽区分局,1991.01.31-2001.01.28,星火基地普惠金融,878732.37,360,二手房交易,等额本金
IMG_02578,loan_2282/face_signing.jpg,LN2024002282,SG_540,1,F,何丽,女,汉族,1979-06-08,江西省南昌市东湖区 龙腾盛世 18栋1单元614室,360102197906085568,东湖区公安局东湖区分局,1997.06.03-2007.06.01,琅琊商业银行,71707.0,6,房屋装修,一次性还本付息
IMG_02579,loan_2283/face_signing.jpg,LN2024002283,SG_541,1,F,胡磊,男,汉族,1988-08-02,广东省深圳市南山区 阳光100 17栋4单元365室,440305198808022058,南山区公安局南山区分局,2006.07.29-2016.07.26,夏尔农业信贷,924501.51,60,购房首付,等额本金
IMG_02580,loan_2284/face_signing.jpg,LN2024002284,SG_542,1,F,罗文,男,汉族,1976-09-30,江苏省南京市鼓楼区 锦绣华庭 20栋5单元2320室,320106197609306334,鼓楼区公安局鼓楼区分局,1994.09.26-2004.09.23,提瓦特小额贷款,109217.96,6,婚庆,一次性还本付息
IMG_02581,loan_2285/face_signing.jpg,LN2024002285,SG_543,1,F,孙文,女,汉族,1997-04-03,北京市北京市朝阳区 枫林晚居 19栋4单元1135室,110105199704032523,朝阳区公安局朝阳区分局,2015.03.30-2025.03.27,霍格沃茨魔法银行,185992.56,12,婚庆,等额本金
IMG_02582,loan_2286/face_signing.jpg,LN2024002286,SG_544,1,F,赵丽,女,汉族,1985-03-31,浙江省杭州市西湖区 翠湖雅苑 20栋1单元412室,330106198503318122,西湖区公安局西湖区分局,2003.03.27-2013.03.24,潘多拉普惠金融,46885.06,3,购买家电,一次性还本付息
IMG_02583,loan_2287/face_signing.jpg,LN2024002287,SG_545,1,F,周敏,女,汉族,1979-10-02,河南省郑州市金水区 东方曼哈顿 1栋5单元209室,410105197910029183,金水区公安局金水区分局,1997.09.27-2007.09.25,木叶村消费金融,3334243.82,240,二手房交易,等额本息
IMG_02584,loan_2288/face_signing.jpg,LN2024002288,SG_546,1,F,何建,女,汉族,1965-08-18,北京市北京市朝阳区 融创壹号院 18栋5单元1875室,110105196508184622,朝阳区公安局朝阳区分局,1983.08.14-1993.08.11,艾泽拉斯数字科技,178113.51,12,房屋装修,等额本息
IMG_02585,loan_2289/face_signing.jpg,LN2024002289,SG_547,1,F,赵涛,男,汉族,1987-04-10,江苏省南京市玄武区 紫金华府 13栋4单元1247室,320102198704109477,玄武区公安局玄武区分局,2005.04.05-2015.04.03,赛博城消费金融有限公司,84169.27,6,房屋装修,一次性还本付息
IMG_02586,loan_2290/face_signing.jpg,LN2024002290,SG_548,1,F,杨勇,男,汉族,1973-04-21,山东省济南市历下区 悦海名邸 1栋3单元520室,370102197304216171,历下区公安局历下区分局,1991.04.17-2001.04.14,九又四分之三信贷中心,88100.66,60,购买新能源汽车,按月付息，到期还本
IMG_02587,loan_2291/face_signing.jpg,LN2024002291,SG_549,1,F,杨丽,女,汉族,1998-02-08,天津市天津市和平区 龙腾盛世 4栋5单元2212室,120101199802082301,和平区公安局和平区分局,2016.02.04-2026.02.01,霍格沃茨魔法银行,273894.0,24,婚庆,等额本息
IMG_02588,loan_2292/face_signing.jpg,LN2024002292,SG_550,1,F,徐明,男,汉族,2004-01-15,陕西省西安市雁塔区 东方曼哈顿 20栋3单元1151室,610113200401156039,雁塔区公安局雁塔区分局,2022.01.10-2032.01.08,琅琊商业银行,160256.11,3,婚庆,先息后本
IMG_02589,loan_2293/face_signing.jpg,LN2024002293,SG_551,1,F,杨杰,男,汉族,1992-01-24,安徽省合肥市庐阳区 香榭丽舍 7栋4单元1905室,340103199201249835,庐阳区公安局庐阳区分局,2010.01.19-2020.01.17,星火基地普惠金融,588098.06,36,企业流动资金,按月付息，到期还本
IMG_02590,loan_2294/face_signing.jpg,LN2024002294,SG_552,1,F,高宇,男,汉族,1998-08-18,四川省成都市武侯区 香榭丽舍 4栋3单元1628室,510107199808182873,武侯区公安局武侯区分局,2016.08.13-2026.08.11,艾泽拉斯数字科技,197764.52,12,购买燃油车,按月付息，到期还本
IMG_02591,loan_2295/face_signing.jpg,LN2024002295,SG_553,1,F,高军,男,汉族,1969-11-09,广东省广州市天河区 枫林晚居 4栋6单元842室,440106196911096713,天河区公安局天河区分局,1987.11.05-1997.11.02,瓦坎达信贷中心,30652.04,6,日常消费,先息后本
IMG_02592,loan_2296/face_signing.jpg,LN2024002296,SG_554,1,F,何娜,女,汉族,2006-07-15,江西省南昌市东湖区 龙腾盛世 6栋5单元690室,360102200607151945,东湖区公安局东湖区分局,2024.07.10-2034.07.08,新亚特兰蒂斯商业银行,348092.54,24,购房首付,等额本金
IMG_02593,loan_2297/face_signing.jpg,LN2024002297,SG_555,1,F,徐超,男,汉族,1965-11-01,云南省昆明市五华区 绿地新江湾 16栋2单元1312室,530102196511011334,五华区公安局五华区分局,1983.10.28-1993.10.25,阿卡姆消费金融,28772.25,12,购买家电,按月付息，到期还本
IMG_02594,loan_2298/face_signing.jpg,LN2024002298,SG_556,1,F,李娟,女,藏族,2004-05-06,广东省深圳市南山区 紫金华府 12栋4单元2012室,440305200405067980,南山区公安局南山区分局,2022.05.02-2032.04.29,星火基地普惠金融,967633.53,60,企业流动资金,等额本金
IMG_02595,loan_2299/face_signing.jpg,LN2024002299,SG_557,1,F,吴宇,女,汉族,1992-10-28,湖南省长沙市芙蓉区 龙腾盛世 8栋6单元654室,430102199210288460,芙蓉区公安局芙蓉区分局,2010.10.24-2020.10.21,夏尔农业信贷,4473332.38,240,企业流动资金,等额本金
IMG_02596,loan_2300/face_signing.jpg,LN2024002300,SG_558,1,F,杨子涵,男,汉族,1970-04-29,四川省成都市武侯区 东方曼哈顿 14栋6单元1181室,510107197004294010,武侯区公安局武侯区分局,1988.04.24-1998.04.22,阿卡姆消费金融,91738.39,3,购买燃油车,先息后本
IMG_02597,loan_2301/face_signing.jpg,LN2024002301,SG_559,1,F,高子涵,女,汉族,1995-08-25,湖北省武汉市江岸区 紫金华府 20栋1单元1816室,420102199508259783,江岸区公安局江岸区分局,2013.08.20-2023.08.18,赛博城消费金融有限公司,27250.16,3,医疗,先息后本
IMG_02598,loan_2302/face_signing.jpg,LN2024002302,SG_560,1,F,林子涵,女,汉族,1984-07-13,湖南省长沙市岳麓区 融创壹号院 4栋3单元625室,430104198407131940,岳麓区公安局岳麓区分局,2002.07.09-2012.07.06,潘多拉普惠金融,8248.5,12,购买家电,等额本息
IMG_02599,loan_2303/face_signing.jpg,LN2024002303,SG_561,1,F,吴宇,男,汉族,1970-12-25,江苏省苏州市虎丘区 星河湾畔 2栋1单元500室,320505197012255613,虎丘区公安局虎丘区分局,1988.12.20-1998.12.18,哥谭市小额贷款中心,2499485.58,240,企业流动资金,等额本金
IMG_02600,loan_2304/face_signing.jpg,LN2024002304,SG_562,1,F,徐文,女,汉族,1982-05-22,浙江省杭州市上城区 悦海名邸 20栋2单元2002室,330102198205226224,上城区公安局上城区分局,2000.05.17-2010.05.15,哥谭市小额贷款中心,781454.34,36,企业流动资金,等额本息
IMG_02601,loan_2305/face_signing.jpg,LN2024002305,SG_563,1,F,孙子涵,女,藏族,2006-04-22,福建省福州市鼓楼区 悦海名邸 3栋2单元685室,350102200604229522,鼓楼区公安局鼓楼区分局,2024.04.17-2034.04.15,九又四分之三信贷中心,84387.35,24,婚庆,等额本息
IMG_02602,loan_2306/face_signing.jpg,LN2024002306,SG_564,1,F,张子涵,男,汉族,1994-09-07,云南省昆明市五华区 悦海名邸 7栋4单元1685室,530102199409070075,五华区公安局五华区分局,2012.09.02-2022.08.31,赛博城消费金融有限公司,205029.31,60,购买新能源汽车,按月付息，到期还本
IMG_02603,loan_2307/face_signing.jpg,LN2024002307,SG_565,1,F,林雪,女,汉族,1977-09-17,上海市上海市黄浦区 锦绣华庭 13栋3单元1216室,310101197709170522,黄浦区公安局黄浦区分局,1995.09.13-2005.09.10,昆仑数字科技有限公司,669249.08,60,企业流动资金,等额本息
IMG_02604,loan_2308/face_signing.jpg,LN2024002308,SG_566,1,F,高静,女,汉族,2005-03-13,广东省广州市荔湾区 绿地新江湾 7栋1单元2179室,440103200503137643,荔湾区公安局荔湾区分局,2023.03.09-2033.03.06,潘多拉普惠金融,155187.47,6,购买新能源汽车,一次性还本付息
IMG_02605,loan_2309/face_signing.jpg,LN2024002309,SG_567,1,F,陈娜,女,汉族,2003-07-03,重庆市重庆市九龙坡区 星河湾畔 17栋2单元791室,500107200307031069,九龙坡区公安局九龙坡区分局,2021.06.28-2031.06.26,木叶村消费金融,766584.49,60,扩大生产,等额本息
IMG_02606,loan_2310/face_signing.jpg,LN2024002310,SG_568,1,F,郭宇,男,汉族,1999-08-12,贵州省贵阳市云岩区 悦海名邸 17栋2单元2195室,520103199908127157,云岩区公安局云岩区分局,2017.08.07-2027.08.05,木叶村消费金融,14259.09,3,旅游,先息后本
IMG_02607,loan_2311/face_signing.jpg,LN2024002311,SG_569,1,F,杨华,女,汉族,1999-07-23,北京市北京市海淀区 东方曼哈顿 2栋6单元1409室,110108199907234909,海淀区公安局海淀区分局,2017.07.18-2027.07.16,新亚特兰蒂斯商业银行,365361.98,60,购房首付,等额本金
IMG_02608,loan_2312/face_signing.jpg,LN2024002312,SG_570,1,F,刘华,女,汉族,1979-08-28,广东省深圳市南山区 绿地新江湾 12栋3单元1586室,440305197908281300,南山区公安局南山区分局,1997.08.23-2007.08.21,潘多拉普惠金融,4094243.21,360,购房首付,等额本息
IMG_02609,loan_2313/face_signing.jpg,LN2024002313,SG_571,1,F,黄宇,男,维吾尔族,1981-06-18,广东省广州市荔湾区 翠湖雅苑 16栋1单元1800室,440103198106182694,荔湾区公安局荔湾区分局,1999.06.14-2009.06.11,霍格沃茨魔法银行,3493626.14,360,二手房交易,等额本息
IMG_02610,loan_2314/face_signing.jpg,LN2024002314,SG_572,1,F,陈平,男,汉族,1974-07-15,新疆维吾尔自治区乌鲁木齐市天山区 锦绣家园 11栋1单元1127室,650102197407157335,天山区公安局天山区分局,1992.07.10-2002.07.08,潘多拉普惠金融,205109.43,24,购买新能源汽车,等额本金
IMG_02611,loan_2315/face_signing.jpg,LN2024002315,SG_573,1,F,刘勇,男,汉族,2007-11-19,广东省广州市天河区 香榭丽舍 12栋1单元2352室,440106200711193833,天河区公安局天河区分局,2025.11.14-2035.11.12,新亚特兰蒂斯商业银行,58669.2,3,购买新能源汽车,先息后本
IMG_02612,loan_2316/face_signing.jpg,LN2024002316,SG_574,1,F,陈娟,女,汉族,1967-05-04,广东省深圳市福田区 锦绣家园 13栋3单元579室,440304196705041461,福田区公安局福田区分局,1985.04.29-1995.04.27,琅琊商业银行,716696.69,60,购房首付,等额本息
IMG_02613,loan_2317/face_signing.jpg,LN2024002317,SG_575,1,F,张宇,男,汉族,2006-08-25,广东省广州市天河区 枫林晚居 2栋6单元514室,440106200608255434,天河区公安局天河区分局,2024.08.20-2034.08.18,霍格沃茨魔法银行,373051.97,24,扩大生产,等额本金
IMG_02614,loan_2318/face_signing.jpg,LN2024002318,SG_576,1,F,杨建国,男,汉族,1975-02-04,四川省成都市武侯区 碧水云天 15栋6单元1231室,510107197502046650,武侯区公安局武侯区分局,1993.01.30-2003.01.28,九又四分之三信贷中心,350862.44,24,二手房交易,等额本息
IMG_02615,loan_2319/face_signing.jpg,LN2024002319,,0,,吴华,女,汉族,1973-06-02,江苏省南京市玄武区 绿地新江湾 10栋5单元1728室,320102197306023307,玄武区公安局玄武区分局,1991.05.29-2001.05.26,夏尔农业信贷,128665.42,3,房屋装修,先息后本
IMG_02616,loan_2320/face_signing.jpg,LN2024002320,,0,,马平,男,汉族,1991-11-22,四川省成都市锦江区 香榭丽舍 10栋1单元1192室,510104199111227577,锦江区公安局锦江区分局,2009.11.17-2019.11.15,昆仑数字科技有限公司,51866.79,3,婚庆,一次性还本付息
IMG_02617,loan_2321/face_signing.jpg,LN2024002321,,0,,罗伟,男,汉族,1981-07-03,湖南省长沙市岳麓区 紫金华府 14栋3单元1122室,430104198107031315,岳麓区公安局岳麓区分局,1999.06.29-2009.06.26,琅琊商业银行,3866735.48,360,购房首付,按月付息，到期还本
IMG_02618,loan_2322/face_signing.jpg,LN2024002322,,0,,刘宇,男,汉族,2002-03-30,四川省成都市武侯区 阳光100 9栋1单元986室,51010720020330663X,武侯区公安局武侯区分局,2020.03.25-2030.03.23,夏尔农业信贷,155695.4,6,房屋装修,一次性还本付息
IMG_02619,loan_2323/face_signing.jpg,LN2024002323,,0,,李强,男,汉族,2002-01-18,江西省南昌市东湖区 锦绣家园 6栋1单元845室,360102200201188190,东湖区公安局东湖区分局,2020.01.14-2030.01.11,琅琊商业银行,422937.98,36,企业流动资金,等额本金
IMG_02620,loan_2324/face_signing.jpg,LN2024002324,,0,,黄婷,女,回族,1985-03-13,江苏省南京市鼓楼区 翠湖雅苑 20栋2单元184室,320106198503133521,鼓楼区公安局鼓楼区分局,2003.03.09-2013.03.06,木叶村消费金融,819611.16,240,企业流动资金,等额本息
IMG_02621,loan_2325/face_signing.jpg,LN2024002325,,0,,吴志强,男,汉族,1985-06-10,重庆市重庆市九龙坡区 悦海名邸 4栋4单元113室,500107198506103715,九龙坡区公安局九龙坡区分局,2003.06.06-2013.06.03,赛博城消费金融有限公司,23362.57,12,教育进修,等额本金
IMG_02622,loan_2326/face_signing.jpg,LN2024002326,,0,,周志强,男,土家族,1972-02-03,云南省昆明市五华区 星河湾畔 14栋5单元367室,530102197202036751,五华区公安局五华区分局,1990.01.29-2000.01.27,新亚特兰蒂斯商业银行,546816.83,60,二手房交易,按月付息，到期还本
IMG_02623,loan_2327/face_signing.jpg,LN2024002327,,0,,孙敏,女,汉族,1967-03-31,浙江省宁波市海曙区 中央公园 19栋5单元1209室,33020319670331780X,海曙区公安局海曙区分局,1985.03.26-1995.03.24,琅琊商业银行,3515986.43,360,二手房交易,按月付息，到期还本
IMG_02624,loan_2328/face_signing.jpg,LN2024002328,,0,,杨静,女,汉族,1995-12-11,北京市北京市东城区 中央公园 12栋2单元921室,110101199512111707,东城区公安局东城区分局,2013.12.06-2023.12.04,提瓦特小额贷款,21322.73,12,教育进修,等额本息
IMG_02625,loan_2329/face_signing.jpg,LN2024002329,,0,,吴伟,男,汉族,1965-10-19,重庆市重庆市渝中区 碧水云天 18栋6单元1148室,500103196510198572,渝中区公安局渝中区分局,1983.10.15-1993.10.12,木叶村消费金融,37373.58,3,医疗,一次性还本付息
IMG_02626,loan_2330/face_signing.jpg,LN2024002330,,0,,张勇,男,汉族,1963-10-29,新疆维吾尔自治区乌鲁木齐市天山区 龙腾盛世 2栋6单元1555室,650102196310290493,天山区公安局天山区分局,1981.10.24-1991.10.22,新亚特兰蒂斯商业银行,292238.51,60,房屋装修,按月付息，到期还本
IMG_02627,loan_2331/face_signing.jpg,LN2024002331,,0,,孙文,女,苗族,1962-10-06,安徽省合肥市庐阳区 东方曼哈顿 17栋6单元294室,340103196210069023,庐阳区公安局庐阳区分局,1980.10.01-1990.09.29,赛博城消费金融有限公司,3716599.23,120,二手房交易,等额本息
IMG_02628,loan_2332/face_signing.jpg,LN2024002332,,0,,罗丽,女,汉族,1988-11-17,山东省济南市历下区 香榭丽舍 11栋2单元2167室,370102198811177589,历下区公安局历下区分局,2006.11.13-2016.11.10,哥谭市小额贷款中心,23036.36,6,教育进修,一次性还本付息
IMG_02629,loan_2333/face_signing.jpg,LN2024002333,,0,,黄杰,男,汉族,1969-05-26,江苏省南京市鼓楼区 星河湾畔 8栋2单元132室,320106196905261738,鼓楼区公安局鼓楼区分局,1987.05.22-1997.05.19,九又四分之三信贷中心,162836.01,3,购买新能源汽车,先息后本
IMG_02630,loan_2334/face_signing.jpg,LN2024002334,,0,,陈燕,女,汉族,2001-11-18,天津市天津市和平区 御景半岛 7栋6单元1459室,12010120011118550X,和平区公安局和平区分局,2019.11.14-2029.11.11,昆仑数字科技有限公司,318834.05,36,扩大生产,等额本息
IMG_02631,loan_2335/face_signing.jpg,LN2024002335,,0,,孙涛,男,汉族,2003-06-24,浙江省宁波市海曙区 阳光100 8栋3单元875室,330203200306247915,海曙区公安局海曙区分局,2021.06.19-2031.06.17,阿卡姆消费金融,1061325.01,120,购房首付,按月付息，到期还本
IMG_02632,loan_2336/face_signing.jpg,LN2024002336,,0,,赵浩,男,汉族,1982-12-20,新疆维吾尔自治区乌鲁木齐市天山区 普罗旺斯 4栋5单元1787室,650102198212208395,天山区公安局天山区分局,2000.12.15-2010.12.13,瓦坎达信贷中心,685043.4,36,扩大生产,按月付息，到期还本
IMG_02633,loan_2337/face_signing.jpg,LN2024002337,,0,,马梓轩,男,维吾尔族,1977-01-05,湖南省长沙市岳麓区 锦绣华庭 12栋1单元2431室,430104197701052878,岳麓区公安局岳麓区分局,1995.01.01-2004.12.29,木叶村消费金融,1033442.89,240,企业流动资金,按月付息，到期还本
IMG_02634,loan_2338/face_signing.jpg,LN2024002338,,0,,李超,男,汉族,1979-05-31,重庆市重庆市九龙坡区 星河湾畔 5栋1单元418室,500107197905316510,九龙坡区公安局九龙坡区分局,1997.05.26-2007.05.24,新亚特兰蒂斯商业银行,56811.7,3,房屋装修,一次性还本付息
IMG_02635,loan_2339/face_signing.jpg,LN2024002339,,0,,林子涵,女,汉族,1979-07-21,上海市上海市黄浦区 翠湖雅苑 4栋6单元2165室,310101197907215787,黄浦区公安局黄浦区分局,1997.07.16-2007.07.14,九又四分之三信贷中心,112373.79,6,购买燃油车,一次性还本付息
IMG_02636,loan_2340/face_signing.jpg,LN2024002340,,0,,张燕,女,汉族,1971-02-01,北京市北京市朝阳区 绿地新江湾 10栋6单元1393室,110105197102012067,朝阳区公安局朝阳区分局,1989.01.27-1999.01.25,瓦坎达信贷中心,357924.85,36,购房首付,等额本金
IMG_02637,loan_2341/face_signing.jpg,LN2024002341,,0,,陈梓轩,女,汉族,1980-08-29,四川省成都市锦江区 普罗旺斯 12栋4单元794室,510104198008291007,锦江区公安局锦江区分局,1998.08.25-2008.08.22,潘多拉普惠金融,28662.73,3,医疗,一次性还本付息
IMG_02638,loan_2342/face_signing.jpg,LN2024002342,,0,,赵佳,女,汉族,1965-03-18,广东省深圳市福田区 融创壹号院 13栋1单元1742室,440304196503186267,福田区公安局福田区分局,1983.03.14-1993.03.11,提瓦特小额贷款,467119.14,24,扩大生产,等额本金
IMG_02639,loan_2343/face_signing.jpg,LN2024002343,,0,,王强,男,汉族,1960-10-23,江苏省南京市玄武区 中央公园 7栋1单元1950室,320102196010231153,玄武区公安局玄武区分局,1978.10.19-1988.10.16,星火基地普惠金融,4098997.14,120,购房首付,等额本金
IMG_02640,loan_2344/face_signing.jpg,LN2024002344,,0,,黄婷,女,汉族,1980-12-26,四川省成都市武侯区 枫林晚居 6栋2单元2003室,51010719801226318X,武侯区公安局武侯区分局,1998.12.22-2008.12.19,昆仑数字科技有限公司,50683.36,3,房屋装修,先息后本
IMG_02641,loan_2345/face_signing.jpg,LN2024002345,,0,,陈伟,男,汉族,1972-07-28,贵州省贵阳市云岩区 香榭丽舍 16栋6单元1421室,520103197207287773,云岩区公安局云岩区分局,1990.07.24-2000.07.21,提瓦特小额贷款,91844.04,12,购买新能源汽车,等额本金
IMG_02642,loan_2346/face_signing.jpg,LN2024002346,,0,,林娜,女,汉族,1997-10-16,天津市天津市东丽区 碧水云天 5栋2单元1469室,12011019971016180X,东丽区公安局东丽区分局,2015.10.12-2025.10.09,昆仑数字科技有限公司,60710.93,3,购买新能源汽车,一次性还本付息
IMG_02643,loan_2347/face_signing.jpg,LN2024002347,,0,,李娟,女,汉族,1973-08-12,云南省昆明市五华区 枫林晚居 18栋2单元2319室,530102197308123722,五华区公安局五华区分局,1991.08.08-2001.08.05,提瓦特小额贷款,638928.35,36,企业流动资金,按月付息，到期还本
IMG_02644,loan_2348/face_signing.jpg,LN2024002348,,0,,赵文,男,汉族,2008-05-16,广东省深圳市福田区 香榭丽舍 10栋4单元1320室,440304200805164214,福田区公安局福田区分局,2026.05.12-2036.05.09,昆仑数字科技有限公司,151842.87,3,婚庆,一次性还本付息
IMG_02645,loan_2349/face_signing.jpg,LN2024002349,,0,,张芳,女,汉族,2003-10-26,北京市北京市海淀区 东方曼哈顿 8栋5单元2222室,11010820031026780X,海淀区公安局海淀区分局,2021.10.21-2031.10.19,木叶村消费金融,157886.12,12,婚庆,等额本息
IMG_02646,loan_2350/face_signing.jpg,LN2024002350,,0,,郭磊,男,回族,2006-06-27,湖北省武汉市江岸区 香榭丽舍 20栋6单元172室,420102200606275838,江岸区公安局江岸区分局,2024.06.22-2034.06.20,阿卡姆消费金融,2999725.9,120,购房首付,按月付息，到期还本
IMG_02647,loan_2351/face_signing.jpg,LN2024002351,,0,,吴建,女,汉族,1973-11-29,福建省福州市鼓楼区 星河湾畔 6栋6单元922室,350102197311297180,鼓楼区公安局鼓楼区分局,1991.11.25-2001.11.22,夏尔农业信贷,77618.95,3,购买新能源汽车,一次性还本付息
IMG_02648,loan_2352/face_signing.jpg,LN2024002352,,0,,赵子涵,男,汉族,1982-12-14,上海市上海市浦东新区 普罗旺斯 16栋1单元1588室,310115198212144276,浦东新区公安局浦东新区分局,2000.12.09-2010.12.07,木叶村消费金融,2728332.67,360,二手房交易,等额本息
IMG_02649,loan_2353/face_signing.jpg,LN2024002353,,0,,胡建国,男,汉族,1976-09-20,陕西省西安市新城区 悦海名邸 18栋2单元279室,610102197609203793,新城区公安局新城区分局,1994.09.16-2004.09.13,哥谭市小额贷款中心,565603.56,60,购房首付,等额本金
IMG_02650,loan_2354/face_signing.jpg,LN2024002354,,0,,郭平,女,汉族,2001-03-05,云南省昆明市五华区 翠湖雅苑 5栋3单元1209室,530102200103056225,五华区公安局五华区分局,2019.03.01-2029.02.26,哥谭市小额贷款中心,121286.83,12,婚庆,等额本息
IMG_02651,loan_2355/face_signing.jpg,LN2024002355,,0,,吴超,男,土家族,1982-10-28,重庆市重庆市渝中区 中央公园 10栋2单元502室,500103198210286019,渝中区公安局渝中区分局,2000.10.23-2010.10.21,赛博城消费金融有限公司,26276.36,6,医疗,一次性还本付息
IMG_02652,loan_2356/face_signing.jpg,LN2024002356,,0,,黄梓轩,男,汉族,2006-06-07,北京市北京市朝阳区 中央公园 3栋2单元221室,110105200606078638,朝阳区公安局朝阳区分局,2024.06.02-2034.05.31,赛博城消费金融有限公司,1167112.23,120,二手房交易,等额本息
IMG_02653,loan_2357/face_signing.jpg,LN2024002357,,0,,罗婷,女,汉族,1968-05-22,河南省郑州市金水区 锦绣华庭 11栋3单元719室,410105196805228186,金水区公安局金水区分局,1986.05.18-1996.05.15,木叶村消费金融,166299.57,12,婚庆,按月付息，到期还本
IMG_02654,loan_2358/face_signing.jpg,LN2024002358,,0,,周晨,女,汉族,1961-04-08,上海市上海市黄浦区 御景半岛 3栋1单元2135室,310101196104083800,黄浦区公安局黄浦区分局,1979.04.04-1989.04.01,星火基地普惠金融,750656.66,360,扩大生产,等额本息
IMG_02655,loan_2359/face_signing.jpg,LN2024002359,,0,,周晨,女,汉族,2002-01-06,浙江省宁波市海曙区 香榭丽舍 14栋6单元770室,330203200201067061,海曙区公安局海曙区分局,2020.01.02-2029.12.30,霍格沃茨魔法银行,2712790.94,120,购房首付,按月付息，到期还本
IMG_02656,loan_2360/face_signing.jpg,LN2024002360,,0,,张建,男,汉族,1999-03-07,浙江省杭州市西湖区 龙腾盛世 4栋5单元160室,330106199903077035,西湖区公安局西湖区分局,2017.03.02-2027.02.28,新亚特兰蒂斯商业银行,2590280.66,240,二手房交易,等额本息
IMG_02657,loan_2361/face_signing.jpg,LN2024002361,,0,,罗浩,男,汉族,1970-12-01,上海市上海市浦东新区 锦绣华庭 19栋5单元1331室,310115197012017411,浦东新区公安局浦东新区分局,1988.11.26-1998.11.24,昆仑数字科技有限公司,2679592.38,240,企业流动资金,等额本息
IMG_02658,loan_2362/face_signing.jpg,LN2024002362,,0,,郭建,女,汉族,1980-06-23,天津市天津市和平区 锦绣家园 7栋5单元629室,12010119800623826X,和平区公安局和平区分局,1998.06.19-2008.06.16,新亚特兰蒂斯商业银行,2624215.27,360,二手房交易,等额本金
IMG_02659,loan_2363/face_signing.jpg,LN2024002363,,0,,何文,女,汉族,2004-04-17,湖南省长沙市芙蓉区 阳光100 15栋2单元664室,430102200404174002,芙蓉区公安局芙蓉区分局,2022.04.13-2032.04.10,哥谭市小额贷款中心,127364.47,3,购买燃油车,一次性还本付息
IMG_02660,loan_2364/face_signing.jpg,LN2024002364,,0,,赵静,女,汉族,1994-05-20,湖北省武汉市武昌区 阳光100 19栋3单元1549室,420106199405200485,武昌区公安局武昌区分局,2012.05.15-2022.05.13,新亚特兰蒂斯商业银行,1067009.72,120,企业流动资金,按月付息，到期还本
IMG_02661,loan_2365/face_signing.jpg,LN2024002365,,0,,张敏,女,汉族,1969-05-20,江西省南昌市东湖区 枫林晚居 4栋4单元2457室,360102196905206765,东湖区公安局东湖区分局,1987.05.16-1997.05.13,瓦坎达信贷中心,399588.85,24,企业流动资金,等额本息
IMG_02662,loan_2366/face_signing.jpg,LN2024002366,,0,,郭文,女,汉族,2008-07-15,湖南省长沙市岳麓区 阳光100 2栋2单元2371室,430104200807151860,岳麓区公安局岳麓区分局,2026.07.11-2036.07.08,瓦坎达信贷中心,4900645.77,120,二手房交易,按月付息，到期还本
IMG_02663,loan_2367/face_signing.jpg,LN2024002367,,0,,高子涵,男,汉族,1969-04-07,湖南省长沙市芙蓉区 紫金华府 10栋5单元890室,430102196904071457,芙蓉区公安局芙蓉区分局,1987.04.03-1997.03.31,哥谭市小额贷款中心,135621.46,6,购买新能源汽车,一次性还本付息
IMG_02664,loan_2368/face_signing.jpg,LN2024002368,,0,,徐子涵,女,汉族,1995-12-26,上海市上海市浦东新区 碧水云天 5栋6单元172室,31011519951226424X,浦东新区公安局浦东新区分局,2013.12.21-2023.12.19,艾泽拉斯数字科技,187348.1,36,婚庆,等额本金
IMG_02665,loan_2369/face_signing.jpg,LN2024002369,,0,,周婷,女,回族,1996-12-19,重庆市重庆市九龙坡区 普罗旺斯 5栋5单元2190室,500107199612199065,九龙坡区公安局九龙坡区分局,2014.12.15-2024.12.12,哥谭市小额贷款中心,33722.87,12,旅游,按月付息，到期还本
IMG_02666,loan_2370/face_signing.jpg,LN2024002370,,0,,何慧,女,汉族,1981-07-09,重庆市重庆市九龙坡区 锦绣家园 2栋1单元2323室,500107198107094882,九龙坡区公安局九龙坡区分局,1999.07.05-2009.07.02,阿卡姆消费金融,3518744.79,240,二手房交易,按月付息，到期还本
IMG_02667,loan_2371/face_signing.jpg,LN2024002371,,0,,林平,男,汉族,2001-09-15,浙江省杭州市西湖区 普罗旺斯 12栋3单元1567室,330106200109157156,西湖区公安局西湖区分局,2019.09.11-2029.09.08,九又四分之三信贷中心,947509.1,36,购房首付,按月付息，到期还本
IMG_02668,loan_2372/face_signing.jpg,LN2024002372,,0,,吴晨,女,汉族,2007-09-17,浙江省杭州市西湖区 香榭丽舍 12栋4单元538室,330106200709174224,西湖区公安局西湖区分局,2025.09.12-2035.09.10,提瓦特小额贷款,912169.05,24,扩大生产,按月付息，到期还本
IMG_02669,loan_2373/face_signing.jpg,LN2024002373,,0,,郭浩,女,汉族,1983-05-12,广东省深圳市南山区 御景半岛 20栋5单元498室,440305198305125426,南山区公安局南山区分局,2001.05.07-2011.05.05,九又四分之三信贷中心,561928.07,60,企业流动资金,等额本息
IMG_02670,loan_2374/face_signing.jpg,LN2024002374,,0,,马雪,女,汉族,1978-07-07,北京市北京市朝阳区 普罗旺斯 7栋5单元426室,110105197807076108,朝阳区公安局朝阳区分局,1996.07.02-2006.06.30,九又四分之三信贷中心,93319.86,60,购买燃油车,等额本息
IMG_02671,loan_2375/face_signing.jpg,LN2024002375,,0,,张磊,男,汉族,1970-12-01,福建省福州市鼓楼区 普罗旺斯 11栋3单元1303室,350102197012018997,鼓楼区公安局鼓楼区分局,1988.11.26-1998.11.24,昆仑数字科技有限公司,398119.87,60,二手房交易,按月付息，到期还本
IMG_02672,loan_2376/face_signing.jpg,LN2024002376,,0,,何建,女,汉族,1973-11-19,江苏省无锡市新吴区 锦绣华庭 1栋3单元1611室,320214197311195921,新吴区公安局新吴区分局,1991.11.15-2001.11.12,提瓦特小额贷款,1027735.4,120,企业流动资金,按月付息，到期还本
IMG_02673,loan_2377/face_signing.jpg,LN2024002377,,0,,王燕,女,汉族,2005-08-12,北京市北京市东城区 枫林晚居 12栋4单元1824室,110101200508125386,东城区公安局东城区分局,2023.08.08-2033.08.05,新亚特兰蒂斯商业银行,3073246.69,240,二手房交易,按月付息，到期还本
IMG_02674,loan_2378/face_signing.jpg,LN2024002378,,0,,胡宇,男,汉族,1963-06-26,山东省济南市历下区 碧水云天 20栋1单元1053室,370102196306264674,历下区公安局历下区分局,1981.06.21-1991.06.19,新亚特兰蒂斯商业银行,3575841.28,120,购房首付,按月付息，到期还本
IMG_02675,loan_2379/face_signing.jpg,LN2024002379,,0,,朱燕,女,汉族,2002-03-14,福建省厦门市思明区 东方曼哈顿 13栋3单元742室,350203200203147907,思明区公安局思明区分局,2020.03.09-2030.03.07,木叶村消费金融,598722.81,24,扩大生产,等额本金
IMG_02676,loan_2380/face_signing.jpg,LN2024002380,,0,,张明,男,汉族,1960-12-07,广东省深圳市福田区 枫林晚居 8栋1单元1374室,440304196012074850,福田区公安局福田区分局,1978.12.03-1988.11.30,瓦坎达信贷中心,2072330.4,360,二手房交易,按月付息，到期还本
IMG_02677,loan_2381/face_signing.jpg,LN2024002381,,0,,赵明,男,汉族,1988-09-08,江苏省南京市鼓楼区 紫金华府 12栋4单元1026室,320106198809088612,鼓楼区公安局鼓楼区分局,2006.09.04-2016.09.01,艾泽拉斯数字科技,4262725.46,240,购房首付,等额本金
IMG_02678,loan_2382/face_signing.jpg,LN2024002382,,0,,王超,男,汉族,1970-01-14,上海市上海市浦东新区 融创壹号院 3栋2单元946室,310115197001147579,浦东新区公安局浦东新区分局,1988.01.10-1998.01.07,夏尔农业信贷,116550.27,6,购买新能源汽车,先息后本
IMG_02679,loan_2383/face_signing.jpg,LN2024002383,,0,,林平,男,汉族,2000-07-29,福建省厦门市思明区 龙腾盛世 15栋2单元201室,35020320000729503X,思明区公安局思明区分局,2018.07.25-2028.07.22,霍格沃茨魔法银行,367636.51,24,扩大生产,按月付息，到期还本
IMG_02680,loan_2384/face_signing.jpg,LN2024002384,,0,,罗敏,女,汉族,1963-02-10,陕西省西安市雁塔区 翠湖雅苑 11栋2单元467室,610113196302101789,雁塔区公安局雁塔区分局,1981.02.05-1991.02.03,艾泽拉斯数字科技,149914.37,3,购买燃油车,一次性还本付息
IMG_02681,loan_2385/face_signing.jpg,LN2024002385,,0,,王志强,男,汉族,1969-12-16,广东省深圳市南山区 碧水云天 19栋3单元1125室,44030519691216695X,南山区公安局南山区分局,1987.12.12-1997.12.09,艾泽拉斯数字科技,149232.96,12,购买新能源汽车,等额本息
IMG_02682,loan_2386/face_signing.jpg,LN2024002386,,0,,高慧,女,汉族,2008-05-25,陕西省西安市雁塔区 锦绣华庭 7栋4单元866室,610113200805251948,雁塔区公安局雁塔区分局,2026.05.21-2036.05.18,提瓦特小额贷款,161653.54,6,购买新能源汽车,一次性还本付息
IMG_02683,loan_2387/face_signing.jpg,LN2024002387,,0,,刘子涵,男,汉族,1963-05-02,北京市北京市东城区 普罗旺斯 17栋2单元1247室,110101196305026717,东城区公安局东城区分局,1981.04.27-1991.04.25,木叶村消费金融,573332.14,24,扩大生产,等额本息
IMG_02684,loan_2388/face_signing.jpg,LN2024002388,,0,,林秀,女,汉族,1995-05-07,江苏省南京市鼓楼区 星河湾畔 3栋5单元1156室,320106199505075964,鼓楼区公安局鼓楼区分局,2013.05.02-2023.04.30,夏尔农业信贷,188025.26,6,购买新能源汽车,一次性还本付息
IMG_02685,loan_2389/face_signing.jpg,LN2024002389,,0,,赵磊,男,汉族,1976-06-12,上海市上海市浦东新区 御景半岛 16栋3单元1479室,310115197606127677,浦东新区公安局浦东新区分局,1994.06.08-2004.06.05,新亚特兰蒂斯商业银行,47846.61,12,医疗,按月付息，到期还本
IMG_02686,loan_2390/face_signing.jpg,LN2024002390,,0,,林梓轩,男,汉族,1975-02-23,广东省广州市天河区 枫林晚居 3栋4单元2071室,440106197502236011,天河区公安局天河区分局,1993.02.18-2003.02.16,星火基地普惠金融,695495.2,60,扩大生产,按月付息，到期还本
IMG_02687,loan_2391/face_signing.jpg,LN2024002391,,0,,李平,男,汉族,1963-09-03,四川省成都市武侯区 碧水云天 19栋5单元353室,510107196309037459,武侯区公安局武侯区分局,1981.08.29-1991.08.27,潘多拉普惠金融,112505.98,6,购买燃油车,一次性还本付息
IMG_02688,loan_2392/face_signing.jpg,LN2024002392,,0,,林丽,女,汉族,1982-04-04,广东省深圳市南山区 阳光100 18栋4单元1603室,440305198204040327,南山区公安局南山区分局,2000.03.30-2010.03.28,昆仑数字科技有限公司,637102.95,24,扩大生产,按月付息，到期还本
IMG_02689,loan_2393/face_signing.jpg,LN2024002393,,0,,胡伟,男,汉族,1968-12-10,北京市北京市朝阳区 枫林晚居 6栋1单元471室,110105196812109838,朝阳区公安局朝阳区分局,1986.12.06-1996.12.03,艾泽拉斯数字科技,978108.01,120,二手房交易,等额本金
IMG_02690,loan_2394/face_signing.jpg,LN2024002394,,0,,刘慧,女,汉族,1995-12-28,北京市北京市海淀区 龙腾盛世 14栋1单元1764室,11010819951228678X,海淀区公安局海淀区分局,2013.12.23-2023.12.21,木叶村消费金融,4823123.04,120,二手房交易,按月付息，到期还本
IMG_02691,loan_2395/face_signing.jpg,LN2024002395,,0,,黄建,女,汉族,1977-12-01,陕西省西安市雁塔区 龙腾盛世 2栋1单元1245室,610113197712019600,雁塔区公安局雁塔区分局,1995.11.27-2005.11.24,阿卡姆消费金融,2901551.21,120,购房首付,等额本金
IMG_02692,loan_2396/face_signing.jpg,LN2024002396,,0,,胡文,男,汉族,2001-06-12,广东省深圳市南山区 翠湖雅苑 9栋4单元799室,440305200106125191,南山区公安局南山区分局,2019.06.08-2029.06.05,九又四分之三信贷中心,966447.78,24,二手房交易,按月付息，到期还本
IMG_02693,loan_2397/face_signing.jpg,LN2024002397,,0,,郭伟,男,汉族,1987-04-24,山东省济南市历下区 阳光100 15栋1单元439室,370102198704240677,历下区公安局历下区分局,2005.04.19-2015.04.17,夏尔农业信贷,102861.7,60,购买新能源汽车,等额本息
IMG_02694,loan_2398/face_signing.jpg,LN2024002398,,0,,朱静,女,汉族,1978-08-31,贵州省贵阳市云岩区 翠湖雅苑 1栋2单元2432室,520103197808319005,云岩区公安局云岩区分局,1996.08.26-2006.08.24,木叶村消费金融,509918.13,24,购房首付,等额本金
IMG_02695,loan_2399/face_signing.jpg,LN2024002399,,0,,杨浩,女,汉族,1980-06-29,浙江省宁波市海曙区 锦绣家园 16栋3单元988室,330203198006296563,海曙区公安局海曙区分局,1998.06.25-2008.06.22,木叶村消费金融,29891.68,12,购买家电,按月付息，到期还本
IMG_02696,loan_2400/face_signing.jpg,LN2024002400,,0,,王勇,男,汉族,1985-04-22,江苏省苏州市虎丘区 东方曼哈顿 5栋3单元665室,320505198504220796,虎丘区公安局虎丘区分局,2003.04.18-2013.04.15,新亚特兰蒂斯商业银行,553529.0,240,购房首付,等额本金
IMG_02697,loan_2401/face_signing.jpg,LN2024002401,,0,,徐梓轩,男,汉族,2000-02-29,陕西省西安市新城区 绿地新江湾 18栋5单元2059室,610102200002295315,新城区公安局新城区分局,2018.02.24-2028.02.22,潘多拉普惠金融,117329.8,6,房屋装修,先息后本
IMG_02698,loan_2402/face_signing.jpg,LN2024002402,,0,,王子涵,女,汉族,2008-05-06,浙江省宁波市海曙区 东方曼哈顿 6栋1单元1366室,330203200805062683,海曙区公安局海曙区分局,2026.05.02-2036.04.29,潘多拉普惠金融,129389.45,6,房屋装修,一次性还本付息
IMG_02699,loan_2403/face_signing.jpg,LN2024002403,,0,,徐军,男,维吾尔族,2001-01-11,江苏省苏州市虎丘区 普罗旺斯 3栋3单元855室,320505200101113478,虎丘区公安局虎丘区分局,2019.01.07-2029.01.04,琅琊商业银行,166343.29,12,购买新能源汽车,等额本息
IMG_02700,loan_2404/face_signing.jpg,LN2024002404,,0,,李建,女,汉族,1997-07-21,湖北省武汉市江岸区 融创壹号院 20栋2单元1138室,420102199707213243,江岸区公安局江岸区分局,2015.07.17-2025.07.14,霍格沃茨魔法银行,78732.88,12,购买新能源汽车,按月付息，到期还本
IMG_02701,loan_2405/face_signing.jpg,LN2024002405,,0,,吴磊,男,汉族,1969-11-02,四川省成都市锦江区 绿地新江湾 9栋4单元477室,510104196911021557,锦江区公安局锦江区分局,1987.10.29-1997.10.26,琅琊商业银行,2056484.37,240,二手房交易,按月付息，到期还本
IMG_02702,loan_2406/face_signing.jpg,LN2024002406,,0,,林燕,女,苗族,2003-12-10,湖北省武汉市江岸区 龙腾盛世 3栋4单元1955室,420102200312103440,江岸区公安局江岸区分局,2021.12.05-2031.12.03,哥谭市小额贷款中心,2335229.45,120,企业流动资金,等额本息
IMG_02703,loan_2407/face_signing.jpg,LN2024002407,,0,,徐浩,女,汉族,1978-05-18,江苏省无锡市新吴区 香榭丽舍 19栋1单元1293室,320214197805187681,新吴区公安局新吴区分局,1996.05.13-2006.05.11,昆仑数字科技有限公司,810473.05,60,企业流动资金,按月付息，到期还本
IMG_02704,loan_2408/face_signing.jpg,LN2024002408,,0,,罗梓轩,女,汉族,1969-08-12,福建省厦门市思明区 悦海名邸 20栋5单元2191室,350203196908122081,思明区公安局思明区分局,1987.08.08-1997.08.05,哥谭市小额贷款中心,165053.19,3,房屋装修,一次性还本付息
IMG_02705,loan_2409/face_signing.jpg,LN2024002409,,0,,李平,女,汉族,2008-03-27,浙江省杭州市西湖区 碧水云天 16栋1单元1727室,330106200803270087,西湖区公安局西湖区分局,2026.03.23-2036.03.20,赛博城消费金融有限公司,255339.62,24,房屋装修,等额本金
IMG_02706,loan_2410/face_signing.jpg,LN2024002410,,0,,高建国,男,汉族,1991-05-26,安徽省合肥市庐阳区 翠湖雅苑 12栋6单元2026室,34010319910526703X,庐阳区公安局庐阳区分局,2009.05.21-2019.05.19,提瓦特小额贷款,52103.42,12,房屋装修,按月付息，到期还本
IMG_02707,loan_2411/face_signing.jpg,LN2024002411,,0,,黄军,男,汉族,1976-06-17,安徽省合肥市庐阳区 普罗旺斯 19栋1单元1834室,340103197606170552,庐阳区公安局庐阳区分局,1994.06.13-2004.06.10,夏尔农业信贷,16031.57,3,旅游,一次性还本付息
IMG_02708,loan_2412/face_signing.jpg,LN2024002412,,0,,周娟,女,汉族,1988-04-19,北京市北京市海淀区 普罗旺斯 12栋5单元1469室,110108198804192027,海淀区公安局海淀区分局,2006.04.15-2016.04.12,霍格沃茨魔法银行,60231.04,60,购买燃油车,等额本金
IMG_02709,loan_2413/face_signing.jpg,LN2024002413,,0,,马宇,女,汉族,2007-03-01,浙江省杭州市上城区 龙腾盛世 19栋1单元1286室,330102200703018823,上城区公安局上城区分局,2025.02.24-2035.02.22,瓦坎达信贷中心,2614364.32,240,企业流动资金,等额本息
IMG_02710,loan_2414/face_signing.jpg,LN2024002414,,0,,黄晨,女,汉族,2001-06-14,河南省郑州市金水区 龙腾盛世 9栋1单元1538室,410105200106147861,金水区公安局金水区分局,2019.06.10-2029.06.07,赛博城消费金融有限公司,142475.25,6,购买燃油车,先息后本
IMG_02711,loan_2415/face_signing.jpg,LN2024002415,,0,,周秀,女,汉族,1976-12-23,上海市上海市浦东新区 翠湖雅苑 7栋2单元214室,310115197612234321,浦东新区公安局浦东新区分局,1994.12.19-2004.12.16,潘多拉普惠金融,3174354.08,360,企业流动资金,等额本息
IMG_02712,loan_2416/face_signing.jpg,LN2024002416,,0,,何华,男,汉族,2005-08-22,重庆市重庆市渝中区 枫林晚居 13栋3单元1504室,500103200508227396,渝中区公安局渝中区分局,2023.08.18-2033.08.15,瓦坎达信贷中心,3348872.84,240,企业流动资金,按月付息，到期还本
IMG_02713,loan_2417/face_signing.jpg,LN2024002417,,0,,孙秀,女,汉族,1990-05-19,福建省厦门市思明区 锦绣家园 1栋1单元131室,350203199005193261,思明区公安局思明区分局,2008.05.14-2018.05.12,哥谭市小额贷款中心,2430850.13,360,企业流动资金,等额本息
IMG_02714,loan_2418/face_signing.jpg,LN2024002418,,0,,徐华,女,汉族,2007-06-19,陕西省西安市新城区 碧水云天 11栋1单元1428室,610102200706191362,新城区公安局新城区分局,2025.06.14-2035.06.12,夏尔农业信贷,81168.26,3,购买新能源汽车,先息后本
IMG_02715,loan_2419/face_signing.jpg,LN2024002419,,0,,朱浩,女,汉族,1978-01-08,福建省厦门市思明区 威尼斯水城 17栋3单元597室,350203197801089802,思明区公安局思明区分局,1996.01.04-2006.01.01,星火基地普惠金融,380556.9,60,购房首付,等额本金
IMG_02716,loan_2420/face_signing.jpg,LN2024002420,,0,,罗娜,女,汉族,1999-01-22,江西省南昌市东湖区 威尼斯水城 9栋1单元208室,360102199901222040,东湖区公安局东湖区分局,2017.01.17-2027.01.15,星火基地普惠金融,22843.34,3,日常消费,一次性还本付息
IMG_02717,loan_2421/face_signing.jpg,LN2024002421,,0,,朱晨,男,汉族,1960-11-08,北京市北京市朝阳区 融创壹号院 17栋1单元1765室,11010519601108305X,朝阳区公安局朝阳区分局,1978.11.04-1988.11.01,木叶村消费金融,3771202.71,240,购房首付,按月付息，到期还本
IMG_02718,loan_2422/face_signing.jpg,LN2024002422,,0,,徐梓轩,男,汉族,1995-11-25,山东省青岛市崂山区 阳光100 12栋2单元1402室,37021219951125387X,崂山区公安局崂山区分局,2013.11.20-2023.11.18,阿卡姆消费金融,4655204.33,120,购房首付,等额本金
IMG_02719,loan_2423/face_signing.jpg,LN2024002423,,0,,赵子涵,女,维吾尔族,1965-02-11,江苏省无锡市新吴区 融创壹号院 1栋3单元1320室,320214196502111087,新吴区公安局新吴区分局,1983.02.07-1993.02.04,赛博城消费金融有限公司,414966.21,36,购房首付,按月付息，到期还本
IMG_02720,loan_2424/face_signing.jpg,LN2024002424,,0,,高静,女,汉族,1963-11-06,天津市天津市和平区 中央公园 6栋3单元731室,120101196311060569,和平区公安局和平区分局,1981.11.01-1991.10.30,哥谭市小额贷款中心,191645.68,3,购买燃油车,一次性还本付息
IMG_02721,loan_2425/face_signing.jpg,LN2024002425,,0,,李建国,男,汉族,1976-10-13,陕西省西安市新城区 翠湖雅苑 8栋4单元1369室,610102197610138474,新城区公安局新城区分局,1994.10.09-2004.10.06,瓦坎达信贷中心,647253.95,36,购房首付,等额本金
IMG_02722,loan_2426/face_signing.jpg,LN2024002426,,0,,胡明,男,汉族,1968-06-07,江西省南昌市东湖区 融创壹号院 9栋1单元1155室,360102196806078593,东湖区公安局东湖区分局,1986.06.03-1996.05.31,新亚特兰蒂斯商业银行,482504.39,60,购房首付,等额本金
IMG_02723,loan_2427/face_signing.jpg,LN2024002427,,0,,张勇,男,汉族,1978-12-10,浙江省杭州市上城区 中央公园 8栋5单元2296室,33010219781210913X,上城区公安局上城区分局,1996.12.05-2006.12.03,赛博城消费金融有限公司,127698.91,6,婚庆,一次性还本付息
IMG_02724,loan_2428/face_signing.jpg,LN2024002428,,0,,高强,男,汉族,1973-03-27,云南省昆明市五华区 威尼斯水城 16栋4单元346室,53010219730327525X,五华区公安局五华区分局,1991.03.23-2001.03.20,夏尔农业信贷,664122.52,36,扩大生产,等额本金
IMG_02725,loan_2429/face_signing.jpg,LN2024002429,,0,,孙建国,男,汉族,1964-05-09,陕西省西安市新城区 绿地新江湾 3栋5单元2212室,610102196405096119,新城区公安局新城区分局,1982.05.05-1992.05.02,新亚特兰蒂斯商业银行,150100.49,12,婚庆,按月付息，到期还本
IMG_02726,loan_2430/face_signing.jpg,LN2024002430,,0,,林伟,男,汉族,1977-11-04,湖南省长沙市岳麓区 紫金华府 18栋1单元2505室,430104197711045997,岳麓区公安局岳麓区分局,1995.10.31-2005.10.28,提瓦特小额贷款,361952.5,60,企业流动资金,按月付息，到期还本
IMG_02727,loan_2431/face_signing.jpg,LN2024002431,,0,,陈平,女,汉族,1985-11-12,广东省深圳市福田区 普罗旺斯 2栋1单元514室,440304198511122326,福田区公安局福田区分局,2003.11.08-2013.11.05,哥谭市小额贷款中心,83717.63,3,购买新能源汽车,先息后本
IMG_02728,loan_2432/face_signing.jpg,LN2024002432,,0,,张华,女,汉族,1962-09-10,陕西省西安市雁塔区 星河湾畔 1栋3单元1446室,610113196209108724,雁塔区公安局雁塔区分局,1980.09.05-1990.09.03,新亚特兰蒂斯商业银行,510859.12,24,二手房交易,按月付息，到期还本
IMG_02729,loan_2433/face_signing.jpg,LN2024002433,,0,,吴雪,女,汉族,2004-02-24,浙江省杭州市西湖区 枫林晚居 17栋6单元1774室,330106200402242886,西湖区公安局西湖区分局,2022.02.19-2032.02.17,琅琊商业银行,490059.04,60,企业流动资金,等额本息
IMG_02730,loan_2434/face_signing.jpg,LN2024002434,,0,,胡建,男,汉族,1969-01-19,陕西省西安市雁塔区 星河湾畔 11栋6单元2078室,610113196901195078,雁塔区公安局雁塔区分局,1987.01.15-1997.01.12,九又四分之三信贷中心,3466938.72,360,购房首付,等额本金
IMG_02731,loan_2435/face_signing.jpg,LN2024002435,,0,,朱宇,男,汉族,1968-05-03,贵州省贵阳市云岩区 翠湖雅苑 9栋4单元1006室,520103196805030818,云岩区公安局云岩区分局,1986.04.29-1996.04.26,瓦坎达信贷中心,41257.16,6,教育进修,一次性还本付息
IMG_02732,loan_2436/face_signing.jpg,LN2024002436,,0,,郭宇,男,汉族,2001-12-26,四川省成都市武侯区 锦绣华庭 20栋5单元2436室,510107200112263638,武侯区公安局武侯区分局,2019.12.22-2029.12.19,星火基地普惠金融,157843.97,12,婚庆,按月付息，到期还本
IMG_02733,loan_2437/face_signing.jpg,LN2024002437,,0,,郭杰,男,汉族,1999-01-11,北京市北京市东城区 中央公园 10栋6单元727室,110101199901110011,东城区公安局东城区分局,2017.01.06-2027.01.04,哥谭市小额贷款中心,24384.82,6,旅游,先息后本
IMG_02734,loan_2438/face_signing.jpg,LN2024002438,,0,,林子涵,女,汉族,1985-07-05,重庆市重庆市九龙坡区 锦绣华庭 17栋1单元1350室,500107198507050205,九龙坡区公安局九龙坡区分局,2003.07.01-2013.06.28,新亚特兰蒂斯商业银行,705761.13,36,扩大生产,等额本息
IMG_02735,loan_2439/face_signing.jpg,LN2024002439,,0,,郭浩,男,汉族,1989-06-16,浙江省宁波市海曙区 东方曼哈顿 14栋4单元2147室,33020319890616067X,海曙区公安局海曙区分局,2007.06.12-2017.06.09,提瓦特小额贷款,2726705.42,120,二手房交易,等额本金
IMG_02736,loan_2440/face_signing.jpg,LN2024002440,,0,,罗强,男,汉族,1965-09-26,广东省深圳市南山区 悦海名邸 2栋5单元420室,440305196509261359,南山区公安局南山区分局,1983.09.22-1993.09.19,夏尔农业信贷,1467678.15,360,二手房交易,按月付息，到期还本
IMG_02737,loan_2441/face_signing.jpg,LN2024002441,,0,,高华,男,汉族,1962-05-11,陕西省西安市新城区 龙腾盛世 11栋2单元2074室,610102196205118731,新城区公安局新城区分局,1980.05.06-1990.05.04,阿卡姆消费金融,140611.42,6,购买燃油车,一次性还本付息
IMG_02738,loan_2442/face_signing.jpg,LN2024002442,,0,,陈梓轩,男,汉族,1998-07-06,陕西省西安市雁塔区 星河湾畔 17栋6单元834室,610113199807063574,雁塔区公安局雁塔区分局,2016.07.01-2026.06.29,星火基地普惠金融,385815.01,24,二手房交易,按月付息，到期还本
IMG_02739,loan_2443/face_signing.jpg,LN2024002443,,0,,吴勇,男,汉族,2006-11-24,云南省昆明市五华区 融创壹号院 9栋1单元1440室,530102200611244038,五华区公安局五华区分局,2024.11.19-2034.11.17,琅琊商业银行,195606.37,6,购买燃油车,一次性还本付息
IMG_02740,loan_2444/face_signing.jpg,LN2024002444,,0,,郭慧,女,土家族,1988-01-14,江苏省南京市玄武区 香榭丽舍 14栋5单元839室,320102198801143749,玄武区公安局玄武区分局,2006.01.09-2016.01.07,瓦坎达信贷中心,4970983.2,360,企业流动资金,等额本金
IMG_02741,loan_2445/face_signing.jpg,LN2024002445,,0,,孙超,男,汉族,1973-04-02,广东省广州市天河区 紫金华府 5栋6单元1626室,440106197304029476,天河区公安局天河区分局,1991.03.29-2001.03.26,星火基地普惠金融,21030.91,6,日常消费,一次性还本付息
IMG_02742,loan_2446/face_signing.jpg,LN2024002446,,0,,何婷,女,汉族,1961-12-02,上海市上海市浦东新区 东方曼哈顿 9栋5单元653室,310115196112024681,浦东新区公安局浦东新区分局,1979.11.28-1989.11.25,九又四分之三信贷中心,112224.22,36,婚庆,等额本金
IMG_02743,loan_2447/face_signing.jpg,LN2024002447,,0,,刘丽,女,汉族,1983-10-11,江苏省无锡市新吴区 枫林晚居 7栋4单元2442室,320214198310115947,新吴区公安局新吴区分局,2001.10.06-2011.10.04,提瓦特小额贷款,77087.42,6,购买新能源汽车,一次性还本付息
IMG_02744,loan_2448/face_signing.jpg,LN2024002448,,0,,林强,男,汉族,1991-03-21,新疆维吾尔自治区乌鲁木齐市天山区 碧水云天 14栋3单元2369室,65010219910321941X,天山区公安局天山区分局,2009.03.16-2019.03.14,阿卡姆消费金融,192956.46,12,房屋装修,等额本金
IMG_02745,loan_2449/face_signing.jpg,LN2024002449,,0,,林佳,女,汉族,1971-06-08,天津市天津市和平区 香榭丽舍 15栋6单元298室,120101197106087468,和平区公安局和平区分局,1989.06.03-1999.06.01,木叶村消费金融,16981.03,3,旅游,一次性还本付息
IMG_02746,loan_2450/face_signing.jpg,LN2024002450,,0,,郭磊,男,汉族,1998-09-18,四川省成都市武侯区 融创壹号院 19栋4单元2019室,510107199809182015,武侯区公安局武侯区分局,2016.09.13-2026.09.11,昆仑数字科技有限公司,4117028.72,120,二手房交易,按月付息，到期还本
IMG_02747,loan_2451/face_signing.jpg,LN2024002451,,0,,朱强,男,汉族,1973-05-18,上海市上海市黄浦区 香榭丽舍 1栋1单元2065室,310101197305182252,黄浦区公安局黄浦区分局,1991.05.14-2001.05.11,艾泽拉斯数字科技,61060.02,3,房屋装修,一次性还本付息
IMG_02748,loan_2452/face_signing.jpg,LN2024002452,,0,,王浩,女,汉族,1968-07-19,江苏省南京市玄武区 普罗旺斯 19栋5单元583室,320102196807198864,玄武区公安局玄武区分局,1986.07.15-1996.07.12,霍格沃茨魔法银行,191759.3,3,购买燃油车,先息后本
IMG_02749,loan_2453/face_signing.jpg,LN2024002453,,0,,孙军,男,汉族,1998-01-02,浙江省杭州市西湖区 锦绣华庭 2栋6单元1592室,330106199801029577,西湖区公安局西湖区分局,2015.12.29-2025.12.26,九又四分之三信贷中心,566348.73,120,扩大生产,等额本息
IMG_02750,loan_2454/face_signing.jpg,LN2024002454,,0,,刘伟,男,汉族,1980-07-08,江西省南昌市东湖区 香榭丽舍 8栋3单元1961室,360102198007089893,东湖区公安局东湖区分局,1998.07.04-2008.07.01,霍格沃茨魔法银行,3045073.45,120,二手房交易,等额本金
IMG_02751,loan_2455/face_signing.jpg,LN2024002455,,0,,张婷,女,汉族,1972-11-17,贵州省贵阳市云岩区 中央公园 3栋6单元1226室,52010319721117160X,云岩区公安局云岩区分局,1990.11.13-2000.11.10,夏尔农业信贷,328667.4,60,企业流动资金,等额本金
IMG_02752,loan_2456/face_signing.jpg,LN2024002456,,0,,陈宇,男,藏族,1998-03-23,北京市北京市东城区 阳光100 3栋2单元1691室,110101199803230079,东城区公安局东城区分局,2016.03.18-2026.03.16,琅琊商业银行,156111.98,36,房屋装修,等额本息
IMG_02753,loan_2457/face_signing.jpg,LN2024002457,,0,,陈宇,男,汉族,1973-10-10,湖南省长沙市岳麓区 东方曼哈顿 3栋5单元302室,43010419731010807X,岳麓区公安局岳麓区分局,1991.10.06-2001.10.03,瓦坎达信贷中心,1867273.85,240,二手房交易,按月付息，到期还本
IMG_02754,loan_2458/face_signing.jpg,LN2024002458,,0,,胡华,女,汉族,1981-07-18,陕西省西安市新城区 融创壹号院 18栋4单元1690室,610102198107182325,新城区公安局新城区分局,1999.07.14-2009.07.11,九又四分之三信贷中心,114149.0,12,房屋装修,等额本息
IMG_02755,loan_2459/face_signing.jpg,LN2024002459,,0,,周磊,男,汉族,1981-01-22,安徽省合肥市庐阳区 龙腾盛世 18栋3单元1501室,340103198101223457,庐阳区公安局庐阳区分局,1999.01.18-2009.01.15,赛博城消费金融有限公司,3029167.26,360,企业流动资金,按月付息，到期还本
IMG_02756,loan_2460/face_signing.jpg,LN2024002460,,0,,何志强,男,苗族,1974-04-17,山东省青岛市崂山区 碧水云天 18栋1单元1242室,370212197404170770,崂山区公安局崂山区分局,1992.04.12-2002.04.10,新亚特兰蒂斯商业银行,345410.27,36,扩大生产,等额本金
IMG_02757,loan_2461/face_signing.jpg,LN2024002461,,0,,王佳,女,汉族,1965-11-27,陕西省西安市新城区 普罗旺斯 20栋6单元1376室,610102196511276105,新城区公安局新城区分局,1983.11.23-1993.11.20,昆仑数字科技有限公司,68137.23,60,婚庆,等额本息
IMG_02758,loan_2462/face_signing.jpg,LN2024002462,,0,,李子涵,女,汉族,2001-01-25,新疆维吾尔自治区乌鲁木齐市天山区 锦绣家园 7栋4单元2057室,650102200101253724,天山区公安局天山区分局,2019.01.21-2029.01.18,潘多拉普惠金融,128275.68,60,购买燃油车,等额本息
IMG_02759,loan_2463/face_signing.jpg,LN2024002463,,0,,黄宇,女,汉族,1966-06-14,安徽省合肥市庐阳区 普罗旺斯 3栋6单元275室,340103196606144122,庐阳区公安局庐阳区分局,1984.06.09-1994.06.07,夏尔农业信贷,655874.44,60,企业流动资金,按月付息，到期还本
IMG_02760,loan_2464/face_signing.jpg,LN2024002464,,0,,何平,男,汉族,1981-09-20,贵州省贵阳市云岩区 碧水云天 16栋2单元2479室,520103198109200675,云岩区公安局云岩区分局,1999.09.16-2009.09.13,星火基地普惠金融,140682.92,3,购买燃油车,一次性还本付息
IMG_02761,loan_2465/face_signing.jpg,LN2024002465,,0,,朱浩,男,汉族,1971-03-15,上海市上海市黄浦区 碧水云天 8栋6单元585室,310101197103159310,黄浦区公安局黄浦区分局,1989.03.10-1999.03.08,木叶村消费金融,2248166.51,360,购房首付,按月付息，到期还本
IMG_02762,loan_2466/face_signing.jpg,LN2024002466,,0,,杨磊,男,汉族,1998-05-24,浙江省杭州市上城区 东方曼哈顿 14栋5单元1765室,330102199805241617,上城区公安局上城区分局,2016.05.19-2026.05.17,艾泽拉斯数字科技,965400.68,24,购房首付,等额本息
IMG_02763,loan_2467/face_signing.jpg,LN2024002467,,0,,高文,男,汉族,1965-03-16,四川省成都市锦江区 绿地新江湾 10栋3单元2048室,510104196503161956,锦江区公安局锦江区分局,1983.03.12-1993.03.09,阿卡姆消费金融,86701.56,24,购买新能源汽车,等额本金
IMG_02764,loan_2468/face_signing.jpg,LN2024002468,,0,,李梓轩,女,汉族,1973-02-05,浙江省宁波市海曙区 翠湖雅苑 20栋4单元788室,330203197302052542,海曙区公安局海曙区分局,1991.02.01-2001.01.29,提瓦特小额贷款,2215395.81,120,二手房交易,等额本金
IMG_02765,loan_2469/face_signing.jpg,LN2024002469,,0,,孙超,男,汉族,1982-01-11,广东省深圳市福田区 星河湾畔 20栋4单元513室,440304198201115139,福田区公安局福田区分局,2000.01.07-2010.01.04,提瓦特小额贷款,163608.7,60,房屋装修,等额本息
IMG_02766,loan_2470/face_signing.jpg,LN2024002470,,0,,陈燕,女,汉族,1967-05-11,湖南省长沙市芙蓉区 中央公园 15栋2单元1262室,430102196705111903,芙蓉区公安局芙蓉区分局,1985.05.06-1995.05.04,新亚特兰蒂斯商业银行,27648.3,3,医疗,先息后本
IMG_02767,loan_2471/face_signing.jpg,LN2024002471,,0,,郭志强,男,汉族,1967-11-22,江苏省无锡市新吴区 东方曼哈顿 10栋1单元1454室,320214196711225216,新吴区公安局新吴区分局,1985.11.17-1995.11.15,阿卡姆消费金融,3771624.2,120,购房首付,等额本息
IMG_02768,loan_2472/face_signing.jpg,LN2024002472,,0,,李华,女,汉族,1996-01-13,四川省成都市锦江区 融创壹号院 1栋4单元929室,510104199601138622,锦江区公安局锦江区分局,2014.01.08-2024.01.06,琅琊商业银行,545137.12,240,购房首付,等额本金
IMG_02769,loan_2473/face_signing.jpg,LN2024002473,,0,,高静,女,汉族,2004-06-30,湖北省武汉市武昌区 星河湾畔 10栋4单元1094室,420106200406307781,武昌区公安局武昌区分局,2022.06.26-2032.06.23,赛博城消费金融有限公司,938485.37,60,购房首付,等额本金
IMG_02770,loan_2474/face_signing.jpg,LN2024002474,,0,,徐志强,男,汉族,1972-08-11,浙江省杭州市西湖区 龙腾盛世 12栋2单元2277室,330106197208110690,西湖区公安局西湖区分局,1990.08.07-2000.08.04,九又四分之三信贷中心,756653.37,24,扩大生产,按月付息，到期还本
IMG_02771,loan_2475/face_signing.jpg,LN2024002475,,0,,刘子涵,男,汉族,1970-10-29,山东省济南市历下区 枫林晚居 13栋3单元170室,370102197010294457,历下区公安局历下区分局,1988.10.24-1998.10.22,赛博城消费金融有限公司,306894.57,24,企业流动资金,按月付息，到期还本
IMG_02772,loan_2476/face_signing.jpg,LN2024002476,,0,,张勇,男,汉族,2007-01-05,广东省深圳市福田区 碧水云天 9栋2单元2314室,440304200701053333,福田区公安局福田区分局,2024.12.31-2034.12.29,艾泽拉斯数字科技,483946.11,60,扩大生产,等额本息
IMG_02773,loan_2477/face_signing.jpg,LN2024002477,,0,,林伟,男,汉族,2004-07-28,福建省福州市鼓楼区 星河湾畔 12栋1单元115室,350102200407289673,鼓楼区公安局鼓楼区分局,2022.07.24-2032.07.21,星火基地普惠金融,3545350.83,360,购房首付,按月付息，到期还本
IMG_02774,loan_2478/face_signing.jpg,LN2024002478,,0,,李华,男,汉族,1982-06-16,安徽省合肥市庐阳区 绿地新江湾 16栋2单元1709室,340103198206162638,庐阳区公安局庐阳区分局,2000.06.11-2010.06.09,提瓦特小额贷款,97213.41,3,购买燃油车,一次性还本付息
IMG_02775,loan_2479/face_signing.jpg,LN2024002479,,0,,何丽,女,汉族,1977-01-28,江苏省南京市玄武区 龙腾盛世 8栋2单元2226室,320102197701284208,玄武区公安局玄武区分局,1995.01.24-2005.01.21,九又四分之三信贷中心,2942893.61,240,购房首付,等额本金
IMG_02776,loan_2480/face_signing.jpg,LN2024002480,,0,,张秀,女,汉族,1986-06-20,北京市北京市海淀区 融创壹号院 2栋2单元300室,110108198606207427,海淀区公安局海淀区分局,2004.06.15-2014.06.13,九又四分之三信贷中心,1932072.04,360,企业流动资金,等额本金
IMG_02777,loan_2481/face_signing.jpg,LN2024002481,,0,,高超,男,汉族,1983-02-19,江苏省南京市鼓楼区 锦绣华庭 5栋2单元2397室,320106198302198716,鼓楼区公安局鼓楼区分局,2001.02.14-2011.02.12,九又四分之三信贷中心,1452975.68,120,二手房交易,等额本息
IMG_02778,loan_2482/face_signing.jpg,LN2024002482,,0,,赵勇,男,汉族,1989-01-26,四川省成都市锦江区 威尼斯水城 20栋3单元2172室,510104198901260051,锦江区公安局锦江区分局,2007.01.22-2017.01.19,提瓦特小额贷款,93984.59,24,购买新能源汽车,等额本金
IMG_02779,loan_2483/face_signing.jpg,LN2024002483,,0,,吴娟,女,汉族,1966-01-21,浙江省杭州市上城区 御景半岛 5栋3单元1403室,330102196601216264,上城区公安局上城区分局,1984.01.17-1994.01.14,昆仑数字科技有限公司,167074.05,6,购买新能源汽车,先息后本
IMG_02780,loan_2484/face_signing.jpg,LN2024002484,,0,,何浩,男,汉族,1977-02-08,海南省海口市龙华区 枫林晚居 1栋4单元1738室,460106197702080078,龙华区公安局龙华区分局,1995.02.04-2005.02.01,夏尔农业信贷,988632.31,24,扩大生产,等额本金
IMG_02781,loan_2485/face_signing.jpg,LN2024002485,,0,,赵宇,男,汉族,1974-09-28,重庆市重庆市渝中区 御景半岛 15栋3单元912室,50010319740928725X,渝中区公安局渝中区分局,1992.09.23-2002.09.21,琅琊商业银行,3822219.84,240,企业流动资金,等额本息
IMG_02782,loan_2486/face_signing.jpg,LN2024002486,,0,,吴婷,女,汉族,1973-01-28,四川省成都市武侯区 绿地新江湾 15栋5单元858室,510107197301288223,武侯区公安局武侯区分局,1991.01.24-2001.01.21,星火基地普惠金融,118005.55,3,购买燃油车,一次性还本付息
IMG_02783,loan_2487/face_signing.jpg,LN2024002487,,0,,林雪,女,汉族,1964-10-16,江苏省苏州市虎丘区 融创壹号院 16栋2单元2050室,320505196410161845,虎丘区公安局虎丘区分局,1982.10.12-1992.10.09,艾泽拉斯数字科技,186814.88,3,购买新能源汽车,先息后本
IMG_02784,loan_2488/face_signing.jpg,LN2024002488,,0,,周敏,女,汉族,1965-04-16,重庆市重庆市渝中区 香榭丽舍 6栋5单元1020室,500103196504168764,渝中区公安局渝中区分局,1983.04.12-1993.04.09,提瓦特小额贷款,186290.34,6,购买燃油车,先息后本
IMG_02785,loan_2489/face_signing.jpg,LN2024002489,,0,,杨娟,女,汉族,1991-04-19,河南省郑州市金水区 中央公园 4栋1单元2444室,410105199104194482,金水区公安局金水区分局,2009.04.14-2019.04.12,霍格沃茨魔法银行,4846054.27,240,二手房交易,等额本息
IMG_02786,loan_2490/face_signing.jpg,LN2024002490,,0,,王建,男,汉族,2001-01-04,江苏省苏州市虎丘区 悦海名邸 20栋1单元837室,320505200101048856,虎丘区公安局虎丘区分局,2018.12.31-2028.12.28,新亚特兰蒂斯商业银行,168162.17,6,购买新能源汽车,先息后本
IMG_02787,loan_2491/face_signing.jpg,LN2024002491,,0,,李雪,女,汉族,1994-02-07,安徽省合肥市庐阳区 锦绣家园 15栋1单元1559室,340103199402077304,庐阳区公安局庐阳区分局,2012.02.03-2022.01.31,阿卡姆消费金融,559955.19,360,扩大生产,按月付息，到期还本
IMG_02788,loan_2492/face_signing.jpg,LN2024002492,,0,,郭晨,男,汉族,1961-02-23,福建省福州市鼓楼区 融创壹号院 17栋6单元829室,350102196102232212,鼓楼区公安局鼓楼区分局,1979.02.19-1989.02.16,夏尔农业信贷,603871.47,120,二手房交易,等额本金
IMG_02789,loan_2493/face_signing.jpg,LN2024002493,,0,,刘磊,男,汉族,1969-06-14,海南省海口市龙华区 御景半岛 8栋3单元1046室,460106196906145799,龙华区公安局龙华区分局,1987.06.10-1997.06.07,赛博城消费金融有限公司,134424.53,12,购买新能源汽车,等额本息
IMG_02790,loan_2494/face_signing.jpg,LN2024002494,,0,,黄伟,男,汉族,1971-02-22,江西省南昌市东湖区 悦海名邸 17栋6单元1273室,360102197102229570,东湖区公安局东湖区分局,1989.02.17-1999.02.15,新亚特兰蒂斯商业银行,121010.96,60,购买燃油车,等额本息
IMG_02791,loan_2495/face_signing.jpg,LN2024002495,,0,,林丽,女,汉族,1991-11-16,江苏省无锡市新吴区 御景半岛 4栋6单元2361室,320214199111162569,新吴区公安局新吴区分局,2009.11.11-2019.11.09,瓦坎达信贷中心,39092.29,3,购买家电,先息后本
IMG_02792,loan_2496/face_signing.jpg,LN2024002496,,0,,周梓轩,女,汉族,1998-03-11,重庆市重庆市九龙坡区 阳光100 1栋4单元1494室,500107199803110449,九龙坡区公安局九龙坡区分局,2016.03.06-2026.03.04,哥谭市小额贷款中心,1804841.34,360,企业流动资金,等额本息
IMG_02793,loan_2497/face_signing.jpg,LN2024002497,,0,,罗晨,女,汉族,1998-09-18,上海市上海市黄浦区 枫林晚居 3栋5单元2456室,310101199809184680,黄浦区公安局黄浦区分局,2016.09.13-2026.09.11,阿卡姆消费金融,186078.47,12,房屋装修,等额本息
IMG_02794,loan_2498/face_signing.jpg,LN2024002498,,0,,罗涛,男,汉族,1967-01-26,上海市上海市浦东新区 枫林晚居 19栋6单元1564室,310115196701267470,浦东新区公安局浦东新区分局,1985.01.21-1995.01.19,艾泽拉斯数字科技,211615.79,24,购买燃油车,等额本金
IMG_02795,loan_2499/face_signing.jpg,LN2024002499,,0,,郭平,男,彝族,1982-10-31,江苏省苏州市虎丘区 翠湖雅苑 9栋6单元442室,320505198210317453,虎丘区公安局虎丘区分局,2000.10.26-2010.10.24,昆仑数字科技有限公司,2590070.7,360,企业流动资金,按月付息，到期还本
IMG_02796,loan_2500/face_signing.jpg,LN2024002500,,0,,周建,男,藏族,1993-07-02,陕西省西安市新城区 中央公园 8栋3单元1743室,610102199307024254,新城区公安局新城区分局,2011.06.28-2021.06.25,新亚特兰蒂斯商业银行,3708791.53,240,二手房交易,等额本息
IMG_02797,loan_2501/face_signing.jpg,LN2024002501,,0,,何晨,男,汉族,1979-12-25,山东省青岛市崂山区 龙腾盛世 18栋5单元1248室,370212197912259333,崂山区公安局崂山区分局,1997.12.20-2007.12.18,星火基地普惠金融,630673.97,36,二手房交易,等额本息
IMG_02798,loan_2502/face_signing.jpg,LN2024002502,,0,,陈慧,女,汉族,1993-04-12,湖南省长沙市岳麓区 东方曼哈顿 17栋1单元602室,430104199304128065,岳麓区公安局岳麓区分局,2011.04.08-2021.04.05,木叶村消费金融,172323.43,36,购买新能源汽车,按月付息，到期还本
IMG_02799,loan_2503/face_signing.jpg,LN2024002503,,0,,郭志强,男,汉族,1979-08-11,安徽省合肥市庐阳区 绿地新江湾 1栋1单元1708室,34010319790811613X,庐阳区公安局庐阳区分局,1997.08.06-2007.08.04,九又四分之三信贷中心,20688.6,6,医疗,一次性还本付息
IMG_02800,loan_2504/face_signing.jpg,LN2024002504,,0,,郭敏,女,汉族,1981-11-18,江苏省南京市玄武区 东方曼哈顿 15栋3单元2272室,320102198111188149,玄武区公安局玄武区分局,1999.11.14-2009.11.11,九又四分之三信贷中心,44115.47,6,教育进修,一次性还本付息
IMG_02801,loan_2505/face_signing.jpg,LN2024002505,,0,,何杰,男,汉族,1972-02-18,江西省南昌市东湖区 锦绣家园 16栋2单元2030室,360102197202181076,东湖区公安局东湖区分局,1990.02.13-2000.02.11,艾泽拉斯数字科技,879644.01,240,扩大生产,按月付息，到期还本
IMG_02802,loan_2506/face_signing.jpg,LN2024002506,,0,,王涛,男,汉族,2007-09-22,福建省福州市鼓楼区 威尼斯水城 10栋3单元1294室,350102200709222538,鼓楼区公安局鼓楼区分局,2025.09.17-2035.09.15,提瓦特小额贷款,195145.4,6,购买新能源汽车,一次性还本付息
IMG_02803,loan_2507/face_signing.jpg,LN2024002507,,0,,马华,女,汉族,1983-02-06,河南省郑州市金水区 龙腾盛世 8栋6单元2073室,410105198302066604,金水区公安局金水区分局,2001.02.01-2011.01.30,霍格沃茨魔法银行,1164595.68,360,购房首付,按月付息，到期还本
IMG_02804,loan_2508/face_signing.jpg,LN2024002508,,0,,刘芳,女,汉族,2004-01-20,河南省郑州市金水区 香榭丽舍 20栋4单元2186室,410105200401207345,金水区公安局金水区分局,2022.01.15-2032.01.13,赛博城消费金融有限公司,658719.56,60,二手房交易,等额本金
IMG_02805,loan_2509/face_signing.jpg,LN2024002509,,0,,徐磊,男,汉族,1998-09-19,湖南省长沙市芙蓉区 阳光100 18栋1单元1576室,430102199809194954,芙蓉区公安局芙蓉区分局,2016.09.14-2026.09.12,昆仑数字科技有限公司,112600.09,3,购买燃油车,先息后本
IMG_02806,loan_2510/face_signing.jpg,LN2024002510,,0,,杨梓轩,男,汉族,1961-05-17,贵州省贵阳市云岩区 枫林晚居 16栋3单元1060室,520103196105176912,云岩区公安局云岩区分局,1979.05.13-1989.05.10,哥谭市小额贷款中心,329255.89,24,二手房交易,按月付息，到期还本
IMG_02807,loan_2511/face_signing.jpg,LN2024002511,,0,,黄敏,女,汉族,2008-02-14,天津市天津市东丽区 中央公园 14栋1单元137室,120110200802146266,东丽区公安局东丽区分局,2026.02.09-2036.02.07,阿卡姆消费金融,175150.54,60,房屋装修,等额本金
IMG_02808,loan_2512/face_signing.jpg,LN2024002512,,0,,王梓轩,女,汉族,1977-03-29,浙江省杭州市西湖区 御景半岛 20栋3单元189室,330106197703290748,西湖区公安局西湖区分局,1995.03.25-2005.03.22,昆仑数字科技有限公司,59780.65,12,婚庆,等额本息
IMG_02809,loan_2513/face_signing.jpg,LN2024002513,,0,,朱雪,女,汉族,1963-02-03,天津市天津市和平区 御景半岛 16栋3单元1386室,120101196302037383,和平区公安局和平区分局,1981.01.29-1991.01.27,新亚特兰蒂斯商业银行,162554.11,6,婚庆,一次性还本付息
IMG_02810,loan_2514/face_signing.jpg,LN2024002514,,0,,马涛,男,汉族,1962-12-04,广东省广州市天河区 威尼斯水城 10栋4单元636室,440106196212048915,天河区公安局天河区分局,1980.11.29-1990.11.27,夏尔农业信贷,2237716.7,240,购房首付,等额本金
IMG_02811,loan_2515/face_signing.jpg,LN2024002515,,0,,陈涛,男,苗族,1998-01-30,北京市北京市东城区 香榭丽舍 15栋5单元2064室,110101199801303158,东城区公安局东城区分局,2016.01.26-2026.01.23,琅琊商业银行,1957730.66,240,购房首付,等额本金
IMG_02812,loan_2516/face_signing.jpg,LN2024002516,,0,,杨磊,男,汉族,1992-08-11,湖南省长沙市岳麓区 香榭丽舍 11栋5单元1218室,430104199208111618,岳麓区公安局岳麓区分局,2010.08.07-2020.08.04,赛博城消费金融有限公司,78143.79,6,购买燃油车,一次性还本付息
IMG_02813,loan_2517/face_signing.jpg,LN2024002517,,0,,高文,女,汉族,1999-10-15,广东省深圳市福田区 星河湾畔 1栋5单元1085室,440304199910157280,福田区公安局福田区分局,2017.10.10-2027.10.08,哥谭市小额贷款中心,299995.03,36,购买新能源汽车,等额本息
IMG_02814,loan_2518/face_signing.jpg,LN2024002518,,0,,黄梓轩,女,汉族,1980-12-03,陕西省西安市雁塔区 翠湖雅苑 17栋3单元680室,610113198012033369,雁塔区公安局雁塔区分局,1998.11.29-2008.11.26,提瓦特小额贷款,86102.27,6,购买燃油车,先息后本
IMG_02815,loan_2519/face_signing.jpg,LN2024002519,,0,,徐丽,女,汉族,2005-04-29,浙江省杭州市西湖区 碧水云天 18栋4单元2320室,330106200504291101,西湖区公安局西湖区分局,2023.04.25-2033.04.22,霍格沃茨魔法银行,4714302.81,120,二手房交易,按月付息，到期还本
IMG_02816,loan_2520/face_signing.jpg,LN2024002520,,0,,胡建国,男,汉族,1984-08-05,安徽省合肥市庐阳区 东方曼哈顿 6栋3单元703室,34010319840805589X,庐阳区公安局庐阳区分局,2002.08.01-2012.07.29,木叶村消费金融,29865.19,12,旅游,等额本息
IMG_02817,loan_2521/face_signing.jpg,LN2024002521,,0,,胡梓轩,女,汉族,1992-10-27,上海市上海市黄浦区 碧水云天 16栋4单元466室,310101199210270742,黄浦区公安局黄浦区分局,2010.10.23-2020.10.20,九又四分之三信贷中心,482372.32,24,二手房交易,等额本金
IMG_02818,loan_2522/face_signing.jpg,LN2024002522,,0,,罗华,男,汉族,1968-05-18,北京市北京市朝阳区 威尼斯水城 19栋5单元477室,110105196805188857,朝阳区公安局朝阳区分局,1986.05.14-1996.05.11,夏尔农业信贷,30750.13,3,日常消费,一次性还本付息
IMG_02819,loan_2523/face_signing.jpg,LN2024002523,,0,,刘梓轩,男,汉族,1972-08-28,河南省郑州市金水区 枫林晚居 13栋5单元1306室,410105197208284993,金水区公安局金水区分局,1990.08.24-2000.08.21,星火基地普惠金融,1196141.96,120,企业流动资金,等额本息
IMG_02820,loan_2524/face_signing.jpg,LN2024002524,,0,,赵浩,男,汉族,1963-01-27,陕西省西安市新城区 普罗旺斯 20栋5单元1196室,610102196301277994,新城区公安局新城区分局,1981.01.22-1991.01.20,哥谭市小额贷款中心,1580319.22,120,企业流动资金,按月付息，到期还本
IMG_02821,loan_2525/face_signing.jpg,LN2024002525,,0,,罗宇,男,汉族,1977-09-25,四川省成都市武侯区 翠湖雅苑 3栋4单元645室,510107197709257535,武侯区公安局武侯区分局,1995.09.21-2005.09.18,霍格沃茨魔法银行,1673745.94,120,二手房交易,等额本金
IMG_02822,loan_2526/face_signing.jpg,LN2024002526,,0,,陈宇,男,汉族,1970-11-30,浙江省宁波市海曙区 融创壹号院 13栋4单元2471室,330203197011308798,海曙区公安局海曙区分局,1988.11.25-1998.11.23,赛博城消费金融有限公司,121550.21,36,婚庆,等额本金
IMG_02823,loan_2527/face_signing.jpg,LN2024002527,,0,,郭敏,女,汉族,1974-03-03,北京市北京市海淀区 融创壹号院 14栋1单元904室,110108197403036002,海淀区公安局海淀区分局,1992.02.27-2002.02.24,提瓦特小额贷款,1059449.83,240,二手房交易,等额本息
IMG_02824,loan_2528/face_signing.jpg,LN2024002528,,0,,郭佳,女,满族,1982-02-25,江苏省无锡市新吴区 御景半岛 5栋6单元1851室,320214198202255141,新吴区公安局新吴区分局,2000.02.21-2010.02.18,琅琊商业银行,394814.23,24,扩大生产,等额本息
IMG_02825,loan_2529/face_signing.jpg,LN2024002529,,0,,何超,男,汉族,1963-05-15,浙江省杭州市上城区 翠湖雅苑 4栋1单元1597室,330102196305156252,上城区公安局上城区分局,1981.05.10-1991.05.08,阿卡姆消费金融,1157300.18,240,二手房交易,等额本金
IMG_02826,loan_2530/face_signing.jpg,LN2024002530,,0,,李建国,男,汉族,1969-03-11,陕西省西安市新城区 融创壹号院 15栋3单元1497室,610102196903110454,新城区公安局新城区分局,1987.03.07-1997.03.04,瓦坎达信贷中心,68594.11,3,购买新能源汽车,一次性还本付息
IMG_02827,loan_2531/face_signing.jpg,LN2024002531,,0,,王静,女,汉族,2002-02-14,天津市天津市东丽区 龙腾盛世 2栋5单元2482室,120110200202141162,东丽区公安局东丽区分局,2020.02.10-2030.02.07,木叶村消费金融,121552.89,60,购买燃油车,等额本金
IMG_02828,loan_2532/face_signing.jpg,LN2024002532,,0,,孙燕,女,汉族,1993-09-27,北京市北京市朝阳区 悦海名邸 17栋3单元766室,110105199309271129,朝阳区公安局朝阳区分局,2011.09.23-2021.09.20,夏尔农业信贷,889085.18,60,企业流动资金,等额本息
IMG_02829,loan_2533/face_signing.jpg,LN2024002533,,0,,胡杰,男,汉族,2001-02-20,北京市北京市海淀区 御景半岛 11栋2单元597室,110108200102208274,海淀区公安局海淀区分局,2019.02.16-2029.02.13,九又四分之三信贷中心,462562.89,60,二手房交易,等额本息
IMG_02830,loan_2534/face_signing.jpg,LN2024002534,,0,,王浩,女,汉族,1982-08-08,新疆维吾尔自治区乌鲁木齐市天山区 中央公园 2栋1单元2270室,650102198208089303,天山区公安局天山区分局,2000.08.03-2010.08.01,木叶村消费金融,682003.65,24,购房首付,按月付息，到期还本
IMG_02831,loan_2535/face_signing.jpg,LN2024002535,,0,,杨芳,女,汉族,1980-07-26,广东省广州市荔湾区 翠湖雅苑 16栋4单元482室,440103198007269524,荔湾区公安局荔湾区分局,1998.07.22-2008.07.19,昆仑数字科技有限公司,4683852.59,240,二手房交易,等额本息
IMG_02832,loan_2536/face_signing.jpg,LN2024002536,,0,,刘华,男,汉族,1997-11-26,湖南省长沙市岳麓区 绿地新江湾 18栋1单元320室,430104199711263459,岳麓区公安局岳麓区分局,2015.11.22-2025.11.19,夏尔农业信贷,1709760.23,240,购房首付,等额本金
IMG_02833,loan_2537/face_signing.jpg,LN2024002537,,0,,赵婷,女,汉族,1981-03-11,四川省成都市武侯区 锦绣家园 11栋5单元1472室,51010719810311688X,武侯区公安局武侯区分局,1999.03.07-2009.03.04,潘多拉普惠金融,4279660.08,120,购房首付,等额本息
IMG_02834,loan_2538/face_signing.jpg,LN2024002538,,0,,胡慧,女,汉族,1969-05-17,北京市北京市东城区 锦绣家园 3栋3单元1836室,110101196905175687,东城区公安局东城区分局,1987.05.13-1997.05.10,新亚特兰蒂斯商业银行,81037.49,3,房屋装修,先息后本
IMG_02835,loan_2539/face_signing.jpg,LN2024002539,,0,,王雪,女,汉族,2008-03-15,浙江省杭州市上城区 阳光100 20栋2单元2020室,330102200803156668,上城区公安局上城区分局,2026.03.11-2036.03.08,瓦坎达信贷中心,4466255.15,120,企业流动资金,按月付息，到期还本
IMG_02836,loan_2540/face_signing.jpg,LN2024002540,,0,,黄娜,女,汉族,1995-12-29,湖南省长沙市岳麓区 绿地新江湾 15栋5单元287室,430104199512297285,岳麓区公安局岳麓区分局,2013.12.24-2023.12.22,潘多拉普惠金融,57017.56,6,房屋装修,先息后本
IMG_02837,loan_2541/face_signing.jpg,LN2024002541,,0,,赵晨,男,汉族,2006-10-27,湖北省武汉市江岸区 融创壹号院 19栋1单元530室,420102200610270351,江岸区公安局江岸区分局,2024.10.22-2034.10.20,艾泽拉斯数字科技,2007114.11,120,企业流动资金,等额本金
IMG_02838,loan_2542/face_signing.jpg,LN2024002542,,0,,黄娟,女,汉族,1964-06-02,天津市天津市和平区 锦绣家园 19栋5单元292室,120101196406026005,和平区公安局和平区分局,1982.05.29-1992.05.26,瓦坎达信贷中心,192522.79,12,房屋装修,等额本息
IMG_02839,loan_2543/face_signing.jpg,LN2024002543,,0,,李子涵,女,汉族,1977-10-19,江苏省南京市玄武区 威尼斯水城 16栋1单元1033室,320102197710196840,玄武区公安局玄武区分局,1995.10.15-2005.10.12,阿卡姆消费金融,113578.04,12,房屋装修,按月付息，到期还本
IMG_02840,loan_2544/face_signing.jpg,LN2024002544,,0,,何佳,女,汉族,1971-07-11,湖南省长沙市岳麓区 普罗旺斯 19栋3单元2407室,430104197107113340,岳麓区公安局岳麓区分局,1989.07.06-1999.07.04,提瓦特小额贷款,110015.36,12,婚庆,等额本金
IMG_02841,loan_2545/face_signing.jpg,LN2024002545,,0,,朱建,女,汉族,1991-12-08,新疆维吾尔自治区乌鲁木齐市天山区 紫金华府 13栋2单元977室,650102199112083745,天山区公安局天山区分局,2009.12.03-2019.12.01,星火基地普惠金融,934274.27,60,扩大生产,等额本金
IMG_02842,loan_2546/face_signing.jpg,LN2024002546,,0,,林杰,男,汉族,1978-01-04,浙江省宁波市海曙区 碧水云天 7栋4单元1537室,330203197801040271,海曙区公安局海曙区分局,1995.12.31-2005.12.28,潘多拉普惠金融,122786.1,6,房屋装修,先息后本
IMG_02843,loan_2547/face_signing.jpg,LN2024002547,,0,,赵浩,女,汉族,1988-01-15,浙江省杭州市西湖区 融创壹号院 1栋6单元1155室,330106198801158622,西湖区公安局西湖区分局,2006.01.10-2016.01.08,新亚特兰蒂斯商业银行,704391.53,36,扩大生产,按月付息，到期还本
IMG_02844,loan_2548/face_signing.jpg,LN2024002548,,0,,陈婷,女,汉族,1999-06-11,广东省深圳市福田区 星河湾畔 18栋3单元1526室,440304199906116988,福田区公安局福田区分局,2017.06.06-2027.06.04,潘多拉普惠金融,16518.98,3,教育进修,先息后本
IMG_02845,loan_2549/face_signing.jpg,LN2024002549,,0,,高丽,女,汉族,1973-12-11,上海市上海市黄浦区 锦绣华庭 18栋5单元193室,310101197312110900,黄浦区公安局黄浦区分局,1991.12.07-2001.12.04,霍格沃茨魔法银行,3539497.48,120,购房首付,按月付息，到期还本
IMG_02846,loan_2550/face_signing.jpg,LN2024002550,,0,,马秀,女,汉族,1996-01-18,广东省深圳市福田区 香榭丽舍 14栋4单元573室,44030419960118930X,福田区公安局福田区分局,2014.01.13-2024.01.11,艾泽拉斯数字科技,2736744.46,360,购房首付,等额本金
IMG_02847,loan_2551/face_signing.jpg,LN2024002551,,0,,张文,男,汉族,1994-06-05,浙江省杭州市上城区 枫林晚居 17栋3单元1284室,330102199406050418,上城区公安局上城区分局,2012.05.31-2022.05.29,九又四分之三信贷中心,191302.52,12,婚庆,按月付息，到期还本
IMG_02848,loan_2552/face_signing.jpg,LN2024002552,,0,,黄婷,女,汉族,2002-12-16,浙江省杭州市西湖区 香榭丽舍 5栋6单元2251室,330106200212168347,西湖区公安局西湖区分局,2020.12.11-2030.12.09,木叶村消费金融,131719.32,3,购买燃油车,一次性还本付息
IMG_02849,loan_2553/face_signing.jpg,LN2024002553,,0,,马婷,女,汉族,1987-09-01,湖北省武汉市武昌区 碧水云天 19栋1单元1446室,420106198709017829,武昌区公安局武昌区分局,2005.08.27-2015.08.25,提瓦特小额贷款,66813.8,12,购买燃油车,等额本息
IMG_02850,loan_2554/face_signing.jpg,LN2024002554,,0,,胡宇,男,汉族,1965-10-02,江苏省苏州市虎丘区 悦海名邸 12栋4单元507室,320505196510025058,虎丘区公安局虎丘区分局,1983.09.28-1993.09.25,新亚特兰蒂斯商业银行,658231.65,24,购房首付,等额本息
IMG_02851,loan_2555/face_signing.jpg,LN2024002555,,0,,张志强,男,汉族,1999-01-15,江苏省南京市鼓楼区 悦海名邸 14栋3单元157室,320106199901153370,鼓楼区公安局鼓楼区分局,2017.01.10-2027.01.08,木叶村消费金融,113368.45,24,购买新能源汽车,等额本金
IMG_02852,loan_2556/face_signing.jpg,LN2024002556,,0,,徐建,男,汉族,1989-05-02,上海市上海市浦东新区 绿地新江湾 1栋2单元655室,310115198905025915,浦东新区公安局浦东新区分局,2007.04.28-2017.04.25,霍格沃茨魔法银行,154157.88,6,婚庆,一次性还本付息
IMG_02853,loan_2557/face_signing.jpg,LN2024002557,,0,,李佳,女,汉族,1998-08-15,江苏省苏州市虎丘区 锦绣家园 3栋3单元765室,320505199808159407,虎丘区公安局虎丘区分局,2016.08.10-2026.08.08,琅琊商业银行,146026.99,12,婚庆,等额本息
IMG_02854,loan_2558/face_signing.jpg,LN2024002558,,0,,何平,男,汉族,1989-03-19,湖北省武汉市武昌区 普罗旺斯 10栋4单元1382室,420106198903192591,武昌区公安局武昌区分局,2007.03.15-2017.03.12,赛博城消费金融有限公司,120628.95,12,婚庆,等额本金
IMG_02855,loan_2559/face_signing.jpg,LN2024002559,,0,,吴静,女,彝族,1969-04-24,陕西省西安市新城区 枫林晚居 3栋6单元1369室,610102196904245326,新城区公安局新城区分局,1987.04.20-1997.04.17,阿卡姆消费金融,113154.67,12,购买燃油车,按月付息，到期还本
IMG_02856,loan_2560/face_signing.jpg,LN2024002560,,0,,罗秀,女,汉族,1970-10-23,浙江省杭州市西湖区 龙腾盛世 12栋3单元1153室,330106197010238760,西湖区公安局西湖区分局,1988.10.18-1998.10.16,新亚特兰蒂斯商业银行,416885.25,60,二手房交易,等额本息
IMG_02857,loan_2561/face_signing.jpg,LN2024002561,,0,,李雪,女,汉族,1996-06-28,山东省青岛市崂山区 碧水云天 17栋2单元714室,370212199606281582,崂山区公安局崂山区分局,2014.06.24-2024.06.21,琅琊商业银行,962139.54,60,购房首付,按月付息，到期还本
IMG_02858,loan_2562/face_signing.jpg,LN2024002562,,0,,杨文,女,维吾尔族,1964-08-29,天津市天津市东丽区 御景半岛 6栋5单元1818室,120110196408293146,东丽区公安局东丽区分局,1982.08.25-1992.08.22,阿卡姆消费金融,3505434.39,360,二手房交易,等额本息
IMG_02859,loan_2563/face_signing.jpg,LN2024002563,,0,,王宇,男,汉族,1961-12-02,江西省南昌市东湖区 锦绣华庭 4栋5单元1219室,360102196112027679,东湖区公安局东湖区分局,1979.11.28-1989.11.25,提瓦特小额贷款,2991591.74,120,二手房交易,等额本金
IMG_02860,loan_2564/face_signing.jpg,LN2024002564,,0,,罗勇,男,汉族,1977-10-01,上海市上海市浦东新区 中央公园 9栋2单元2136室,310115197710014074,浦东新区公安局浦东新区分局,1995.09.27-2005.09.24,哥谭市小额贷款中心,182463.15,12,房屋装修,按月付息，到期还本
IMG_02861,loan_2565/face_signing.jpg,LN2024002565,,0,,李雪,女,汉族,1965-03-26,贵州省贵阳市云岩区 东方曼哈顿 14栋5单元415室,520103196503267246,云岩区公安局云岩区分局,1983.03.22-1993.03.19,提瓦特小额贷款,1885861.6,360,购房首付,等额本息
IMG_02862,loan_2566/face_signing.jpg,LN2024002566,,0,,胡明,男,汉族,1978-09-07,广东省深圳市福田区 阳光100 2栋2单元1130室,44030419780907131X,福田区公安局福田区分局,1996.09.02-2006.08.31,昆仑数字科技有限公司,1131117.58,240,二手房交易,等额本息
IMG_02863,loan_2567/face_signing.jpg,LN2024002567,,0,,孙婷,女,汉族,2007-11-01,浙江省杭州市西湖区 枫林晚居 15栋2单元281室,330106200711018802,西湖区公安局西湖区分局,2025.10.27-2035.10.25,瓦坎达信贷中心,928628.4,36,扩大生产,等额本金
IMG_02864,loan_2568/face_signing.jpg,LN2024002568,,0,,陈杰,男,汉族,2007-06-03,江苏省南京市玄武区 普罗旺斯 11栋4单元791室,320102200706030332,玄武区公安局玄武区分局,2025.05.29-2035.05.27,星火基地普惠金融,150137.96,3,购买燃油车,一次性还本付息
IMG_02865,loan_2569/face_signing.jpg,LN2024002569,,0,,吴浩,男,汉族,1990-06-16,上海市上海市浦东新区 碧水云天 2栋5单元2244室,310115199006160915,浦东新区公安局浦东新区分局,2008.06.11-2018.06.09,昆仑数字科技有限公司,164779.94,6,购买燃油车,一次性还本付息
IMG_02866,loan_2570/face_signing.jpg,LN2024002570,,0,,黄丽,女,回族,2006-03-16,广东省广州市荔湾区 绿地新江湾 18栋2单元532室,440103200603160365,荔湾区公安局荔湾区分局,2024.03.11-2034.03.09,夏尔农业信贷,84845.32,3,房屋装修,一次性还本付息
IMG_02867,loan_2571/face_signing.jpg,LN2024002571,,0,,朱建国,男,汉族,2008-06-11,陕西省西安市新城区 紫金华府 15栋2单元1237室,610102200806118875,新城区公安局新城区分局,2026.06.07-2036.06.04,艾泽拉斯数字科技,3299818.18,360,二手房交易,按月付息，到期还本
IMG_02868,loan_2572/face_signing.jpg,LN2024002572,,0,,黄建,男,维吾尔族,1998-01-10,重庆市重庆市九龙坡区 悦海名邸 7栋2单元1389室,500107199801100810,九龙坡区公安局九龙坡区分局,2016.01.06-2026.01.03,提瓦特小额贷款,359741.53,24,购房首付,按月付息，到期还本
IMG_02869,loan_2573/face_signing.jpg,LN2024002573,,0,,黄平,女,满族,1981-03-10,浙江省宁波市海曙区 东方曼哈顿 16栋6单元2271室,330203198103106928,海曙区公安局海曙区分局,1999.03.06-2009.03.03,瓦坎达信贷中心,101718.97,24,婚庆,等额本息
IMG_02870,loan_2574/face_signing.jpg,LN2024002574,,0,,郭芳,女,汉族,1997-12-13,江西省南昌市东湖区 枫林晚居 12栋4单元899室,360102199712138720,东湖区公安局东湖区分局,2015.12.09-2025.12.06,九又四分之三信贷中心,4795158.87,240,二手房交易,按月付息，到期还本
IMG_02871,loan_2575/face_signing.jpg,LN2024002575,,0,,杨宇,女,汉族,2000-10-29,江西省南昌市东湖区 枫林晚居 18栋4单元449室,360102200010294740,东湖区公安局东湖区分局,2018.10.25-2028.10.22,阿卡姆消费金融,111212.0,6,购买燃油车,一次性还本付息
IMG_02872,loan_2576/face_signing.jpg,LN2024002576,,0,,罗宇,男,汉族,2004-01-30,浙江省杭州市西湖区 融创壹号院 1栋6单元1520室,330106200401309495,西湖区公安局西湖区分局,2022.01.25-2032.01.23,潘多拉普惠金融,195368.76,3,婚庆,先息后本
IMG_02873,loan_2577/face_signing.jpg,LN2024002577,,0,,朱敏,女,汉族,1968-08-27,陕西省西安市雁塔区 绿地新江湾 15栋3单元640室,610113196808270766,雁塔区公安局雁塔区分局,1986.08.23-1996.08.20,阿卡姆消费金融,170839.81,60,房屋装修,等额本息
IMG_02874,loan_2578/face_signing.jpg,LN2024002578,,0,,胡平,女,汉族,2006-06-13,北京市北京市朝阳区 锦绣华庭 9栋2单元1423室,110105200606136789,朝阳区公安局朝阳区分局,2024.06.08-2034.06.06,九又四分之三信贷中心,199205.92,6,婚庆,先息后本
IMG_02875,loan_2579/face_signing.jpg,LN2024002579,,0,,林建国,男,汉族,1980-06-11,浙江省宁波市海曙区 锦绣华庭 16栋3单元2444室,330203198006118935,海曙区公安局海曙区分局,1998.06.07-2008.06.04,昆仑数字科技有限公司,720885.44,24,扩大生产,等额本息
IMG_02876,loan_2580/face_signing.jpg,LN2024002580,,0,,陈磊,男,汉族,1972-10-29,四川省成都市锦江区 紫金华府 20栋4单元434室,510104197210297678,锦江区公安局锦江区分局,1990.10.25-2000.10.22,夏尔农业信贷,170796.94,60,婚庆,等额本金
IMG_02877,loan_2581/face_signing.jpg,LN2024002581,,0,,刘娟,女,汉族,1989-06-23,福建省厦门市思明区 融创壹号院 9栋5单元147室,350203198906236383,思明区公安局思明区分局,2007.06.19-2017.06.16,夏尔农业信贷,121651.23,6,购买燃油车,先息后本
IMG_02878,loan_2582/face_signing.jpg,LN2024002582,,0,,赵建国,男,汉族,1986-08-21,江苏省无锡市新吴区 东方曼哈顿 14栋1单元1739室,320214198608212635,新吴区公安局新吴区分局,2004.08.16-2014.08.14,赛博城消费金融有限公司,152938.48,12,婚庆,等额本息
IMG_02879,loan_2583/face_signing.jpg,LN2024002583,,0,,高超,男,汉族,2004-02-04,安徽省合肥市庐阳区 悦海名邸 10栋6单元906室,340103200402040136,庐阳区公安局庐阳区分局,2022.01.30-2032.01.28,夏尔农业信贷,191349.23,6,婚庆,先息后本
IMG_02880,loan_2584/face_signing.jpg,LN2024002584,,0,,张晨,男,汉族,1983-05-09,新疆维吾尔自治区乌鲁木齐市天山区 龙腾盛世 2栋2单元1008室,650102198305099538,天山区公安局天山区分局,2001.05.04-2011.05.02,昆仑数字科技有限公司,966380.82,24,企业流动资金,等额本息
IMG_02881,loan_2585/face_signing.jpg,LN2024002585,,0,,徐文,女,汉族,2004-10-31,重庆市重庆市九龙坡区 阳光100 11栋5单元1487室,500107200410318762,九龙坡区公安局九龙坡区分局,2022.10.27-2032.10.24,木叶村消费金融,539363.56,36,购房首付,等额本息
IMG_02882,loan_2586/face_signing.jpg,LN2024002586,,0,,杨杰,男,汉族,1990-04-11,四川省成都市武侯区 悦海名邸 1栋1单元1028室,510107199004115958,武侯区公安局武侯区分局,2008.04.06-2018.04.04,瓦坎达信贷中心,60443.03,3,婚庆,先息后本
IMG_02883,loan_2587/face_signing.jpg,LN2024002587,,0,,李宇,女,汉族,1978-03-05,湖南省长沙市岳麓区 锦绣家园 10栋4单元1588室,430104197803050988,岳麓区公安局岳麓区分局,1996.02.29-2006.02.26,潘多拉普惠金融,645378.04,60,企业流动资金,等额本息
IMG_02884,loan_2588/face_signing.jpg,LN2024002588,,0,,张芳,女,汉族,1964-05-17,四川省成都市武侯区 锦绣家园 14栋2单元736室,51010719640517738X,武侯区公安局武侯区分局,1982.05.13-1992.05.10,夏尔农业信贷,997021.13,120,企业流动资金,等额本金
IMG_02885,loan_2589/face_signing.jpg,LN2024002589,,0,,吴子涵,男,汉族,2000-02-20,湖北省武汉市江岸区 绿地新江湾 17栋2单元629室,420102200002203518,江岸区公安局江岸区分局,2018.02.15-2028.02.13,木叶村消费金融,181828.64,12,房屋装修,等额本金
IMG_02886,loan_2590/face_signing.jpg,LN2024002590,,0,,何子涵,女,汉族,1995-04-09,浙江省杭州市西湖区 东方曼哈顿 11栋5单元2432室,330106199504099149,西湖区公安局西湖区分局,2013.04.04-2023.04.02,哥谭市小额贷款中心,379535.1,36,二手房交易,按月付息，到期还本
IMG_02887,loan_2591/face_signing.jpg,LN2024002591,,0,,胡华,男,汉族,1965-05-04,上海市上海市浦东新区 绿地新江湾 6栋3单元834室,31011519650504531X,浦东新区公安局浦东新区分局,1983.04.30-1993.04.27,阿卡姆消费金融,4694550.62,120,二手房交易,等额本息
IMG_02888,loan_2592/face_signing.jpg,LN2024002592,,0,,何宇,男,汉族,1990-04-11,湖南省长沙市岳麓区 东方曼哈顿 19栋6单元1856室,430104199004113419,岳麓区公安局岳麓区分局,2008.04.06-2018.04.04,潘多拉普惠金融,137453.68,60,房屋装修,等额本金
IMG_02889,loan_2593/face_signing.jpg,LN2024002593,,0,,王晨,男,汉族,1997-02-26,湖北省武汉市江岸区 威尼斯水城 6栋4单元747室,420102199702268093,江岸区公安局江岸区分局,2015.02.22-2025.02.19,艾泽拉斯数字科技,2999610.95,360,购房首付,等额本金
IMG_02890,loan_2594/face_signing.jpg,LN2024002594,,0,,罗文,男,汉族,1997-06-08,湖北省武汉市江岸区 锦绣家园 11栋2单元1831室,420102199706084750,江岸区公安局江岸区分局,2015.06.04-2025.06.01,艾泽拉斯数字科技,439743.88,36,扩大生产,等额本金
IMG_02891,loan_2595/face_signing.jpg,LN2024002595,,0,,王子涵,女,汉族,1988-04-16,北京市北京市东城区 御景半岛 15栋2单元1911室,110101198804169543,东城区公安局东城区分局,2006.04.12-2016.04.09,艾泽拉斯数字科技,28081.11,6,购买家电,先息后本
IMG_02892,loan_2596/face_signing.jpg,LN2024002596,,0,,黄华,男,汉族,1973-04-06,江苏省南京市玄武区 龙腾盛世 13栋3单元2002室,320102197304068915,玄武区公安局玄武区分局,1991.04.02-2001.03.30,木叶村消费金融,1787565.82,360,企业流动资金,按月付息，到期还本
IMG_02893,loan_2597/face_signing.jpg,LN2024002597,,0,,罗芳,女,汉族,2000-12-07,河南省郑州市金水区 锦绣家园 20栋3单元790室,410105200012072328,金水区公安局金水区分局,2018.12.03-2028.11.30,瓦坎达信贷中心,4143595.24,120,企业流动资金,等额本金
IMG_02894,loan_2598/face_signing.jpg,LN2024002598,,0,,刘浩,男,汉族,1988-05-06,江苏省南京市玄武区 融创壹号院 14栋5单元2304室,320102198805065776,玄武区公安局玄武区分局,2006.05.02-2016.04.29,潘多拉普惠金融,2669391.79,360,购房首付,等额本息
IMG_02895,loan_2599/face_signing.jpg,LN2024002599,,0,,张娟,女,汉族,1965-10-23,浙江省杭州市西湖区 翠湖雅苑 15栋2单元2369室,330106196510237145,西湖区公安局西湖区分局,1983.10.19-1993.10.16,星火基地普惠金融,523082.33,24,二手房交易,等额本金
IMG_02896,loan_2600/face_signing.jpg,LN2024002600,,0,,黄浩,女,汉族,1979-12-25,云南省昆明市五华区 星河湾畔 4栋3单元1790室,530102197912254163,五华区公安局五华区分局,1997.12.20-2007.12.18,新亚特兰蒂斯商业银行,549791.61,36,扩大生产,等额本息
IMG_02897,loan_2601/face_signing.jpg,LN2024002601,,0,,罗晨,女,汉族,1990-10-22,江苏省苏州市虎丘区 威尼斯水城 4栋3单元2111室,320505199010221929,虎丘区公安局虎丘区分局,2008.10.17-2018.10.15,夏尔农业信贷,135565.49,12,婚庆,等额本金
IMG_02898,loan_2602/face_signing.jpg,LN2024002602,,0,,吴雪,女,汉族,1973-01-01,福建省福州市鼓楼区 紫金华府 13栋6单元284室,350102197301010641,鼓楼区公安局鼓楼区分局,1990.12.28-2000.12.25,艾泽拉斯数字科技,8445.59,3,教育进修,先息后本
IMG_02899,loan_2603/face_signing.jpg,LN2024002603,,0,,林建国,男,汉族,1992-01-03,浙江省宁波市海曙区 紫金华府 6栋2单元470室,330203199201034272,海曙区公安局海曙区分局,2009.12.29-2019.12.27,艾泽拉斯数字科技,722931.33,60,扩大生产,按月付息，到期还本
IMG_02900,loan_2604/face_signing.jpg,LN2024002604,,0,,徐丽,女,汉族,2004-01-31,重庆市重庆市九龙坡区 香榭丽舍 3栋6单元1298室,500107200401311227,九龙坡区公安局九龙坡区分局,2022.01.26-2032.01.24,木叶村消费金融,898574.85,60,购房首付,等额本金
IMG_02901,loan_2605/face_signing.jpg,LN2024002605,,0,,赵杰,男,汉族,1996-03-21,浙江省杭州市西湖区 绿地新江湾 11栋5单元1036室,330106199603219898,西湖区公安局西湖区分局,2014.03.17-2024.03.14,新亚特兰蒂斯商业银行,3317956.02,120,购房首付,按月付息，到期还本
IMG_02902,loan_2606/face_signing.jpg,LN2024002606,,0,,罗明,男,汉族,1981-05-30,湖南省长沙市岳麓区 普罗旺斯 10栋1单元1844室,430104198105300411,岳麓区公安局岳麓区分局,1999.05.26-2009.05.23,艾泽拉斯数字科技,1718319.69,120,购房首付,等额本金
IMG_02903,loan_2607/face_signing.jpg,LN2024002607,,0,,林明,男,汉族,1967-03-31,湖北省武汉市武昌区 东方曼哈顿 14栋1单元985室,420106196703313572,武昌区公安局武昌区分局,1985.03.26-1995.03.24,提瓦特小额贷款,162623.1,12,房屋装修,等额本息
IMG_02904,loan_2608/face_signing.jpg,LN2024002608,,0,,杨秀,女,汉族,1962-01-10,江苏省南京市鼓楼区 碧水云天 8栋5单元2185室,320106196201109527,鼓楼区公安局鼓楼区分局,1980.01.06-1990.01.03,瓦坎达信贷中心,952238.9,24,购房首付,等额本金
IMG_02905,loan_2609/face_signing.jpg,LN2024002609,,0,,周静,女,汉族,2005-03-28,湖南省长沙市岳麓区 香榭丽舍 18栋4单元779室,430104200503285245,岳麓区公安局岳麓区分局,2023.03.24-2033.03.21,阿卡姆消费金融,394318.83,24,购房首付,等额本息
IMG_02906,loan_2610/face_signing.jpg,LN2024002610,,0,,林丽,女,汉族,1989-12-04,陕西省西安市新城区 悦海名邸 10栋1单元2366室,610102198912047062,新城区公安局新城区分局,2007.11.30-2017.11.27,星火基地普惠金融,70992.76,6,婚庆,一次性还本付息
IMG_02907,loan_2611/face_signing.jpg,LN2024002611,,0,,张静,女,壮族,1981-11-08,北京市北京市海淀区 枫林晚居 2栋3单元1225室,110108198111084103,海淀区公安局海淀区分局,1999.11.04-2009.11.01,瓦坎达信贷中心,4102698.54,240,企业流动资金,按月付息，到期还本
IMG_02908,loan_2612/face_signing.jpg,LN2024002612,,0,,罗军,男,汉族,2000-01-02,天津市天津市和平区 悦海名邸 18栋2单元1858室,120101200001021651,和平区公安局和平区分局,2017.12.28-2027.12.26,琅琊商业银行,166795.34,3,婚庆,先息后本
IMG_02909,loan_2613/face_signing.jpg,LN2024002613,,0,,朱梓轩,女,汉族,1961-04-19,海南省海口市龙华区 锦绣家园 11栋5单元251室,460106196104192745,龙华区公安局龙华区分局,1979.04.15-1989.04.12,星火基地普惠金融,903803.55,60,二手房交易,等额本息
IMG_02910,loan_2614/face_signing.jpg,LN2024002614,,0,,赵华,男,汉族,1977-04-21,浙江省杭州市上城区 威尼斯水城 6栋6单元1049室,330102197704218478,上城区公安局上城区分局,1995.04.17-2005.04.14,昆仑数字科技有限公司,173634.19,12,购买燃油车,按月付息，到期还本
IMG_02911,loan_2615/face_signing.jpg,LN2024002615,,0,,罗娟,女,汉族,2007-09-13,云南省昆明市五华区 枫林晚居 10栋2单元867室,530102200709137345,五华区公安局五华区分局,2025.09.08-2035.09.06,木叶村消费金融,3517722.59,360,企业流动资金,等额本息
IMG_02912,loan_2616/face_signing.jpg,LN2024002616,,0,,刘宇,女,汉族,2004-04-25,山东省济南市历下区 御景半岛 19栋3单元1897室,370102200404254364,历下区公安局历下区分局,2022.04.21-2032.04.18,哥谭市小额贷款中心,4621510.39,360,购房首付,等额本息
IMG_02913,loan_2617/face_signing.jpg,LN2024002617,,0,,赵平,女,汉族,2000-12-06,北京市北京市朝阳区 威尼斯水城 6栋4单元804室,110105200012062508,朝阳区公安局朝阳区分局,2018.12.02-2028.11.29,木叶村消费金融,68101.18,12,婚庆,等额本息
IMG_02914,loan_2618/face_signing.jpg,LN2024002618,,0,,马伟,男,回族,1974-02-03,重庆市重庆市九龙坡区 香榭丽舍 1栋3单元1609室,500107197402039398,九龙坡区公安局九龙坡区分局,1992.01.30-2002.01.27,赛博城消费金融有限公司,2036367.41,120,企业流动资金,等额本息
IMG_02915,loan_2619/face_signing.jpg,LN2024002619,,0,,徐佳,女,汉族,1993-02-04,四川省成都市武侯区 锦绣家园 18栋2单元1103室,510107199302047789,武侯区公安局武侯区分局,2011.01.31-2021.01.28,赛博城消费金融有限公司,653119.75,36,扩大生产,等额本息
IMG_02916,loan_2620/face_signing.jpg,LN2024002620,,0,,朱婷,女,汉族,1991-08-14,云南省昆明市五华区 东方曼哈顿 20栋2单元119室,530102199108146523,五华区公安局五华区分局,2009.08.09-2019.08.07,琅琊商业银行,238730.81,24,婚庆,等额本息
IMG_02917,loan_2621/face_signing.jpg,LN2024002621,,0,,朱伟,男,汉族,1992-10-01,陕西省西安市雁塔区 融创壹号院 8栋3单元172室,610113199210010277,雁塔区公安局雁塔区分局,2010.09.27-2020.09.24,潘多拉普惠金融,140939.41,3,购买燃油车,一次性还本付息
IMG_02918,loan_2622/face_signing.jpg,LN2024002622,,0,,刘平,男,汉族,1988-08-05,陕西省西安市雁塔区 锦绣家园 6栋1单元1972室,61011319880805339X,雁塔区公安局雁塔区分局,2006.08.01-2016.07.29,阿卡姆消费金融,119450.93,12,购买燃油车,等额本息
IMG_02919,loan_2623/face_signing.jpg,LN2024002623,,0,,李子涵,女,汉族,2006-09-26,浙江省杭州市上城区 碧水云天 20栋4单元2077室,330102200609269204,上城区公安局上城区分局,2024.09.21-2034.09.19,夏尔农业信贷,217792.2,24,购买新能源汽车,按月付息，到期还本
IMG_02920,loan_2624/face_signing.jpg,LN2024002624,,0,,林敏,女,汉族,1990-10-07,江苏省南京市鼓楼区 东方曼哈顿 4栋6单元2190室,320106199010077749,鼓楼区公安局鼓楼区分局,2008.10.02-2018.09.30,霍格沃茨魔法银行,1176093.2,360,二手房交易,等额本息
IMG_02921,loan_2625/face_signing.jpg,LN2024002625,,0,,张敏,女,汉族,1986-08-16,四川省成都市武侯区 锦绣华庭 3栋3单元146室,510107198608168503,武侯区公安局武侯区分局,2004.08.11-2014.08.09,九又四分之三信贷中心,783308.66,36,二手房交易,按月付息，到期还本
IMG_02922,loan_2626/face_signing.jpg,LN2024002626,,0,,李芳,女,汉族,1977-11-14,安徽省合肥市庐阳区 悦海名邸 6栋4单元1883室,340103197711144786,庐阳区公安局庐阳区分局,1995.11.10-2005.11.07,哥谭市小额贷款中心,940231.36,36,二手房交易,按月付息，到期还本
IMG_02923,loan_2627/face_signing.jpg,LN2024002627,,0,,胡宇,女,汉族,1987-09-23,四川省成都市锦江区 绿地新江湾 12栋2单元1014室,510104198709238807,锦江区公安局锦江区分局,2005.09.18-2015.09.16,潘多拉普惠金融,1716446.02,240,二手房交易,等额本息
IMG_02924,loan_2628/face_signing.jpg,LN2024002628,,0,,孙子涵,男,土家族,1979-04-27,北京市北京市东城区 龙腾盛世 3栋6单元2442室,110101197904275218,东城区公安局东城区分局,1997.04.22-2007.04.20,提瓦特小额贷款,104847.01,3,购买新能源汽车,先息后本
IMG_02925,loan_2629/face_signing.jpg,LN2024002629,,0,,罗宇,男,汉族,1968-04-06,浙江省杭州市上城区 普罗旺斯 6栋1单元2405室,330102196804060853,上城区公安局上城区分局,1986.04.02-1996.03.30,霍格沃茨魔法银行,162247.11,12,婚庆,等额本息
IMG_02926,loan_2630/face_signing.jpg,LN2024002630,,0,,高敏,女,汉族,2002-03-11,安徽省合肥市庐阳区 东方曼哈顿 16栋6单元850室,340103200203117129,庐阳区公安局庐阳区分局,2020.03.06-2030.03.04,木叶村消费金融,68993.81,3,购买新能源汽车,一次性还本付息
IMG_02927,loan_2631/face_signing.jpg,LN2024002631,,0,,张华,女,汉族,2002-11-20,浙江省宁波市海曙区 威尼斯水城 17栋2单元1995室,330203200211203186,海曙区公安局海曙区分局,2020.11.15-2030.11.13,提瓦特小额贷款,876270.51,36,二手房交易,按月付息，到期还本
IMG_02928,loan_2632/face_signing.jpg,LN2024002632,,0,,黄静,女,汉族,1975-06-03,山东省济南市历下区 绿地新江湾 18栋2单元2158室,370102197506033621,历下区公安局历下区分局,1993.05.29-2003.05.27,提瓦特小额贷款,475274.39,60,企业流动资金,按月付息，到期还本
IMG_02929,loan_2633/face_signing.jpg,LN2024002633,,0,,赵勇,男,壮族,1970-07-08,北京市北京市海淀区 星河湾畔 10栋6单元895室,11010819700708159X,海淀区公安局海淀区分局,1988.07.03-1998.07.01,昆仑数字科技有限公司,192716.26,12,婚庆,等额本金
IMG_02930,loan_2634/face_signing.jpg,LN2024002634,,0,,高涛,男,汉族,1964-01-24,云南省昆明市五华区 融创壹号院 10栋6单元418室,53010219640124329X,五华区公安局五华区分局,1982.01.19-1992.01.17,昆仑数字科技有限公司,572318.61,60,二手房交易,等额本息
IMG_02931,loan_2635/face_signing.jpg,LN2024002635,,0,,林敏,女,汉族,2001-06-30,江苏省无锡市新吴区 融创壹号院 18栋1单元449室,320214200106305524,新吴区公安局新吴区分局,2019.06.26-2029.06.23,提瓦特小额贷款,794229.6,120,购房首付,等额本息
IMG_02932,loan_2636/face_signing.jpg,LN2024002636,,0,,高雪,女,汉族,1997-12-18,上海市上海市黄浦区 阳光100 12栋2单元304室,31010119971218086X,黄浦区公安局黄浦区分局,2015.12.14-2025.12.11,赛博城消费金融有限公司,2439334.69,240,购房首付,等额本金
IMG_02933,loan_2637/face_signing.jpg,LN2024002637,,0,,郭文,男,汉族,1991-08-24,贵州省贵阳市云岩区 锦绣家园 4栋5单元1106室,520103199108243352,云岩区公安局云岩区分局,2009.08.19-2019.08.17,夏尔农业信贷,452340.51,60,企业流动资金,按月付息，到期还本
IMG_02934,loan_2638/face_signing.jpg,LN2024002638,,0,,孙秀,女,汉族,1997-02-08,云南省昆明市五华区 威尼斯水城 15栋4单元2396室,530102199702080002,五华区公安局五华区分局,2015.02.04-2025.02.01,提瓦特小额贷款,866252.09,240,企业流动资金,等额本息
IMG_02935,loan_2639/face_signing.jpg,LN2024002639,,0,,马娟,女,汉族,1990-09-23,重庆市重庆市九龙坡区 阳光100 14栋2单元352室,500107199009239069,九龙坡区公安局九龙坡区分局,2008.09.18-2018.09.16,哥谭市小额贷款中心,372115.25,24,二手房交易,按月付息，到期还本
IMG_02936,loan_2640/face_signing.jpg,LN2024002640,,0,,何静,女,汉族,1998-10-07,湖南省长沙市岳麓区 碧水云天 14栋4单元2020室,430104199810078240,岳麓区公安局岳麓区分局,2016.10.02-2026.09.30,九又四分之三信贷中心,477855.51,24,扩大生产,按月付息，到期还本
IMG_02937,loan_2641/face_signing.jpg,LN2024002641,,0,,王宇,男,汉族,1985-10-22,广东省广州市天河区 中央公园 19栋1单元147室,440106198510222538,天河区公安局天河区分局,2003.10.18-2013.10.15,潘多拉普惠金融,525492.8,24,二手房交易,等额本金
IMG_02938,loan_2642/face_signing.jpg,LN2024002642,,0,,周平,男,汉族,1991-11-13,广东省广州市天河区 融创壹号院 17栋5单元749室,440106199111137533,天河区公安局天河区分局,2009.11.08-2019.11.06,瓦坎达信贷中心,3042815.15,120,二手房交易,等额本金
IMG_02939,loan_2643/face_signing.jpg,LN2024002643,,0,,何燕,女,汉族,1990-12-06,河南省郑州市金水区 绿地新江湾 17栋3单元1533室,410105199012061922,金水区公安局金水区分局,2008.12.01-2018.11.29,艾泽拉斯数字科技,161874.91,6,购买燃油车,一次性还本付息
IMG_02940,loan_2644/face_signing.jpg,LN2024002644,,0,,王丽,女,汉族,1972-02-20,江西省南昌市东湖区 威尼斯水城 4栋1单元1078室,360102197202201161,东湖区公安局东湖区分局,1990.02.15-2000.02.13,星火基地普惠金融,743198.5,24,二手房交易,等额本息
IMG_02941,loan_2645/face_signing.jpg,LN2024002645,,0,,朱晨,男,汉族,1967-03-14,江苏省苏州市虎丘区 紫金华府 3栋3单元1839室,320505196703143376,虎丘区公安局虎丘区分局,1985.03.09-1995.03.07,潘多拉普惠金融,948597.82,36,购房首付,按月付息，到期还本
IMG_02942,loan_2646/face_signing.jpg,LN2024002646,,0,,吴静,女,汉族,1981-01-25,上海市上海市黄浦区 绿地新江湾 5栋6单元1956室,310101198101253308,黄浦区公安局黄浦区分局,1999.01.21-2009.01.18,提瓦特小额贷款,161944.31,3,购买新能源汽车,一次性还本付息
IMG_02943,loan_2647/face_signing.jpg,LN2024002647,,0,,刘平,男,汉族,1975-04-09,陕西省西安市雁塔区 碧水云天 15栋6单元574室,610113197504095772,雁塔区公安局雁塔区分局,1993.04.04-2003.04.02,琅琊商业银行,4695429.16,240,购房首付,按月付息，到期还本
IMG_02944,loan_2648/face_signing.jpg,LN2024002648,,0,,罗晨,男,汉族,1961-08-12,湖南省长沙市芙蓉区 悦海名邸 8栋2单元1298室,430102196108120115,芙蓉区公安局芙蓉区分局,1979.08.08-1989.08.05,星火基地普惠金融,175798.43,6,房屋装修,一次性还本付息
IMG_02945,loan_2649/face_signing.jpg,LN2024002649,,0,,周佳,女,汉族,1988-11-18,天津市天津市和平区 碧水云天 15栋3单元546室,120101198811180603,和平区公安局和平区分局,2006.11.14-2016.11.11,提瓦特小额贷款,162655.3,36,购买新能源汽车,按月付息，到期还本
IMG_02946,loan_2650/face_signing.jpg,LN2024002650,,0,,马宇,男,壮族,1991-12-09,福建省福州市鼓楼区 龙腾盛世 9栋5单元144室,350102199112095497,鼓楼区公安局鼓楼区分局,2009.12.04-2019.12.02,九又四分之三信贷中心,76257.08,3,购买燃油车,先息后本
IMG_02947,loan_2651/face_signing.jpg,LN2024002651,,0,,陈晨,女,汉族,1998-10-21,福建省福州市鼓楼区 中央公园 1栋5单元1873室,350102199810216364,鼓楼区公安局鼓楼区分局,2016.10.16-2026.10.14,阿卡姆消费金融,210650.88,60,房屋装修,等额本金
IMG_02948,loan_2652/face_signing.jpg,LN2024002652,,0,,李慧,女,汉族,2000-02-25,陕西省西安市雁塔区 融创壹号院 15栋6单元1443室,610113200002258783,雁塔区公安局雁塔区分局,2018.02.20-2028.02.18,琅琊商业银行,1924252.82,360,企业流动资金,等额本金
IMG_02949,loan_2653/face_signing.jpg,LN2024002653,,0,,郭晨,男,汉族,1964-10-01,北京市北京市朝阳区 悦海名邸 18栋3单元2085室,110105196410010472,朝阳区公安局朝阳区分局,1982.09.27-1992.09.24,九又四分之三信贷中心,279460.32,36,婚庆,等额本息
IMG_02950,loan_2654/face_signing.jpg,LN2024002654,,0,,赵子涵,女,汉族,2006-12-06,浙江省杭州市西湖区 威尼斯水城 14栋4单元710室,330106200612066104,西湖区公安局西湖区分局,2024.12.01-2034.11.29,赛博城消费金融有限公司,950034.59,360,企业流动资金,等额本金
IMG_02951,loan_2655/face_signing.jpg,LN2024002655,,0,,黄浩,女,汉族,1983-12-18,湖南省长沙市芙蓉区 碧水云天 3栋1单元239室,430102198312181002,芙蓉区公安局芙蓉区分局,2001.12.13-2011.12.11,赛博城消费金融有限公司,4678416.92,120,二手房交易,等额本金
IMG_02952,loan_2656/face_signing.jpg,LN2024002656,,0,,徐文,男,汉族,1978-09-12,天津市天津市和平区 东方曼哈顿 15栋6单元1998室,120101197809129396,和平区公安局和平区分局,1996.09.07-2006.09.05,新亚特兰蒂斯商业银行,610043.69,36,二手房交易,等额本金
IMG_02953,loan_2657/face_signing.jpg,LN2024002657,,0,,赵文,女,汉族,1963-04-12,新疆维吾尔自治区乌鲁木齐市天山区 锦绣家园 3栋1单元2030室,650102196304129644,天山区公安局天山区分局,1981.04.07-1991.04.05,夏尔农业信贷,33149.34,6,医疗,先息后本
IMG_02954,loan_2658/face_signing.jpg,LN2024002658,,0,,周宇,女,汉族,1994-12-28,福建省厦门市思明区 香榭丽舍 2栋2单元755室,350203199412282704,思明区公安局思明区分局,2012.12.23-2022.12.21,艾泽拉斯数字科技,4585596.14,240,购房首付,等额本息
IMG_02955,loan_2659/face_signing.jpg,LN2024002659,,0,,吴文,男,汉族,1994-03-31,湖南省长沙市芙蓉区 普罗旺斯 18栋4单元904室,43010219940331803X,芙蓉区公安局芙蓉区分局,2012.03.26-2022.03.24,霍格沃茨魔法银行,1674825.58,240,购房首付,按月付息，到期还本
IMG_02956,loan_2660/face_signing.jpg,LN2024002660,,0,,何子涵,女,汉族,1963-08-10,江苏省无锡市新吴区 绿地新江湾 12栋4单元2426室,320214196308103622,新吴区公安局新吴区分局,1981.08.05-1991.08.03,新亚特兰蒂斯商业银行,513705.03,36,扩大生产,等额本金
IMG_02957,loan_2661/face_signing.jpg,LN2024002661,,0,,杨华,男,汉族,1980-02-09,广东省深圳市南山区 阳光100 20栋2单元1364室,440305198002098176,南山区公安局南山区分局,1998.02.04-2008.02.02,瓦坎达信贷中心,4676520.52,240,购房首付,等额本息
IMG_02958,loan_2662/face_signing.jpg,LN2024002662,,0,,王秀,女,汉族,1975-06-28,广东省广州市荔湾区 御景半岛 18栋5单元744室,440103197506284169,荔湾区公安局荔湾区分局,1993.06.23-2003.06.21,瓦坎达信贷中心,1510949.71,360,企业流动资金,按月付息，到期还本
IMG_02959,loan_2663/face_signing.jpg,LN2024002663,,0,,张娜,女,汉族,1984-02-08,北京市北京市海淀区 悦海名邸 2栋1单元1597室,110108198402086926,海淀区公安局海淀区分局,2002.02.03-2012.02.01,艾泽拉斯数字科技,881182.6,36,扩大生产,等额本金
IMG_02960,loan_2664/face_signing.jpg,LN2024002664,,0,,朱华,男,汉族,1966-02-21,山东省青岛市崂山区 龙腾盛世 13栋5单元1268室,370212196602214477,崂山区公安局崂山区分局,1984.02.17-1994.02.14,星火基地普惠金融,54664.84,6,购买新能源汽车,先息后本
IMG_02961,loan_2665/face_signing.jpg,LN2024002665,,0,,林子涵,女,汉族,2001-08-22,天津市天津市和平区 龙腾盛世 2栋1单元1113室,120101200108228126,和平区公安局和平区分局,2019.08.18-2029.08.15,潘多拉普惠金融,113084.44,3,购买新能源汽车,一次性还本付息
IMG_02962,loan_2666/face_signing.jpg,LN2024002666,,0,,赵芳,女,汉族,1992-10-09,广东省广州市天河区 香榭丽舍 17栋3单元586室,440106199210091809,天河区公安局天河区分局,2010.10.05-2020.10.02,霍格沃茨魔法银行,764428.23,120,二手房交易,按月付息，到期还本
IMG_02963,loan_2667/face_signing.jpg,LN2024002667,,0,,徐秀,女,汉族,2001-06-10,海南省海口市龙华区 绿地新江湾 2栋3单元2441室,460106200106100284,龙华区公安局龙华区分局,2019.06.06-2029.06.03,哥谭市小额贷款中心,23419.09,6,日常消费,先息后本
IMG_02964,loan_2668/face_signing.jpg,LN2024002668,,0,,郭明,男,汉族,1984-08-23,重庆市重庆市九龙坡区 翠湖雅苑 16栋5单元865室,500107198408237672,九龙坡区公安局九龙坡区分局,2002.08.19-2012.08.16,夏尔农业信贷,72019.43,3,购买燃油车,先息后本
IMG_02965,loan_2669/face_signing.jpg,LN2024002669,,0,,吴建,女,汉族,1997-07-08,天津市天津市东丽区 东方曼哈顿 18栋3单元870室,120110199707082182,东丽区公安局东丽区分局,2015.07.04-2025.07.01,哥谭市小额贷款中心,74785.37,6,房屋装修,一次性还本付息
IMG_02966,loan_2670/face_signing.jpg,LN2024002670,,0,,林华,女,汉族,1993-09-28,江苏省苏州市虎丘区 中央公园 5栋3单元545室,320505199309289901,虎丘区公安局虎丘区分局,2011.09.24-2021.09.21,艾泽拉斯数字科技,643108.69,60,购房首付,等额本息
IMG_02967,loan_2671/face_signing.jpg,LN2024002671,,0,,陈明,男,彝族,1993-05-28,河南省郑州市金水区 融创壹号院 4栋6单元794室,410105199305289752,金水区公安局金水区分局,2011.05.24-2021.05.21,星火基地普惠金融,143055.4,12,婚庆,等额本息
IMG_02968,loan_2672/face_signing.jpg,LN2024002672,,0,,赵慧,女,汉族,1963-10-02,湖南省长沙市芙蓉区 阳光100 2栋6单元1359室,430102196310029083,芙蓉区公安局芙蓉区分局,1981.09.27-1991.09.25,木叶村消费金融,495110.59,60,二手房交易,等额本息
IMG_02969,loan_2673/face_signing.jpg,LN2024002673,,0,,黄华,女,汉族,1978-08-10,四川省成都市锦江区 中央公园 8栋1单元335室,510104197808100729,锦江区公安局锦江区分局,1996.08.05-2006.08.03,新亚特兰蒂斯商业银行,172969.96,6,购买燃油车,先息后本
IMG_02970,loan_2674/face_signing.jpg,LN2024002674,,0,,张勇,男,回族,1984-09-08,江苏省南京市玄武区 龙腾盛世 16栋4单元454室,320102198409081619,玄武区公安局玄武区分局,2002.09.04-2012.09.01,赛博城消费金融有限公司,38736.22,3,医疗,先息后本
IMG_02971,loan_2675/face_signing.jpg,LN2024002675,,0,,赵燕,女,汉族,1960-09-14,新疆维吾尔自治区乌鲁木齐市天山区 香榭丽舍 11栋1单元565室,650102196009142328,天山区公安局天山区分局,1978.09.10-1988.09.07,艾泽拉斯数字科技,452400.33,36,二手房交易,等额本金
IMG_02972,loan_2676/face_signing.jpg,LN2024002676,,0,,林宇,女,汉族,1981-05-17,上海市上海市浦东新区 枫林晚居 9栋4单元2406室,310115198105171228,浦东新区公安局浦东新区分局,1999.05.13-2009.05.10,星火基地普惠金融,952274.18,60,购房首付,等额本金
IMG_02973,loan_2677/face_signing.jpg,LN2024002677,,0,,赵平,男,汉族,1968-01-08,上海市上海市浦东新区 融创壹号院 7栋6单元1835室,310115196801082393,浦东新区公安局浦东新区分局,1986.01.03-1996.01.01,霍格沃茨魔法银行,3209825.69,240,二手房交易,按月付息，到期还本
IMG_02974,loan_2678/face_signing.jpg,LN2024002678,,0,,黄秀,女,汉族,1973-10-21,重庆市重庆市渝中区 中央公园 8栋3单元2405室,500103197310210228,渝中区公安局渝中区分局,1991.10.17-2001.10.14,瓦坎达信贷中心,184669.7,6,房屋装修,先息后本
IMG_02975,loan_2679/face_signing.jpg,LN2024002679,,0,,张平,男,汉族,2000-03-22,上海市上海市浦东新区 龙腾盛世 10栋6单元941室,310115200003229337,浦东新区公安局浦东新区分局,2018.03.18-2028.03.15,木叶村消费金融,144195.79,6,婚庆,一次性还本付息
IMG_02976,loan_2680/face_signing.jpg,LN2024002680,,0,,张宇,男,汉族,1999-01-17,河南省郑州市金水区 威尼斯水城 16栋3单元1249室,410105199901175612,金水区公安局金水区分局,2017.01.12-2027.01.10,星火基地普惠金融,183622.96,6,购买新能源汽车,一次性还本付息
IMG_02977,loan_2681/face_signing.jpg,LN2024002681,,0,,陈平,男,汉族,2004-11-19,江苏省南京市鼓楼区 翠湖雅苑 1栋1单元2049室,320106200411191839,鼓楼区公安局鼓楼区分局,2022.11.15-2032.11.12,赛博城消费金融有限公司,383723.64,60,扩大生产,等额本息
IMG_02978,loan_2682/face_signing.jpg,LN2024002682,,0,,林建国,男,藏族,2001-12-01,天津市天津市和平区 融创壹号院 11栋5单元2179室,120101200112018551,和平区公安局和平区分局,2019.11.27-2029.11.24,新亚特兰蒂斯商业银行,695232.35,60,购房首付,按月付息，到期还本
IMG_02979,loan_2683/face_signing.jpg,LN2024002683,,0,,周婷,女,汉族,1960-07-26,重庆市重庆市渝中区 中央公园 9栋4单元1932室,500103196007262469,渝中区公安局渝中区分局,1978.07.22-1988.07.19,琅琊商业银行,4040185.35,360,企业流动资金,等额本金
IMG_02980,loan_2684/face_signing.jpg,LN2024002684,,0,,吴娜,女,壮族,2001-01-17,北京市北京市海淀区 碧水云天 20栋6单元809室,110108200101175669,海淀区公安局海淀区分局,2019.01.13-2029.01.10,赛博城消费金融有限公司,147476.63,12,房屋装修,等额本金
IMG_02981,loan_2685/face_signing.jpg,LN2024002685,,0,,陈浩,男,汉族,1968-06-23,浙江省杭州市西湖区 中央公园 17栋1单元707室,330106196806236133,西湖区公安局西湖区分局,1986.06.19-1996.06.16,霍格沃茨魔法银行,4904888.59,360,购房首付,等额本金
IMG_02982,loan_2686/face_signing.jpg,LN2024002686,,0,,陈佳,女,彝族,1981-01-03,湖南省长沙市岳麓区 普罗旺斯 6栋2单元102室,430104198101036967,岳麓区公安局岳麓区分局,1998.12.30-2008.12.27,琅琊商业银行,672785.19,120,扩大生产,按月付息，到期还本
IMG_02983,loan_2687/face_signing.jpg,LN2024002687,,0,,徐宇,男,汉族,1984-04-25,福建省福州市鼓楼区 威尼斯水城 14栋2单元905室,350102198404259073,鼓楼区公安局鼓楼区分局,2002.04.21-2012.04.18,提瓦特小额贷款,351082.92,60,二手房交易,按月付息，到期还本
IMG_02984,loan_2688/face_signing.jpg,LN2024002688,,0,,郭平,女,汉族,1999-07-07,四川省成都市锦江区 香榭丽舍 18栋1单元1149室,510104199907077367,锦江区公安局锦江区分局,2017.07.02-2027.06.30,潘多拉普惠金融,2517370.0,360,二手房交易,按月付息，到期还本
IMG_02985,loan_2689/face_signing.jpg,LN2024002689,,0,,刘军,男,汉族,1997-11-05,北京市北京市海淀区 星河湾畔 5栋2单元834室,110108199711057613,海淀区公安局海淀区分局,2015.11.01-2025.10.29,昆仑数字科技有限公司,68471.18,6,婚庆,先息后本
IMG_02986,loan_2690/face_signing.jpg,LN2024002690,,0,,郭静,女,汉族,1979-08-22,广东省深圳市福田区 碧水云天 11栋2单元619室,440304197908220544,福田区公安局福田区分局,1997.08.17-2007.08.15,琅琊商业银行,81050.67,6,婚庆,先息后本
IMG_02987,loan_2691/face_signing.jpg,LN2024002691,,0,,胡明,男,汉族,1997-04-13,浙江省杭州市西湖区 阳光100 2栋5单元789室,33010619970413253X,西湖区公安局西湖区分局,2015.04.09-2025.04.06,木叶村消费金融,780477.39,120,购房首付,按月付息，到期还本
IMG_02988,loan_2692/face_signing.jpg,LN2024002692,,0,,何平,男,汉族,1986-03-03,浙江省杭州市上城区 悦海名邸 19栋1单元2119室,330102198603031692,上城区公安局上城区分局,2004.02.27-2014.02.24,霍格沃茨魔法银行,59417.38,3,购买燃油车,先息后本
IMG_02989,loan_2693/face_signing.jpg,LN2024002693,,0,,王文,女,汉族,1972-05-05,安徽省合肥市庐阳区 绿地新江湾 1栋1单元489室,340103197205053945,庐阳区公安局庐阳区分局,1990.05.01-2000.04.28,霍格沃茨魔法银行,4855065.0,120,企业流动资金,按月付息，到期还本
IMG_02990,loan_2694/face_signing.jpg,LN2024002694,,0,,何建,男,汉族,1983-07-15,广东省深圳市福田区 星河湾畔 19栋2单元208室,44030419830715593X,福田区公安局福田区分局,2001.07.10-2011.07.08,星火基地普惠金融,191215.34,36,购买新能源汽车,按月付息，到期还本
IMG_02991,loan_2695/face_signing.jpg,LN2024002695,,0,,孙华,男,汉族,1971-09-06,天津市天津市东丽区 翠湖雅苑 19栋5单元2196室,120110197109061518,东丽区公安局东丽区分局,1989.09.01-1999.08.30,阿卡姆消费金融,2783818.18,120,企业流动资金,等额本息
IMG_02992,loan_2696/face_signing.jpg,LN2024002696,,0,,周磊,男,汉族,1976-08-23,上海市上海市浦东新区 香榭丽舍 15栋4单元767室,310115197608237052,浦东新区公安局浦东新区分局,1994.08.19-2004.08.16,潘多拉普惠金融,4660599.69,120,二手房交易,按月付息，到期还本
IMG_02993,loan_2697/face_signing.jpg,LN2024002697,,0,,林华,女,土家族,1994-03-16,福建省福州市鼓楼区 中央公园 12栋2单元1546室,350102199403166064,鼓楼区公安局鼓楼区分局,2012.03.11-2022.03.09,哥谭市小额贷款中心,2879702.83,120,二手房交易,等额本金
IMG_02994,loan_2698/face_signing.jpg,LN2024002698,,0,,高浩,女,汉族,2006-10-23,上海市上海市黄浦区 碧水云天 7栋1单元2157室,310101200610239563,黄浦区公安局黄浦区分局,2024.10.18-2034.10.16,艾泽拉斯数字科技,209346.54,60,婚庆,等额本息
IMG_02995,loan_2699/face_signing.jpg,LN2024002699,,0,,高宇,男,汉族,1970-06-20,陕西省西安市新城区 威尼斯水城 16栋6单元1425室,610102197006201318,新城区公安局新城区分局,1988.06.15-1998.06.13,新亚特兰蒂斯商业银行,3193032.48,360,企业流动资金,等额本息
IMG_02996,loan_2700/face_signing.jpg,LN2024002700,,0,,徐梓轩,女,汉族,1963-12-20,江苏省南京市鼓楼区 中央公园 7栋5单元1119室,320106196312206047,鼓楼区公安局鼓楼区分局,1981.12.15-1991.12.13,赛博城消费金融有限公司,829204.68,60,企业流动资金,等额本息
IMG_02997,loan_2701/face_signing.jpg,LN2024002701,,0,,吴浩,男,汉族,1996-06-04,浙江省杭州市西湖区 中央公园 13栋2单元1160室,330106199606049273,西湖区公安局西湖区分局,2014.05.31-2024.05.28,霍格沃茨魔法银行,587579.26,60,购房首付,按月付息，到期还本
IMG_02998,loan_2702/face_signing.jpg,LN2024002702,,0,,胡文,女,汉族,1997-05-10,重庆市重庆市九龙坡区 锦绣华庭 6栋5单元420室,500107199705103747,九龙坡区公安局九龙坡区分局,2015.05.06-2025.05.03,夏尔农业信贷,2886254.99,120,企业流动资金,等额本金
IMG_02999,loan_2703/face_signing.jpg,LN2024002703,,0,,高强,男,汉族,1973-04-15,浙江省杭州市上城区 香榭丽舍 6栋2单元1016室,330102197304151454,上城区公安局上城区分局,1991.04.11-2001.04.08,新亚特兰蒂斯商业银行,765754.8,60,购房首付,按月付息，到期还本
IMG_03000,loan_2704/face_signing.jpg,LN2024002704,,0,,朱娜,女,汉族,1963-03-25,福建省厦门市思明区 紫金华府 10栋6单元1206室,350203196303251227,思明区公安局思明区分局,1981.03.20-1991.03.18,阿卡姆消费金融,252039.74,36,购买燃油车,等额本金
IMG_03001,loan_2705/face_signing.jpg,LN2024002705,,0,,杨文,男,汉族,2001-02-25,浙江省宁波市海曙区 威尼斯水城 16栋4单元749室,33020320010225745X,海曙区公安局海曙区分局,2019.02.21-2029.02.18,昆仑数字科技有限公司,2949817.78,120,二手房交易,等额本息
IMG_03002,loan_2706/face_signing.jpg,LN2024002706,,0,,郭晨,男,汉族,1977-02-02,重庆市重庆市渝中区 中央公园 13栋4单元529室,50010319770202263X,渝中区公安局渝中区分局,1995.01.29-2005.01.26,夏尔农业信贷,688798.65,24,二手房交易,等额本金
IMG_03003,loan_2707/face_signing.jpg,LN2024002707,,0,,赵佳,女,汉族,2005-11-11,广东省深圳市南山区 东方曼哈顿 13栋1单元746室,440305200511115480,南山区公安局南山区分局,2023.11.07-2033.11.04,哥谭市小额贷款中心,1393691.1,120,企业流动资金,按月付息，到期还本
IMG_03004,loan_2708/face_signing.jpg,LN2024002708,,0,,朱敏,女,汉族,1975-10-27,江苏省南京市玄武区 香榭丽舍 13栋2单元1711室,320102197510272722,玄武区公安局玄武区分局,1993.10.22-2003.10.20,琅琊商业银行,3479142.81,240,购房首付,按月付息，到期还本
IMG_03005,loan_2709/face_signing.jpg,LN2024002709,,0,,林浩,女,汉族,1964-10-28,贵州省贵阳市云岩区 锦绣家园 17栋6单元894室,520103196410281866,云岩区公安局云岩区分局,1982.10.24-1992.10.21,木叶村消费金融,3520308.32,240,购房首付,等额本金
IMG_03006,loan_2710/face_signing.jpg,LN2024002710,,0,,何涛,男,汉族,1989-12-24,重庆市重庆市渝中区 悦海名邸 18栋3单元1240室,500103198912244630,渝中区公安局渝中区分局,2007.12.20-2017.12.17,琅琊商业银行,184557.28,12,婚庆,等额本金
IMG_03007,loan_2711/face_signing.jpg,LN2024002711,,0,,周强,男,汉族,1996-10-27,北京市北京市海淀区 阳光100 16栋3单元1122室,110108199610271696,海淀区公安局海淀区分局,2014.10.23-2024.10.20,夏尔农业信贷,192860.79,12,房屋装修,按月付息，到期还本
IMG_03008,loan_2712/face_signing.jpg,LN2024002712,,0,,赵文,女,汉族,1976-11-24,福建省厦门市思明区 东方曼哈顿 17栋6单元452室,350203197611244381,思明区公安局思明区分局,1994.11.20-2004.11.17,赛博城消费金融有限公司,118577.73,6,购买新能源汽车,一次性还本付息
IMG_03009,loan_2713/face_signing.jpg,LN2024002713,,0,,黄子涵,男,汉族,1968-02-04,浙江省杭州市上城区 翠湖雅苑 4栋2单元302室,330102196802042977,上城区公安局上城区分局,1986.01.30-1996.01.28,霍格沃茨魔法银行,27283.23,6,购买家电,先息后本
IMG_03010,loan_2714/face_signing.jpg,LN2024002714,,0,,郭雪,女,汉族,2007-04-02,贵州省贵阳市云岩区 悦海名邸 18栋6单元1570室,520103200704025461,云岩区公安局云岩区分局,2025.03.28-2035.03.26,夏尔农业信贷,2275661.11,360,企业流动资金,按月付息，到期还本
IMG_03011,loan_2715/face_signing.jpg,LN2024002715,,0,,胡杰,男,汉族,1998-01-31,江苏省苏州市虎丘区 枫林晚居 1栋3单元2279室,320505199801313379,虎丘区公安局虎丘区分局,2016.01.27-2026.01.24,赛博城消费金融有限公司,347664.51,60,企业流动资金,按月付息，到期还本
IMG_03012,loan_2716/face_signing.jpg,LN2024002716,,0,,王伟,男,汉族,1981-01-27,湖南省长沙市岳麓区 阳光100 18栋6单元2494室,430104198101270059,岳麓区公安局岳麓区分局,1999.01.23-2009.01.20,赛博城消费金融有限公司,855192.12,120,企业流动资金,按月付息，到期还本
IMG_03013,loan_2717/face_signing.jpg,LN2024002717,,0,,朱宇,男,汉族,1983-01-23,广东省广州市荔湾区 星河湾畔 8栋3单元1524室,440103198301233573,荔湾区公安局荔湾区分局,2001.01.18-2011.01.16,夏尔农业信贷,600276.79,24,二手房交易,等额本金
IMG_03014,loan_2718/face_signing.jpg,LN2024002718,,0,,黄华,男,汉族,1983-06-11,广东省深圳市福田区 翠湖雅苑 20栋2单元570室,440304198306115514,福田区公安局福田区分局,2001.06.06-2011.06.04,潘多拉普惠金融,62200.28,12,婚庆,等额本金
IMG_03015,loan_2719/face_signing.jpg,LN2024002719,,0,,杨梓轩,女,汉族,1988-10-02,浙江省宁波市海曙区 龙腾盛世 10栋3单元282室,330203198810023507,海曙区公安局海曙区分局,2006.09.28-2016.09.25,木叶村消费金融,113310.63,3,购买燃油车,一次性还本付息
IMG_03016,loan_2720/face_signing.jpg,LN2024002720,,0,,周静,女,汉族,1990-12-21,四川省成都市武侯区 悦海名邸 8栋2单元510室,510107199012216580,武侯区公安局武侯区分局,2008.12.16-2018.12.14,阿卡姆消费金融,1486649.66,240,二手房交易,等额本息
IMG_03017,loan_2721/face_signing.jpg,LN2024002721,,0,,黄建,男,汉族,2006-10-13,云南省昆明市五华区 星河湾畔 15栋4单元1386室,530102200610131197,五华区公安局五华区分局,2024.10.08-2034.10.06,霍格沃茨魔法银行,939014.17,360,企业流动资金,按月付息，到期还本
IMG_03018,loan_2722/face_signing.jpg,LN2024002722,,0,,何秀,女,汉族,2007-09-01,北京市北京市朝阳区 锦绣家园 4栋2单元1962室,110105200709018144,朝阳区公安局朝阳区分局,2025.08.27-2035.08.25,新亚特兰蒂斯商业银行,1891696.33,240,企业流动资金,按月付息，到期还本
IMG_03019,loan_2723/face_signing.jpg,LN2024002723,,0,,孙涛,男,汉族,1979-01-25,江苏省南京市玄武区 御景半岛 6栋3单元2164室,320102197901255153,玄武区公安局玄武区分局,1997.01.20-2007.01.18,星火基地普惠金融,794043.75,24,二手房交易,等额本金
IMG_03020,loan_2724/face_signing.jpg,LN2024002724,,0,,高宇,男,汉族,2007-04-15,湖南省长沙市岳麓区 御景半岛 11栋5单元1054室,430104200704158656,岳麓区公安局岳麓区分局,2025.04.10-2035.04.08,新亚特兰蒂斯商业银行,37013.59,3,购买家电,先息后本
IMG_03021,loan_2725/face_signing.jpg,LN2024002725,,0,,朱浩,女,汉族,1979-09-15,上海市上海市黄浦区 香榭丽舍 3栋1单元1385室,310101197909156362,黄浦区公安局黄浦区分局,1997.09.10-2007.09.08,夏尔农业信贷,3588129.73,360,购房首付,按月付息，到期还本
IMG_03022,loan_2726/face_signing.jpg,LN2024002726,,0,,杨佳,女,汉族,1990-07-09,湖北省武汉市武昌区 威尼斯水城 15栋1单元347室,420106199007099422,武昌区公安局武昌区分局,2008.07.04-2018.07.02,赛博城消费金融有限公司,1248068.09,360,购房首付,按月付息，到期还本
IMG_03023,loan_2727/face_signing.jpg,LN2024002727,,0,,吴建国,男,维吾尔族,1981-11-04,新疆维吾尔自治区乌鲁木齐市天山区 龙腾盛世 10栋2单元828室,650102198111040335,天山区公安局天山区分局,1999.10.31-2009.10.28,昆仑数字科技有限公司,797845.23,36,扩大生产,等额本息
IMG_03024,loan_2728/face_signing.jpg,LN2024002728,,0,,李敏,女,汉族,1967-09-26,安徽省合肥市庐阳区 锦绣华庭 16栋6单元1603室,340103196709268443,庐阳区公安局庐阳区分局,1985.09.21-1995.09.19,哥谭市小额贷款中心,37825.11,6,日常消费,先息后本
IMG_03025,loan_2729/face_signing.jpg,LN2024002729,,0,,吴秀,女,汉族,1974-07-09,贵州省贵阳市云岩区 中央公园 10栋6单元637室,520103197407092022,云岩区公安局云岩区分局,1992.07.04-2002.07.02,艾泽拉斯数字科技,59874.76,6,购买新能源汽车,一次性还本付息
IMG_03026,loan_2730/face_signing.jpg,LN2024002730,,0,,朱平,男,汉族,1969-02-11,江苏省南京市玄武区 碧水云天 16栋2单元166室,320102196902119618,玄武区公安局玄武区分局,1987.02.07-1997.02.04,霍格沃茨魔法银行,548183.62,60,购房首付,按月付息，到期还本
IMG_03027,loan_2731/face_signing.jpg,LN2024002731,,0,,罗娟,女,汉族,2008-01-13,湖南省长沙市岳麓区 锦绣家园 1栋5单元1107室,430104200801139422,岳麓区公安局岳麓区分局,2026.01.08-2036.01.06,潘多拉普惠金融,54413.5,12,购买燃油车,按月付息，到期还本
IMG_03028,loan_2732/face_signing.jpg,LN2024002732,,0,,陈子涵,女,汉族,1997-10-18,北京市北京市海淀区 融创壹号院 18栋2单元1193室,110108199710185365,海淀区公安局海淀区分局,2015.10.14-2025.10.11,九又四分之三信贷中心,477687.63,60,二手房交易,等额本息
IMG_03029,loan_2733/face_signing.jpg,LN2024002733,,0,,周梓轩,男,汉族,1968-06-21,安徽省合肥市庐阳区 中央公园 6栋6单元1519室,340103196806210016,庐阳区公安局庐阳区分局,1986.06.17-1996.06.14,新亚特兰蒂斯商业银行,3616113.6,120,购房首付,按月付息，到期还本
IMG_03030,loan_2734/face_signing.jpg,LN2024002734,,0,,杨平,男,汉族,2000-09-01,江苏省苏州市虎丘区 悦海名邸 2栋3单元1929室,320505200009013175,虎丘区公安局虎丘区分局,2018.08.28-2028.08.25,木叶村消费金融,177612.66,12,购买新能源汽车,等额本金
IMG_03031,loan_2735/face_signing.jpg,LN2024002735,,0,,罗晨,女,汉族,1994-04-19,天津市天津市东丽区 阳光100 18栋1单元1911室,120110199404192202,东丽区公安局东丽区分局,2012.04.14-2022.04.12,瓦坎达信贷中心,4612431.72,360,购房首付,按月付息，到期还本
IMG_03032,loan_2736/face_signing.jpg,LN2024002736,,0,,高建,女,汉族,1982-05-23,江苏省南京市玄武区 普罗旺斯 11栋3单元1053室,320102198205232825,玄武区公安局玄武区分局,2000.05.18-2010.05.16,潘多拉普惠金融,4035405.73,240,购房首付,等额本金
IMG_03033,loan_2737/face_signing.jpg,LN2024002737,,0,,赵涛,男,汉族,1996-06-11,安徽省合肥市庐阳区 枫林晚居 3栋4单元1329室,34010319960611113X,庐阳区公安局庐阳区分局,2014.06.07-2024.06.04,阿卡姆消费金融,1378235.45,240,企业流动资金,等额本金
IMG_03034,loan_2738/face_signing.jpg,LN2024002738,,0,,徐梓轩,男,苗族,1996-07-06,福建省厦门市思明区 锦绣华庭 18栋6单元2381室,350203199607061338,思明区公安局思明区分局,2014.07.02-2024.06.29,瓦坎达信贷中心,141201.95,3,房屋装修,一次性还本付息
IMG_03035,loan_2739/face_signing.jpg,LN2024002739,,0,,孙丽,女,汉族,1967-11-21,陕西省西安市新城区 融创壹号院 8栋2单元1893室,610102196711218786,新城区公安局新城区分局,1985.11.16-1995.11.14,阿卡姆消费金融,637284.73,36,二手房交易,按月付息，到期还本
IMG_03036,loan_2740/face_signing.jpg,LN2024002740,,0,,吴浩,女,汉族,2005-04-02,江苏省南京市玄武区 锦绣华庭 4栋4单元903室,320102200504029368,玄武区公安局玄武区分局,2023.03.29-2033.03.26,提瓦特小额贷款,97454.52,6,购买新能源汽车,一次性还本付息
IMG_03037,loan_2741/face_signing.jpg,LN2024002741,,0,,郭建国,男,汉族,1977-08-15,北京市北京市海淀区 香榭丽舍 14栋4单元740室,110108197708155117,海淀区公安局海淀区分局,1995.08.11-2005.08.08,阿卡姆消费金融,3684916.11,120,二手房交易,按月付息，到期还本
IMG_03038,loan_2742/face_signing.jpg,LN2024002742,,0,,郭平,女,汉族,2005-04-06,湖南省长沙市岳麓区 绿地新江湾 5栋2单元244室,430104200504060101,岳麓区公安局岳麓区分局,2023.04.02-2033.03.30,霍格沃茨魔法银行,108577.79,12,婚庆,等额本息
IMG_03039,loan_2743/face_signing.jpg,LN2024002743,,0,,赵子涵,男,藏族,1983-01-29,广东省深圳市福田区 御景半岛 2栋3单元2453室,440304198301290073,福田区公安局福田区分局,2001.01.24-2011.01.22,潘多拉普惠金融,193017.35,6,购买燃油车,一次性还本付息
IMG_03040,loan_2744/face_signing.jpg,LN2024002744,,0,,孙文,女,汉族,1988-09-26,福建省福州市鼓楼区 紫金华府 16栋6单元2053室,350102198809269720,鼓楼区公安局鼓楼区分局,2006.09.22-2016.09.19,九又四分之三信贷中心,2440640.99,360,企业流动资金,按月付息，到期还本
IMG_03041,loan_2745/face_signing.jpg,LN2024002745,,0,,朱秀,女,汉族,1976-07-17,江西省南昌市东湖区 悦海名邸 19栋6单元2379室,360102197607179062,东湖区公安局东湖区分局,1994.07.13-2004.07.10,昆仑数字科技有限公司,114023.47,12,房屋装修,等额本息
IMG_03042,loan_2746/face_signing.jpg,LN2024002746,,0,,高秀,女,汉族,2007-02-15,山东省青岛市崂山区 紫金华府 15栋3单元1683室,370212200702151441,崂山区公安局崂山区分局,2025.02.10-2035.02.08,九又四分之三信贷中心,5523.62,12,旅游,按月付息，到期还本
IMG_03043,loan_2747/face_signing.jpg,LN2024002747,,0,,郭平,女,汉族,1994-12-14,广东省深圳市福田区 中央公园 2栋1单元952室,440304199412143783,福田区公安局福田区分局,2012.12.09-2022.12.07,九又四分之三信贷中心,177016.58,3,房屋装修,先息后本
IMG_03044,loan_2748/face_signing.jpg,LN2024002748,,0,,刘芳,女,汉族,1969-11-28,福建省厦门市思明区 星河湾畔 17栋6单元1772室,350203196911282684,思明区公安局思明区分局,1987.11.24-1997.11.21,提瓦特小额贷款,743023.44,60,二手房交易,等额本息
IMG_03045,loan_2749/face_signing.jpg,LN2024002749,,0,,李雪,女,汉族,1973-04-22,江苏省苏州市虎丘区 枫林晚居 18栋1单元293室,320505197304224325,虎丘区公安局虎丘区分局,1991.04.18-2001.04.15,艾泽拉斯数字科技,110428.63,60,购买新能源汽车,等额本息
IMG_03046,loan_2750/face_signing.jpg,LN2024002750,,0,,胡敏,女,汉族,1995-10-06,广东省深圳市南山区 中央公园 8栋5单元991室,440305199510066802,南山区公安局南山区分局,2013.10.01-2023.09.29,潘多拉普惠金融,877579.81,36,购房首付,等额本息
IMG_03047,loan_2751/face_signing.jpg,LN2024002751,,0,,林浩,男,汉族,1996-01-23,福建省厦门市思明区 碧水云天 18栋1单元2444室,350203199601232992,思明区公安局思明区分局,2014.01.18-2024.01.16,星火基地普惠金融,446848.01,24,购房首付,按月付息，到期还本
IMG_03048,loan_2752/face_signing.jpg,LN2024002752,,0,,孙强,男,汉族,1966-08-03,福建省福州市鼓楼区 东方曼哈顿 18栋5单元1368室,350102196608035697,鼓楼区公安局鼓楼区分局,1984.07.29-1994.07.27,琅琊商业银行,46468.17,6,教育进修,先息后本
IMG_03049,loan_2753/face_signing.jpg,LN2024002753,,0,,陈芳,女,汉族,1999-05-24,湖南省长沙市岳麓区 枫林晚居 14栋1单元1225室,430104199905243640,岳麓区公安局岳麓区分局,2017.05.19-2027.05.17,九又四分之三信贷中心,148941.21,6,购买新能源汽车,先息后本
IMG_03050,loan_2754/face_signing.jpg,LN2024002754,,0,,李平,男,汉族,1995-08-29,湖南省长沙市芙蓉区 东方曼哈顿 8栋3单元975室,430102199508296199,芙蓉区公安局芙蓉区分局,2013.08.24-2023.08.22,瓦坎达信贷中心,2511636.34,240,企业流动资金,等额本金
IMG_03051,loan_2755/face_signing.jpg,LN2024002755,,0,,黄芳,女,汉族,1994-06-05,江西省南昌市东湖区 香榭丽舍 10栋2单元1724室,360102199406058087,东湖区公安局东湖区分局,2012.05.31-2022.05.29,霍格沃茨魔法银行,564836.0,60,二手房交易,等额本息
IMG_03052,loan_2756/face_signing.jpg,LN2024002756,,0,,赵强,男,汉族,1985-08-18,上海市上海市黄浦区 紫金华府 2栋5单元2301室,310101198508188413,黄浦区公安局黄浦区分局,2003.08.14-2013.08.11,阿卡姆消费金融,3167870.9,360,企业流动资金,等额本金
IMG_03053,loan_2757/face_signing.jpg,LN2024002757,,0,,王浩,女,汉族,2007-02-16,海南省海口市龙华区 绿地新江湾 7栋2单元1022室,460106200702168381,龙华区公安局龙华区分局,2025.02.11-2035.02.09,赛博城消费金融有限公司,46165.34,3,医疗,先息后本
IMG_03054,loan_2758/face_signing.jpg,LN2024002758,,0,,陈丽,女,汉族,1982-05-09,河南省郑州市金水区 中央公园 18栋3单元1895室,410105198205094160,金水区公安局金水区分局,2000.05.04-2010.05.02,星火基地普惠金融,65851.86,6,房屋装修,一次性还本付息
IMG_03055,loan_2759/face_signing.jpg,LN2024002759,,0,,何丽,女,汉族,1972-06-18,云南省昆明市五华区 锦绣家园 20栋6单元1163室,530102197206183329,五华区公安局五华区分局,1990.06.14-2000.06.11,夏尔农业信贷,1393168.33,240,二手房交易,等额本金
IMG_03056,loan_2760/face_signing.jpg,LN2024002760,,0,,李华,女,汉族,1993-10-26,重庆市重庆市渝中区 翠湖雅苑 18栋1单元1191室,500103199310266087,渝中区公安局渝中区分局,2011.10.22-2021.10.19,星火基地普惠金融,92350.31,6,购买燃油车,先息后本
IMG_03057,loan_2761/face_signing.jpg,LN2024002761,,0,,刘梓轩,男,汉族,1964-12-30,安徽省合肥市庐阳区 御景半岛 9栋6单元1963室,340103196412301396,庐阳区公安局庐阳区分局,1982.12.26-1992.12.23,潘多拉普惠金融,936493.21,60,扩大生产,等额本息
IMG_03058,loan_2762/face_signing.jpg,LN2024002762,,0,,徐芳,女,汉族,2008-03-11,湖北省武汉市武昌区 融创壹号院 10栋4单元272室,420106200803110704,武昌区公安局武昌区分局,2026.03.07-2036.03.04,艾泽拉斯数字科技,48598.99,3,购买家电,先息后本
IMG_03059,loan_2763/face_signing.jpg,LN2024002763,,0,,高佳,女,汉族,1994-10-12,上海市上海市黄浦区 枫林晚居 2栋6单元1384室,310101199410122840,黄浦区公安局黄浦区分局,2012.10.07-2022.10.05,赛博城消费金融有限公司,570139.23,240,二手房交易,等额本息
IMG_03060,loan_2764/face_signing.jpg,LN2024002764,,0,,何芳,女,苗族,2001-12-04,海南省海口市龙华区 御景半岛 6栋6单元1986室,460106200112045146,龙华区公安局龙华区分局,2019.11.30-2029.11.27,潘多拉普惠金融,228454.86,24,房屋装修,等额本息
IMG_03061,loan_2765/face_signing.jpg,LN2024002765,,0,,胡宇,女,汉族,1961-01-16,天津市天津市和平区 御景半岛 14栋5单元654室,120101196101168547,和平区公安局和平区分局,1979.01.12-1989.01.09,霍格沃茨魔法银行,546342.17,24,购房首付,等额本息
IMG_03062,loan_2766/face_signing.jpg,LN2024002766,,0,,杨杰,男,汉族,2006-08-10,湖北省武汉市武昌区 御景半岛 20栋3单元599室,420106200608107593,武昌区公安局武昌区分局,2024.08.05-2034.08.03,瓦坎达信贷中心,19987.82,6,旅游,一次性还本付息
IMG_03063,loan_2767/face_signing.jpg,LN2024002767,,0,,黄平,男,汉族,1992-10-24,江苏省南京市鼓楼区 碧水云天 7栋5单元1866室,320106199210244353,鼓楼区公安局鼓楼区分局,2010.10.20-2020.10.17,瓦坎达信贷中心,3219788.04,360,购房首付,按月付息，到期还本
IMG_03064,loan_2768/face_signing.jpg,LN2024002768,,0,,马晨,女,维吾尔族,1991-08-07,北京市北京市东城区 紫金华府 18栋4单元1057室,110101199108073964,东城区公安局东城区分局,2009.08.02-2019.07.31,夏尔农业信贷,3793803.83,240,购房首付,按月付息，到期还本
IMG_03065,loan_2769/face_signing.jpg,LN2024002769,,0,,吴婷,女,汉族,1988-06-11,新疆维吾尔自治区乌鲁木齐市天山区 香榭丽舍 15栋4单元1549室,650102198806111988,天山区公安局天山区分局,2006.06.07-2016.06.04,瓦坎达信贷中心,137968.05,12,房屋装修,等额本息
IMG_03066,loan_2770/face_signing.jpg,LN2024002770,,0,,吴宇,男,汉族,2005-03-01,北京市北京市海淀区 威尼斯水城 13栋5单元2215室,110108200503011130,海淀区公安局海淀区分局,2023.02.25-2033.02.22,霍格沃茨魔法银行,186901.07,6,购买新能源汽车,先息后本
IMG_03067,loan_2771/face_signing.jpg,LN2024002771,,0,,高佳,女,汉族,2003-11-14,河南省郑州市金水区 东方曼哈顿 13栋1单元2372室,410105200311148249,金水区公安局金水区分局,2021.11.09-2031.11.07,木叶村消费金融,131695.72,3,婚庆,先息后本
IMG_03068,loan_2772/face_signing.jpg,LN2024002772,,0,,黄华,男,汉族,1996-03-03,广东省深圳市南山区 威尼斯水城 20栋6单元2044室,440305199603039977,南山区公安局南山区分局,2014.02.27-2024.02.25,哥谭市小额贷款中心,261750.89,36,房屋装修,按月付息，到期还本
IMG_03069,loan_2773/face_signing.jpg,LN2024002773,,0,,杨子涵,女,维吾尔族,1994-06-25,重庆市重庆市渝中区 威尼斯水城 16栋1单元839室,500103199406252288,渝中区公安局渝中区分局,2012.06.20-2022.06.18,昆仑数字科技有限公司,150591.95,6,购买燃油车,一次性还本付息
IMG_03070,loan_2774/face_signing.jpg,LN2024002774,,0,,刘燕,女,汉族,1999-04-12,福建省福州市鼓楼区 碧水云天 18栋5单元334室,350102199904122043,鼓楼区公安局鼓楼区分局,2017.04.07-2027.04.05,艾泽拉斯数字科技,1310003.92,360,企业流动资金,按月付息，到期还本
IMG_03071,loan_2775/face_signing.jpg,LN2024002775,,0,,周宇,男,汉族,1964-06-13,重庆市重庆市渝中区 普罗旺斯 4栋3单元1129室,500103196406132979,渝中区公安局渝中区分局,1982.06.09-1992.06.06,新亚特兰蒂斯商业银行,100539.09,24,购买新能源汽车,等额本息
IMG_03072,loan_2776/face_signing.jpg,LN2024002776,,0,,朱宇,女,汉族,1986-01-24,天津市天津市东丽区 威尼斯水城 6栋3单元413室,120110198601240184,东丽区公安局东丽区分局,2004.01.20-2014.01.17,提瓦特小额贷款,167922.63,3,婚庆,一次性还本付息
IMG_03073,loan_2777/face_signing.jpg,LN2024002777,,0,,吴文,男,汉族,1974-12-13,福建省厦门市思明区 中央公园 12栋4单元1286室,350203197412137313,思明区公安局思明区分局,1992.12.08-2002.12.06,霍格沃茨魔法银行,180135.19,36,购买燃油车,等额本金
IMG_03074,loan_2778/face_signing.jpg,LN2024002778,,0,,马志强,男,汉族,1990-05-10,山东省青岛市崂山区 枫林晚居 17栋4单元602室,370212199005105516,崂山区公安局崂山区分局,2008.05.05-2018.05.03,瓦坎达信贷中心,655991.97,120,二手房交易,等额本息
IMG_03075,loan_2779/face_signing.jpg,LN2024002779,,0,,马佳,女,汉族,2006-01-24,湖南省长沙市岳麓区 锦绣家园 17栋3单元743室,430104200601240227,岳麓区公安局岳麓区分局,2024.01.20-2034.01.17,艾泽拉斯数字科技,2623037.12,240,企业流动资金,等额本息
IMG_03076,loan_2780/face_signing.jpg,LN2024002780,,0,,周涛,男,汉族,1995-09-19,江苏省南京市鼓楼区 悦海名邸 18栋6单元1237室,320106199509197993,鼓楼区公安局鼓楼区分局,2013.09.14-2023.09.12,星火基地普惠金融,3832575.56,360,企业流动资金,等额本息
IMG_03077,loan_2781/face_signing.jpg,LN2024002781,,0,,林梓轩,女,汉族,1991-09-26,浙江省杭州市上城区 东方曼哈顿 18栋2单元753室,330102199109269069,上城区公安局上城区分局,2009.09.21-2019.09.19,艾泽拉斯数字科技,388692.41,24,购房首付,按月付息，到期还本
IMG_03078,loan_2782/face_signing.jpg,LN2024002782,,0,,杨浩,女,汉族,1987-11-13,广东省广州市天河区 悦海名邸 6栋5单元1832室,440106198711136484,天河区公安局天河区分局,2005.11.08-2015.11.06,琅琊商业银行,234131.12,36,购买燃油车,等额本息
IMG_03079,loan_2783/face_signing.jpg,LN2024002783,,0,,胡晨,男,汉族,1994-10-21,浙江省杭州市上城区 星河湾畔 19栋2单元1857室,330102199410213814,上城区公安局上城区分局,2012.10.16-2022.10.14,瓦坎达信贷中心,2497699.24,360,企业流动资金,等额本息
IMG_03080,loan_2784/face_signing.jpg,LN2024002784,,0,,朱敏,女,汉族,1995-02-05,浙江省杭州市西湖区 锦绣华庭 14栋2单元266室,330106199502059821,西湖区公安局西湖区分局,2013.01.31-2023.01.29,提瓦特小额贷款,143322.79,3,婚庆,先息后本
IMG_03081,loan_2785/face_signing.jpg,LN2024002785,,0,,徐浩,女,彝族,1997-10-31,江苏省南京市鼓楼区 绿地新江湾 19栋4单元1440室,320106199710311428,鼓楼区公安局鼓楼区分局,2015.10.27-2025.10.24,昆仑数字科技有限公司,192669.95,3,房屋装修,先息后本
IMG_03082,loan_2786/face_signing.jpg,LN2024002786,,0,,王梓轩,男,汉族,1966-04-05,云南省昆明市五华区 星河湾畔 16栋6单元689室,530102196604058772,五华区公安局五华区分局,1984.03.31-1994.03.29,夏尔农业信贷,4106554.62,120,二手房交易,按月付息，到期还本
IMG_03083,loan_2787/face_signing.jpg,LN2024002787,,0,,吴浩,男,汉族,1999-05-04,浙江省宁波市海曙区 香榭丽舍 9栋2单元919室,330203199905046175,海曙区公安局海曙区分局,2017.04.29-2027.04.27,艾泽拉斯数字科技,633998.57,36,企业流动资金,等额本金
IMG_03084,loan_2788/face_signing.jpg,LN2024002788,,0,,胡慧,女,汉族,1997-11-18,天津市天津市和平区 威尼斯水城 1栋2单元441室,120101199711188864,和平区公安局和平区分局,2015.11.14-2025.11.11,瓦坎达信贷中心,595638.64,36,二手房交易,按月付息，到期还本
IMG_03085,loan_2789/face_signing.jpg,LN2024002789,,0,,吴晨,女,汉族,1990-04-28,陕西省西安市新城区 锦绣华庭 1栋6单元1365室,610102199004280760,新城区公安局新城区分局,2008.04.23-2018.04.21,新亚特兰蒂斯商业银行,143701.3,6,购买新能源汽车,先息后本
IMG_03086,loan_2790/face_signing.jpg,LN2024002790,,0,,罗平,男,苗族,2007-05-26,新疆维吾尔自治区乌鲁木齐市天山区 绿地新江湾 10栋3单元1129室,650102200705260597,天山区公安局天山区分局,2025.05.21-2035.05.19,星火基地普惠金融,855554.41,24,二手房交易,按月付息，到期还本
IMG_03087,loan_2791/face_signing.jpg,LN2024002791,,0,,黄佳,女,汉族,2007-01-28,贵州省贵阳市云岩区 碧水云天 19栋1单元437室,520103200701280440,云岩区公安局云岩区分局,2025.01.23-2035.01.21,霍格沃茨魔法银行,809640.2,60,企业流动资金,等额本金
IMG_03088,loan_2792/face_signing.jpg,LN2024002792,,0,,徐文,男,汉族,1994-08-02,广东省广州市荔湾区 翠湖雅苑 12栋4单元280室,440103199408028590,荔湾区公安局荔湾区分局,2012.07.28-2022.07.26,潘多拉普惠金融,121361.65,3,购买新能源汽车,先息后本
IMG_03089,loan_2793/face_signing.jpg,LN2024002793,,0,,杨浩,男,汉族,1999-06-03,河南省郑州市金水区 翠湖雅苑 20栋3单元874室,410105199906032434,金水区公安局金水区分局,2017.05.29-2027.05.27,木叶村消费金融,242460.42,24,房屋装修,等额本金
IMG_03090,loan_2794/face_signing.jpg,LN2024002794,,0,,高宇,女,汉族,1961-12-29,山东省济南市历下区 星河湾畔 16栋5单元1838室,370102196112290348,历下区公安局历下区分局,1979.12.25-1989.12.22,琅琊商业银行,60391.81,3,婚庆,一次性还本付息
IMG_03091,loan_2795/face_signing.jpg,LN2024002795,,0,,吴磊,男,汉族,1990-01-29,江苏省苏州市虎丘区 碧水云天 16栋1单元1829室,32050519900129515X,虎丘区公安局虎丘区分局,2008.01.25-2018.01.22,哥谭市小额贷款中心,522053.09,24,企业流动资金,按月付息，到期还本
IMG_03092,loan_2796/face_signing.jpg,LN2024002796,,0,,刘平,男,回族,1973-10-09,湖北省武汉市武昌区 阳光100 20栋6单元1522室,420106197310094115,武昌区公安局武昌区分局,1991.10.05-2001.10.02,琅琊商业银行,395272.36,60,企业流动资金,等额本息
IMG_03093,loan_2797/face_signing.jpg,LN2024002797,,0,,孙静,女,汉族,1978-11-19,上海市上海市黄浦区 融创壹号院 6栋3单元2436室,310101197811193763,黄浦区公安局黄浦区分局,1996.11.14-2006.11.12,新亚特兰蒂斯商业银行,169189.95,12,婚庆,等额本息
IMG_03094,loan_2798/face_signing.jpg,LN2024002798,,0,,马杰,男,汉族,1995-09-25,天津市天津市东丽区 星河湾畔 11栋5单元1943室,120110199509256954,东丽区公安局东丽区分局,2013.09.20-2023.09.18,夏尔农业信贷,176235.47,36,购买新能源汽车,按月付息，到期还本
IMG_03095,loan_2799/face_signing.jpg,LN2024002799,,0,,何文,女,汉族,1993-11-23,安徽省合肥市庐阳区 枫林晚居 19栋5单元2012室,34010319931123890X,庐阳区公安局庐阳区分局,2011.11.19-2021.11.16,琅琊商业银行,2543274.47,240,购房首付,按月付息，到期还本
IMG_03096,loan_2800/face_signing.jpg,LN2024002800,,0,,高婷,女,汉族,1969-11-01,江苏省苏州市虎丘区 威尼斯水城 16栋3单元829室,320505196911019206,虎丘区公安局虎丘区分局,1987.10.28-1997.10.25,霍格沃茨魔法银行,3584334.37,360,二手房交易,等额本金
IMG_03097,loan_2801/face_signing.jpg,LN2024002801,,0,,王宇,男,汉族,1972-02-09,天津市天津市和平区 香榭丽舍 4栋1单元566室,12010119720209537X,和平区公安局和平区分局,1990.02.04-2000.02.02,木叶村消费金融,139708.16,60,购买新能源汽车,等额本息
IMG_03098,loan_2802/face_signing.jpg,LN2024002802,,0,,马浩,男,汉族,1963-03-22,广东省广州市荔湾区 枫林晚居 10栋6单元1594室,440103196303229675,荔湾区公安局荔湾区分局,1981.03.17-1991.03.15,昆仑数字科技有限公司,3599850.22,120,购房首付,等额本息
IMG_03099,loan_2803/face_signing.jpg,LN2024002803,,0,,马超,男,维吾尔族,1974-12-04,浙江省杭州市上城区 锦绣华庭 6栋1单元2032室,330102197412043258,上城区公安局上城区分局,1992.11.29-2002.11.27,哥谭市小额贷款中心,365491.28,36,购房首付,等额本金
IMG_03100,loan_2804/face_signing.jpg,LN2024002804,,0,,刘子涵,女,汉族,1990-08-17,江苏省苏州市虎丘区 紫金华府 1栋6单元919室,320505199008171328,虎丘区公安局虎丘区分局,2008.08.12-2018.08.10,提瓦特小额贷款,132567.63,6,房屋装修,一次性还本付息
IMG_03101,loan_2805/face_signing.jpg,LN2024002805,,0,,黄华,女,汉族,2004-03-13,浙江省宁波市海曙区 锦绣华庭 19栋4单元1520室,330203200403131105,海曙区公安局海曙区分局,2022.03.09-2032.03.06,夏尔农业信贷,18423.79,12,旅游,等额本金
IMG_03102,loan_2806/face_signing.jpg,LN2024002806,,0,,马军,男,汉族,1962-12-17,新疆维吾尔自治区乌鲁木齐市天山区 中央公园 2栋6单元374室,650102196212170076,天山区公安局天山区分局,1980.12.12-1990.12.10,潘多拉普惠金融,3858106.44,240,企业流动资金,等额本金
IMG_03103,loan_2807/face_signing.jpg,LN2024002807,,0,,郭慧,女,汉族,1982-01-10,福建省厦门市思明区 香榭丽舍 10栋1单元483室,350203198201104284,思明区公安局思明区分局,2000.01.06-2010.01.03,提瓦特小额贷款,91892.41,3,购买燃油车,先息后本
IMG_03104,loan_2808/face_signing.jpg,LN2024002808,,0,,何晨,男,汉族,1990-03-29,广东省广州市天河区 星河湾畔 2栋3单元707室,440106199003296895,天河区公安局天河区分局,2008.03.24-2018.03.22,提瓦特小额贷款,671574.64,60,企业流动资金,等额本息
IMG_03105,loan_2809/face_signing.jpg,LN2024002809,,0,,高静,女,满族,2000-10-28,广东省广州市荔湾区 碧水云天 19栋5单元1527室,440103200010281882,荔湾区公安局荔湾区分局,2018.10.24-2028.10.21,哥谭市小额贷款中心,1015303.01,360,购房首付,等额本金
IMG_03106,loan_2810/face_signing.jpg,LN2024002810,,0,,林文,男,汉族,1984-03-06,广东省深圳市福田区 翠湖雅苑 12栋1单元2100室,440304198403068430,福田区公安局福田区分局,2002.03.02-2012.02.28,夏尔农业信贷,482037.23,60,二手房交易,等额本息
IMG_03107,loan_2811/face_signing.jpg,LN2024002811,,0,,刘慧,女,汉族,1972-05-01,贵州省贵阳市云岩区 威尼斯水城 1栋6单元1661室,52010319720501988X,云岩区公安局云岩区分局,1990.04.27-2000.04.24,昆仑数字科技有限公司,993090.51,36,二手房交易,按月付息，到期还本
IMG_03108,loan_2812/face_signing.jpg,LN2024002812,,0,,李平,男,汉族,1984-01-13,山东省济南市历下区 融创壹号院 19栋3单元715室,370102198401133217,历下区公安局历下区分局,2002.01.08-2012.01.06,木叶村消费金融,877381.9,60,企业流动资金,等额本息
IMG_03109,loan_2813/face_signing.jpg,LN2024002813,,0,,周明,男,汉族,1985-12-09,湖南省长沙市芙蓉区 星河湾畔 9栋1单元328室,430102198512097972,芙蓉区公安局芙蓉区分局,2003.12.05-2013.12.02,艾泽拉斯数字科技,4356115.72,120,二手房交易,按月付息，到期还本
IMG_03110,loan_2814/face_signing.jpg,LN2024002814,,0,,陈建,男,汉族,1982-12-27,河南省郑州市金水区 阳光100 5栋6单元1062室,410105198212279251,金水区公安局金水区分局,2000.12.22-2010.12.20,琅琊商业银行,773806.31,36,扩大生产,按月付息，到期还本
IMG_03111,loan_2815/face_signing.jpg,LN2024002815,,0,,张子涵,女,汉族,1998-12-13,重庆市重庆市九龙坡区 威尼斯水城 18栋3单元1481室,500107199812137862,九龙坡区公安局九龙坡区分局,2016.12.08-2026.12.06,新亚特兰蒂斯商业银行,768008.31,24,购房首付,按月付息，到期还本
IMG_03112,loan_2816/face_signing.jpg,LN2024002816,,0,,胡华,女,汉族,1987-09-30,四川省成都市武侯区 普罗旺斯 7栋5单元1593室,510107198709301940,武侯区公安局武侯区分局,2005.09.25-2015.09.23,提瓦特小额贷款,184007.11,3,购买燃油车,先息后本
IMG_03113,loan_2817/face_signing.jpg,LN2024002817,,0,,吴宇,男,汉族,1972-08-06,江苏省南京市玄武区 香榭丽舍 12栋3单元2254室,320102197208066178,玄武区公安局玄武区分局,1990.08.02-2000.07.30,木叶村消费金融,467506.02,60,二手房交易,等额本金
IMG_03114,loan_2818/face_signing.jpg,LN2024002818,,0,,赵文,女,汉族,1988-12-19,北京市北京市海淀区 绿地新江湾 1栋3单元411室,110108198812199026,海淀区公安局海淀区分局,2006.12.15-2016.12.12,阿卡姆消费金融,51925.35,36,房屋装修,等额本金
IMG_03115,loan_2819/face_signing.jpg,LN2024002819,,0,,孙佳,女,汉族,1965-03-08,陕西省西安市新城区 绿地新江湾 3栋6单元2093室,61010219650308914X,新城区公安局新城区分局,1983.03.04-1993.03.01,哥谭市小额贷款中心,101042.52,60,婚庆,等额本金
IMG_03116,loan_2820/face_signing.jpg,LN2024002820,,0,,马梓轩,女,汉族,1990-03-26,北京市北京市海淀区 阳光100 15栋4单元2317室,110108199003260469,海淀区公安局海淀区分局,2008.03.21-2018.03.19,赛博城消费金融有限公司,4969178.12,240,二手房交易,按月付息，到期还本
IMG_03117,loan_2821/face_signing.jpg,LN2024002821,,0,,胡平,女,满族,1978-04-11,广东省深圳市福田区 阳光100 14栋4单元520室,440304197804119388,福田区公安局福田区分局,1996.04.06-2006.04.04,瓦坎达信贷中心,265553.49,36,购买燃油车,按月付息，到期还本
IMG_03118,loan_2822/face_signing.jpg,LN2024002822,,0,,何平,男,汉族,1987-05-25,湖南省长沙市岳麓区 东方曼哈顿 10栋2单元1160室,43010419870525851X,岳麓区公安局岳麓区分局,2005.05.20-2015.05.18,赛博城消费金融有限公司,196836.85,3,房屋装修,一次性还本付息
IMG_03119,loan_2823/face_signing.jpg,LN2024002823,,0,,何娜,女,汉族,1999-12-06,江苏省苏州市虎丘区 御景半岛 14栋4单元1729室,320505199912069946,虎丘区公安局虎丘区分局,2017.12.01-2027.11.29,哥谭市小额贷款中心,2870381.48,120,二手房交易,等额本息
IMG_03120,loan_2824/face_signing.jpg,LN2024002824,,0,,马超,男,汉族,1964-02-22,四川省成都市武侯区 紫金华府 20栋6单元911室,510107196402222739,武侯区公安局武侯区分局,1982.02.17-1992.02.15,九又四分之三信贷中心,142379.4,12,婚庆,等额本金
IMG_03121,loan_2825/face_signing.jpg,LN2024002825,,0,,朱子涵,女,汉族,1997-04-29,浙江省杭州市西湖区 普罗旺斯 10栋1单元647室,330106199704297940,西湖区公安局西湖区分局,2015.04.25-2025.04.22,瓦坎达信贷中心,529159.13,36,购房首付,等额本息
IMG_03122,loan_2826/face_signing.jpg,LN2024002826,,0,,刘静,女,维吾尔族,2002-05-20,江苏省南京市鼓楼区 香榭丽舍 12栋6单元1970室,320106200205201901,鼓楼区公安局鼓楼区分局,2020.05.15-2030.05.13,新亚特兰蒂斯商业银行,1569828.7,240,二手房交易,按月付息，到期还本
IMG_03123,loan_2827/face_signing.jpg,LN2024002827,,0,,孙静,女,汉族,1967-12-29,浙江省宁波市海曙区 紫金华府 3栋4单元2000室,330203196712292149,海曙区公安局海曙区分局,1985.12.24-1995.12.22,木叶村消费金融,696918.41,36,扩大生产,按月付息，到期还本
IMG_03124,loan_2828/face_signing.jpg,LN2024002828,,0,,张文,女,汉族,2003-04-17,湖南省长沙市芙蓉区 普罗旺斯 9栋3单元726室,430102200304178647,芙蓉区公安局芙蓉区分局,2021.04.12-2031.04.10,赛博城消费金融有限公司,170990.74,3,婚庆,一次性还本付息
IMG_03125,loan_2829/face_signing.jpg,LN2024002829,,0,,孙秀,女,汉族,2001-10-03,上海市上海市黄浦区 阳光100 11栋6单元2098室,310101200110038407,黄浦区公安局黄浦区分局,2019.09.29-2029.09.26,提瓦特小额贷款,2655690.33,240,购房首付,等额本息
IMG_03126,loan_2830/face_signing.jpg,LN2024002830,,0,,徐丽,女,汉族,2004-06-10,天津市天津市东丽区 星河湾畔 20栋5单元2365室,120110200406109762,东丽区公安局东丽区分局,2022.06.06-2032.06.03,新亚特兰蒂斯商业银行,813704.11,24,购房首付,等额本息
IMG_03127,loan_2831/face_signing.jpg,LN2024002831,,0,,杨宇,女,汉族,1991-04-28,江苏省南京市玄武区 枫林晚居 17栋5单元106室,320102199104288306,玄武区公安局玄武区分局,2009.04.23-2019.04.21,瓦坎达信贷中心,2208223.64,120,二手房交易,按月付息，到期还本
IMG_03128,loan_2832/face_signing.jpg,LN2024002832,,0,,朱静,女,汉族,1987-07-28,重庆市重庆市渝中区 碧水云天 18栋2单元1134室,500103198707281344,渝中区公安局渝中区分局,2005.07.23-2015.07.21,夏尔农业信贷,18775.63,6,旅游,先息后本
IMG_03129,loan_2833/face_signing.jpg,LN2024002833,,0,,陈建,女,汉族,2005-11-22,贵州省贵阳市云岩区 绿地新江湾 5栋4单元2107室,520103200511222485,云岩区公安局云岩区分局,2023.11.18-2033.11.15,新亚特兰蒂斯商业银行,1431112.99,120,购房首付,按月付息，到期还本
IMG_03130,loan_2834/face_signing.jpg,LN2024002834,,0,,罗子涵,男,汉族,1966-05-29,湖北省武汉市江岸区 阳光100 11栋1单元1950室,420102196605292493,江岸区公安局江岸区分局,1984.05.24-1994.05.22,昆仑数字科技有限公司,117459.24,6,房屋装修,先息后本
IMG_03131,loan_2835/face_signing.jpg,LN2024002835,,0,,高娜,女,汉族,1980-08-25,江苏省南京市玄武区 威尼斯水城 17栋2单元1050室,320102198008258962,玄武区公安局玄武区分局,1998.08.21-2008.08.18,潘多拉普惠金融,978307.06,60,企业流动资金,等额本息
IMG_03132,loan_2836/face_signing.jpg,LN2024002836,,0,,马军,男,汉族,1975-05-06,浙江省杭州市西湖区 龙腾盛世 11栋3单元876室,330106197505060159,西湖区公安局西湖区分局,1993.05.01-2003.04.29,赛博城消费金融有限公司,146633.05,3,房屋装修,先息后本
IMG_03133,loan_2837/face_signing.jpg,LN2024002837,,0,,王梓轩,女,汉族,1971-04-25,山东省济南市历下区 东方曼哈顿 9栋4单元1112室,370102197104257980,历下区公安局历下区分局,1989.04.20-1999.04.18,琅琊商业银行,54460.08,12,购买新能源汽车,等额本金
IMG_03134,loan_2838/face_signing.jpg,LN2024002838,,0,,张华,女,汉族,1966-06-29,四川省成都市武侯区 普罗旺斯 7栋5单元350室,51010719660629542X,武侯区公安局武侯区分局,1984.06.24-1994.06.22,琅琊商业银行,4894008.98,360,购房首付,按月付息，到期还本
IMG_03135,loan_2839/face_signing.jpg,LN2024002839,,0,,郭晨,男,汉族,2001-08-31,安徽省合肥市庐阳区 碧水云天 2栋3单元1467室,340103200108315290,庐阳区公安局庐阳区分局,2019.08.27-2029.08.24,瓦坎达信贷中心,41409.46,6,购买家电,一次性还本付息
IMG_03136,loan_2840/face_signing.jpg,LN2024002840,,0,,郭宇,男,汉族,1996-04-10,贵州省贵阳市云岩区 锦绣家园 5栋2单元1381室,520103199604106736,云岩区公安局云岩区分局,2014.04.06-2024.04.03,艾泽拉斯数字科技,4937668.31,360,企业流动资金,等额本金
IMG_03137,loan_2841/face_signing.jpg,LN2024002841,,0,,王芳,女,汉族,1989-06-29,新疆维吾尔自治区乌鲁木齐市天山区 阳光100 8栋6单元1159室,650102198906294363,天山区公安局天山区分局,2007.06.25-2017.06.22,哥谭市小额贷款中心,2906114.39,360,二手房交易,等额本金
IMG_03138,loan_2842/face_signing.jpg,LN2024002842,,0,,孙芳,女,汉族,1982-11-21,天津市天津市东丽区 融创壹号院 10栋5单元1251室,120110198211214423,东丽区公安局东丽区分局,2000.11.16-2010.11.14,提瓦特小额贷款,512742.9,36,企业流动资金,等额本息
IMG_03139,loan_2843/face_signing.jpg,LN2024002843,,0,,杨浩,男,汉族,2001-09-16,福建省厦门市思明区 翠湖雅苑 15栋5单元639室,350203200109164938,思明区公安局思明区分局,2019.09.12-2029.09.09,琅琊商业银行,1062413.44,120,二手房交易,按月付息，到期还本
IMG_03140,loan_2844/face_signing.jpg,LN2024002844,,0,,罗建,女,汉族,1983-09-14,山东省济南市历下区 紫金华府 7栋5单元1931室,370102198309141425,历下区公安局历下区分局,2001.09.09-2011.09.07,霍格沃茨魔法银行,4659550.38,360,二手房交易,等额本息
IMG_03141,loan_2845/face_signing.jpg,LN2024002845,,0,,郭志强,男,汉族,2008-02-16,广东省广州市荔湾区 普罗旺斯 6栋6单元1689室,440103200802164932,荔湾区公安局荔湾区分局,2026.02.11-2036.02.09,九又四分之三信贷中心,351062.93,24,扩大生产,等额本息
IMG_03142,loan_2846/face_signing.jpg,LN2024002846,,0,,赵军,男,汉族,1969-06-01,江苏省南京市鼓楼区 阳光100 5栋6单元1249室,32010619690601515X,鼓楼区公安局鼓楼区分局,1987.05.28-1997.05.25,新亚特兰蒂斯商业银行,116539.14,6,购买燃油车,一次性还本付息
IMG_03143,loan_2847/face_signing.jpg,LN2024002847,,0,,刘文,男,汉族,1980-06-30,广东省广州市天河区 御景半岛 5栋6单元2235室,440106198006302694,天河区公安局天河区分局,1998.06.26-2008.06.23,艾泽拉斯数字科技,983332.94,36,扩大生产,等额本金
IMG_03144,loan_2848/face_signing.jpg,LN2024002848,,0,,李敏,女,汉族,1977-12-15,江苏省无锡市新吴区 星河湾畔 11栋2单元2360室,320214197712153984,新吴区公安局新吴区分局,1995.12.11-2005.12.08,赛博城消费金融有限公司,830877.28,36,扩大生产,等额本息
IMG_03145,loan_2849/face_signing.jpg,LN2024002849,,0,,杨勇,男,汉族,1986-11-03,陕西省西安市雁塔区 阳光100 15栋2单元2036室,610113198611037273,雁塔区公安局雁塔区分局,2004.10.29-2014.10.27,哥谭市小额贷款中心,153409.81,12,购买新能源汽车,等额本金
IMG_03146,loan_2850/face_signing.jpg,LN2024002850,,0,,黄子涵,女,汉族,1969-08-08,上海市上海市黄浦区 龙腾盛世 12栋2单元416室,310101196908082846,黄浦区公安局黄浦区分局,1987.08.04-1997.08.01,潘多拉普惠金融,4929387.52,360,企业流动资金,按月付息，到期还本
IMG_03147,loan_2851/face_signing.jpg,LN2024002851,,0,,林军,男,汉族,2005-07-05,海南省海口市龙华区 翠湖雅苑 14栋6单元755室,460106200507050492,龙华区公安局龙华区分局,2023.07.01-2033.06.28,昆仑数字科技有限公司,127715.47,60,购买新能源汽车,等额本息
IMG_03148,loan_2852/face_signing.jpg,LN2024002852,,0,,徐华,男,汉族,1961-09-20,浙江省宁波市海曙区 中央公园 20栋3单元975室,330203196109205952,海曙区公安局海曙区分局,1979.09.16-1989.09.13,霍格沃茨魔法银行,244402.26,60,购买新能源汽车,等额本息
IMG_03149,loan_2853/face_signing.jpg,LN2024002853,,0,,孙晨,男,汉族,1963-12-09,广东省深圳市南山区 星河湾畔 20栋5单元2345室,44030519631209207X,南山区公安局南山区分局,1981.12.04-1991.12.02,昆仑数字科技有限公司,3444149.81,120,企业流动资金,等额本金
IMG_03150,loan_2854/face_signing.jpg,LN2024002854,,0,,刘伟,男,汉族,1967-12-31,海南省海口市龙华区 普罗旺斯 11栋3单元1178室,460106196712310856,龙华区公安局龙华区分局,1985.12.26-1995.12.24,艾泽拉斯数字科技,1892450.63,120,企业流动资金,按月付息，到期还本
IMG_03151,loan_2855/face_signing.jpg,LN2024002855,,0,,徐丽,女,汉族,1977-01-31,天津市天津市东丽区 融创壹号院 17栋1单元706室,120110197701311707,东丽区公安局东丽区分局,1995.01.27-2005.01.24,霍格沃茨魔法银行,2045931.23,120,企业流动资金,等额本金
IMG_03152,loan_2856/face_signing.jpg,LN2024002856,,0,,张敏,女,汉族,1969-08-06,陕西省西安市雁塔区 锦绣华庭 7栋6单元1239室,610113196908065305,雁塔区公安局雁塔区分局,1987.08.02-1997.07.30,木叶村消费金融,83652.12,3,购买新能源汽车,一次性还本付息
IMG_03153,loan_2857/face_signing.jpg,LN2024002857,,0,,李丽,女,汉族,1986-03-19,江西省南昌市东湖区 锦绣家园 9栋2单元799室,360102198603191966,东湖区公安局东湖区分局,2004.03.14-2014.03.12,哥谭市小额贷款中心,772918.99,24,企业流动资金,等额本息
IMG_03154,loan_2858/face_signing.jpg,LN2024002858,,0,,孙建,男,汉族,1997-01-30,天津市天津市东丽区 融创壹号院 20栋2单元1289室,120110199701307539,东丽区公安局东丽区分局,2015.01.26-2025.01.23,霍格沃茨魔法银行,481465.84,36,购房首付,按月付息，到期还本
IMG_03155,loan_2859/face_signing.jpg,LN2024002859,,0,,林华,男,汉族,1985-01-01,浙江省宁波市海曙区 普罗旺斯 18栋4单元1450室,330203198501017197,海曙区公安局海曙区分局,2002.12.28-2012.12.25,夏尔农业信贷,934322.97,24,二手房交易,等额本息
IMG_03156,loan_2860/face_signing.jpg,LN2024002860,,0,,孙子涵,男,汉族,1999-05-28,浙江省杭州市西湖区 普罗旺斯 17栋1单元1101室,330106199905285575,西湖区公安局西湖区分局,2017.05.23-2027.05.21,星火基地普惠金融,568260.19,36,购房首付,按月付息，到期还本
IMG_03157,loan_2861/face_signing.jpg,LN2024002861,,0,,黄涛,男,汉族,2006-03-10,四川省成都市武侯区 中央公园 16栋2单元1054室,51010720060310499X,武侯区公安局武侯区分局,2024.03.05-2034.03.03,星火基地普惠金融,757160.22,120,购房首付,按月付息，到期还本
IMG_03158,loan_2862/face_signing.jpg,LN2024002862,,0,,徐涛,男,汉族,1992-09-17,新疆维吾尔自治区乌鲁木齐市天山区 东方曼哈顿 4栋1单元1796室,650102199209177617,天山区公安局天山区分局,2010.09.13-2020.09.10,艾泽拉斯数字科技,155712.51,3,购买新能源汽车,一次性还本付息
IMG_03159,loan_2863/face_signing.jpg,LN2024002863,,0,,孙强,男,汉族,2007-01-10,江苏省苏州市虎丘区 东方曼哈顿 16栋1单元255室,320505200701105519,虎丘区公安局虎丘区分局,2025.01.05-2035.01.03,九又四分之三信贷中心,174225.92,3,购买燃油车,一次性还本付息
IMG_03160,loan_2864/face_signing.jpg,LN2024002864,,0,,杨梓轩,男,汉族,1985-05-19,浙江省宁波市海曙区 香榭丽舍 11栋5单元392室,33020319850519545X,海曙区公安局海曙区分局,2003.05.15-2013.05.12,昆仑数字科技有限公司,154766.61,3,购买燃油车,一次性还本付息
IMG_03161,loan_2865/face_signing.jpg,LN2024002865,,0,,郭志强,男,汉族,2002-03-14,湖南省长沙市岳麓区 御景半岛 6栋3单元1414室,430104200203142832,岳麓区公安局岳麓区分局,2020.03.09-2030.03.07,新亚特兰蒂斯商业银行,57348.76,6,房屋装修,先息后本
IMG_03162,loan_2866/face_signing.jpg,LN2024002866,,0,,赵娜,女,汉族,1979-03-27,北京市北京市海淀区 悦海名邸 8栋5单元2017室,11010819790327404X,海淀区公安局海淀区分局,1997.03.22-2007.03.20,艾泽拉斯数字科技,55310.45,36,婚庆,按月付息，到期还本
IMG_03163,loan_2867/face_signing.jpg,LN2024002867,,0,,杨慧,女,汉族,1963-02-23,广东省深圳市福田区 悦海名邸 7栋6单元902室,440304196302232423,福田区公安局福田区分局,1981.02.18-1991.02.16,阿卡姆消费金融,582516.93,60,二手房交易,等额本金
IMG_03164,loan_2868/face_signing.jpg,LN2024002868,,0,,赵晨,女,汉族,1991-01-27,上海市上海市浦东新区 锦绣家园 2栋2单元2457室,310115199101277089,浦东新区公安局浦东新区分局,2009.01.22-2019.01.20,昆仑数字科技有限公司,2854872.84,360,购房首付,等额本息
IMG_03165,loan_2869/face_signing.jpg,LN2024002869,,0,,林敏,女,汉族,1976-06-27,北京市北京市海淀区 翠湖雅苑 12栋3单元1951室,110108197606272400,海淀区公安局海淀区分局,1994.06.23-2004.06.20,提瓦特小额贷款,4208818.88,360,购房首付,等额本金
IMG_03166,loan_2870/face_signing.jpg,LN2024002870,,0,,周平,女,汉族,1967-07-17,重庆市重庆市九龙坡区 普罗旺斯 6栋2单元1845室,500107196707175089,九龙坡区公安局九龙坡区分局,1985.07.12-1995.07.10,提瓦特小额贷款,3538485.58,120,购房首付,按月付息，到期还本
IMG_03167,loan_2871/face_signing.jpg,LN2024002871,,0,,李娜,女,汉族,1994-01-31,江西省南昌市东湖区 紫金华府 8栋6单元550室,360102199401319161,东湖区公安局东湖区分局,2012.01.27-2022.01.24,琅琊商业银行,59898.75,3,购买燃油车,一次性还本付息
IMG_03168,loan_2872/face_signing.jpg,LN2024002872,,0,,胡娜,女,汉族,2003-08-05,北京市北京市海淀区 碧水云天 3栋5单元1965室,11010820030805280X,海淀区公安局海淀区分局,2021.07.31-2031.07.29,霍格沃茨魔法银行,3081474.15,360,二手房交易,等额本息
IMG_03169,loan_2873/face_signing.jpg,LN2024002873,,0,,张佳,女,汉族,1981-11-28,海南省海口市龙华区 枫林晚居 14栋4单元1032室,460106198111289106,龙华区公安局龙华区分局,1999.11.24-2009.11.21,瓦坎达信贷中心,827048.91,60,企业流动资金,等额本息
IMG_03170,loan_2874/face_signing.jpg,LN2024002874,,0,,王勇,男,彝族,1963-04-03,云南省昆明市五华区 紫金华府 8栋3单元1588室,53010219630403869X,五华区公安局五华区分局,1981.03.29-1991.03.27,星火基地普惠金融,133527.3,60,房屋装修,等额本金
IMG_03171,loan_2875/face_signing.jpg,LN2024002875,,0,,胡宇,男,汉族,1968-03-16,海南省海口市龙华区 枫林晚居 20栋4单元1612室,460106196803160232,龙华区公安局龙华区分局,1986.03.12-1996.03.09,夏尔农业信贷,3344880.86,240,购房首付,等额本金
IMG_03172,loan_2876/face_signing.jpg,LN2024002876,,0,,徐宇,女,汉族,1990-06-05,安徽省合肥市庐阳区 中央公园 2栋1单元361室,340103199006051743,庐阳区公安局庐阳区分局,2008.05.31-2018.05.29,提瓦特小额贷款,2336153.85,240,企业流动资金,按月付息，到期还本
IMG_03173,loan_2877/face_signing.jpg,LN2024002877,,0,,刘静,女,汉族,1999-08-04,北京市北京市东城区 威尼斯水城 12栋2单元1983室,110101199908044045,东城区公安局东城区分局,2017.07.30-2027.07.28,瓦坎达信贷中心,1863250.51,240,企业流动资金,等额本金
IMG_03174,loan_2878/face_signing.jpg,LN2024002878,,0,,罗雪,女,土家族,1991-05-14,陕西省西安市新城区 御景半岛 15栋4单元674室,61010219910514336X,新城区公安局新城区分局,2009.05.09-2019.05.07,夏尔农业信贷,192692.95,3,购买新能源汽车,先息后本
IMG_03175,loan_2879/face_signing.jpg,LN2024002879,,0,,朱丽,女,汉族,1988-08-26,山东省济南市历下区 锦绣家园 8栋3单元1150室,370102198808267866,历下区公安局历下区分局,2006.08.22-2016.08.19,夏尔农业信贷,67935.44,36,房屋装修,按月付息，到期还本
IMG_03176,loan_2880/face_signing.jpg,LN2024002880,,0,,郭子涵,女,汉族,2007-03-27,陕西省西安市新城区 东方曼哈顿 6栋2单元477室,610102200703275886,新城区公安局新城区分局,2025.03.22-2035.03.20,霍格沃茨魔法银行,1055110.97,240,企业流动资金,等额本金
IMG_03177,loan_2881/face_signing.jpg,LN2024002881,,0,,张涛,男,汉族,1996-10-31,河南省郑州市金水区 东方曼哈顿 5栋2单元2483室,410105199610312832,金水区公安局金水区分局,2014.10.27-2024.10.24,木叶村消费金融,1482998.05,120,二手房交易,等额本金
IMG_03178,loan_2882/face_signing.jpg,LN2024002882,,0,,朱慧,女,汉族,1977-12-04,浙江省宁波市海曙区 威尼斯水城 6栋3单元2429室,330203197712044342,海曙区公安局海曙区分局,1995.11.30-2005.11.27,艾泽拉斯数字科技,2595001.92,360,企业流动资金,等额本息
IMG_03179,loan_2883/face_signing.jpg,LN2024002883,,0,,张晨,男,汉族,1978-03-24,湖南省长沙市芙蓉区 中央公园 13栋3单元1456室,43010219780324363X,芙蓉区公安局芙蓉区分局,1996.03.19-2006.03.17,霍格沃茨魔法银行,2449518.06,360,购房首付,按月付息，到期还本
IMG_03180,loan_2884/face_signing.jpg,LN2024002884,,0,,张建,女,汉族,1971-04-20,上海市上海市浦东新区 星河湾畔 6栋3单元2097室,310115197104202841,浦东新区公安局浦东新区分局,1989.04.15-1999.04.13,星火基地普惠金融,4428305.26,360,购房首付,按月付息，到期还本
IMG_03181,loan_2885/face_signing.jpg,LN2024002885,,0,,黄军,男,汉族,1973-08-11,山东省济南市历下区 锦绣家园 6栋5单元1797室,370102197308113735,历下区公安局历下区分局,1991.08.07-2001.08.04,潘多拉普惠金融,425589.45,36,购房首付,等额本息
IMG_03182,loan_2886/face_signing.jpg,LN2024002886,,0,,吴磊,男,汉族,2005-11-23,云南省昆明市五华区 香榭丽舍 14栋1单元1614室,530102200511230456,五华区公安局五华区分局,2023.11.19-2033.11.16,瓦坎达信贷中心,830931.76,36,二手房交易,等额本金
IMG_03183,loan_2887/face_signing.jpg,LN2024002887,,0,,马军,男,汉族,1990-09-19,浙江省杭州市西湖区 紫金华府 6栋3单元1316室,330106199009193816,西湖区公安局西湖区分局,2008.09.14-2018.09.12,阿卡姆消费金融,982582.4,24,企业流动资金,等额本息
IMG_03184,loan_2888/face_signing.jpg,LN2024002888,,0,,周佳,女,汉族,1992-03-30,江苏省苏州市虎丘区 东方曼哈顿 1栋6单元2076室,320505199203307040,虎丘区公安局虎丘区分局,2010.03.26-2020.03.23,新亚特兰蒂斯商业银行,844449.27,360,二手房交易,等额本息
IMG_03185,loan_2889/face_signing.jpg,LN2024002889,,0,,陈子涵,女,汉族,1961-01-28,广东省广州市荔湾区 星河湾畔 9栋1单元1663室,440103196101280800,荔湾区公安局荔湾区分局,1979.01.24-1989.01.21,潘多拉普惠金融,883636.37,24,购房首付,等额本金
IMG_03186,loan_2890/face_signing.jpg,LN2024002890,,0,,高平,女,汉族,2003-04-27,福建省厦门市思明区 紫金华府 3栋2单元1315室,350203200304275609,思明区公安局思明区分局,2021.04.22-2031.04.20,哥谭市小额贷款中心,368649.24,60,扩大生产,按月付息，到期还本
IMG_03187,loan_2891/face_signing.jpg,LN2024002891,,0,,刘建,男,汉族,2007-08-20,北京市北京市海淀区 星河湾畔 14栋3单元2220室,110108200708202977,海淀区公安局海淀区分局,2025.08.15-2035.08.13,哥谭市小额贷款中心,397369.17,24,二手房交易,按月付息，到期还本
IMG_03188,loan_2892/face_signing.jpg,LN2024002892,,0,,吴娟,女,汉族,1978-12-15,天津市天津市和平区 融创壹号院 12栋2单元134室,120101197812157224,和平区公安局和平区分局,1996.12.10-2006.12.08,琅琊商业银行,10195.83,6,日常消费,先息后本
IMG_03189,loan_2893/face_signing.jpg,LN2024002893,,0,,胡秀,女,汉族,1976-06-25,天津市天津市和平区 龙腾盛世 6栋2单元2502室,120101197606258323,和平区公安局和平区分局,1994.06.21-2004.06.18,赛博城消费金融有限公司,130477.56,12,购买燃油车,等额本息
IMG_03190,loan_2894/face_signing.jpg,LN2024002894,,0,,杨燕,女,汉族,1987-12-02,广东省广州市天河区 中央公园 10栋6单元1495室,440106198712027968,天河区公安局天河区分局,2005.11.27-2015.11.25,星火基地普惠金融,59554.54,12,房屋装修,按月付息，到期还本
IMG_03191,loan_2895/face_signing.jpg,LN2024002895,,0,,陈磊,男,汉族,1969-03-06,福建省福州市鼓楼区 锦绣华庭 20栋3单元310室,350102196903063578,鼓楼区公安局鼓楼区分局,1987.03.02-1997.02.27,赛博城消费金融有限公司,551928.53,360,购房首付,等额本息
IMG_03192,loan_2896/face_signing.jpg,LN2024002896,,0,,林明,男,汉族,1963-03-21,广东省广州市荔湾区 中央公园 6栋2单元2097室,440103196303210499,荔湾区公安局荔湾区分局,1981.03.16-1991.03.14,九又四分之三信贷中心,451288.47,24,二手房交易,等额本息
IMG_03193,loan_2897/face_signing.jpg,LN2024002897,,0,,赵晨,男,回族,1979-09-10,上海市上海市黄浦区 东方曼哈顿 15栋2单元1182室,310101197909105813,黄浦区公安局黄浦区分局,1997.09.05-2007.09.03,潘多拉普惠金融,2613493.97,360,企业流动资金,按月付息，到期还本
IMG_03194,loan_2898/face_signing.jpg,LN2024002898,,0,,何磊,男,汉族,2001-11-28,天津市天津市和平区 紫金华府 14栋3单元513室,120101200111282211,和平区公安局和平区分局,2019.11.24-2029.11.21,艾泽拉斯数字科技,483752.09,60,扩大生产,按月付息，到期还本
IMG_03195,loan_2899/face_signing.jpg,LN2024002899,,0,,黄宇,女,壮族,1991-07-18,山东省青岛市崂山区 枫林晚居 19栋5单元449室,370212199107184227,崂山区公安局崂山区分局,2009.07.13-2019.07.11,艾泽拉斯数字科技,7969.91,12,旅游,等额本息
IMG_03196,loan_2900/face_signing.jpg,LN2024002900,,0,,李磊,男,汉族,1982-12-16,浙江省杭州市上城区 紫金华府 15栋2单元1498室,330102198212161158,上城区公安局上城区分局,2000.12.11-2010.12.09,潘多拉普惠金融,457809.69,24,二手房交易,按月付息，到期还本
IMG_03197,loan_2901/face_signing.jpg,LN2024002901,,0,,李文,女,汉族,1969-06-15,天津市天津市和平区 融创壹号院 1栋4单元756室,120101196906153780,和平区公安局和平区分局,1987.06.11-1997.06.08,赛博城消费金融有限公司,938019.61,240,二手房交易,按月付息，到期还本
IMG_03198,loan_2902/face_signing.jpg,LN2024002902,,0,,罗军,男,汉族,1998-10-18,福建省福州市鼓楼区 威尼斯水城 15栋1单元114室,350102199810181894,鼓楼区公安局鼓楼区分局,2016.10.13-2026.10.11,昆仑数字科技有限公司,607171.25,60,扩大生产,等额本金
IMG_03199,loan_2903/face_signing.jpg,LN2024002903,,0,,朱超,男,汉族,1994-05-21,湖南省长沙市岳麓区 绿地新江湾 7栋3单元1064室,430104199405215918,岳麓区公安局岳麓区分局,2012.05.16-2022.05.14,瓦坎达信贷中心,4008155.3,120,企业流动资金,按月付息，到期还本
IMG_03200,loan_2904/face_signing.jpg,LN2024002904,,0,,孙磊,男,汉族,1983-03-27,湖南省长沙市岳麓区 锦绣家园 5栋6单元1557室,430104198303278614,岳麓区公安局岳麓区分局,2001.03.22-2011.03.20,哥谭市小额贷款中心,709770.52,24,二手房交易,等额本息
IMG_03201,loan_2905/face_signing.jpg,LN2024002905,,0,,孙敏,女,汉族,1992-02-02,重庆市重庆市渝中区 龙腾盛世 4栋1单元2037室,500103199202025649,渝中区公安局渝中区分局,2010.01.28-2020.01.26,艾泽拉斯数字科技,842413.21,60,二手房交易,等额本息
IMG_03202,loan_2906/face_signing.jpg,LN2024002906,,0,,孙超,男,汉族,2007-05-08,安徽省合肥市庐阳区 锦绣华庭 4栋2单元249室,340103200705084451,庐阳区公安局庐阳区分局,2025.05.03-2035.05.01,霍格沃茨魔法银行,160656.35,12,婚庆,按月付息，到期还本
IMG_03203,loan_2907/face_signing.jpg,LN2024002907,,0,,徐明,男,汉族,1971-12-06,浙江省杭州市西湖区 中央公园 12栋5单元1097室,330106197112060617,西湖区公安局西湖区分局,1989.12.01-1999.11.29,昆仑数字科技有限公司,105009.85,24,购买新能源汽车,等额本息
IMG_03204,loan_2908/face_signing.jpg,LN2024002908,,0,,何强,男,汉族,1963-04-08,四川省成都市锦江区 锦绣华庭 4栋2单元1405室,51010419630408621X,锦江区公安局锦江区分局,1981.04.03-1991.04.01,九又四分之三信贷中心,558534.88,240,二手房交易,等额本息
IMG_03205,loan_2909/face_signing.jpg,LN2024002909,,0,,林建,男,汉族,1964-05-13,广东省深圳市福田区 融创壹号院 8栋3单元1623室,440304196405130876,福田区公安局福田区分局,1982.05.09-1992.05.06,阿卡姆消费金融,222140.79,60,购买新能源汽车,等额本息
IMG_03206,loan_2910/face_signing.jpg,LN2024002910,,0,,何晨,男,汉族,2004-09-17,江苏省苏州市虎丘区 翠湖雅苑 11栋3单元2156室,320505200409175595,虎丘区公安局虎丘区分局,2022.09.13-2032.09.10,瓦坎达信贷中心,40960.88,6,日常消费,先息后本
IMG_03207,loan_2911/face_signing.jpg,LN2024002911,,0,,高慧,女,汉族,1969-11-10,海南省海口市龙华区 龙腾盛世 14栋4单元940室,460106196911109469,龙华区公安局龙华区分局,1987.11.06-1997.11.03,夏尔农业信贷,158613.59,12,房屋装修,按月付息，到期还本
IMG_03208,loan_2912/face_signing.jpg,LN2024002912,,0,,罗平,女,汉族,1967-04-08,江苏省苏州市虎丘区 星河湾畔 5栋4单元196室,320505196704080645,虎丘区公安局虎丘区分局,1985.04.03-1995.04.01,赛博城消费金融有限公司,651134.76,36,扩大生产,等额本金
IMG_03209,loan_2913/face_signing.jpg,LN2024002913,,0,,陈梓轩,女,汉族,1972-05-02,新疆维吾尔自治区乌鲁木齐市天山区 紫金华府 7栋6单元2491室,650102197205029589,天山区公安局天山区分局,1990.04.28-2000.04.25,霍格沃茨魔法银行,46461.74,3,旅游,一次性还本付息
IMG_03210,loan_2914/face_signing.jpg,LN2024002914,,0,,胡娜,女,汉族,1992-02-06,江苏省无锡市新吴区 枫林晚居 20栋6单元1742室,320214199202069765,新吴区公安局新吴区分局,2010.02.01-2020.01.30,新亚特兰蒂斯商业银行,1192837.68,120,企业流动资金,等额本息
IMG_03211,loan_2915/face_signing.jpg,LN2024002915,,0,,马磊,男,汉族,1983-02-05,云南省昆明市五华区 威尼斯水城 12栋6单元356室,530102198302056711,五华区公安局五华区分局,2001.01.31-2011.01.29,阿卡姆消费金融,3009312.56,360,二手房交易,按月付息，到期还本
IMG_03212,loan_2916/face_signing.jpg,LN2024002916,,0,,郭志强,男,汉族,2004-10-15,江苏省南京市玄武区 碧水云天 20栋6单元1509室,320102200410152234,玄武区公安局玄武区分局,2022.10.11-2032.10.08,霍格沃茨魔法银行,771525.63,36,购房首付,等额本金
IMG_03213,loan_2917/face_signing.jpg,LN2024002917,,0,,陈杰,男,汉族,1979-05-18,广东省深圳市福田区 悦海名邸 3栋2单元994室,440304197905189297,福田区公安局福田区分局,1997.05.13-2007.05.11,瓦坎达信贷中心,216342.29,24,房屋装修,按月付息，到期还本
IMG_03214,loan_2918/face_signing.jpg,LN2024002918,,0,,朱娜,女,汉族,1976-02-01,福建省厦门市思明区 威尼斯水城 4栋3单元1574室,350203197602019123,思明区公安局思明区分局,1994.01.27-2004.01.25,夏尔农业信贷,3005366.08,240,购房首付,按月付息，到期还本
IMG_03215,loan_2919/face_signing.jpg,LN2024002919,,0,,王平,女,汉族,1976-10-30,山东省济南市历下区 东方曼哈顿 17栋3单元477室,370102197610308744,历下区公安局历下区分局,1994.10.26-2004.10.23,星火基地普惠金融,433866.53,24,企业流动资金,按月付息，到期还本
IMG_03216,loan_2920/face_signing.jpg,LN2024002920,,0,,徐平,男,汉族,1963-10-25,山东省济南市历下区 威尼斯水城 4栋1单元506室,370102196310256917,历下区公安局历下区分局,1981.10.20-1991.10.18,木叶村消费金融,286769.44,60,购买燃油车,按月付息，到期还本
IMG_03217,loan_2921/face_signing.jpg,LN2024002921,,0,,赵静,女,汉族,1994-02-19,海南省海口市龙华区 绿地新江湾 3栋5单元828室,460106199402195622,龙华区公安局龙华区分局,2012.02.15-2022.02.12,昆仑数字科技有限公司,525087.84,24,企业流动资金,等额本息
IMG_03218,loan_2922/face_signing.jpg,LN2024002922,,0,,刘磊,男,汉族,1998-03-12,湖南省长沙市岳麓区 枫林晚居 10栋6单元2322室,430104199803129118,岳麓区公安局岳麓区分局,2016.03.07-2026.03.05,哥谭市小额贷款中心,2700813.21,120,购房首付,等额本息
IMG_03219,loan_2923/face_signing.jpg,LN2024002923,,0,,周梓轩,男,汉族,1963-03-01,北京市北京市东城区 紫金华府 15栋3单元519室,110101196303017753,东城区公安局东城区分局,1981.02.24-1991.02.22,夏尔农业信贷,181864.98,36,房屋装修,按月付息，到期还本
IMG_03220,loan_2924/face_signing.jpg,LN2024002924,,0,,朱佳,女,汉族,1964-09-22,浙江省杭州市西湖区 中央公园 17栋3单元211室,330106196409220808,西湖区公安局西湖区分局,1982.09.18-1992.09.15,星火基地普惠金融,730060.83,60,扩大生产,等额本金
IMG_03221,loan_2925/face_signing.jpg,LN2024002925,,0,,黄娜,女,汉族,1974-11-03,江西省南昌市东湖区 香榭丽舍 6栋3单元520室,360102197411038428,东湖区公安局东湖区分局,1992.10.29-2002.10.27,星火基地普惠金融,864561.9,24,购房首付,等额本金
IMG_03222,loan_2926/face_signing.jpg,LN2024002926,,0,,朱平,男,汉族,1994-07-18,云南省昆明市五华区 悦海名邸 4栋3单元207室,530102199407183033,五华区公安局五华区分局,2012.07.13-2022.07.11,九又四分之三信贷中心,76527.96,3,房屋装修,一次性还本付息
IMG_03223,loan_2927/face_signing.jpg,LN2024002927,,0,,周建国,男,汉族,1965-06-18,四川省成都市锦江区 锦绣家园 18栋4单元316室,510104196506186294,锦江区公安局锦江区分局,1983.06.14-1993.06.11,艾泽拉斯数字科技,449037.64,24,扩大生产,等额本息
IMG_03224,loan_2928/face_signing.jpg,LN2024002928,,0,,黄文,女,汉族,1981-08-04,天津市天津市东丽区 御景半岛 5栋2单元933室,120110198108042926,东丽区公安局东丽区分局,1999.07.31-2009.07.28,夏尔农业信贷,118460.79,6,婚庆,先息后本
IMG_03225,loan_2929/face_signing.jpg,LN2024002929,,0,,郭勇,男,汉族,1986-07-16,江西省南昌市东湖区 中央公园 8栋5单元1066室,360102198607162011,东湖区公安局东湖区分局,2004.07.11-2014.07.09,星火基地普惠金融,880174.82,240,购房首付,等额本息
IMG_03226,loan_2930/face_signing.jpg,LN2024002930,,0,,孙娟,女,汉族,1990-06-10,广东省广州市天河区 阳光100 6栋5单元2096室,440106199006104502,天河区公安局天河区分局,2008.06.05-2018.06.03,琅琊商业银行,1216743.15,360,企业流动资金,按月付息，到期还本
IMG_03227,loan_2931/face_signing.jpg,LN2024002931,,0,,何佳,女,汉族,2002-09-14,重庆市重庆市九龙坡区 东方曼哈顿 1栋3单元202室,500107200209145062,九龙坡区公安局九龙坡区分局,2020.09.09-2030.09.07,阿卡姆消费金融,316478.98,60,购房首付,按月付息，到期还本
IMG_03228,loan_2932/face_signing.jpg,LN2024002932,,0,,高芳,女,汉族,1995-02-08,重庆市重庆市九龙坡区 香榭丽舍 18栋3单元436室,500107199502085243,九龙坡区公安局九龙坡区分局,2013.02.03-2023.02.01,琅琊商业银行,45007.82,12,旅游,等额本息
IMG_03229,loan_2933/face_signing.jpg,LN2024002933,,0,,徐秀,女,汉族,2001-01-01,山东省济南市历下区 御景半岛 16栋4单元425室,370102200101015841,历下区公安局历下区分局,2018.12.28-2028.12.25,瓦坎达信贷中心,596609.67,24,扩大生产,等额本金
IMG_03230,loan_2934/face_signing.jpg,LN2024002934,,0,,陈子涵,男,彝族,1998-11-07,江苏省苏州市虎丘区 紫金华府 4栋3单元2315室,320505199811073671,虎丘区公安局虎丘区分局,2016.11.02-2026.10.31,新亚特兰蒂斯商业银行,81363.23,6,购买燃油车,一次性还本付息
IMG_03231,loan_2935/face_signing.jpg,LN2024002935,,0,,罗建国,男,汉族,2002-06-18,上海市上海市浦东新区 御景半岛 3栋1单元808室,310115200206184597,浦东新区公安局浦东新区分局,2020.06.13-2030.06.11,九又四分之三信贷中心,2802267.67,120,二手房交易,等额本金
IMG_03232,loan_2936/face_signing.jpg,LN2024002936,,0,,李磊,男,汉族,1970-06-18,广东省深圳市南山区 悦海名邸 12栋3单元1439室,440305197006183453,南山区公安局南山区分局,1988.06.13-1998.06.11,瓦坎达信贷中心,124091.79,3,购买新能源汽车,先息后本
IMG_03233,loan_2937/face_signing.jpg,LN2024002937,,0,,徐华,女,汉族,1980-02-04,湖北省武汉市江岸区 东方曼哈顿 5栋1单元419室,420102198002041723,江岸区公安局江岸区分局,1998.01.30-2008.01.28,木叶村消费金融,1421545.49,240,企业流动资金,等额本金
IMG_03234,loan_2938/face_signing.jpg,LN2024002938,,0,,陈晨,女,汉族,1968-06-10,云南省昆明市五华区 紫金华府 17栋5单元1515室,530102196806103148,五华区公安局五华区分局,1986.06.06-1996.06.03,昆仑数字科技有限公司,259078.95,24,房屋装修,等额本息
IMG_03235,loan_2939/face_signing.jpg,LN2024002939,,0,,杨文,女,汉族,1974-10-24,江苏省南京市鼓楼区 锦绣家园 5栋4单元1383室,320106197410245722,鼓楼区公安局鼓楼区分局,1992.10.19-2002.10.17,瓦坎达信贷中心,50573.02,12,婚庆,等额本息
IMG_03236,loan_2940/face_signing.jpg,LN2024002940,,0,,罗建,女,汉族,1997-09-05,福建省福州市鼓楼区 普罗旺斯 19栋1单元891室,350102199709056749,鼓楼区公安局鼓楼区分局,2015.09.01-2025.08.29,昆仑数字科技有限公司,11161.44,6,日常消费,一次性还本付息
IMG_03237,loan_2941/face_signing.jpg,LN2024002941,,0,,赵宇,女,汉族,1963-10-05,山东省青岛市崂山区 阳光100 8栋2单元640室,370212196310058863,崂山区公安局崂山区分局,1981.09.30-1991.09.28,夏尔农业信贷,76393.45,60,购买新能源汽车,按月付息，到期还本
IMG_03238,loan_2942/face_signing.jpg,LN2024002942,,0,,高敏,女,汉族,1972-03-10,广东省深圳市福田区 悦海名邸 8栋5单元2447室,440304197203103524,福田区公安局福田区分局,1990.03.06-2000.03.03,哥谭市小额贷款中心,3846481.16,120,购房首付,按月付息，到期还本
IMG_03239,loan_2943/face_signing.jpg,LN2024002943,,0,,黄建,女,汉族,1968-10-11,江苏省苏州市虎丘区 悦海名邸 8栋3单元688室,320505196810110000,虎丘区公安局虎丘区分局,1986.10.07-1996.10.04,霍格沃茨魔法银行,777275.87,60,购房首付,等额本金
IMG_03240,loan_2944/face_signing.jpg,LN2024002944,,0,,吴浩,女,汉族,1984-08-06,湖北省武汉市武昌区 锦绣家园 16栋1单元2065室,420106198408062968,武昌区公安局武昌区分局,2002.08.02-2012.07.30,潘多拉普惠金融,148140.88,6,婚庆,先息后本
IMG_03241,loan_2945/face_signing.jpg,LN2024002945,,0,,周浩,女,汉族,1997-03-29,福建省厦门市思明区 星河湾畔 1栋2单元181室,350203199703294668,思明区公安局思明区分局,2015.03.25-2025.03.22,提瓦特小额贷款,766456.17,24,扩大生产,按月付息，到期还本
IMG_03242,loan_2946/face_signing.jpg,LN2024002946,,0,,王子涵,女,汉族,1962-08-11,浙江省杭州市西湖区 龙腾盛世 10栋5单元1775室,33010619620811630X,西湖区公安局西湖区分局,1980.08.06-1990.08.04,哥谭市小额贷款中心,707522.25,360,购房首付,等额本金
IMG_03243,loan_2947/face_signing.jpg,LN2024002947,,0,,吴雪,女,汉族,1986-07-06,江西省南昌市东湖区 中央公园 10栋3单元1948室,36010219860706610X,东湖区公安局东湖区分局,2004.07.01-2014.06.29,九又四分之三信贷中心,58272.44,3,房屋装修,一次性还本付息
IMG_03244,loan_2948/face_signing.jpg,LN2024002948,,0,,胡建,男,汉族,2005-12-06,四川省成都市武侯区 悦海名邸 16栋3单元2029室,51010720051206307X,武侯区公安局武侯区分局,2023.12.02-2033.11.29,艾泽拉斯数字科技,72655.32,3,购买燃油车,一次性还本付息
IMG_03245,loan_2949/face_signing.jpg,LN2024002949,,0,,何敏,女,汉族,1966-11-10,福建省福州市鼓楼区 碧水云天 17栋3单元1138室,350102196611105967,鼓楼区公安局鼓楼区分局,1984.11.05-1994.11.03,九又四分之三信贷中心,138839.35,12,购买新能源汽车,等额本金
IMG_03246,loan_2950/face_signing.jpg,LN2024002950,,0,,徐雪,女,汉族,1973-09-04,湖南省长沙市岳麓区 锦绣家园 20栋6单元258室,430104197309044187,岳麓区公安局岳麓区分局,1991.08.31-2001.08.28,提瓦特小额贷款,972285.5,60,二手房交易,等额本金
IMG_03247,loan_2951/face_signing.jpg,LN2024002951,,0,,孙涛,男,汉族,1999-12-02,陕西省西安市新城区 悦海名邸 2栋4单元122室,610102199912026434,新城区公安局新城区分局,2017.11.27-2027.11.25,艾泽拉斯数字科技,676129.24,36,二手房交易,等额本金
IMG_03248,loan_2952/face_signing.jpg,LN2024002952,,0,,马文,女,汉族,1981-12-22,广东省广州市荔湾区 中央公园 7栋1单元905室,440103198112225443,荔湾区公安局荔湾区分局,1999.12.18-2009.12.15,提瓦特小额贷款,53511.07,36,购买新能源汽车,等额本息
IMG_03249,loan_2953/face_signing.jpg,LN2024002953,,0,,胡宇,男,汉族,1985-02-24,陕西省西安市新城区 威尼斯水城 14栋4单元1361室,610102198502246093,新城区公安局新城区分局,2003.02.20-2013.02.17,提瓦特小额贷款,655460.11,60,扩大生产,按月付息，到期还本
IMG_03250,loan_2954/face_signing.jpg,LN2024002954,,0,,吴敏,女,汉族,1961-03-07,广东省深圳市南山区 绿地新江湾 18栋5单元1833室,440305196103078706,南山区公安局南山区分局,1979.03.03-1989.02.28,瓦坎达信贷中心,3891418.4,360,企业流动资金,等额本金
IMG_03251,loan_2955/face_signing.jpg,LN2024002955,,0,,张华,女,汉族,1972-02-02,上海市上海市浦东新区 威尼斯水城 13栋4单元672室,310115197202024428,浦东新区公安局浦东新区分局,1990.01.28-2000.01.26,新亚特兰蒂斯商业银行,99781.53,12,房屋装修,等额本息
IMG_03252,loan_2956/face_signing.jpg,LN2024002956,,0,,徐娟,女,汉族,1987-06-30,上海市上海市黄浦区 威尼斯水城 17栋3单元2464室,310101198706309327,黄浦区公安局黄浦区分局,2005.06.25-2015.06.23,霍格沃茨魔法银行,2208456.25,120,购房首付,等额本息
IMG_03253,loan_2957/face_signing.jpg,LN2024002957,,0,,周敏,女,汉族,2003-06-23,江苏省苏州市虎丘区 阳光100 10栋2单元1868室,320505200306231005,虎丘区公安局虎丘区分局,2021.06.18-2031.06.16,星火基地普惠金融,417939.27,36,二手房交易,等额本息
IMG_03254,loan_2958/face_signing.jpg,LN2024002958,,0,,孙建,女,汉族,1999-08-04,云南省昆明市五华区 融创壹号院 13栋4单元566室,530102199908042669,五华区公安局五华区分局,2017.07.30-2027.07.28,星火基地普惠金融,399889.24,24,购房首付,按月付息，到期还本
IMG_03255,loan_2959/face_signing.jpg,LN2024002959,,0,,王敏,女,汉族,1981-02-19,四川省成都市武侯区 普罗旺斯 2栋1单元1462室,510107198102199345,武侯区公安局武侯区分局,1999.02.15-2009.02.12,瓦坎达信贷中心,1886728.65,120,二手房交易,按月付息，到期还本
IMG_03256,loan_2960/face_signing.jpg,LN2024002960,,0,,赵慧,女,汉族,2004-07-10,上海市上海市浦东新区 阳光100 17栋3单元1387室,310115200407109964,浦东新区公安局浦东新区分局,2022.07.06-2032.07.03,霍格沃茨魔法银行,89467.42,3,婚庆,一次性还本付息
IMG_03257,loan_2961/face_signing.jpg,LN2024002961,,0,,周超,男,汉族,1969-10-30,北京市北京市东城区 碧水云天 17栋4单元882室,11010119691030237X,东城区公安局东城区分局,1987.10.26-1997.10.23,艾泽拉斯数字科技,69971.02,12,购买新能源汽车,按月付息，到期还本
IMG_03258,loan_2962/face_signing.jpg,LN2024002962,,0,,张佳,女,汉族,1963-10-12,上海市上海市浦东新区 锦绣华庭 3栋1单元294室,310115196310120340,浦东新区公安局浦东新区分局,1981.10.07-1991.10.05,艾泽拉斯数字科技,89536.82,12,婚庆,按月付息，到期还本
IMG_03259,loan_2963/face_signing.jpg,LN2024002963,,0,,刘文,男,藏族,1982-03-27,天津市天津市东丽区 枫林晚居 12栋4单元1481室,120110198203275891,东丽区公安局东丽区分局,2000.03.22-2010.03.20,瓦坎达信贷中心,596373.19,36,二手房交易,等额本金
IMG_03260,loan_2964/face_signing.jpg,LN2024002964,,0,,胡勇,男,汉族,1999-08-31,广东省深圳市福田区 锦绣华庭 17栋6单元2282室,44030419990831075X,福田区公安局福田区分局,2017.08.26-2027.08.24,赛博城消费金融有限公司,61188.47,12,购买燃油车,等额本息
IMG_03261,loan_2965/face_signing.jpg,LN2024002965,,0,,郭佳,女,汉族,2007-03-15,湖南省长沙市芙蓉区 普罗旺斯 19栋2单元496室,43010220070315364X,芙蓉区公安局芙蓉区分局,2025.03.10-2035.03.08,艾泽拉斯数字科技,632820.73,60,企业流动资金,按月付息，到期还本
IMG_03262,loan_2966/face_signing.jpg,LN2024002966,,0,,罗敏,女,汉族,1995-05-16,新疆维吾尔自治区乌鲁木齐市天山区 锦绣华庭 12栋2单元423室,650102199505163906,天山区公安局天山区分局,2013.05.11-2023.05.09,木叶村消费金融,1104442.85,240,购房首付,等额本金
IMG_03263,loan_2967/face_signing.jpg,LN2024002967,,0,,胡子涵,女,汉族,2006-09-17,云南省昆明市五华区 中央公园 16栋2单元1037室,530102200609179548,五华区公安局五华区分局,2024.09.12-2034.09.10,昆仑数字科技有限公司,2938553.24,360,购房首付,按月付息，到期还本
IMG_03264,loan_2968/face_signing.jpg,LN2024002968,,0,,黄建国,男,汉族,1963-03-30,新疆维吾尔自治区乌鲁木齐市天山区 香榭丽舍 11栋3单元1620室,650102196303307779,天山区公安局天山区分局,1981.03.25-1991.03.23,夏尔农业信贷,118544.85,6,购买新能源汽车,先息后本
IMG_03265,loan_2969/face_signing.jpg,LN2024002969,,0,,赵慧,女,汉族,1990-12-12,北京市北京市东城区 东方曼哈顿 13栋1单元1278室,110101199012124122,东城区公安局东城区分局,2008.12.07-2018.12.05,九又四分之三信贷中心,69169.56,6,婚庆,先息后本
IMG_03266,loan_2970/face_signing.jpg,LN2024002970,,0,,马静,女,汉族,1981-09-24,重庆市重庆市渝中区 东方曼哈顿 2栋6单元2284室,500103198109243161,渝中区公安局渝中区分局,1999.09.20-2009.09.17,哥谭市小额贷款中心,80682.55,3,房屋装修,先息后本
IMG_03267,loan_2971/face_signing.jpg,LN2024002971,,0,,马静,女,汉族,1999-08-22,山东省济南市历下区 普罗旺斯 12栋5单元2106室,370102199908221720,历下区公安局历下区分局,2017.08.17-2027.08.15,阿卡姆消费金融,173896.4,36,房屋装修,等额本息
IMG_03268,loan_2972/face_signing.jpg,LN2024002972,,0,,李杰,男,汉族,2004-09-10,陕西省西安市雁塔区 星河湾畔 13栋6单元1622室,610113200409105818,雁塔区公安局雁塔区分局,2022.09.06-2032.09.03,提瓦特小额贷款,4338497.8,360,企业流动资金,等额本金
IMG_03269,loan_2973/face_signing.jpg,LN2024002973,,0,,杨子涵,男,汉族,1967-08-13,浙江省杭州市西湖区 威尼斯水城 2栋1单元1899室,33010619670813909X,西湖区公安局西湖区分局,1985.08.08-1995.08.06,星火基地普惠金融,22640.57,6,日常消费,先息后本
IMG_03270,loan_2974/face_signing.jpg,LN2024002974,,0,,刘磊,男,彝族,1985-08-12,江苏省无锡市新吴区 锦绣家园 3栋4单元1288室,320214198508125411,新吴区公安局新吴区分局,2003.08.08-2013.08.05,瓦坎达信贷中心,66029.79,6,房屋装修,先息后本
IMG_03271,loan_2975/face_signing.jpg,LN2024002975,,0,,周宇,女,汉族,1988-10-11,广东省广州市天河区 星河湾畔 18栋2单元1216室,440106198810114408,天河区公安局天河区分局,2006.10.07-2016.10.04,霍格沃茨魔法银行,2545668.26,360,二手房交易,按月付息，到期还本
IMG_03272,loan_2976/face_signing.jpg,LN2024002976,,0,,王梓轩,男,回族,1964-11-17,浙江省杭州市上城区 普罗旺斯 9栋6单元2112室,330102196411179992,上城区公安局上城区分局,1982.11.13-1992.11.10,夏尔农业信贷,135095.31,6,婚庆,先息后本
IMG_03273,loan_2977/face_signing.jpg,LN2024002977,,0,,孙梓轩,女,汉族,2000-01-01,湖南省长沙市芙蓉区 绿地新江湾 8栋3单元1376室,430102200001016544,芙蓉区公安局芙蓉区分局,2017.12.27-2027.12.25,木叶村消费金融,134038.32,60,房屋装修,按月付息，到期还本
IMG_03274,loan_2978/face_signing.jpg,LN2024002978,,0,,杨文,男,汉族,1986-12-23,海南省海口市龙华区 普罗旺斯 18栋3单元1970室,460106198612230479,龙华区公安局龙华区分局,2004.12.18-2014.12.16,昆仑数字科技有限公司,144685.09,12,婚庆,等额本息
IMG_03275,loan_2979/face_signing.jpg,LN2024002979,,0,,吴晨,男,汉族,2007-08-27,广东省深圳市南山区 锦绣华庭 20栋3单元351室,440305200708271911,南山区公安局南山区分局,2025.08.22-2035.08.20,霍格沃茨魔法银行,2793272.31,240,企业流动资金,按月付息，到期还本
IMG_03276,loan_2980/face_signing.jpg,LN2024002980,,0,,周芳,女,汉族,1995-01-29,河南省郑州市金水区 紫金华府 4栋3单元154室,410105199501297960,金水区公安局金水区分局,2013.01.24-2023.01.22,琅琊商业银行,3953101.57,360,二手房交易,等额本金
IMG_03277,loan_2981/face_signing.jpg,LN2024002981,,0,,马建,女,汉族,1982-10-14,河南省郑州市金水区 阳光100 3栋3单元628室,41010519821014664X,金水区公安局金水区分局,2000.10.09-2010.10.07,提瓦特小额贷款,91498.46,24,购买燃油车,等额本金
IMG_03278,loan_2982/face_signing.jpg,LN2024002982,,0,,刘勇,男,汉族,1983-12-15,江苏省南京市玄武区 威尼斯水城 12栋1单元2246室,32010219831215325X,玄武区公安局玄武区分局,2001.12.10-2011.12.08,哥谭市小额贷款中心,381627.11,60,二手房交易,等额本金
IMG_03279,loan_2983/face_signing.jpg,LN2024002983,,0,,赵雪,女,汉族,2006-01-08,四川省成都市锦江区 东方曼哈顿 8栋2单元2411室,510104200601085685,锦江区公安局锦江区分局,2024.01.04-2034.01.01,艾泽拉斯数字科技,103086.95,12,购买燃油车,等额本息
IMG_03280,loan_2984/face_signing.jpg,LN2024002984,,0,,朱军,男,汉族,1974-01-13,浙江省宁波市海曙区 龙腾盛世 19栋5单元1994室,330203197401131756,海曙区公安局海曙区分局,1992.01.09-2002.01.06,霍格沃茨魔法银行,1433771.09,120,二手房交易,等额本金
IMG_03281,loan_2985/face_signing.jpg,LN2024002985,,0,,徐敏,女,汉族,1983-07-10,四川省成都市锦江区 香榭丽舍 11栋2单元941室,510104198307103248,锦江区公安局锦江区分局,2001.07.05-2011.07.03,潘多拉普惠金融,2114632.06,240,购房首付,按月付息，到期还本
IMG_03282,loan_2986/face_signing.jpg,LN2024002986,,0,,朱宇,男,汉族,1997-12-19,陕西省西安市新城区 融创壹号院 15栋2单元833室,610102199712191937,新城区公安局新城区分局,2015.12.15-2025.12.12,昆仑数字科技有限公司,123544.23,3,婚庆,先息后本
IMG_03283,loan_2987/face_signing.jpg,LN2024002987,,0,,高雪,女,汉族,2003-01-22,浙江省杭州市上城区 锦绣华庭 17栋6单元929室,330102200301221685,上城区公安局上城区分局,2021.01.17-2031.01.15,提瓦特小额贷款,91202.48,12,婚庆,等额本金
IMG_03284,loan_2988/face_signing.jpg,LN2024002988,,0,,马静,女,汉族,1999-09-12,广东省广州市天河区 阳光100 6栋4单元1881室,440106199909125961,天河区公安局天河区分局,2017.09.07-2027.09.05,潘多拉普惠金融,423678.3,60,二手房交易,按月付息，到期还本
IMG_03285,loan_2989/face_signing.jpg,LN2024002989,,0,,何超,男,汉族,2004-05-05,上海市上海市浦东新区 锦绣家园 11栋2单元1590室,310115200405059094,浦东新区公安局浦东新区分局,2022.05.01-2032.04.28,阿卡姆消费金融,187946.43,6,购买新能源汽车,先息后本
IMG_03286,loan_2990/face_signing.jpg,LN2024002990,,0,,胡敏,女,汉族,1960-12-22,浙江省宁波市海曙区 星河湾畔 3栋6单元1849室,330203196012220443,海曙区公安局海曙区分局,1978.12.18-1988.12.15,艾泽拉斯数字科技,4588995.77,120,购房首付,等额本金
IMG_03287,loan_2991/face_signing.jpg,LN2024002991,,0,,郭梓轩,女,汉族,1964-09-28,陕西省西安市雁塔区 锦绣家园 14栋2单元251室,610113196409284941,雁塔区公安局雁塔区分局,1982.09.24-1992.09.21,艾泽拉斯数字科技,682260.83,120,购房首付,等额本金
IMG_03288,loan_2992/face_signing.jpg,LN2024002992,,0,,徐涛,男,汉族,1973-02-16,天津市天津市东丽区 御景半岛 15栋5单元1797室,120110197302162038,东丽区公安局东丽区分局,1991.02.12-2001.02.09,提瓦特小额贷款,2659484.94,240,企业流动资金,按月付息，到期还本
IMG_03289,loan_2993/face_signing.jpg,LN2024002993,,0,,杨浩,男,汉族,1971-03-09,湖北省武汉市江岸区 香榭丽舍 6栋6单元1078室,420102197103091776,江岸区公安局江岸区分局,1989.03.04-1999.03.02,木叶村消费金融,66948.86,6,房屋装修,先息后本
IMG_03290,loan_2994/face_signing.jpg,LN2024002994,,0,,刘宇,男,苗族,1972-05-11,上海市上海市浦东新区 威尼斯水城 2栋1单元2092室,310115197205115798,浦东新区公安局浦东新区分局,1990.05.07-2000.05.04,霍格沃茨魔法银行,2824117.11,360,企业流动资金,按月付息，到期还本
IMG_03291,loan_2995/face_signing.jpg,LN2024002995,,0,,胡磊,男,汉族,1976-09-28,江苏省苏州市虎丘区 悦海名邸 13栋4单元1644室,320505197609283510,虎丘区公安局虎丘区分局,1994.09.24-2004.09.21,霍格沃茨魔法银行,587846.46,360,扩大生产,等额本金
IMG_03292,loan_2996/face_signing.jpg,LN2024002996,,0,,马平,女,维吾尔族,1992-10-13,新疆维吾尔自治区乌鲁木齐市天山区 锦绣家园 5栋2单元2392室,65010219921013928X,天山区公安局天山区分局,2010.10.09-2020.10.06,阿卡姆消费金融,244990.96,24,房屋装修,等额本金
IMG_03293,loan_2997/face_signing.jpg,LN2024002997,,0,,马芳,女,汉族,1970-01-27,重庆市重庆市九龙坡区 香榭丽舍 6栋1单元1547室,500107197001274143,九龙坡区公安局九龙坡区分局,1988.01.23-1998.01.20,霍格沃茨魔法银行,6558.74,12,购买家电,等额本息
IMG_03294,loan_2998/face_signing.jpg,LN2024002998,,0,,杨杰,男,汉族,1969-06-05,四川省成都市锦江区 龙腾盛世 18栋6单元1814室,51010419690605109X,锦江区公安局锦江区分局,1987.06.01-1997.05.29,潘多拉普惠金融,2576579.29,360,购房首付,等额本息
IMG_03295,loan_2999/face_signing.jpg,LN2024002999,,0,,李强,男,汉族,1992-02-14,山东省济南市历下区 普罗旺斯 2栋2单元552室,370102199202142756,历下区公安局历下区分局,2010.02.09-2020.02.07,潘多拉普惠金融,4720567.31,360,二手房交易,等额本息
IMG_03296,loan_3000/face_signing.jpg,LN2024003000,,0,,徐宇,男,汉族,1967-12-09,河南省郑州市金水区 碧水云天 13栋2单元2175室,410105196712095273,金水区公安局金水区分局,1985.12.04-1995.12.02,艾泽拉斯数字科技,118019.03,6,购买燃油车,一次性还本付息
IMG_03297,loan_3001/face_signing.jpg,LN2024003001,,0,,朱慧,女,汉族,1987-07-22,四川省成都市锦江区 阳光100 2栋5单元2338室,510104198707228103,锦江区公安局锦江区分局,2005.07.17-2015.07.15,瓦坎达信贷中心,758477.94,60,二手房交易,等额本息
IMG_03298,loan_3002/face_signing.jpg,LN2024003002,,0,,孙芳,女,满族,1988-09-07,福建省厦门市思明区 枫林晚居 8栋2单元1687室,350203198809076023,思明区公安局思明区分局,2006.09.03-2016.08.31,瓦坎达信贷中心,4019345.18,360,企业流动资金,等额本息
IMG_03299,loan_3003/face_signing.jpg,LN2024003003,,0,,何建国,男,汉族,1983-02-28,陕西省西安市新城区 阳光100 4栋4单元1655室,610102198302288598,新城区公安局新城区分局,2001.02.23-2011.02.21,艾泽拉斯数字科技,190369.24,6,购买燃油车,先息后本
IMG_03300,loan_3004/face_signing.jpg,LN2024003004,,0,,张涛,男,汉族,1973-11-04,重庆市重庆市九龙坡区 中央公园 8栋1单元219室,500107197311044554,九龙坡区公安局九龙坡区分局,1991.10.31-2001.10.28,阿卡姆消费金融,3595252.77,360,购房首付,等额本息
IMG_03301,loan_3005/face_signing.jpg,LN2024003005,,0,,胡志强,男,汉族,1989-12-13,北京市北京市海淀区 枫林晚居 10栋6单元2356室,110108198912133032,海淀区公安局海淀区分局,2007.12.09-2017.12.06,木叶村消费金融,96231.06,36,房屋装修,等额本息
IMG_03302,loan_3006/face_signing.jpg,LN2024003006,,0,,李磊,男,汉族,1981-05-22,北京市北京市东城区 悦海名邸 13栋1单元359室,110101198105222296,东城区公安局东城区分局,1999.05.18-2009.05.15,赛博城消费金融有限公司,299622.87,60,婚庆,按月付息，到期还本
IMG_03303,loan_3007/face_signing.jpg,LN2024003007,,0,,朱娟,女,汉族,1983-11-20,浙江省杭州市上城区 枫林晚居 12栋4单元799室,330102198311208003,上城区公安局上城区分局,2001.11.15-2011.11.13,新亚特兰蒂斯商业银行,184007.41,12,购买燃油车,按月付息，到期还本
IMG_03304,loan_3008/face_signing.jpg,LN2024003008,,0,,朱建,男,汉族,1981-10-27,福建省福州市鼓楼区 锦绣家园 6栋2单元1473室,350102198110276177,鼓楼区公安局鼓楼区分局,1999.10.23-2009.10.20,阿卡姆消费金融,4046730.96,240,企业流动资金,按月付息，到期还本
IMG_03305,loan_3009/face_signing.jpg,LN2024003009,,0,,郭明,男,汉族,1964-11-22,广东省深圳市福田区 阳光100 3栋2单元2260室,440304196411228933,福田区公安局福田区分局,1982.11.18-1992.11.15,霍格沃茨魔法银行,195209.63,60,购买新能源汽车,等额本金
IMG_03306,loan_3010/face_signing.jpg,LN2024003010,,0,,罗浩,女,汉族,2002-01-11,湖南省长沙市岳麓区 中央公园 20栋6单元1511室,430104200201110685,岳麓区公安局岳麓区分局,2020.01.07-2030.01.04,星火基地普惠金融,4844743.11,240,二手房交易,等额本金
IMG_03307,loan_3011/face_signing.jpg,LN2024003011,,0,,林涛,男,汉族,1982-11-19,北京市北京市东城区 星河湾畔 8栋6单元1798室,110101198211199616,东城区公安局东城区分局,2000.11.14-2010.11.12,艾泽拉斯数字科技,2339531.51,120,二手房交易,等额本金
IMG_03308,loan_3012/face_signing.jpg,LN2024003012,,0,,周雪,女,汉族,1998-02-01,江苏省苏州市虎丘区 御景半岛 12栋3单元2443室,320505199802010089,虎丘区公安局虎丘区分局,2016.01.28-2026.01.25,提瓦特小额贷款,3370376.59,360,二手房交易,等额本息
IMG_03309,loan_3013/face_signing.jpg,LN2024003013,,0,,林军,男,汉族,2008-04-26,重庆市重庆市渝中区 东方曼哈顿 16栋6单元1130室,500103200804267974,渝中区公安局渝中区分局,2026.04.22-2036.04.19,艾泽拉斯数字科技,1637387.06,360,企业流动资金,按月付息，到期还本
IMG_03310,loan_3014/face_signing.jpg,LN2024003014,,0,,刘静,女,汉族,1974-02-06,山东省青岛市崂山区 碧水云天 16栋1单元1046室,370212197402068406,崂山区公安局崂山区分局,1992.02.02-2002.01.30,哥谭市小额贷款中心,825829.03,24,购房首付,按月付息，到期还本
IMG_03311,loan_3015/face_signing.jpg,LN2024003015,,0,,林宇,男,汉族,1978-04-20,浙江省杭州市西湖区 翠湖雅苑 15栋2单元1883室,330106197804201871,西湖区公安局西湖区分局,1996.04.15-2006.04.13,潘多拉普惠金融,916448.34,36,二手房交易,等额本息
IMG_03312,loan_3016/face_signing.jpg,LN2024003016,,0,,胡娟,女,汉族,1997-03-02,江苏省苏州市虎丘区 威尼斯水城 18栋3单元845室,320505199703025007,虎丘区公安局虎丘区分局,2015.02.26-2025.02.23,昆仑数字科技有限公司,191597.9,12,婚庆,等额本金
IMG_03313,loan_3017/face_signing.jpg,LN2024003017,,0,,黄芳,女,汉族,2005-11-27,天津市天津市和平区 中央公园 10栋1单元879室,120101200511278385,和平区公安局和平区分局,2023.11.23-2033.11.20,九又四分之三信贷中心,33277.62,12,日常消费,按月付息，到期还本
IMG_03314,loan_3018/face_signing.jpg,LN2024003018,,0,,李敏,女,汉族,1982-03-17,江苏省南京市鼓楼区 龙腾盛世 7栋5单元1775室,320106198203170566,鼓楼区公安局鼓楼区分局,2000.03.12-2010.03.10,九又四分之三信贷中心,676011.71,36,购房首付,按月付息，到期还本
IMG_03315,loan_3019/face_signing.jpg,LN2024003019,,0,,孙杰,男,汉族,1982-05-16,四川省成都市武侯区 锦绣华庭 5栋6单元2377室,510107198205161112,武侯区公安局武侯区分局,2000.05.11-2010.05.09,夏尔农业信贷,119417.69,12,购买燃油车,按月付息，到期还本
IMG_03316,loan_3020/face_signing.jpg,LN2024003020,,0,,孙磊,男,汉族,1977-07-05,贵州省贵阳市云岩区 威尼斯水城 3栋4单元1374室,520103197707052110,云岩区公安局云岩区分局,1995.07.01-2005.06.28,夏尔农业信贷,114510.56,12,购买新能源汽车,等额本息
IMG_03317,loan_3021/face_signing.jpg,LN2024003021,,0,,林涛,男,汉族,1990-04-26,福建省厦门市思明区 中央公园 3栋2单元1835室,350203199004269754,思明区公安局思明区分局,2008.04.21-2018.04.19,木叶村消费金融,138855.31,3,购买燃油车,先息后本
IMG_03318,loan_3022/face_signing.jpg,LN2024003022,,0,,高宇,男,汉族,1982-06-04,湖南省长沙市岳麓区 绿地新江湾 4栋6单元1390室,430104198206047398,岳麓区公安局岳麓区分局,2000.05.30-2010.05.28,木叶村消费金融,42428.64,6,医疗,先息后本
IMG_03319,loan_3023/face_signing.jpg,LN2024003023,,0,,黄平,男,土家族,1964-06-22,四川省成都市武侯区 碧水云天 19栋1单元1286室,510107196406224993,武侯区公安局武侯区分局,1982.06.18-1992.06.15,瓦坎达信贷中心,2382049.48,120,二手房交易,等额本金
IMG_03320,loan_3024/face_signing.jpg,LN2024003024,,0,,马杰,男,汉族,1972-08-20,湖北省武汉市武昌区 阳光100 20栋3单元516室,420106197208204218,武昌区公安局武昌区分局,1990.08.16-2000.08.13,提瓦特小额贷款,4295197.29,360,企业流动资金,等额本息
IMG_03321,loan_3025/face_signing.jpg,LN2024003025,,0,,何子涵,女,汉族,1971-07-03,广东省深圳市南山区 御景半岛 7栋4单元1870室,440305197107030149,南山区公安局南山区分局,1989.06.28-1999.06.26,昆仑数字科技有限公司,778273.9,60,扩大生产,等额本息
IMG_03322,loan_3026/face_signing.jpg,LN2024003026,,0,,吴平,女,汉族,1977-03-02,贵州省贵阳市云岩区 中央公园 4栋1单元538室,52010319770302012X,云岩区公安局云岩区分局,1995.02.26-2005.02.23,阿卡姆消费金融,137193.2,6,购买燃油车,先息后本
IMG_03323,loan_3027/face_signing.jpg,LN2024003027,,0,,何慧,女,汉族,1993-08-07,湖南省长沙市岳麓区 碧水云天 17栋6单元1525室,430104199308077189,岳麓区公安局岳麓区分局,2011.08.03-2021.07.31,昆仑数字科技有限公司,4016011.08,240,二手房交易,等额本金
IMG_03324,loan_3028/face_signing.jpg,LN2024003028,,0,,王伟,男,汉族,2006-11-06,广东省深圳市南山区 翠湖雅苑 11栋5单元790室,440305200611066057,南山区公安局南山区分局,2024.11.01-2034.10.30,阿卡姆消费金融,80942.5,3,房屋装修,一次性还本付息
IMG_03325,loan_3029/face_signing.jpg,LN2024003029,,0,,刘静,女,汉族,2002-08-21,山东省青岛市崂山区 普罗旺斯 2栋4单元1739室,370212200208213205,崂山区公安局崂山区分局,2020.08.16-2030.08.14,星火基地普惠金融,57449.63,3,婚庆,一次性还本付息
IMG_03326,loan_3030/face_signing.jpg,LN2024003030,,0,,高杰,男,汉族,1985-11-21,河南省郑州市金水区 锦绣华庭 14栋5单元1511室,410105198511213332,金水区公安局金水区分局,2003.11.17-2013.11.14,夏尔农业信贷,1981739.39,120,企业流动资金,等额本金
IMG_03327,loan_3031/face_signing.jpg,LN2024003031,,0,,杨超,男,汉族,1971-02-09,天津市天津市东丽区 悦海名邸 13栋2单元2396室,120110197102090658,东丽区公安局东丽区分局,1989.02.04-1999.02.02,瓦坎达信贷中心,18746.14,12,教育进修,按月付息，到期还本
IMG_03328,loan_3032/face_signing.jpg,LN2024003032,,0,,刘婷,女,汉族,1984-04-06,江苏省南京市鼓楼区 东方曼哈顿 15栋4单元932室,320106198404066247,鼓楼区公安局鼓楼区分局,2002.04.02-2012.03.30,木叶村消费金融,3006818.31,120,企业流动资金,按月付息，到期还本
IMG_03329,loan_3033/face_signing.jpg,LN2024003033,,0,,胡浩,男,汉族,1990-09-26,河南省郑州市金水区 锦绣家园 8栋3单元107室,41010519900926071X,金水区公安局金水区分局,2008.09.21-2018.09.19,瓦坎达信贷中心,4709068.13,120,二手房交易,等额本金
IMG_03330,loan_3034/face_signing.jpg,LN2024003034,,0,,周燕,女,汉族,1979-01-05,北京市北京市东城区 阳光100 7栋4单元1275室,11010119790105660X,东城区公安局东城区分局,1996.12.31-2006.12.29,瓦坎达信贷中心,743887.13,60,扩大生产,等额本金
IMG_03331,loan_3035/face_signing.jpg,LN2024003035,,0,,林娟,女,汉族,2001-03-11,上海市上海市浦东新区 锦绣华庭 18栋6单元203室,310115200103118343,浦东新区公安局浦东新区分局,2019.03.07-2029.03.04,夏尔农业信贷,25652.91,12,旅游,按月付息，到期还本
IMG_03332,loan_3036/face_signing.jpg,LN2024003036,,0,,郭梓轩,男,汉族,1964-12-02,浙江省宁波市海曙区 阳光100 2栋2单元288室,330203196412028178,海曙区公安局海曙区分局,1982.11.28-1992.11.25,瓦坎达信贷中心,242050.98,60,房屋装修,等额本息
IMG_03333,loan_3037/face_signing.jpg,LN2024003037,,0,,周子涵,男,汉族,1967-01-21,广东省广州市荔湾区 阳光100 18栋5单元1866室,440103196701215375,荔湾区公安局荔湾区分局,1985.01.16-1995.01.14,哥谭市小额贷款中心,1607088.33,360,企业流动资金,按月付息，到期还本
IMG_03334,loan_3038/face_signing.jpg,LN2024003038,,0,,周明,男,汉族,1973-04-07,北京市北京市东城区 枫林晚居 11栋4单元1556室,110101197304075597,东城区公安局东城区分局,1991.04.03-2001.03.31,九又四分之三信贷中心,172450.92,12,房屋装修,等额本息
IMG_03335,loan_3039/face_signing.jpg,LN2024003039,,0,,王宇,男,汉族,1979-10-06,江苏省苏州市虎丘区 御景半岛 4栋3单元132室,320505197910062514,虎丘区公安局虎丘区分局,1997.10.01-2007.09.29,阿卡姆消费金融,614204.36,36,购房首付,等额本金
IMG_03336,loan_3040/face_signing.jpg,LN2024003040,,0,,陈浩,女,汉族,1996-11-19,上海市上海市浦东新区 威尼斯水城 2栋2单元2434室,310115199611197564,浦东新区公安局浦东新区分局,2014.11.15-2024.11.12,赛博城消费金融有限公司,3551384.02,120,企业流动资金,按月付息，到期还本
IMG_03337,loan_3041/face_signing.jpg,LN2024003041,,0,,王华,女,汉族,1985-05-02,上海市上海市黄浦区 星河湾畔 4栋4单元208室,310101198505024368,黄浦区公安局黄浦区分局,2003.04.28-2013.04.25,瓦坎达信贷中心,1092060.18,120,企业流动资金,等额本金
IMG_03338,loan_3042/face_signing.jpg,LN2024003042,,0,,朱婷,女,汉族,1973-08-04,浙江省宁波市海曙区 绿地新江湾 2栋6单元2323室,330203197308046784,海曙区公安局海曙区分局,1991.07.31-2001.07.28,瓦坎达信贷中心,3945303.32,120,购房首付,按月付息，到期还本
IMG_03339,loan_3043/face_signing.jpg,LN2024003043,,0,,杨宇,男,汉族,1989-11-15,北京市北京市东城区 紫金华府 3栋5单元1764室,110101198911159279,东城区公安局东城区分局,2007.11.11-2017.11.08,新亚特兰蒂斯商业银行,2663148.34,360,购房首付,等额本金
IMG_03340,loan_3044/face_signing.jpg,LN2024003044,,0,,罗宇,男,汉族,1975-01-28,北京市北京市东城区 中央公园 17栋1单元1273室,110101197501280653,东城区公安局东城区分局,1993.01.23-2003.01.21,阿卡姆消费金融,288249.91,60,房屋装修,等额本息
IMG_03341,loan_3045/face_signing.jpg,LN2024003045,,0,,孙宇,女,汉族,1995-05-23,河南省郑州市金水区 融创壹号院 11栋3单元996室,410105199505236727,金水区公安局金水区分局,2013.05.18-2023.05.16,赛博城消费金融有限公司,75779.42,36,房屋装修,等额本金
IMG_03342,loan_3046/face_signing.jpg,LN2024003046,,0,,吴勇,男,汉族,1965-09-26,江苏省南京市鼓楼区 东方曼哈顿 16栋3单元2057室,32010619650926083X,鼓楼区公安局鼓楼区分局,1983.09.22-1993.09.19,赛博城消费金融有限公司,463006.67,60,二手房交易,等额本息
IMG_03343,loan_3047/face_signing.jpg,LN2024003047,,0,,林伟,男,汉族,2006-05-01,广东省广州市天河区 悦海名邸 15栋4单元2345室,440106200605019479,天河区公安局天河区分局,2024.04.26-2034.04.24,夏尔农业信贷,975913.19,24,企业流动资金,等额本金
IMG_03344,loan_3048/face_signing.jpg,LN2024003048,,0,,王浩,男,汉族,1963-03-15,贵州省贵阳市云岩区 枫林晚居 8栋3单元168室,520103196303158096,云岩区公安局云岩区分局,1981.03.10-1991.03.08,哥谭市小额贷款中心,2146194.06,360,购房首付,按月付息，到期还本
IMG_03345,loan_3049/face_signing.jpg,LN2024003049,,0,,周秀,女,彝族,1973-07-31,重庆市重庆市渝中区 翠湖雅苑 18栋5单元1860室,500103197307319804,渝中区公安局渝中区分局,1991.07.27-2001.07.24,木叶村消费金融,69583.63,24,购买新能源汽车,等额本息
IMG_03346,loan_3050/face_signing.jpg,LN2024003050,,0,,胡勇,男,回族,1991-09-20,山东省济南市历下区 普罗旺斯 6栋2单元1277室,370102199109209952,历下区公安局历下区分局,2009.09.15-2019.09.13,星火基地普惠金融,4775647.53,240,购房首付,等额本金
IMG_03347,loan_3051/face_signing.jpg,LN2024003051,,0,,刘军,男,汉族,1970-05-21,北京市北京市东城区 普罗旺斯 20栋2单元1625室,110101197005219554,东城区公安局东城区分局,1988.05.16-1998.05.14,霍格沃茨魔法银行,18608.69,12,日常消费,等额本息
IMG_03348,loan_3052/face_signing.jpg,LN2024003052,,0,,林浩,女,汉族,1978-04-10,安徽省合肥市庐阳区 中央公园 20栋4单元196室,34010319780410402X,庐阳区公安局庐阳区分局,1996.04.05-2006.04.03,琅琊商业银行,527234.97,24,企业流动资金,等额本金
IMG_03349,loan_3053/face_signing.jpg,LN2024003053,,0,,罗浩,男,汉族,2007-06-01,湖北省武汉市江岸区 翠湖雅苑 15栋6单元1983室,420102200706011397,江岸区公安局江岸区分局,2025.05.27-2035.05.25,木叶村消费金融,655764.12,360,企业流动资金,按月付息，到期还本
IMG_03350,loan_3054/face_signing.jpg,LN2024003054,,0,,孙文,女,汉族,1980-06-11,浙江省杭州市上城区 融创壹号院 9栋3单元2084室,330102198006115329,上城区公安局上城区分局,1998.06.07-2008.06.04,瓦坎达信贷中心,48799.21,3,旅游,一次性还本付息
IMG_03351,loan_3055/face_signing.jpg,LN2024003055,,0,,罗文,男,汉族,1987-02-05,天津市天津市东丽区 紫金华府 10栋4单元962室,120110198702053337,东丽区公安局东丽区分局,2005.01.31-2015.01.29,艾泽拉斯数字科技,70856.95,6,购买燃油车,先息后本
IMG_03352,loan_3056/face_signing.jpg,LN2024003056,,0,,胡明,男,汉族,2008-05-27,上海市上海市浦东新区 碧水云天 16栋6单元396室,31011520080527659X,浦东新区公安局浦东新区分局,2026.05.23-2036.05.20,提瓦特小额贷款,86802.13,12,购买新能源汽车,等额本金
IMG_03353,loan_3057/face_signing.jpg,LN2024003057,,0,,张平,男,汉族,2007-03-31,浙江省杭州市上城区 锦绣家园 16栋6单元2427室,330102200703318834,上城区公安局上城区分局,2025.03.26-2035.03.24,星火基地普惠金融,90726.98,36,购买燃油车,等额本金
IMG_03354,loan_3058/face_signing.jpg,LN2024003058,,0,,郭磊,男,汉族,1969-06-23,贵州省贵阳市云岩区 香榭丽舍 2栋5单元1186室,520103196906230157,云岩区公安局云岩区分局,1987.06.19-1997.06.16,昆仑数字科技有限公司,42117.18,3,教育进修,一次性还本付息
IMG_03355,loan_3059/face_signing.jpg,LN2024003059,,0,,胡涛,男,汉族,1965-09-19,浙江省杭州市上城区 星河湾畔 11栋4单元1282室,33010219650919551X,上城区公安局上城区分局,1983.09.15-1993.09.12,新亚特兰蒂斯商业银行,4455691.58,240,二手房交易,等额本息
IMG_03356,loan_3060/face_signing.jpg,LN2024003060,,0,,何平,女,汉族,1970-07-21,陕西省西安市新城区 锦绣家园 6栋4单元1772室,610102197007213388,新城区公安局新城区分局,1988.07.16-1998.07.14,木叶村消费金融,4930659.14,120,购房首付,按月付息，到期还本
IMG_03357,loan_3061/face_signing.jpg,LN2024003061,,0,,吴敏,女,汉族,1984-06-18,陕西省西安市雁塔区 锦绣家园 8栋1单元356室,610113198406182148,雁塔区公安局雁塔区分局,2002.06.14-2012.06.11,夏尔农业信贷,105637.29,6,房屋装修,一次性还本付息
IMG_03358,loan_3062/face_signing.jpg,LN2024003062,,0,,杨梓轩,男,汉族,1982-10-28,云南省昆明市五华区 东方曼哈顿 6栋3单元2312室,530102198210281495,五华区公安局五华区分局,2000.10.23-2010.10.21,琅琊商业银行,4965712.59,240,二手房交易,按月付息，到期还本
IMG_03359,loan_3063/face_signing.jpg,LN2024003063,,0,,周浩,女,汉族,2003-10-23,广东省广州市荔湾区 中央公园 5栋1单元1070室,440103200310237509,荔湾区公安局荔湾区分局,2021.10.18-2031.10.16,星火基地普惠金融,1726753.88,360,二手房交易,等额本息
IMG_03360,loan_3064/face_signing.jpg,LN2024003064,,0,,周梓轩,女,土家族,1970-06-04,江西省南昌市东湖区 香榭丽舍 10栋5单元144室,360102197006047347,东湖区公安局东湖区分局,1988.05.30-1998.05.28,木叶村消费金融,122421.31,24,购买燃油车,等额本息
IMG_03361,loan_3065/face_signing.jpg,LN2024003065,,0,,徐军,男,汉族,1974-07-01,上海市上海市浦东新区 东方曼哈顿 16栋1单元366室,310115197407014637,浦东新区公安局浦东新区分局,1992.06.26-2002.06.24,昆仑数字科技有限公司,583190.15,60,购房首付,等额本息
IMG_03362,loan_3066/face_signing.jpg,LN2024003066,,0,,孙慧,女,汉族,1963-03-02,天津市天津市和平区 紫金华府 13栋5单元691室,120101196303020866,和平区公安局和平区分局,1981.02.25-1991.02.23,提瓦特小额贷款,537074.66,36,扩大生产,按月付息，到期还本
IMG_03363,loan_3067/face_signing.jpg,LN2024003067,,0,,马子涵,女,汉族,2001-11-12,广东省广州市荔湾区 阳光100 4栋2单元2420室,440103200111129863,荔湾区公安局荔湾区分局,2019.11.08-2029.11.05,琅琊商业银行,79262.77,3,婚庆,一次性还本付息
IMG_03364,loan_3068/face_signing.jpg,LN2024003068,,0,,杨娜,女,汉族,1984-12-23,四川省成都市武侯区 普罗旺斯 2栋3单元1684室,510107198412239285,武侯区公安局武侯区分局,2002.12.19-2012.12.16,艾泽拉斯数字科技,601689.7,24,购房首付,等额本金
IMG_03365,loan_3069/face_signing.jpg,LN2024003069,,0,,郭宇,女,汉族,1973-12-07,安徽省合肥市庐阳区 东方曼哈顿 15栋1单元2197室,340103197312076384,庐阳区公安局庐阳区分局,1991.12.03-2001.11.30,九又四分之三信贷中心,173499.22,12,购买燃油车,等额本金
IMG_03366,loan_3070/face_signing.jpg,LN2024003070,,0,,林丽,女,汉族,1992-11-08,江苏省南京市鼓楼区 悦海名邸 19栋5单元658室,320106199211080127,鼓楼区公安局鼓楼区分局,2010.11.04-2020.11.01,赛博城消费金融有限公司,117485.26,6,购买新能源汽车,一次性还本付息
IMG_03367,loan_3071/face_signing.jpg,LN2024003071,,0,,刘梓轩,男,汉族,1961-10-13,福建省厦门市思明区 御景半岛 10栋4单元1407室,350203196110139693,思明区公安局思明区分局,1979.10.09-1989.10.06,赛博城消费金融有限公司,919026.26,60,二手房交易,等额本金
IMG_03368,loan_3072/face_signing.jpg,LN2024003072,,0,,李志强,男,汉族,1988-01-27,山东省青岛市崂山区 悦海名邸 20栋4单元1006室,370212198801278472,崂山区公安局崂山区分局,2006.01.22-2016.01.20,霍格沃茨魔法银行,1989953.57,360,企业流动资金,等额本息
IMG_03369,loan_3073/face_signing.jpg,LN2024003073,,0,,陈梓轩,女,汉族,1982-09-15,北京市北京市东城区 星河湾畔 5栋5单元952室,110101198209150768,东城区公安局东城区分局,2000.09.10-2010.09.08,潘多拉普惠金融,169318.88,6,购买燃油车,一次性还本付息
IMG_03370,loan_3074/face_signing.jpg,LN2024003074,,0,,何平,女,汉族,1985-05-23,陕西省西安市新城区 普罗旺斯 18栋6单元2315室,610102198505237643,新城区公安局新城区分局,2003.05.19-2013.05.16,昆仑数字科技有限公司,70990.61,12,房屋装修,按月付息，到期还本
IMG_03371,loan_3075/face_signing.jpg,LN2024003075,,0,,陈华,女,汉族,1969-06-06,上海市上海市浦东新区 香榭丽舍 7栋6单元658室,310115196906069064,浦东新区公安局浦东新区分局,1987.06.02-1997.05.30,瓦坎达信贷中心,3694092.79,360,企业流动资金,等额本金
IMG_03372,loan_3076/face_signing.jpg,LN2024003076,,0,,赵梓轩,男,汉族,1992-09-05,广东省深圳市福田区 翠湖雅苑 8栋3单元1715室,440304199209058751,福田区公安局福田区分局,2010.09.01-2020.08.29,赛博城消费金融有限公司,145477.59,12,房屋装修,等额本金
IMG_03373,loan_3077/face_signing.jpg,LN2024003077,,0,,陈慧,女,汉族,1978-10-12,广东省广州市天河区 翠湖雅苑 4栋5单元1691室,440106197810123449,天河区公安局天河区分局,1996.10.07-2006.10.05,潘多拉普惠金融,63338.05,12,购买燃油车,等额本金
IMG_03374,loan_3078/face_signing.jpg,LN2024003078,,0,,林子涵,男,汉族,2004-08-16,重庆市重庆市九龙坡区 香榭丽舍 4栋1单元440室,500107200408162498,九龙坡区公安局九龙坡区分局,2022.08.12-2032.08.09,木叶村消费金融,24340.26,3,旅游,先息后本
IMG_03375,loan_3079/face_signing.jpg,LN2024003079,,0,,杨婷,女,汉族,1983-03-26,天津市天津市东丽区 紫金华府 6栋2单元2081室,120110198303266140,东丽区公安局东丽区分局,2001.03.21-2011.03.19,九又四分之三信贷中心,131693.04,36,购买燃油车,按月付息，到期还本
IMG_03376,loan_3080/face_signing.jpg,LN2024003080,,0,,张宇,男,汉族,2002-06-19,广东省深圳市福田区 御景半岛 9栋6单元1150室,440304200206196978,福田区公安局福田区分局,2020.06.14-2030.06.12,艾泽拉斯数字科技,786962.33,24,购房首付,按月付息，到期还本
IMG_03377,loan_3081/face_signing.jpg,LN2024003081,,0,,胡军,男,汉族,1986-12-23,新疆维吾尔自治区乌鲁木齐市天山区 星河湾畔 14栋4单元1139室,650102198612235210,天山区公安局天山区分局,2004.12.18-2014.12.16,艾泽拉斯数字科技,933545.72,36,购房首付,等额本金
IMG_03378,loan_3082/face_signing.jpg,LN2024003082,,0,,胡平,男,汉族,1993-04-24,浙江省宁波市海曙区 普罗旺斯 5栋6单元1854室,330203199304245996,海曙区公安局海曙区分局,2011.04.20-2021.04.17,星火基地普惠金融,549418.35,120,企业流动资金,等额本息
IMG_03379,loan_3083/face_signing.jpg,LN2024003083,,0,,何军,男,汉族,1996-07-10,天津市天津市和平区 紫金华府 14栋3单元2229室,120101199607104237,和平区公安局和平区分局,2014.07.06-2024.07.03,霍格沃茨魔法银行,19234.57,3,旅游,先息后本
IMG_03380,loan_3084/face_signing.jpg,LN2024003084,,0,,赵宇,男,汉族,1990-02-12,山东省青岛市崂山区 普罗旺斯 3栋6单元599室,370212199002120876,崂山区公安局崂山区分局,2008.02.08-2018.02.05,潘多拉普惠金融,177209.41,12,房屋装修,等额本息
IMG_03381,loan_3085/face_signing.jpg,LN2024003085,,0,,马明,男,汉族,1984-09-19,重庆市重庆市九龙坡区 普罗旺斯 19栋1单元2271室,500107198409192939,九龙坡区公安局九龙坡区分局,2002.09.15-2012.09.12,九又四分之三信贷中心,46027.71,6,旅游,先息后本
IMG_03382,loan_3086/face_signing.jpg,LN2024003086,,0,,高明,男,汉族,1973-11-12,湖北省武汉市武昌区 锦绣华庭 2栋1单元423室,42010619731112841X,武昌区公安局武昌区分局,1991.11.08-2001.11.05,赛博城消费金融有限公司,241733.14,24,房屋装修,等额本金
IMG_03383,loan_3087/face_signing.jpg,LN2024003087,,0,,朱建国,男,汉族,1975-04-05,浙江省宁波市海曙区 龙腾盛世 9栋5单元2033室,330203197504051898,海曙区公安局海曙区分局,1993.03.31-2003.03.29,艾泽拉斯数字科技,867880.45,360,二手房交易,按月付息，到期还本
IMG_03384,loan_3088/face_signing.jpg,LN2024003088,,0,,张超,男,汉族,1995-12-22,湖北省武汉市江岸区 星河湾畔 5栋5单元2011室,420102199512227450,江岸区公安局江岸区分局,2013.12.17-2023.12.15,木叶村消费金融,2307808.07,240,企业流动资金,按月付息，到期还本
IMG_03385,loan_3089/face_signing.jpg,LN2024003089,,0,,林磊,男,壮族,1995-03-08,上海市上海市黄浦区 阳光100 15栋1单元2117室,310101199503082497,黄浦区公安局黄浦区分局,2013.03.03-2023.03.01,木叶村消费金融,947406.13,36,扩大生产,等额本息
IMG_03386,loan_3090/face_signing.jpg,LN2024003090,,0,,吴强,男,汉族,1997-11-11,湖北省武汉市江岸区 翠湖雅苑 11栋4单元374室,42010219971111765X,江岸区公安局江岸区分局,2015.11.07-2025.11.04,木叶村消费金融,3601783.59,240,企业流动资金,等额本金
IMG_03387,loan_3091/face_signing.jpg,LN2024003091,,0,,黄娟,女,汉族,2005-04-19,广东省广州市荔湾区 紫金华府 14栋4单元1404室,440103200504194543,荔湾区公安局荔湾区分局,2023.04.15-2033.04.12,星火基地普惠金融,331372.12,24,企业流动资金,等额本息
IMG_03388,loan_3092/face_signing.jpg,LN2024003092,,0,,赵芳,女,汉族,1980-10-23,重庆市重庆市九龙坡区 枫林晚居 6栋4单元298室,500107198010234447,九龙坡区公安局九龙坡区分局,1998.10.19-2008.10.16,昆仑数字科技有限公司,1548246.2,360,购房首付,等额本金
IMG_03389,loan_3093/face_signing.jpg,LN2024003093,,0,,林浩,女,汉族,1966-08-18,四川省成都市武侯区 东方曼哈顿 8栋3单元1033室,510107196608180343,武侯区公安局武侯区分局,1984.08.13-1994.08.11,瓦坎达信贷中心,2694020.33,120,购房首付,按月付息，到期还本
IMG_03390,loan_3094/face_signing.jpg,LN2024003094,,0,,陈伟,男,汉族,1997-04-09,江西省南昌市东湖区 融创壹号院 6栋1单元235室,360102199704093390,东湖区公安局东湖区分局,2015.04.05-2025.04.02,夏尔农业信贷,25177.89,6,旅游,一次性还本付息
IMG_03391,loan_3095/face_signing.jpg,LN2024003095,,0,,罗文,男,汉族,1973-07-27,江苏省南京市鼓楼区 紫金华府 1栋2单元1449室,320106197307279676,鼓楼区公安局鼓楼区分局,1991.07.23-2001.07.20,阿卡姆消费金融,2433953.87,360,企业流动资金,按月付息，到期还本
IMG_03392,loan_3096/face_signing.jpg,LN2024003096,,0,,李秀,女,汉族,1997-12-15,新疆维吾尔自治区乌鲁木齐市天山区 锦绣家园 6栋6单元105室,650102199712157824,天山区公安局天山区分局,2015.12.11-2025.12.08,星火基地普惠金融,53852.88,3,婚庆,一次性还本付息
IMG_03393,loan_3097/face_signing.jpg,LN2024003097,,0,,罗磊,男,汉族,2005-10-30,北京市北京市东城区 翠湖雅苑 1栋5单元2285室,110101200510309117,东城区公安局东城区分局,2023.10.26-2033.10.23,夏尔农业信贷,1484237.47,360,购房首付,等额本息
IMG_03394,loan_3098/face_signing.jpg,LN2024003098,,0,,王浩,女,汉族,2005-05-11,北京市北京市海淀区 枫林晚居 18栋1单元1060室,110108200505118468,海淀区公安局海淀区分局,2023.05.07-2033.05.04,新亚特兰蒂斯商业银行,795299.98,60,企业流动资金,按月付息，到期还本
IMG_03395,loan_3099/face_signing.jpg,LN2024003099,,0,,徐静,女,回族,1987-10-26,湖北省武汉市武昌区 威尼斯水城 16栋2单元934室,420106198710262645,武昌区公安局武昌区分局,2005.10.21-2015.10.19,阿卡姆消费金融,4123019.09,360,企业流动资金,等额本息
IMG_03396,loan_3100/face_signing.jpg,LN2024003100,,0,,吴芳,女,汉族,1961-07-09,新疆维吾尔自治区乌鲁木齐市天山区 普罗旺斯 19栋3单元228室,650102196107092440,天山区公安局天山区分局,1979.07.05-1989.07.02,九又四分之三信贷中心,113662.69,3,购买燃油车,先息后本
IMG_03397,loan_3101/face_signing.jpg,LN2024003101,,0,,黄梓轩,女,汉族,1981-02-24,新疆维吾尔自治区乌鲁木齐市天山区 碧水云天 13栋5单元2077室,650102198102241100,天山区公安局天山区分局,1999.02.20-2009.02.17,潘多拉普惠金融,877461.19,36,企业流动资金,等额本息
IMG_03398,loan_3102/face_signing.jpg,LN2024003102,,0,,吴杰,男,汉族,1981-08-11,天津市天津市东丽区 香榭丽舍 7栋2单元985室,120110198108114731,东丽区公安局东丽区分局,1999.08.07-2009.08.04,霍格沃茨魔法银行,629154.77,36,扩大生产,等额本金
IMG_03399,loan_3103/face_signing.jpg,LN2024003103,,0,,罗芳,女,汉族,1990-10-25,上海市上海市黄浦区 香榭丽舍 15栋6单元1050室,310101199010255804,黄浦区公安局黄浦区分局,2008.10.20-2018.10.18,霍格沃茨魔法银行,457809.59,60,企业流动资金,等额本金
IMG_03400,loan_3104/face_signing.jpg,LN2024003104,,0,,赵子涵,女,汉族,1983-12-29,湖北省武汉市江岸区 威尼斯水城 1栋6单元166室,420102198312295120,江岸区公安局江岸区分局,2001.12.24-2011.12.22,木叶村消费金融,2399359.57,240,二手房交易,等额本金
IMG_03401,loan_3105/face_signing.jpg,LN2024003105,,0,,王浩,男,汉族,2000-07-26,浙江省杭州市西湖区 翠湖雅苑 7栋2单元2189室,330106200007261817,西湖区公安局西湖区分局,2018.07.22-2028.07.19,赛博城消费金融有限公司,984264.79,60,企业流动资金,等额本金
IMG_03402,loan_3106/face_signing.jpg,LN2024003106,,0,,周梓轩,男,汉族,1978-09-15,新疆维吾尔自治区乌鲁木齐市天山区 绿地新江湾 9栋5单元867室,650102197809152633,天山区公安局天山区分局,1996.09.10-2006.09.08,新亚特兰蒂斯商业银行,104155.75,12,婚庆,等额本息
IMG_03403,loan_3107/face_signing.jpg,LN2024003107,,0,,陈建国,男,汉族,1980-07-28,湖南省长沙市岳麓区 枫林晚居 19栋4单元2462室,430104198007284630,岳麓区公安局岳麓区分局,1998.07.24-2008.07.21,昆仑数字科技有限公司,30134.95,12,购买家电,按月付息，到期还本
IMG_03404,loan_3108/face_signing.jpg,LN2024003108,,0,,赵强,男,彝族,1965-03-11,北京市北京市东城区 龙腾盛世 7栋4单元609室,110101196503118612,东城区公安局东城区分局,1983.03.07-1993.03.04,九又四分之三信贷中心,1090757.21,240,二手房交易,等额本金
IMG_03405,loan_3109/face_signing.jpg,LN2024003109,,0,,刘敏,女,汉族,1964-12-27,北京市北京市东城区 枫林晚居 6栋1单元500室,110101196412271144,东城区公安局东城区分局,1982.12.23-1992.12.20,新亚特兰蒂斯商业银行,117511.57,36,购买燃油车,按月付息，到期还本
IMG_03406,loan_3110/face_signing.jpg,LN2024003110,,0,,林建,女,汉族,1981-06-20,江苏省南京市玄武区 阳光100 19栋3单元2169室,320102198106202321,玄武区公安局玄武区分局,1999.06.16-2009.06.13,艾泽拉斯数字科技,2344333.37,120,购房首付,等额本息
IMG_03407,loan_3111/face_signing.jpg,LN2024003111,,0,,孙杰,男,汉族,1997-09-27,广东省深圳市福田区 碧水云天 8栋3单元2398室,440304199709270193,福田区公安局福田区分局,2015.09.23-2025.09.20,木叶村消费金融,173388.22,6,房屋装修,一次性还本付息
IMG_03408,loan_3112/face_signing.jpg,LN2024003112,,0,,孙建,男,汉族,1984-09-01,浙江省杭州市上城区 融创壹号院 20栋5单元597室,330102198409014573,上城区公安局上城区分局,2002.08.28-2012.08.25,新亚特兰蒂斯商业银行,2172933.15,360,二手房交易,等额本金
IMG_03409,loan_3113/face_signing.jpg,LN2024003113,,0,,王秀,女,汉族,2002-02-13,新疆维吾尔自治区乌鲁木齐市天山区 紫金华府 12栋5单元2432室,650102200202133588,天山区公安局天山区分局,2020.02.09-2030.02.06,哥谭市小额贷款中心,1008099.87,240,二手房交易,等额本息
IMG_03410,loan_3114/face_signing.jpg,LN2024003114,,0,,徐涛,男,彝族,2005-11-01,四川省成都市武侯区 香榭丽舍 19栋3单元1192室,510107200511012297,武侯区公安局武侯区分局,2023.10.28-2033.10.25,琅琊商业银行,1675696.53,120,二手房交易,等额本息
IMG_03411,loan_3115/face_signing.jpg,LN2024003115,,0,,郭华,男,汉族,2006-03-08,上海市上海市黄浦区 锦绣华庭 7栋1单元809室,310101200603089050,黄浦区公安局黄浦区分局,2024.03.03-2034.03.01,潘多拉普惠金融,1192556.38,240,企业流动资金,按月付息，到期还本
IMG_03412,loan_3116/face_signing.jpg,LN2024003116,,0,,刘强,男,汉族,1998-11-09,江苏省苏州市虎丘区 绿地新江湾 4栋6单元337室,320505199811094173,虎丘区公安局虎丘区分局,2016.11.04-2026.11.02,九又四分之三信贷中心,138559.33,6,购买新能源汽车,一次性还本付息
IMG_03413,loan_3117/face_signing.jpg,LN2024003117,,0,,周晨,男,汉族,1976-05-05,湖南省长沙市芙蓉区 星河湾畔 13栋6单元913室,430102197605058919,芙蓉区公安局芙蓉区分局,1994.05.01-2004.04.28,木叶村消费金融,534462.54,60,购房首付,按月付息，到期还本
IMG_03414,loan_3118/face_signing.jpg,LN2024003118,,0,,赵静,女,汉族,1986-02-27,贵州省贵阳市云岩区 锦绣家园 18栋2单元2476室,520103198602276702,云岩区公安局云岩区分局,2004.02.23-2014.02.20,赛博城消费金融有限公司,129226.44,12,婚庆,等额本金
IMG_03415,loan_3119/face_signing.jpg,LN2024003119,,0,,王建国,男,汉族,1981-09-18,湖南省长沙市芙蓉区 锦绣华庭 19栋3单元889室,43010219810918649X,芙蓉区公安局芙蓉区分局,1999.09.14-2009.09.11,瓦坎达信贷中心,4853743.76,360,企业流动资金,等额本金
IMG_03416,loan_3120/face_signing.jpg,LN2024003120,,0,,刘燕,女,汉族,1994-07-19,四川省成都市武侯区 翠湖雅苑 19栋2单元1069室,510107199407195649,武侯区公安局武侯区分局,2012.07.14-2022.07.12,赛博城消费金融有限公司,149866.52,6,婚庆,先息后本
IMG_03417,loan_3121/face_signing.jpg,LN2024003121,,0,,黄静,女,汉族,1997-10-10,广东省广州市天河区 中央公园 6栋6单元1639室,440106199710104223,天河区公安局天河区分局,2015.10.06-2025.10.03,夏尔农业信贷,894324.81,36,购房首付,按月付息，到期还本
IMG_03418,loan_3122/face_signing.jpg,LN2024003122,,0,,李子涵,女,汉族,1996-07-13,浙江省杭州市上城区 紫金华府 7栋3单元1624室,33010219960713372X,上城区公安局上城区分局,2014.07.09-2024.07.06,星火基地普惠金融,591034.08,24,购房首付,按月付息，到期还本
IMG_03419,loan_3123/face_signing.jpg,LN2024003123,,0,,黄建,男,汉族,1974-01-12,贵州省贵阳市云岩区 威尼斯水城 15栋3单元1285室,520103197401128995,云岩区公安局云岩区分局,1992.01.08-2002.01.05,星火基地普惠金融,24520.78,6,购买家电,先息后本
IMG_03420,loan_3124/face_signing.jpg,LN2024003124,,0,,高秀,女,汉族,2005-07-24,云南省昆明市五华区 东方曼哈顿 6栋1单元1650室,530102200507241785,五华区公安局五华区分局,2023.07.20-2033.07.17,琅琊商业银行,4304529.47,360,企业流动资金,等额本金
IMG_03421,loan_3125/face_signing.jpg,LN2024003125,,0,,罗志强,男,汉族,2005-12-20,江苏省南京市鼓楼区 威尼斯水城 19栋3单元698室,320106200512201514,鼓楼区公安局鼓楼区分局,2023.12.16-2033.12.13,赛博城消费金融有限公司,12847.17,12,日常消费,等额本息
IMG_03422,loan_3126/face_signing.jpg,LN2024003126,,0,,何慧,女,汉族,1996-05-25,福建省厦门市思明区 锦绣华庭 16栋4单元1289室,350203199605255948,思明区公安局思明区分局,2014.05.21-2024.05.18,赛博城消费金融有限公司,678333.86,120,二手房交易,等额本金
IMG_03423,loan_3127/face_signing.jpg,LN2024003127,,0,,吴建国,男,汉族,1968-05-02,湖南省长沙市芙蓉区 融创壹号院 18栋2单元328室,430102196805027792,芙蓉区公安局芙蓉区分局,1986.04.28-1996.04.25,艾泽拉斯数字科技,31531.41,6,教育进修,一次性还本付息
IMG_03424,loan_3128/face_signing.jpg,LN2024003128,,0,,罗建,男,壮族,1988-08-06,湖南省长沙市岳麓区 星河湾畔 4栋5单元241室,430104198808064259,岳麓区公安局岳麓区分局,2006.08.02-2016.07.30,琅琊商业银行,568976.81,24,企业流动资金,等额本息
IMG_03425,loan_3129/face_signing.jpg,LN2024003129,,0,,郭宇,男,汉族,1980-06-20,浙江省杭州市西湖区 星河湾畔 8栋1单元1469室,330106198006208299,西湖区公安局西湖区分局,1998.06.16-2008.06.13,新亚特兰蒂斯商业银行,602261.75,36,二手房交易,按月付息，到期还本
IMG_03426,loan_3130/face_signing.jpg,LN2024003130,,0,,黄晨,女,彝族,1965-11-26,四川省成都市武侯区 绿地新江湾 11栋6单元758室,510107196511266802,武侯区公安局武侯区分局,1983.11.22-1993.11.19,夏尔农业信贷,1934526.02,360,企业流动资金,按月付息，到期还本
IMG_03427,loan_3131/face_signing.jpg,LN2024003131,,0,,周晨,女,汉族,1977-03-08,贵州省贵阳市云岩区 锦绣华庭 18栋1单元2472室,520103197703084684,云岩区公安局云岩区分局,1995.03.04-2005.03.01,木叶村消费金融,699338.23,36,企业流动资金,按月付息，到期还本
IMG_03428,loan_3132/face_signing.jpg,LN2024003132,,0,,王敏,女,汉族,2003-03-25,福建省福州市鼓楼区 普罗旺斯 3栋5单元571室,350102200303258784,鼓楼区公安局鼓楼区分局,2021.03.20-2031.03.18,赛博城消费金融有限公司,254706.61,24,房屋装修,按月付息，到期还本
IMG_03429,loan_3133/face_signing.jpg,LN2024003133,,0,,陈娟,女,汉族,2005-11-26,江苏省无锡市新吴区 锦绣华庭 11栋6单元1996室,320214200511260366,新吴区公安局新吴区分局,2023.11.22-2033.11.19,潘多拉普惠金融,42529.14,3,旅游,一次性还本付息
IMG_03430,loan_3134/face_signing.jpg,LN2024003134,,0,,赵子涵,男,汉族,1975-01-17,北京市北京市朝阳区 紫金华府 10栋2单元1594室,110105197501172439,朝阳区公安局朝阳区分局,1993.01.12-2003.01.10,木叶村消费金融,863017.75,60,购房首付,等额本息
IMG_03431,loan_3135/face_signing.jpg,LN2024003135,,0,,罗娜,女,汉族,2000-12-10,湖北省武汉市江岸区 绿地新江湾 20栋4单元2088室,420102200012102809,江岸区公安局江岸区分局,2018.12.06-2028.12.03,赛博城消费金融有限公司,110237.31,6,婚庆,一次性还本付息
IMG_03432,loan_3136/face_signing.jpg,LN2024003136,,0,,张建,男,汉族,1977-01-13,北京市北京市东城区 枫林晚居 11栋4单元124室,110101197701137739,东城区公安局东城区分局,1995.01.09-2005.01.06,艾泽拉斯数字科技,2771027.19,360,二手房交易,按月付息，到期还本
IMG_03433,loan_3137/face_signing.jpg,LN2024003137,,0,,周娟,女,汉族,2005-04-16,陕西省西安市新城区 中央公园 9栋5单元2151室,610102200504165801,新城区公安局新城区分局,2023.04.12-2033.04.09,夏尔农业信贷,768448.65,24,扩大生产,按月付息，到期还本
IMG_03434,loan_3138/face_signing.jpg,LN2024003138,,0,,陈佳,女,汉族,1985-07-03,海南省海口市龙华区 御景半岛 15栋1单元834室,46010619850703998X,龙华区公安局龙华区分局,2003.06.29-2013.06.26,赛博城消费金融有限公司,191662.43,6,购买新能源汽车,先息后本
IMG_03435,loan_3139/face_signing.jpg,LN2024003139,,0,,罗建,男,汉族,1984-09-01,四川省成都市武侯区 香榭丽舍 7栋1单元2042室,510107198409017251,武侯区公安局武侯区分局,2002.08.28-2012.08.25,琅琊商业银行,1104120.25,120,二手房交易,按月付息，到期还本
IMG_03436,loan_3140/face_signing.jpg,LN2024003140,,0,,黄佳,女,汉族,1971-05-16,浙江省宁波市海曙区 东方曼哈顿 20栋1单元874室,330203197105160923,海曙区公安局海曙区分局,1989.05.11-1999.05.09,九又四分之三信贷中心,195014.9,36,婚庆,等额本息
IMG_03437,loan_3141/face_signing.jpg,LN2024003141,,0,,陈雪,女,汉族,1976-12-17,贵州省贵阳市云岩区 香榭丽舍 3栋5单元1874室,520103197612170122,云岩区公安局云岩区分局,1994.12.13-2004.12.10,提瓦特小额贷款,179468.84,36,房屋装修,等额本息
IMG_03438,loan_3142/face_signing.jpg,LN2024003142,,0,,郭燕,女,土家族,1975-07-10,海南省海口市龙华区 御景半岛 10栋1单元1472室,460106197507106420,龙华区公安局龙华区分局,1993.07.05-2003.07.03,星火基地普惠金融,152574.49,12,购买燃油车,按月付息，到期还本
IMG_03439,loan_3143/face_signing.jpg,LN2024003143,,0,,刘芳,女,汉族,2006-10-30,海南省海口市龙华区 悦海名邸 3栋4单元1377室,460106200610305529,龙华区公安局龙华区分局,2024.10.25-2034.10.23,木叶村消费金融,1583821.99,360,购房首付,等额本息
IMG_03440,loan_3144/face_signing.jpg,LN2024003144,,0,,陈建,女,汉族,1998-09-20,福建省福州市鼓楼区 融创壹号院 5栋1单元1641室,350102199809208105,鼓楼区公安局鼓楼区分局,2016.09.15-2026.09.13,哥谭市小额贷款中心,132917.78,24,购买新能源汽车,按月付息，到期还本
IMG_03441,loan_3145/face_signing.jpg,LN2024003145,,0,,黄娜,女,汉族,1993-06-27,陕西省西安市新城区 紫金华府 12栋2单元2220室,610102199306279781,新城区公安局新城区分局,2011.06.23-2021.06.20,琅琊商业银行,323826.8,36,扩大生产,按月付息，到期还本
IMG_03442,loan_3146/face_signing.jpg,LN2024003146,,0,,何燕,女,汉族,1997-10-03,湖南省长沙市岳麓区 东方曼哈顿 5栋6单元243室,430104199710035200,岳麓区公安局岳麓区分局,2015.09.29-2025.09.26,艾泽拉斯数字科技,640691.05,60,扩大生产,等额本息
IMG_03443,loan_3147/face_signing.jpg,LN2024003147,,0,,赵晨,女,回族,1982-07-01,江西省南昌市东湖区 龙腾盛世 5栋1单元1108室,360102198207013463,东湖区公安局东湖区分局,2000.06.26-2010.06.24,赛博城消费金融有限公司,24756.38,6,医疗,先息后本
IMG_03444,loan_3148/face_signing.jpg,LN2024003148,,0,,徐宇,男,汉族,1996-12-24,陕西省西安市雁塔区 东方曼哈顿 3栋1单元2185室,610113199612241959,雁塔区公安局雁塔区分局,2014.12.20-2024.12.17,提瓦特小额贷款,54149.85,60,房屋装修,按月付息，到期还本
IMG_03445,loan_3149/face_signing.jpg,LN2024003149,,0,,张文,男,汉族,1984-03-17,江西省南昌市东湖区 香榭丽舍 6栋2单元2202室,360102198403171071,东湖区公安局东湖区分局,2002.03.13-2012.03.10,艾泽拉斯数字科技,145930.1,3,婚庆,先息后本
IMG_03446,loan_3150/face_signing.jpg,LN2024003150,,0,,李婷,女,汉族,1989-07-06,北京市北京市海淀区 绿地新江湾 10栋2单元2007室,110108198907065565,海淀区公安局海淀区分局,2007.07.02-2017.06.29,星火基地普惠金融,2308746.33,240,购房首付,等额本金
IMG_03447,loan_3151/face_signing.jpg,LN2024003151,,0,,徐子涵,女,汉族,1990-05-24,湖南省长沙市岳麓区 翠湖雅苑 8栋2单元385室,43010419900524236X,岳麓区公安局岳麓区分局,2008.05.19-2018.05.17,九又四分之三信贷中心,3671613.21,240,购房首付,等额本息
IMG_03448,loan_3152/face_signing.jpg,LN2024003152,,0,,王建,男,汉族,2001-10-20,浙江省杭州市西湖区 碧水云天 12栋6单元972室,330106200110201353,西湖区公安局西湖区分局,2019.10.16-2029.10.13,哥谭市小额贷款中心,2149014.64,240,二手房交易,等额本金
IMG_03449,loan_3153/face_signing.jpg,LN2024003153,,0,,高子涵,男,汉族,1999-03-15,重庆市重庆市九龙坡区 悦海名邸 20栋3单元410室,500107199903157674,九龙坡区公安局九龙坡区分局,2017.03.10-2027.03.08,新亚特兰蒂斯商业银行,80068.2,3,婚庆,一次性还本付息
IMG_03450,loan_3154/face_signing.jpg,LN2024003154,,0,,刘磊,男,汉族,1972-11-10,江苏省苏州市虎丘区 阳光100 11栋5单元1327室,320505197211100251,虎丘区公安局虎丘区分局,1990.11.06-2000.11.03,木叶村消费金融,26645.97,6,医疗,一次性还本付息
IMG_03451,loan_3155/face_signing.jpg,LN2024003155,,0,,何平,男,汉族,1993-09-03,云南省昆明市五华区 香榭丽舍 17栋1单元1078室,530102199309031917,五华区公安局五华区分局,2011.08.30-2021.08.27,星火基地普惠金融,98343.64,3,房屋装修,一次性还本付息
IMG_03452,loan_3156/face_signing.jpg,LN2024003156,,0,,王娟,女,汉族,1964-06-13,江苏省苏州市虎丘区 碧水云天 5栋6单元1067室,320505196406133200,虎丘区公安局虎丘区分局,1982.06.09-1992.06.06,木叶村消费金融,220731.78,60,婚庆,按月付息，到期还本
IMG_03453,loan_3157/face_signing.jpg,LN2024003157,,0,,李芳,女,汉族,1980-01-25,新疆维吾尔自治区乌鲁木齐市天山区 御景半岛 12栋4单元1720室,650102198001258480,天山区公安局天山区分局,1998.01.20-2008.01.18,艾泽拉斯数字科技,1923387.9,360,企业流动资金,等额本息
IMG_03454,loan_3158/face_signing.jpg,LN2024003158,,0,,张宇,男,汉族,1994-04-07,广东省广州市荔湾区 碧水云天 10栋3单元1851室,440103199404076253,荔湾区公安局荔湾区分局,2012.04.02-2022.03.31,星火基地普惠金融,2502248.67,360,购房首付,等额本金
IMG_03455,loan_3159/face_signing.jpg,LN2024003159,,0,,陈婷,女,汉族,1997-07-25,江苏省无锡市新吴区 御景半岛 2栋5单元211室,320214199707250666,新吴区公安局新吴区分局,2015.07.21-2025.07.18,艾泽拉斯数字科技,398749.19,24,扩大生产,按月付息，到期还本
IMG_03456,loan_3160/face_signing.jpg,LN2024003160,,0,,高文,男,藏族,1983-04-08,浙江省杭州市上城区 龙腾盛世 2栋2单元367室,330102198304087370,上城区公安局上城区分局,2001.04.03-2011.04.01,瓦坎达信贷中心,706826.26,120,购房首付,等额本息
IMG_03457,loan_3161/face_signing.jpg,LN2024003161,,0,,黄强,男,汉族,2003-07-19,天津市天津市和平区 龙腾盛世 15栋6单元1489室,12010120030719343X,和平区公安局和平区分局,2021.07.14-2031.07.12,潘多拉普惠金融,2627411.23,120,购房首付,等额本金
IMG_03458,loan_3162/face_signing.jpg,LN2024003162,,0,,赵宇,女,汉族,1971-12-19,陕西省西安市新城区 融创壹号院 5栋3单元2225室,610102197112199143,新城区公安局新城区分局,1989.12.14-1999.12.12,昆仑数字科技有限公司,62105.28,36,婚庆,按月付息，到期还本
IMG_03459,loan_3163/face_signing.jpg,LN2024003163,,0,,王强,男,汉族,1996-06-07,广东省广州市荔湾区 锦绣华庭 7栋3单元1861室,440103199606077115,荔湾区公安局荔湾区分局,2014.06.03-2024.05.31,提瓦特小额贷款,42496.55,12,购买家电,等额本息
IMG_03460,loan_3164/face_signing.jpg,LN2024003164,,0,,赵文,女,汉族,1969-01-02,云南省昆明市五华区 香榭丽舍 4栋3单元1141室,530102196901022282,五华区公安局五华区分局,1986.12.29-1996.12.26,夏尔农业信贷,121757.63,12,购买新能源汽车,等额本金
IMG_03461,loan_3165/face_signing.jpg,LN2024003165,,0,,林涛,男,汉族,1971-03-09,江苏省南京市鼓楼区 枫林晚居 7栋1单元2095室,320106197103095357,鼓楼区公安局鼓楼区分局,1989.03.04-1999.03.02,艾泽拉斯数字科技,339632.5,36,二手房交易,等额本息
IMG_03462,loan_3166/face_signing.jpg,LN2024003166,,0,,朱敏,女,汉族,1992-05-25,江西省南昌市东湖区 翠湖雅苑 1栋4单元1070室,360102199205257602,东湖区公安局东湖区分局,2010.05.21-2020.05.18,阿卡姆消费金融,812522.08,24,二手房交易,等额本金
IMG_03463,loan_3167/face_signing.jpg,LN2024003167,,0,,吴丽,女,汉族,1995-01-04,新疆维吾尔自治区乌鲁木齐市天山区 融创壹号院 6栋3单元1307室,650102199501040941,天山区公安局天山区分局,2012.12.30-2022.12.28,木叶村消费金融,1558261.53,360,购房首付,等额本息
IMG_03464,loan_3168/face_signing.jpg,LN2024003168,,0,,林婷,女,汉族,2001-10-08,重庆市重庆市九龙坡区 威尼斯水城 7栋4单元1371室,500107200110080369,九龙坡区公安局九龙坡区分局,2019.10.04-2029.10.01,赛博城消费金融有限公司,473907.7,24,企业流动资金,按月付息，到期还本
IMG_03465,loan_3169/face_signing.jpg,LN2024003169,,0,,陈慧,女,汉族,2004-09-24,陕西省西安市雁塔区 威尼斯水城 14栋6单元1522室,610113200409244260,雁塔区公安局雁塔区分局,2022.09.20-2032.09.17,星火基地普惠金融,19137.89,3,日常消费,先息后本
IMG_03466,loan_3170/face_signing.jpg,LN2024003170,,0,,赵华,男,汉族,2007-01-24,浙江省杭州市西湖区 龙腾盛世 18栋1单元1151室,330106200701249551,西湖区公安局西湖区分局,2025.01.19-2035.01.17,哥谭市小额贷款中心,3156097.1,360,购房首付,等额本金
IMG_03467,loan_3171/face_signing.jpg,LN2024003171,,0,,胡佳,女,汉族,1982-07-16,安徽省合肥市庐阳区 星河湾畔 3栋2单元757室,340103198207166665,庐阳区公安局庐阳区分局,2000.07.11-2010.07.09,哥谭市小额贷款中心,4138055.54,360,购房首付,等额本金
IMG_03468,loan_3172/face_signing.jpg,LN2024003172,,0,,郭强,男,汉族,2003-08-03,云南省昆明市五华区 枫林晚居 1栋3单元1953室,530102200308038696,五华区公安局五华区分局,2021.07.29-2031.07.27,夏尔农业信贷,3931805.23,360,购房首付,按月付息，到期还本
IMG_03469,loan_3173/face_signing.jpg,LN2024003173,,0,,高晨,女,汉族,1992-12-16,浙江省杭州市上城区 枫林晚居 17栋2单元344室,33010219921216306X,上城区公安局上城区分局,2010.12.12-2020.12.09,琅琊商业银行,3766349.79,120,购房首付,按月付息，到期还本
IMG_03470,loan_3174/face_signing.jpg,LN2024003174,,0,,黄文,男,汉族,1968-12-23,重庆市重庆市渝中区 香榭丽舍 12栋1单元829室,500103196812235017,渝中区公安局渝中区分局,1986.12.19-1996.12.16,霍格沃茨魔法银行,99593.83,6,房屋装修,一次性还本付息
IMG_03471,loan_3175/face_signing.jpg,LN2024003175,,0,,胡子涵,女,汉族,1973-05-18,江苏省苏州市虎丘区 融创壹号院 8栋4单元500室,320505197305188602,虎丘区公安局虎丘区分局,1991.05.14-2001.05.11,赛博城消费金融有限公司,419756.93,36,二手房交易,按月付息，到期还本
IMG_03472,loan_3176/face_signing.jpg,LN2024003176,,0,,朱勇,男,汉族,1972-09-03,湖南省长沙市芙蓉区 融创壹号院 17栋6单元2398室,430102197209037112,芙蓉区公安局芙蓉区分局,1990.08.30-2000.08.27,霍格沃茨魔法银行,2560550.06,360,购房首付,等额本金
IMG_03473,loan_3177/face_signing.jpg,LN2024003177,,0,,刘浩,女,汉族,1964-10-27,江苏省南京市鼓楼区 翠湖雅苑 10栋2单元299室,320106196410275644,鼓楼区公安局鼓楼区分局,1982.10.23-1992.10.20,夏尔农业信贷,637005.59,36,二手房交易,按月付息，到期还本
IMG_03474,loan_3178/face_signing.jpg,LN2024003178,,0,,孙浩,男,汉族,1992-09-22,海南省海口市龙华区 碧水云天 13栋3单元1312室,46010619920922695X,龙华区公安局龙华区分局,2010.09.18-2020.09.15,夏尔农业信贷,85753.67,6,婚庆,先息后本
IMG_03475,loan_3179/face_signing.jpg,LN2024003179,,0,,孙娜,女,汉族,1982-10-03,北京市北京市朝阳区 碧水云天 12栋2单元2125室,110105198210034540,朝阳区公安局朝阳区分局,2000.09.28-2010.09.26,木叶村消费金融,4102655.82,120,二手房交易,按月付息，到期还本
IMG_03476,loan_3180/face_signing.jpg,LN2024003180,,0,,赵丽,女,藏族,1967-02-02,江苏省苏州市虎丘区 中央公园 10栋2单元632室,320505196702027306,虎丘区公安局虎丘区分局,1985.01.28-1995.01.26,星火基地普惠金融,677971.52,24,企业流动资金,按月付息，到期还本
IMG_03477,loan_3181/face_signing.jpg,LN2024003181,,0,,黄佳,女,汉族,2002-01-19,广东省深圳市福田区 东方曼哈顿 6栋4单元1933室,440304200201193145,福田区公安局福田区分局,2020.01.15-2030.01.12,木叶村消费金融,950112.77,60,扩大生产,按月付息，到期还本
IMG_03478,loan_3182/face_signing.jpg,LN2024003182,,0,,罗超,男,汉族,1991-10-29,上海市上海市黄浦区 碧水云天 9栋1单元1775室,310101199110294755,黄浦区公安局黄浦区分局,2009.10.24-2019.10.22,提瓦特小额贷款,101903.85,3,购买燃油车,一次性还本付息
IMG_03479,loan_3183/face_signing.jpg,LN2024003183,,0,,王敏,女,汉族,1962-09-26,北京市北京市东城区 东方曼哈顿 17栋4单元2379室,110101196209263288,东城区公安局东城区分局,1980.09.21-1990.09.19,昆仑数字科技有限公司,4266368.42,120,购房首付,等额本息
IMG_03480,loan_3184/face_signing.jpg,LN2024003184,,0,,刘娜,女,汉族,1962-04-29,山东省青岛市崂山区 星河湾畔 11栋5单元1529室,37021219620429968X,崂山区公安局崂山区分局,1980.04.24-1990.04.22,潘多拉普惠金融,173097.65,24,购买新能源汽车,按月付息，到期还本
IMG_03481,loan_3185/face_signing.jpg,LN2024003185,,0,,赵磊,男,汉族,1997-04-26,北京市北京市海淀区 东方曼哈顿 18栋4单元1254室,110108199704266230,海淀区公安局海淀区分局,2015.04.22-2025.04.19,阿卡姆消费金融,57954.61,12,婚庆,等额本息
IMG_03482,loan_3186/face_signing.jpg,LN2024003186,,0,,罗晨,男,汉族,2007-08-28,江苏省南京市鼓楼区 悦海名邸 13栋2单元108室,320106200708284219,鼓楼区公安局鼓楼区分局,2025.08.23-2035.08.21,赛博城消费金融有限公司,444984.85,60,购房首付,按月付息，到期还本
IMG_03483,loan_3187/face_signing.jpg,LN2024003187,,0,,高慧,女,汉族,1987-06-28,山东省青岛市崂山区 枫林晚居 1栋3单元1852室,370212198706285105,崂山区公安局崂山区分局,2005.06.23-2015.06.21,阿卡姆消费金融,34193.8,12,购买家电,按月付息，到期还本
IMG_03484,loan_3188/face_signing.jpg,LN2024003188,,0,,张婷,女,汉族,2001-08-09,山东省济南市历下区 龙腾盛世 5栋4单元1138室,370102200108096509,历下区公安局历下区分局,2019.08.05-2029.08.02,潘多拉普惠金融,347526.52,24,企业流动资金,等额本息
IMG_03485,loan_3189/face_signing.jpg,LN2024003189,,0,,刘建,男,汉族,1992-09-27,江苏省南京市玄武区 绿地新江湾 4栋6单元1527室,320102199209272896,玄武区公安局玄武区分局,2010.09.23-2020.09.20,阿卡姆消费金融,3394726.55,240,企业流动资金,等额本金
IMG_03486,loan_3190/face_signing.jpg,LN2024003190,,0,,罗晨,女,壮族,1966-01-05,福建省厦门市思明区 翠湖雅苑 20栋4单元1252室,350203196601056200,思明区公安局思明区分局,1984.01.01-1993.12.29,木叶村消费金融,982021.46,60,购房首付,按月付息，到期还本
IMG_03487,loan_3191/face_signing.jpg,LN2024003191,,0,,刘建国,男,汉族,1992-07-23,浙江省杭州市西湖区 锦绣家园 17栋4单元2243室,330106199207232855,西湖区公安局西湖区分局,2010.07.19-2020.07.16,赛博城消费金融有限公司,727901.26,60,购房首付,等额本息
IMG_03488,loan_3192/face_signing.jpg,LN2024003192,,0,,李慧,女,汉族,1969-07-01,新疆维吾尔自治区乌鲁木齐市天山区 悦海名邸 16栋2单元1197室,650102196907014483,天山区公安局天山区分局,1987.06.27-1997.06.24,阿卡姆消费金融,624007.89,360,企业流动资金,按月付息，到期还本
IMG_03489,loan_3193/face_signing.jpg,LN2024003193,,0,,张涛,男,汉族,1996-06-18,上海市上海市黄浦区 枫林晚居 12栋6单元403室,310101199606189879,黄浦区公安局黄浦区分局,2014.06.14-2024.06.11,阿卡姆消费金融,833345.87,120,二手房交易,等额本金
IMG_03490,loan_3194/face_signing.jpg,LN2024003194,,0,,朱子涵,女,汉族,1994-05-10,河南省郑州市金水区 龙腾盛世 16栋1单元949室,41010519940510214X,金水区公安局金水区分局,2012.05.05-2022.05.03,艾泽拉斯数字科技,64296.49,12,购买燃油车,按月付息，到期还本
IMG_03491,loan_3195/face_signing.jpg,LN2024003195,,0,,胡子涵,女,汉族,1999-05-21,山东省济南市历下区 枫林晚居 10栋4单元951室,370102199905214904,历下区公安局历下区分局,2017.05.16-2027.05.14,木叶村消费金融,352079.74,60,扩大生产,等额本金
IMG_03492,loan_3196/face_signing.jpg,LN2024003196,,0,,徐敏,女,汉族,2007-09-17,北京市北京市海淀区 枫林晚居 16栋6单元1158室,110108200709179844,海淀区公安局海淀区分局,2025.09.12-2035.09.10,瓦坎达信贷中心,29493.87,3,日常消费,一次性还本付息
IMG_03493,loan_3197/face_signing.jpg,LN2024003197,,0,,张芳,女,汉族,1984-03-23,新疆维吾尔自治区乌鲁木齐市天山区 阳光100 16栋1单元1180室,650102198403231782,天山区公安局天山区分局,2002.03.19-2012.03.16,阿卡姆消费金融,262292.62,60,房屋装修,等额本金
IMG_03494,loan_3198/face_signing.jpg,LN2024003198,,0,,徐晨,男,汉族,1976-12-18,贵州省贵阳市云岩区 御景半岛 16栋3单元2413室,520103197612188971,云岩区公安局云岩区分局,1994.12.14-2004.12.11,瓦坎达信贷中心,821120.96,36,扩大生产,按月付息，到期还本
IMG_03495,loan_3199/face_signing.jpg,LN2024003199,,0,,周晨,女,汉族,1973-08-22,云南省昆明市五华区 紫金华府 17栋4单元397室,530102197308221488,五华区公安局五华区分局,1991.08.18-2001.08.15,哥谭市小额贷款中心,3073986.68,120,购房首付,等额本息
IMG_03496,loan_3200/face_signing.jpg,LN2024003200,,0,,陈宇,男,汉族,2005-02-24,福建省福州市鼓楼区 绿地新江湾 8栋1单元881室,350102200502248212,鼓楼区公安局鼓楼区分局,2023.02.20-2033.02.17,琅琊商业银行,1777183.49,120,企业流动资金,等额本息
IMG_03497,loan_3201/face_signing.jpg,LN2024003201,,0,,刘涛,男,汉族,1980-01-29,福建省福州市鼓楼区 星河湾畔 16栋6单元1501室,350102198001291079,鼓楼区公安局鼓楼区分局,1998.01.24-2008.01.22,霍格沃茨魔法银行,4018402.96,240,二手房交易,按月付息，到期还本
IMG_03498,loan_3202/face_signing.jpg,LN2024003202,,0,,郭强,男,汉族,1961-07-22,湖南省长沙市岳麓区 龙腾盛世 4栋2单元127室,430104196107220897,岳麓区公安局岳麓区分局,1979.07.18-1989.07.15,新亚特兰蒂斯商业银行,325383.75,36,购房首付,等额本金
IMG_03499,loan_3203/face_signing.jpg,LN2024003203,,0,,马梓轩,男,汉族,1967-05-02,山东省济南市历下区 普罗旺斯 5栋3单元1564室,370102196705026550,历下区公安局历下区分局,1985.04.27-1995.04.25,提瓦特小额贷款,176284.72,6,房屋装修,先息后本
IMG_03500,loan_3204/face_signing.jpg,LN2024003204,,0,,朱静,女,汉族,1985-03-29,北京市北京市朝阳区 融创壹号院 1栋1单元1711室,110105198503292420,朝阳区公安局朝阳区分局,2003.03.25-2013.03.22,赛博城消费金融有限公司,134220.28,3,婚庆,一次性还本付息
IMG_03501,loan_3205/face_signing.jpg,LN2024003205,,0,,周伟,男,汉族,1988-02-02,云南省昆明市五华区 东方曼哈顿 13栋6单元579室,53010219880202103X,五华区公安局五华区分局,2006.01.28-2016.01.26,夏尔农业信贷,1520729.16,360,二手房交易,按月付息，到期还本
IMG_03502,loan_3206/face_signing.jpg,LN2024003206,,0,,刘梓轩,女,汉族,1993-12-09,陕西省西安市新城区 东方曼哈顿 15栋5单元1511室,61010219931209074X,新城区公安局新城区分局,2011.12.05-2021.12.02,提瓦特小额贷款,2778412.95,240,二手房交易,等额本息
IMG_03503,loan_3207/face_signing.jpg,LN2024003207,,0,,朱娜,女,汉族,1962-02-20,浙江省宁波市海曙区 威尼斯水城 8栋2单元1885室,330203196202200080,海曙区公安局海曙区分局,1980.02.16-1990.02.13,九又四分之三信贷中心,86984.92,3,购买新能源汽车,先息后本
IMG_03504,loan_3208/face_signing.jpg,LN2024003208,,0,,张佳,女,汉族,1998-03-04,天津市天津市东丽区 香榭丽舍 10栋4单元816室,120110199803048304,东丽区公安局东丽区分局,2016.02.28-2026.02.25,艾泽拉斯数字科技,2445337.0,240,二手房交易,等额本金
IMG_03505,loan_3209/face_signing.jpg,LN2024003209,,0,,黄磊,男,汉族,1986-11-21,湖北省武汉市江岸区 紫金华府 13栋4单元1113室,420102198611213359,江岸区公安局江岸区分局,2004.11.16-2014.11.14,新亚特兰蒂斯商业银行,1591673.45,120,二手房交易,按月付息，到期还本
IMG_03506,loan_3210/face_signing.jpg,LN2024003210,,0,,马超,男,汉族,1988-12-21,海南省海口市龙华区 翠湖雅苑 9栋2单元2404室,460106198812219477,龙华区公安局龙华区分局,2006.12.17-2016.12.14,星火基地普惠金融,115818.5,6,房屋装修,先息后本
IMG_03507,loan_3211/face_signing.jpg,LN2024003211,,0,,马佳,女,汉族,1966-02-05,重庆市重庆市九龙坡区 锦绣华庭 9栋2单元597室,500107196602053683,九龙坡区公安局九龙坡区分局,1984.02.01-1994.01.29,瓦坎达信贷中心,3248332.68,120,企业流动资金,按月付息，到期还本
IMG_03508,loan_3212/face_signing.jpg,LN2024003212,,0,,赵明,男,汉族,1965-01-20,云南省昆明市五华区 御景半岛 10栋2单元1472室,530102196501201337,五华区公安局五华区分局,1983.01.16-1993.01.13,九又四分之三信贷中心,798992.44,24,企业流动资金,按月付息，到期还本
IMG_03509,loan_3213/face_signing.jpg,LN2024003213,,0,,赵燕,女,汉族,2005-01-30,江苏省南京市玄武区 御景半岛 6栋6单元693室,320102200501301725,玄武区公安局玄武区分局,2023.01.26-2033.01.23,提瓦特小额贷款,427822.42,36,购房首付,等额本金
IMG_03510,loan_3214/face_signing.jpg,LN2024003214,,0,,陈燕,女,汉族,1981-05-01,上海市上海市黄浦区 中央公园 20栋1单元2262室,310101198105010741,黄浦区公安局黄浦区分局,1999.04.27-2009.04.24,赛博城消费金融有限公司,46056.77,12,购买家电,按月付息，到期还本
IMG_03511,loan_3215/face_signing.jpg,LN2024003215,,0,,马军,男,汉族,1975-04-25,江苏省苏州市虎丘区 融创壹号院 5栋4单元666室,320505197504254254,虎丘区公安局虎丘区分局,1993.04.20-2003.04.18,哥谭市小额贷款中心,300246.7,60,扩大生产,按月付息，到期还本
IMG_03512,loan_3216/face_signing.jpg,LN2024003216,,0,,徐建,男,汉族,1975-05-14,四川省成都市武侯区 威尼斯水城 17栋3单元1335室,510107197505140431,武侯区公安局武侯区分局,1993.05.09-2003.05.07,夏尔农业信贷,202478.89,60,房屋装修,按月付息，到期还本
IMG_03513,loan_3217/face_signing.jpg,LN2024003217,,0,,李宇,男,汉族,1977-01-03,湖南省长沙市芙蓉区 御景半岛 17栋5单元650室,430102197701037755,芙蓉区公安局芙蓉区分局,1994.12.30-2004.12.27,哥谭市小额贷款中心,83208.52,24,购买新能源汽车,等额本息
IMG_03514,loan_3218/face_signing.jpg,LN2024003218,,0,,高佳,女,汉族,1966-10-06,陕西省西安市雁塔区 星河湾畔 10栋5单元814室,610113196610066540,雁塔区公安局雁塔区分局,1984.10.01-1994.09.29,琅琊商业银行,893792.98,36,购房首付,按月付息，到期还本
IMG_03515,loan_3219/face_signing.jpg,LN2024003219,,0,,刘明,男,汉族,2000-01-29,陕西省西安市雁塔区 龙腾盛世 8栋6单元1253室,610113200001293595,雁塔区公安局雁塔区分局,2018.01.24-2028.01.22,艾泽拉斯数字科技,197298.65,6,婚庆,先息后本
IMG_03516,loan_3220/face_signing.jpg,LN2024003220,,0,,孙子涵,男,汉族,1997-03-03,江苏省无锡市新吴区 龙腾盛世 3栋3单元1791室,320214199703030316,新吴区公安局新吴区分局,2015.02.27-2025.02.24,昆仑数字科技有限公司,153022.1,12,房屋装修,等额本金
IMG_03517,loan_3221/face_signing.jpg,LN2024003221,,0,,李晨,男,汉族,1993-06-07,福建省厦门市思明区 悦海名邸 13栋2单元1975室,350203199306075912,思明区公安局思明区分局,2011.06.03-2021.05.31,木叶村消费金融,24655.56,3,教育进修,先息后本
IMG_03518,loan_3222/face_signing.jpg,LN2024003222,,0,,李强,男,汉族,1966-11-22,湖南省长沙市岳麓区 锦绣家园 19栋2单元989室,430104196611223915,岳麓区公安局岳麓区分局,1984.11.17-1994.11.15,九又四分之三信贷中心,4226811.74,120,二手房交易,按月付息，到期还本
IMG_03519,loan_3223/face_signing.jpg,LN2024003223,,0,,张浩,男,汉族,2007-01-05,浙江省杭州市上城区 枫林晚居 4栋5单元1723室,330102200701056236,上城区公安局上城区分局,2024.12.31-2034.12.29,艾泽拉斯数字科技,826292.41,240,企业流动资金,等额本息
IMG_03520,loan_3224/face_signing.jpg,LN2024003224,,0,,林慧,女,汉族,1966-01-21,福建省福州市鼓楼区 星河湾畔 20栋5单元1237室,350102196601216401,鼓楼区公安局鼓楼区分局,1984.01.17-1994.01.14,九又四分之三信贷中心,2509934.55,120,购房首付,等额本息
IMG_03521,loan_3225/face_signing.jpg,LN2024003225,,0,,吴军,男,汉族,1992-09-04,广东省广州市荔湾区 威尼斯水城 11栋2单元263室,44010319920904765X,荔湾区公安局荔湾区分局,2010.08.31-2020.08.28,昆仑数字科技有限公司,161428.52,6,房屋装修,一次性还本付息
IMG_03522,loan_3226/face_signing.jpg,LN2024003226,,0,,吴涛,男,汉族,1982-01-12,广东省广州市天河区 锦绣家园 10栋2单元2400室,440106198201123034,天河区公安局天河区分局,2000.01.08-2010.01.05,木叶村消费金融,106807.31,6,购买新能源汽车,一次性还本付息
IMG_03523,loan_3227/face_signing.jpg,LN2024003227,,0,,何静,女,汉族,1965-03-27,江苏省南京市玄武区 碧水云天 14栋2单元1569室,320102196503272666,玄武区公安局玄武区分局,1983.03.23-1993.03.20,新亚特兰蒂斯商业银行,3265490.9,120,企业流动资金,等额本金
IMG_03524,loan_3228/face_signing.jpg,LN2024003228,,0,,周秀,女,汉族,1982-09-10,天津市天津市和平区 悦海名邸 15栋3单元1379室,120101198209108043,和平区公安局和平区分局,2000.09.05-2010.09.03,艾泽拉斯数字科技,64503.85,12,购买燃油车,等额本金
IMG_03525,loan_3229/face_signing.jpg,LN2024003229,,0,,罗娜,女,汉族,2004-10-10,江西省南昌市东湖区 威尼斯水城 9栋1单元1893室,360102200410101282,东湖区公安局东湖区分局,2022.10.06-2032.10.03,瓦坎达信贷中心,622347.38,60,二手房交易,等额本金
IMG_03526,loan_3230/face_signing.jpg,LN2024003230,,0,,马华,男,汉族,1975-04-20,四川省成都市武侯区 阳光100 4栋5单元2444室,510107197504202813,武侯区公安局武侯区分局,1993.04.15-2003.04.13,阿卡姆消费金融,403742.13,36,企业流动资金,按月付息，到期还本
IMG_03527,loan_3231/face_signing.jpg,LN2024003231,,0,,孙秀,女,汉族,1979-02-06,广东省广州市天河区 悦海名邸 12栋6单元984室,440106197902062989,天河区公安局天河区分局,1997.02.01-2007.01.30,九又四分之三信贷中心,24439.45,12,教育进修,按月付息，到期还本
IMG_03528,loan_3232/face_signing.jpg,LN2024003232,,0,,孙娜,女,汉族,1973-10-26,陕西省西安市雁塔区 碧水云天 19栋6单元2493室,610113197310264304,雁塔区公安局雁塔区分局,1991.10.22-2001.10.19,昆仑数字科技有限公司,4961481.26,240,购房首付,等额本息
IMG_03529,loan_3233/face_signing.jpg,LN2024003233,,0,,李建,女,汉族,1982-06-24,浙江省杭州市上城区 锦绣家园 9栋1单元962室,330102198206247780,上城区公安局上城区分局,2000.06.19-2010.06.17,艾泽拉斯数字科技,692858.81,36,二手房交易,按月付息，到期还本
IMG_03530,loan_3234/face_signing.jpg,LN2024003234,,0,,周宇,女,汉族,2003-04-09,广东省广州市荔湾区 锦绣家园 11栋5单元890室,440103200304099322,荔湾区公安局荔湾区分局,2021.04.04-2031.04.02,琅琊商业银行,115863.1,12,房屋装修,等额本息
IMG_03531,loan_3235/face_signing.jpg,LN2024003235,,0,,黄勇,男,汉族,2004-08-23,北京市北京市朝阳区 龙腾盛世 16栋2单元156室,110105200408233692,朝阳区公安局朝阳区分局,2022.08.19-2032.08.16,潘多拉普惠金融,603043.73,36,购房首付,等额本金
IMG_03532,loan_3236/face_signing.jpg,LN2024003236,,0,,张建国,男,汉族,1967-10-24,天津市天津市和平区 翠湖雅苑 5栋2单元706室,12010119671024789X,和平区公安局和平区分局,1985.10.19-1995.10.17,木叶村消费金融,2008835.58,120,购房首付,等额本息
IMG_03533,loan_3237/face_signing.jpg,LN2024003237,,0,,李宇,男,汉族,1997-02-03,重庆市重庆市九龙坡区 威尼斯水城 8栋1单元1807室,50010719970203861X,九龙坡区公安局九龙坡区分局,2015.01.30-2025.01.27,星火基地普惠金融,91475.54,6,购买燃油车,一次性还本付息
IMG_03534,loan_3238/face_signing.jpg,LN2024003238,,0,,陈燕,女,汉族,1974-06-14,江苏省苏州市虎丘区 碧水云天 12栋1单元1961室,320505197406144385,虎丘区公安局虎丘区分局,1992.06.09-2002.06.07,艾泽拉斯数字科技,3936108.77,240,购房首付,等额本金
IMG_03535,loan_3239/face_signing.jpg,LN2024003239,,0,,陈佳,女,汉族,1961-01-30,浙江省宁波市海曙区 香榭丽舍 6栋1单元2484室,330203196101304083,海曙区公安局海曙区分局,1979.01.26-1989.01.23,提瓦特小额贷款,935653.75,60,购房首付,等额本息
IMG_03536,loan_3240/face_signing.jpg,LN2024003240,,0,,刘华,男,汉族,1967-06-02,广东省广州市荔湾区 枫林晚居 12栋6单元555室,440103196706026338,荔湾区公安局荔湾区分局,1985.05.28-1995.05.26,潘多拉普惠金融,112429.21,6,购买新能源汽车,一次性还本付息
IMG_03537,loan_3241/face_signing.jpg,LN2024003241,,0,,吴磊,男,汉族,2003-08-07,上海市上海市黄浦区 中央公园 20栋1单元2398室,310101200308070250,黄浦区公安局黄浦区分局,2021.08.02-2031.07.31,夏尔农业信贷,959130.37,60,扩大生产,按月付息，到期还本
IMG_03538,loan_3242/face_signing.jpg,LN2024003242,,0,,周娟,女,汉族,1990-10-02,天津市天津市东丽区 普罗旺斯 15栋3单元1897室,12011019901002656X,东丽区公安局东丽区分局,2008.09.27-2018.09.25,赛博城消费金融有限公司,65859.82,6,购买燃油车,先息后本
IMG_03539,loan_3243/face_signing.jpg,LN2024003243,,0,,高丽,女,汉族,1962-05-25,江苏省无锡市新吴区 锦绣华庭 5栋6单元2242室,320214196205259640,新吴区公安局新吴区分局,1980.05.20-1990.05.18,艾泽拉斯数字科技,65538.1,3,购买燃油车,先息后本
IMG_03540,loan_3244/face_signing.jpg,LN2024003244,,0,,王慧,女,汉族,1990-09-13,重庆市重庆市渝中区 香榭丽舍 20栋3单元286室,500103199009139206,渝中区公安局渝中区分局,2008.09.08-2018.09.06,新亚特兰蒂斯商业银行,125953.0,3,婚庆,一次性还本付息
IMG_03541,loan_3245/face_signing.jpg,LN2024003245,,0,,孙晨,男,汉族,1972-01-25,广东省广州市荔湾区 香榭丽舍 20栋1单元1019室,440103197201258437,荔湾区公安局荔湾区分局,1990.01.20-2000.01.18,新亚特兰蒂斯商业银行,925125.71,60,企业流动资金,等额本息
IMG_03542,loan_3246/face_signing.jpg,LN2024003246,,0,,吴平,男,汉族,1965-11-15,江苏省南京市鼓楼区 翠湖雅苑 5栋3单元945室,320106196511156556,鼓楼区公安局鼓楼区分局,1983.11.11-1993.11.08,木叶村消费金融,533297.3,60,扩大生产,等额本金
IMG_03543,loan_3247/face_signing.jpg,LN2024003247,,0,,罗浩,男,汉族,1984-03-30,陕西省西安市雁塔区 锦绣家园 4栋1单元999室,610113198403302271,雁塔区公安局雁塔区分局,2002.03.26-2012.03.23,艾泽拉斯数字科技,134110.67,6,购买燃油车,一次性还本付息
IMG_03544,loan_3248/face_signing.jpg,LN2024003248,,0,,王平,女,汉族,2006-06-27,新疆维吾尔自治区乌鲁木齐市天山区 御景半岛 7栋1单元1389室,650102200606278724,天山区公安局天山区分局,2024.06.22-2034.06.20,琅琊商业银行,1630634.08,360,二手房交易,等额本金
IMG_03545,loan_3249/face_signing.jpg,LN2024003249,,0,,何娜,女,汉族,1970-06-18,广东省广州市天河区 龙腾盛世 12栋5单元1808室,440106197006181269,天河区公安局天河区分局,1988.06.13-1998.06.11,九又四分之三信贷中心,3485237.1,120,购房首付,等额本金
IMG_03546,loan_3250/face_signing.jpg,LN2024003250,,0,,吴志强,男,汉族,1998-03-05,天津市天津市东丽区 威尼斯水城 16栋1单元2460室,120110199803057390,东丽区公安局东丽区分局,2016.02.29-2026.02.26,新亚特兰蒂斯商业银行,1885655.61,360,企业流动资金,等额本金
IMG_03547,loan_3251/face_signing.jpg,LN2024003251,,0,,胡佳,女,汉族,2003-12-05,湖南省长沙市芙蓉区 阳光100 7栋4单元1168室,430102200312056703,芙蓉区公安局芙蓉区分局,2021.11.30-2031.11.28,星火基地普惠金融,2468879.23,120,购房首付,按月付息，到期还本
IMG_03548,loan_3252/face_signing.jpg,LN2024003252,,0,,周伟,男,汉族,1963-11-22,北京市北京市海淀区 悦海名邸 15栋5单元1644室,110108196311221097,海淀区公安局海淀区分局,1981.11.17-1991.11.15,潘多拉普惠金融,10162.18,3,购买家电,一次性还本付息
IMG_03549,loan_3253/face_signing.jpg,LN2024003253,,0,,罗强,男,汉族,1990-09-07,湖南省长沙市芙蓉区 香榭丽舍 14栋3单元1304室,430102199009072633,芙蓉区公安局芙蓉区分局,2008.09.02-2018.08.31,木叶村消费金融,2298978.38,360,购房首付,等额本金
IMG_03550,loan_3254/face_signing.jpg,LN2024003254,,0,,孙平,男,汉族,1976-11-05,贵州省贵阳市云岩区 翠湖雅苑 5栋1单元198室,520103197611053055,云岩区公安局云岩区分局,1994.11.01-2004.10.29,提瓦特小额贷款,568133.86,60,扩大生产,等额本金
